date;user_id;view_adverts;;;
'2023-11-01';2f35ccf0-796b-11ed-96d9-2b24e5ad01fb;12;;'2023-11-01';623
'2023-11-01';ef6eb4d0-01bd-11ed-ab09-b1117ba72e2f;15;;'2023-11-02';649
'2023-11-01';17ce4000-77db-11ee-a3a0-edfd72e146b8;13;;'2023-11-03';573
'2023-11-01';d234f070-2821-11ed-9ce0-b7a9dd423e66;21;;'2023-11-04';343
'2023-11-01';77acbda0-786a-11ee-8810-032dc795ffb0;21;;'2023-11-05';350
'2023-11-01';f389d150-b7e6-11ed-8ad1-455c63298437;23;;'2023-11-06';660
'2023-11-01';3629cac0-721d-11ed-8fc7-4fd9990e1e38;68;;'2023-11-07';629
'2023-11-01';025a2b50-644b-11ea-97c8-0def17957c13;14;;'2023-11-08';600
'2023-11-01';d0924d40-1a32-11ee-b6e7-dd1694746746;28;;'2023-11-09';661
'2023-11-01';b102e250-b46b-11ed-9e46-b1e2925e9c5c;12;;'2023-11-10';583
'2023-11-01';17106bb0-b3d9-11ec-8539-4f93fa6e64e3;10;;'2023-11-11';354
'2023-11-01';6abb78c0-85d6-11ed-badb-fb3ca258c011;12;;'2023-11-12';377
'2023-11-01';ae900070-3a58-11ee-b03c-7ff923b46d35;12;;'2023-11-13';646
'2023-11-01';3a5bab80-269c-11e8-8319-456ad9d3b8d8;14;;'2023-11-14';687
'2023-11-01';0020a4c0-7402-11ee-b7d6-418bdd68d3fb;0;;'2023-11-15';690
'2023-11-01';b322ea40-33ae-11ee-8975-1dbaaffcfb54;0;;'2023-11-16';639
'2023-11-01';880f6dd0-416c-11ee-8820-d973c8eded16;0;;'2023-11-17';585
'2023-11-01';823fa620-6a63-11ee-a621-53985e61effe;0;;'2023-11-18';412
'2023-11-01';7c7c94e0-3cc4-11ee-adb1-11c8c9c6a31a;0;;'2023-11-19';378
'2023-11-01';64b239c0-e33f-11ed-9e8a-0720496d6e5a;0;;'2023-11-20';711
'2023-11-01';e91486b0-7899-11ee-ab9d-019e20babfc1;0;;'2023-11-21';651
'2023-11-01';2bb74140-0457-11ee-bd36-2f1e6e4a0d5b;0;;'2023-11-22';608
'2023-11-01';ad81b040-84a5-11eb-8d8c-4d18568caaf6;0;;'2023-11-23';632
'2023-11-01';71aa0370-bc01-11ed-b475-112ce88e695c;0;;'2023-11-24';595
'2023-11-01';ded85690-6f2f-11ee-90dc-d3739fe86b1a;0;;'2023-11-25';366
'2023-11-01';b78743e0-d902-11ec-b18a-f5d4e8e8e12e;0;;'2023-11-26';372
'2023-11-01';932d5ad0-781a-11ee-a0a8-e781fb8e2c8e;0;;'2023-11-27';589
'2023-11-01';390074a0-6b7c-11eb-8ef9-73f675c1c29c;0;;'2023-11-28';610
'2023-11-01';34061640-095f-11ec-8e63-4b3c41117f08;0;;'2023-11-29';621
'2023-11-01';32b3ba10-33a2-11eb-8aee-8751efd2dc63;0;;'2023-11-30';620
'2023-11-01';345d0fb0-5cee-11ee-a031-f9e6d8874212;0;;;
'2023-11-01';29e694b0-2e97-11ed-8dc3-3742abce6e54;0;;;
'2023-11-01';22761890-7473-11ee-aa2c-2b9644d64077;0;;;
'2023-11-01';2b3133e0-71dd-11ee-9549-b93ae01ac95e;0;;;
'2023-11-01';b4e62bb0-7244-11ee-b968-05e647b4bf8a;0;;;
'2023-11-01';5cc26300-1dc8-11eb-9164-7b820f8d19af;0;;;
'2023-11-01';429d9e50-04e2-11ee-b099-437be4de5b8b;0;;;
'2023-11-01';fa1f8e20-77fc-11ee-b1ef-2796fa3209b8;0;;;
'2023-11-01';3a3d4720-2aac-11ee-bfba-2511f1d20c67;0;;;
'2023-11-01';8a2ed430-2e10-11e9-8b85-733612b647ec;0;;;
'2023-11-01';b1c90ad0-9174-11ed-973f-d9c0d2c30895;0;;;
'2023-11-01';e95d9380-75ad-11ee-9778-df20dfde0e14;0;;;
'2023-11-01';678eeea0-51f2-11ee-84f0-539bab5a3b1e;0;;;
'2023-11-01';5ea51410-78d8-11ee-89a4-45397cf7c5ff;0;;;
'2023-11-01';21841810-49eb-11ec-b4da-2547bb8342c9;0;;;
'2023-11-01';ef609f50-0684-11ed-9ca0-f3eca5e64f25;0;;;
'2023-11-01';2a1af6e0-7849-11ee-8565-83473cd2ec91;0;;;
'2023-11-01';e9036980-78b6-11ee-8cae-03f7400cb400;0;;;
'2023-11-01';26625cc0-aa66-11ed-84e2-0fa7ce463de6;0;;;
'2023-11-01';2b44c810-78d1-11ee-94a0-53f52d76ff59;0;;;
'2023-11-01';0e7a9110-4b04-11ee-95ae-474bd0bb7789;0;;;
'2023-11-01';c7983f10-6fc8-11ee-bb29-8b2bc33f2226;0;;;
'2023-11-01';3d0629e0-d7fb-11ec-9cc6-892073864f49;0;;;
'2023-11-01';67a1c120-5886-11ee-b322-6bc629e3a519;0;;;
'2023-11-01';c42fd020-7862-11ee-af4a-ad0035b922d5;0;;;
'2023-11-01';81760d80-5522-11ed-9db6-4be11884d44f;0;;;
'2023-11-01';b931cd00-5e40-11ed-be59-cd8c375b0146;0;;;
'2023-11-01';9c8d4a30-4793-11e8-84c6-8defda07d6b5;0;;;
'2023-11-01';210c0300-b8ff-11ed-8f48-df00ad547483;0;;;
'2023-11-01';d7ceef40-78de-11ee-a914-a74061f438f8;0;;;
'2023-11-01';31a58880-7713-11ee-af51-ed76b53516cd;0;;;
'2023-11-01';5b421dc0-c7c0-11eb-9be8-cd2c10a60dba;0;;;
'2023-11-01';4096db10-ce2a-11ed-83f6-2f43771fa75d;0;;;
'2023-11-01';7e9b0220-3760-11ee-b6ab-e32a63927dfe;0;;;
'2023-11-01';036c87b0-267a-11e8-8408-f9f917206103;0;;;
'2023-11-01';55800e40-22d8-11ee-b4f4-a996d0a3653e;0;;;
'2023-11-01';3bd56d40-68bb-11ee-a940-1f6d25de55e9;0;;;
'2023-11-01';eba0aff0-48ae-11ee-abfb-cb003cc868e4;0;;;
'2023-11-01';e1626450-b689-11ed-9b96-7b01cb02c780;0;;;
'2023-11-01';ad037630-8edb-11ec-b14e-ad0027903dd7;0;;;
'2023-11-01';d94f0b00-4988-11ee-90cb-573c0fdfe79d;0;;;
'2023-11-01';22c0a340-69f8-11ee-aa39-ffc6a3d82012;0;;;
'2023-11-01';e7081680-b278-11ed-bc08-8d363ab79373;0;;;
'2023-11-01';9e63dfb0-73be-11ee-8d83-1f83326aad10;0;;;
'2023-11-01';2a872270-77d6-11ee-910f-8ffbb53dae26;0;;;
'2023-11-01';430f4dc0-0549-11eb-a833-2decc1b9312a;0;;;
'2023-11-01';639797f0-488a-11ee-be26-b1b10679e947;0;;;
'2023-11-01';0285c1b0-5db8-11ee-91a0-bd8641dc8912;0;;;
'2023-11-01';bbcb9de0-bc72-11ec-8bd3-b32104e0b6c3;0;;;
'2023-11-01';1522df20-78d8-11ee-8e7a-2f16e88e7c2d;0;;;
'2023-11-01';07cef780-de8e-11ed-b071-c587165c602b;0;;;
'2023-11-01';3ca7f550-09cd-11ee-a529-29a8549a386c;0;;;
'2023-11-01';e94b3f20-6345-11ee-9b1b-7985eb1a6cef;0;;;
'2023-11-01';014d1270-78c6-11ee-9871-6b58fdc2e5f3;0;;;
'2023-11-01';61ae0260-a6a2-11ed-8f7f-7df15ac93c97;0;;;
'2023-11-01';7cd29f20-b179-11ec-83d8-bba0166adfa6;0;;;
'2023-11-01';6ef3d460-7c3f-11ec-964a-4bc968753f25;0;;;
'2023-11-01';fb0db6c0-eed8-11ed-b021-df7a31580d1c;0;;;
'2023-11-01';8c1e2440-5ab8-11eb-9877-2f9b543fd058;0;;;
'2023-11-01';663c6800-0c17-11ee-926d-1ff95fc3e077;0;;;
'2023-11-01';8f256580-4ea0-11ed-9563-71e488ebc955;0;;;
'2023-11-01';537ccfb0-6a5f-11ee-83f9-3d79d5a1b56e;0;;;
'2023-11-01';7c4e4f20-757e-11ee-8d15-83cc13c1fe89;0;;;
'2023-11-01';d3fe4a80-9afb-11ed-b396-eb65577b605e;0;;;
'2023-11-01';9edeae80-61b6-11ee-9576-37fe3967ac3d;0;;;
'2023-11-01';6621abf0-5e88-11ee-842b-2bb3043f2c1c;0;;;
'2023-11-01';210ca360-55fc-11ee-915f-d9ba7fe6e9cf;0;;;
'2023-11-01';51ce6100-ab70-11ed-b691-65497f16113f;0;;;
'2023-11-01';6cb7f310-789c-11ee-82b0-ffa79938669b;0;;;
'2023-11-01';814a1740-7874-11ee-b748-69c3953bf89e;0;;;
'2023-11-01';533caae0-5438-11ed-a578-014dc2293f1a;0;;;
'2023-11-01';f2b8c6c0-fb73-11ed-94b8-cb6f0615e16b;0;;;
'2023-11-01';69611fd0-d414-11ec-bbd8-1d56831a1b7d;0;;;
'2023-11-01';f467ed90-6f07-11ee-abf5-49fc9b5925ab;0;;;
'2023-11-01';60355210-28de-11eb-aa02-c3649cfe7f71;0;;;
'2023-11-01';43717ff0-a3c5-11ed-ab92-2f5ca7d3e5b2;0;;;
'2023-11-01';1baaa8c0-4e0b-11ee-9a78-112355d65f25;0;;;
'2023-11-01';987a1860-043f-11e9-b29a-657a90787be9;0;;;
'2023-11-01';8c1900c0-18ff-11ee-b3c8-89750e6b01d2;0;;;
'2023-11-01';d29400a0-de44-11ec-b477-db56ab9d48af;0;;;
'2023-11-01';50573c90-9412-11ed-bab8-b5c12273e1c5;0;;;
'2023-11-01';475b1090-05f9-11ee-9467-d91149cad168;0;;;
'2023-11-01';342ab410-72f2-11ee-8510-a1d5dd7c7236;0;;;
'2023-11-01';11c6d7f0-6294-11ee-ba99-8303071649fa;0;;;
'2023-11-01';f09a5ce0-ec6d-11ea-87a9-ef965f094656;0;;;
'2023-11-01';d4021a30-2fd1-11eb-a413-8d939cea62b3;0;;;
'2023-11-01';db9dcc30-2d1c-11ee-bb57-6522ef6adb4c;0;;;
'2023-11-01';e64e9970-106a-11ea-a81f-2d486e26c435;0;;;
'2023-11-01';382484b0-4976-11ee-920e-2dc0028340f6;0;;;
'2023-11-01';e00bbcd0-2c9c-11ee-87a7-3f33b7dd19dd;0;;;
'2023-11-01';c511baf0-787e-11ee-aef1-bd36e0b6db35;0;;;
'2023-11-01';443cc080-214b-11ee-b198-4fddd179d52a;0;;;
'2023-11-01';c86d3510-cd63-11ed-9c56-1f05b1b09a2d;0;;;
'2023-11-01';1ce98380-dbc4-11ea-9602-c558fecff054;0;;;
'2023-11-01';62bfe730-6e8a-11ee-ac29-9f6e169b060e;0;;;
'2023-11-01';37346470-1ac6-11ec-98f9-e912f416724e;0;;;
'2023-11-01';639e9720-07ef-11ee-aba3-ad30eab8e8c6;0;;;
'2023-11-01';8a184340-2209-11ee-a8c7-3387bb4963c6;0;;;
'2023-11-01';52c20ae0-77f7-11ee-91ba-31fe468ba8b1;0;;;
'2023-11-01';3266df50-5b74-11ed-9db1-fb9122b43b4b;0;;;
'2023-11-01';ec0849f0-0e9b-11ee-baa6-4f692f343f0f;0;;;
'2023-11-01';442c4cd0-75ad-11ee-ba81-dfa01e423654;0;;;
'2023-11-01';97689660-7710-11ee-9dba-c74c763f95bb;0;;;
'2023-11-01';899fa370-78d2-11ee-899d-dbbda4db069d;0;;;
'2023-11-01';7f1b54f0-62be-11ee-9636-b1caf694bcd3;0;;;
'2023-11-01';995bb1b0-715b-11ee-9ac5-4b35b6b3dfb1;0;;;
'2023-11-01';31145bd0-ab4e-11ed-bd00-fdde66b73256;0;;;
'2023-11-01';c175b720-cbe5-11ed-bf77-d5b29ad6a156;0;;;
'2023-11-01';cd9be0a0-3f28-11ed-9329-1f955f70f5b6;0;;;
'2023-11-01';dee92d50-6b3b-11ee-ae38-b77b5e18d421;0;;;
'2023-11-01';ebaa7c30-761a-11ee-8629-cb6a2124c7c8;0;;;
'2023-11-01';6b848100-63f4-11ee-94c1-cd564f70789a;0;;;
'2023-11-01';28a70d20-916e-11ed-b4cc-134d52c5124a;0;;;
'2023-11-01';cbb2af70-a51a-11eb-bc9a-9b8287359b8f;0;;;
'2023-11-01';c230e1c0-5ae8-11ee-b386-5de8a6c82938;0;;;
'2023-11-01';c2f189a0-b335-11eb-8afe-8b116aff9ee9;0;;;
'2023-11-01';21a20810-76d6-11ee-8ad3-ff3e78388499;0;;;
'2023-11-01';61aa9be0-586b-11ee-9d78-ed8dd114beb7;0;;;
'2023-11-01';6863dc30-07ea-11ed-8e45-6d2618168de3;0;;;
'2023-11-01';c3e1c830-3452-11ed-b06b-6de81a8e026c;0;;;
'2023-11-01';e3f4b000-78bd-11ee-bf4e-d3f34681e1cc;0;;;
'2023-11-01';d7027f60-8a73-11ec-b5f2-c9a98f660e75;0;;;
'2023-11-01';c26d3200-5125-11ee-9a0f-c3816d7eb1e0;0;;;
'2023-11-01';483b6bd0-7873-11ee-a3d0-936034eff816;0;;;
'2023-11-01';11a82050-41ae-11ee-9175-7d03ae926415;0;;;
'2023-11-01';27bcbb20-5101-11ec-891e-9b7b6489f94e;0;;;
'2023-11-01';687339b0-549b-11ee-bae8-8b7a04a5bb59;0;;;
'2023-11-01';9a331d70-2b19-11eb-9436-8fbb00537f08;0;;;
'2023-11-01';edaf81b0-d76e-11ed-aa81-fd66fe9b4970;0;;;
'2023-11-01';d23a5fd0-55fa-11ee-a03c-139c780160bb;0;;;
'2023-11-01';d45f0c40-7290-11ee-a68d-a576871da231;0;;;
'2023-11-01';74b11f10-dcbc-11ec-a5f8-6db33301614a;0;;;
'2023-11-01';6d656ad0-24ce-11ee-98ae-69359935c18d;0;;;
'2023-11-01';97b80600-76fc-11ee-8a59-8bb6d8792ac3;0;;;
'2023-11-01';cbe265f0-6a64-11ee-8d8d-c1e74f246393;0;;;
'2023-11-01';07690c10-84d8-11ec-a5ec-659f78a8acae;0;;;
'2023-11-01';18554290-dfdd-11ec-bd0b-89a07386757e;0;;;
'2023-11-01';7048a140-e582-11ec-8d0e-f78e45bdf7d6;0;;;
'2023-11-01';08fcf6e0-9666-11ed-84be-0bae6b981ef0;0;;;
'2023-11-01';b36ee130-b266-11ed-98ae-6bcee419f29b;0;;;
'2023-11-01';3e1f96d0-f187-11ed-91d7-ff3d5e10e434;0;;;
'2023-11-01';c3dfc8e0-cf80-11ed-8508-2b894098691e;0;;;
'2023-11-01';c858e090-9098-11ed-b7e1-4120ad641f1d;0;;;
'2023-11-01';65b5b460-2c46-11e8-b433-e9a46e5ade44;0;;;
'2023-11-01';9e09a380-6651-11ee-bd22-5b15c10557df;0;;;
'2023-11-01';e7cfe960-2d45-11ee-bfbc-3f56c4d4fed8;0;;;
'2023-11-01';eb8c0040-c023-11e9-8c44-1bbbbcd7c7af;0;;;
'2023-11-01';28234cd0-52be-11ee-8438-dfcf34dc079c;0;;;
'2023-11-01';e9820b90-6a61-11ee-abcc-dd75dcdd7e70;0;;;
'2023-11-01';6e3654c0-02b3-11ee-b0ec-11f5491025c0;0;;;
'2023-11-01';b20e5d60-59fb-11e9-a0b4-a34c3e94afb5;0;;;
'2023-11-01';3699b490-45c9-11ee-b56d-ff5bebd6114d;0;;;
'2023-11-01';cf82ee70-5b80-11ee-af6f-a77ef701a079;0;;;
'2023-11-01';883a8720-e6a9-11ea-a364-0556a5a6c04f;0;;;
'2023-11-01';f6fa51f0-b720-11ed-bf6b-393d4015692c;0;;;
'2023-11-01';0f0edce0-9303-11ec-b86e-437588257343;0;;;
'2023-11-01';6e255e80-5ead-11ee-b9ab-514ff5ef01dc;0;;;
'2023-11-01';766fcff0-6795-11ec-bc56-dbe773a8e784;0;;;
'2023-11-01';5fa154d0-b4cc-11ed-b6bc-41f7c1a4f2bc;0;;;
'2023-11-01';4bf16490-38c4-11ed-b99c-3f068d13dd7e;0;;;
'2023-11-01';38f23a60-60d6-11ed-9055-050ecf74bb2a;0;;;
'2023-11-01';ec0b34c0-9a50-11ea-ab9b-5d80e3b25101;0;;;
'2023-11-01';5fef3740-5d00-11ee-9260-533e1e6323a4;0;;;
'2023-11-01';38855b10-9dc3-11ec-a5aa-b357fe13be33;0;;;
'2023-11-01';a4020350-4200-11ea-a3e3-0fa5ac2504b2;0;;;
'2023-11-01';a86e4c00-63b2-11e9-aa6c-3795c8f95f19;0;;;
'2023-11-01';9d377d60-1bc9-11ee-92b8-63e019d86f55;0;;;
'2023-11-01';eee45e90-931a-11ed-9d09-29c8fe6fce9a;0;;;
'2023-11-01';bafb8570-e353-11ed-9753-edccc786c976;0;;;
'2023-11-01';8ac758b0-8f71-11ed-93e2-bb1d349f94c8;0;;;
'2023-11-01';05520590-d607-11ed-9a94-c3117ae94577;0;;;
'2023-11-01';d64a01e0-7489-11ee-9ac9-edbcb318dc4f;0;;;
'2023-11-01';0c1031e0-e4a8-11ed-9e2b-e9731131cca2;0;;;
'2023-11-01';f34e3d80-359e-11ee-8ad1-7f56134b4302;0;;;
'2023-11-01';1a633e20-6745-11ee-ad73-95d1cc768655;0;;;
'2023-11-01';68bdc0a0-6bdb-11ee-ba47-8d3355969530;0;;;
'2023-11-01';14c64400-7887-11ee-9ade-1d96c494cf2d;0;;;
'2023-11-01';5edda700-85b6-11ed-89db-791595c6dafe;0;;;
'2023-11-01';5c996570-ad4c-11ed-ad4f-9748a31b1749;0;;;
'2023-11-01';d0480040-78d9-11ee-b864-57fcb53b99ea;0;;;
'2023-11-01';51fc4970-b951-11eb-b18b-e576f0c0802a;0;;;
'2023-11-01';1d6ca9d0-1b23-11ee-b179-ad7a8eb31bd1;0;;;
'2023-11-01';afe913b0-71c0-11ec-a39a-1d0894f5a843;0;;;
'2023-11-01';309dd140-586e-11ee-af5c-bb89e5600568;0;;;
'2023-11-01';4f860550-34f1-11ee-9908-0bcfb319b121;0;;;
'2023-11-01';c9912590-73bd-11ee-b124-edc22c6305b2;0;;;
'2023-11-01';154ae0b0-763f-11ee-86b9-7f40407285b5;0;;;
'2023-11-01';b37c6060-78c4-11ee-a880-c927841a2669;0;;;
'2023-11-01';130cc240-7889-11ee-aa17-571fcadf0394;0;;;
'2023-11-01';2418ed40-e322-11ed-a3c3-39019ef4fa21;0;;;
'2023-11-01';496e6520-3b8a-11ec-a905-2b5619b8e17c;0;;;
'2023-11-01';62d648d0-7276-11eb-a24e-3b66914edb0e;0;;;
'2023-11-01';c8e05f30-2408-11ee-92ec-59cbbcb06bf8;0;;;
'2023-11-01';28330160-2565-11ee-96b2-0b44ec9d8661;0;;;
'2023-11-01';17e3c5e0-f2d2-11ec-9a9d-15ce92c49139;0;;;
'2023-11-01';6ad1f470-e340-11ed-bfb0-5bf09b1451cd;0;;;
'2023-11-01';43a9bfc0-7483-11ee-af88-0be31bd14178;0;;;
'2023-11-01';2e44b9f0-6b91-11ee-b91c-c3ed2b3af3ac;0;;;
'2023-11-01';5bdf83b0-b21e-11eb-9904-bd2b81db69af;0;;;
'2023-11-01';b7e4d4b0-47c5-11ed-9239-2f1acd79db72;0;;;
'2023-11-01';747d6e10-101c-11ee-81f0-d7465ed299a3;0;;;
'2023-11-01';08ab2690-52d5-11ee-ba43-bd8cc8a1c62d;0;;;
'2023-11-01';f61308b0-78cf-11ee-a74e-894b0a9445e2;0;;;
'2023-11-01';616c5140-ffa8-11ec-8176-2b307e306f56;0;;;
'2023-11-01';98631cd0-27a9-11ea-a9a2-fdbc93cc1a8c;0;;;
'2023-11-01';3c07be10-ad51-11ed-9123-7986d83596a7;0;;;
'2023-11-01';dfbcb770-4958-11ed-a1f5-4f697baada95;0;;;
'2023-11-01';0176d5d0-eff3-11ed-8ea5-5f4c473eaf0a;0;;;
'2023-11-01';6d72db60-c723-11ed-9077-0bc5cf87e6be;0;;;
'2023-11-01';b91494a0-ee32-11e9-92c5-b7dd5733eb60;0;;;
'2023-11-01';9d3ef8a0-78a9-11ee-857c-0ba0c30c0672;0;;;
'2023-11-01';6c4f2840-4b1a-11e8-a39d-4907cd1dfe46;0;;;
'2023-11-01';5eb5dcc0-31e6-11ee-b425-f906d9714d16;0;;;
'2023-11-01';3816d050-5e83-11ee-b787-016174f78978;0;;;
'2023-11-01';6fce6c00-a610-11ed-a84b-a53c1c308f25;0;;;
'2023-11-01';8f868c50-5941-11ee-b38b-03e43b522cae;0;;;
'2023-11-01';a9703e70-55d3-11ee-b618-e36c12722ebe;0;;;
'2023-11-01';90626340-6717-11df-be47-03f2d32a026e;0;;;
'2023-11-01';665a2780-78a7-11ee-8865-f38ec601949a;0;;;
'2023-11-01';429c6650-c107-11eb-919c-2b8cd2bff7e9;0;;;
'2023-11-01';a4d16cb0-140e-11ee-8f85-05a7683ba1dc;0;;;
'2023-11-01';79d1b770-5bec-11ed-8c5d-91b880708635;0;;;
'2023-11-01';031b3f90-78c2-11ee-9e92-9952a86766f9;0;;;
'2023-11-01';c2052c90-5a95-11ee-8203-277b9b029b31;0;;;
'2023-11-01';d4ef4750-722d-11ee-93a0-0524a7eaba2b;0;;;
'2023-11-01';0bc4dd10-6736-11ee-b507-dbe0cfceb91c;0;;;
'2023-11-01';ee134c60-de9c-11ed-ade1-3f4e956f8c4b;0;;;
'2023-11-01';424d1220-63bd-11ee-bf5c-2915cf679904;0;;;
'2023-11-01';1375b1e0-2293-11ec-8d49-a77e871c2c65;0;;;
'2023-11-01';f67af260-7747-11ee-95b1-c90f48d8dcba;0;;;
'2023-11-01';46a2f740-78d0-11ee-a541-95266854a83d;0;;;
'2023-11-01';3e5fe530-78c0-11ee-914e-8fa7926522d5;0;;;
'2023-11-01';2c079400-5aa2-11ee-9d24-49e9e7fab6ba;0;;;
'2023-11-01';38d27c70-840a-11eb-a430-2f519e1f43ef;0;;;
'2023-11-01';d5556300-07fc-11ee-8250-117c7a6b7312;0;;;
'2023-11-01';3e8c9f50-32fd-11eb-9105-07ab860dcd0e;0;;;
'2023-11-01';508fdb90-4ae7-11ee-8372-c305d27f3c5b;0;;;
'2023-11-01';30873ef0-7875-11ed-b201-29b2b3a1b32c;0;;;
'2023-11-01';ddef2360-3147-11ee-9b78-edbe9e3bbef3;0;;;
'2023-11-01';424bb670-5138-11ed-98a8-1111c5b1bfed;0;;;
'2023-11-01';e2f4e540-7475-11ee-9392-217b8bd22c9e;0;;;
'2023-11-01';580b1600-5aeb-11ee-a31a-718c9cb74cd4;0;;;
'2023-11-01';db1ed730-78d6-11ee-bfda-1f3cf86c599d;0;;;
'2023-11-01';1cc131b0-7864-11ee-8c42-4574a3b89115;0;;;
'2023-11-01';17a208c0-6f3c-11ee-9819-87727da8d1de;0;;;
'2023-11-01';4a4b0cb0-f302-11ed-9814-e75cfbfa6ff7;0;;;
'2023-11-01';e2c41360-af2e-11ec-a79f-33c5a6212867;0;;;
'2023-11-01';3d8322f0-209e-11ee-bdb7-63a16ffb097c;0;;;
'2023-11-01';5b6e24c0-12e1-11ed-bb7a-819582b3bcb0;0;;;
'2023-11-01';349f69a0-78aa-11ee-b714-67a81852a666;0;;;
'2023-11-01';438855d0-67d7-11eb-ba32-55dcd093b535;0;;;
'2023-11-01';49511e60-5377-11ed-a8d3-1b23b22b81c8;0;;;
'2023-11-01';af44de40-1e82-11eb-ae0f-d74da888fa08;0;;;
'2023-11-01';2809fbe0-6cfe-11ee-9cf1-9f839b808b64;0;;;
'2023-11-01';11ead460-4bcf-11ee-a213-59f351ae2208;0;;;
'2023-11-01';074a8ca0-8da1-11ec-a4fe-2fe010861937;0;;;
'2023-11-01';c5212440-67c2-11e8-a4d6-f99da50c4b43;0;;;
'2023-11-01';93b5a860-5cb3-11ec-875b-5d452910b7a3;0;;;
'2023-11-01';7ec12bb0-3cda-11ee-9e53-d54ebe9dcd5b;0;;;
'2023-11-01';47d1d680-b5d1-11ed-819a-7fe655647e59;0;;;
'2023-11-01';bfb84fc0-b958-11eb-b3b5-714825858d67;0;;;
'2023-11-01';d78fa1e0-6ef9-11ed-886e-31f3a6be4046;0;;;
'2023-11-01';4f852cd0-d5ca-11eb-9d76-5923b3c29c12;0;;;
'2023-11-01';7aa0aad0-4589-11ee-8d7c-79491bd9f595;0;;;
'2023-11-01';f406dfa0-78bc-11ee-8a44-a7c6b5f1dbe2;0;;;
'2023-11-01';a5623b20-8eb0-11ed-aabd-01b51f03cf9b;0;;;
'2023-11-01';855400f0-78db-11ee-a1cc-0145671a8c27;0;;;
'2023-11-01';d1715f60-0929-11ec-acbc-63f9f7e9414c;0;;;
'2023-11-01';d7f98960-5921-11eb-a4ee-c17acd747435;0;;;
'2023-11-01';b776cdd0-6d03-11ee-b7d9-9fb72f14ae51;0;;;
'2023-11-01';6fa133d0-e250-11ed-a9ba-79b1e2ddbbf4;0;;;
'2023-11-01';18a80130-d909-11ed-8bb7-a722cfcf3c65;0;;;
'2023-11-01';b9e6c290-cd83-11eb-8c20-33f34c371fbf;0;;;
'2023-11-01';0c564110-2f3d-11e8-86fe-192b553f9733;0;;;
'2023-11-01';759c5b80-4d39-11ee-93e6-91fddc7b1be5;0;;;
'2023-11-01';45322020-68e0-11ee-af3c-951a4983eeee;0;;;
'2023-11-01';d3b12610-305f-11ea-82bc-2b8c7401f0aa;0;;;
'2023-11-01';a6be1be0-8ad7-11ea-87a7-d50c738ff5d1;0;;;
'2023-11-01';718e9310-6d04-11ee-a7ad-477a937c892e;0;;;
'2023-11-01';5b2423c0-9ca7-11ed-9a06-e98f8b1b1340;0;;;
'2023-11-01';cb080190-90c5-11ed-8cee-093727d167be;0;;;
'2023-11-01';0f1d7830-730e-11ee-b87c-ede2d6c21bc4;0;;;
'2023-11-01';ffedd7a0-79cc-11ed-9423-aba39d31dac6;0;;;
'2023-11-01';74ccfd80-5a32-11ee-8897-1d746f19b32a;0;;;
'2023-11-01';cdf179a0-7877-11ee-a52b-ab3bd49014ba;0;;;
'2023-11-01';1d0195b0-2789-11ee-a468-3bf96cf56455;0;;;
'2023-11-01';d98ef990-d454-11ec-b3f4-8913374e2678;0;;;
'2023-11-01';4caafbb0-b0d5-11ed-b29a-9588069690b5;0;;;
'2023-11-01';6a6959d0-ba19-11eb-aea6-7fbffab71459;0;;;
'2023-11-01';0a54b9f0-6a65-11ee-bf89-77b46f9d2e7f;0;;;
'2023-11-01';f7c42270-d75d-11ed-97f9-b9552bc26c77;0;;;
'2023-11-01';5549f370-eed4-11ec-844a-37590d323efc;0;;;
'2023-11-01';9d657c50-6965-11ec-a4a9-912dae094ad1;0;;;
'2023-11-01';c02e8000-fa1a-11ed-8794-dfffd14d7b5b;0;;;
'2023-11-01';7ca71aa0-e67d-11ed-b52f-730afe4cbf5d;0;;;
'2023-11-01';caa524f0-f3c9-11ed-85ac-3ddcab99fad3;0;;;
'2023-11-01';38d60640-78dd-11ee-b85f-ede3364fa3ef;0;;;
'2023-11-01';dc644e90-d6fb-11ed-ba63-c7c8945732db;0;;;
'2023-11-01';1842af20-76f2-11ed-a5ce-fdabccc41894;0;;;
'2023-11-01';ff847860-b685-11ec-988b-f7bc901f6613;0;;;
'2023-11-01';21631a50-3a7d-11ee-bf9d-87faf45ffb09;0;;;
'2023-11-01';265b0790-1782-11ec-9cf7-41818aa3fea0;0;;;
'2023-11-01';7934c600-6e1e-11ee-9e79-25f6a303b552;0;;;
'2023-11-01';4d02aee0-78d6-11ee-9502-f5f718d2dd79;0;;;
'2023-11-01';113a2350-78c4-11ee-bb50-b1a32fcee0fb;0;;;
'2023-11-01';1502bbd0-2bf6-11e8-8bb5-55e32622bfc9;0;;;
'2023-11-01';db0fa0d0-f875-11ed-b396-0f9c6f97c435;0;;;
'2023-11-01';cc413020-df2d-11ed-80e2-5b36f38ed607;0;;;
'2023-11-01';dedf85c0-18fc-11ee-a2bf-6de90bb26dfe;0;;;
'2023-11-01';29fc9ba0-16b0-11ee-a15b-f5d1bb5307e7;0;;;
'2023-11-01';f71ece30-7670-11ee-9c20-6978c11822de;0;;;
'2023-11-01';7b3d2810-e585-11ed-a524-d983167b6653;0;;;
'2023-11-01';d8157db0-2b95-11ea-880c-9179c07bc858;0;;;
'2023-11-01';d4634e60-c2e5-11ec-8d98-55a7b6fe357d;0;;;
'2023-11-01';62fe6b60-c708-11ed-8a74-cd53270ab4ca;0;;;
'2023-11-01';e6679ec0-2ebc-11e8-a277-534c066c029e;0;;;
'2023-11-01';6a9ba700-77d1-11ee-908d-37933b058941;0;;;
'2023-11-01';8d6d1370-3bfb-11ee-9242-7371dc682940;0;;;
'2023-11-01';c2aec470-9d63-11ed-b4c2-039bf3d2679a;0;;;
'2023-11-01';a12fd5c0-13d2-11ed-9577-2f98a8ff01ab;0;;;
'2023-11-01';b38d0c60-787b-11ee-a49d-6bcc0fb3408d;0;;;
'2023-11-01';674a6130-c95e-11ed-95df-cd96c90b3262;0;;;
'2023-11-01';73afa360-3fbe-11ed-9dc9-63ac06a28e1b;0;;;
'2023-11-01';9806cdb0-787a-11ee-b474-2bda9923664f;0;;;
'2023-11-01';b919eba0-ca20-11eb-b368-69bb43c71b4d;0;;;
'2023-11-01';7aa719a0-2556-11ed-ab15-ff21c970268c;0;;;
'2023-11-01';1d265690-099d-11ec-8c1f-279bde56d3d4;0;;;
'2023-11-01';c44efdd0-2bdd-11eb-a6a8-374e84e5cb57;0;;;
'2023-11-01';f8f17760-87fe-11ec-a736-1f2d4eb86998;0;;;
'2023-11-01';9a1bb5a0-2670-11e8-bfc6-df51f8419a76;0;;;
'2023-11-01';2b42c350-7870-11ee-906a-ff4f6dc8e252;0;;;
'2023-11-01';ffb13380-2454-11ee-a1d4-9d2cd639e536;0;;;
'2023-11-01';83dc6ec0-5dec-11ed-a7f8-43cd2dca137b;0;;;
'2023-11-01';8ff31860-6e4b-11ee-9196-0d7a410ed115;0;;;
'2023-11-01';42574c50-e4be-11ed-8be5-91dd0ec5cc9c;0;;;
'2023-11-01';20990ab0-78d2-11ee-9d50-99c7ce09dcd1;0;;;
'2023-11-01';6a9580e0-e359-11ec-919d-51f70cb7cc19;0;;;
'2023-11-01';cf669490-ff01-11ed-b4cf-75de7039d293;0;;;
'2023-11-01';c305d4a0-a915-11ed-94f7-d9cc05d27ce1;0;;;
'2023-11-01';821538d0-3b52-11ee-b76a-1d3a8edc4ac5;0;;;
'2023-11-01';1c4a5160-90e0-11ed-bb38-47496bab1f09;0;;;
'2023-11-01';719bc9c0-1ef5-11ee-a7f9-d504801ac8aa;0;;;
'2023-11-01';28bc4050-6031-11e8-9366-cb66763dc667;0;;;
'2023-11-01';cecce9a0-e1d6-11ed-9202-1122500419db;1;;;
'2023-11-01';5c5225c0-9870-11ed-ae85-019e14031a0e;1;;;
'2023-11-01';ad7c3ca0-4a55-11ee-af7f-751830de72d9;1;;;
'2023-11-01';10aafcf0-f6a9-11ec-9b0a-03fdc921c715;1;;;
'2023-11-01';d9eb4490-78a7-11ee-9467-d7beae77a559;1;;;
'2023-11-01';82d27e80-448b-11ee-90cd-538c962db324;1;;;
'2023-11-01';e4c75f50-b0f9-11ed-95d2-fb94d1b725d5;1;;;
'2023-11-01';0b7e3220-a8ff-11ed-ac6e-2b8b3b227614;1;;;
'2023-11-01';1c1578c0-1a27-11ee-bd88-2b897b20ac7e;1;;;
'2023-11-01';c53a4a90-31fe-11ee-902c-4bee995b2951;1;;;
'2023-11-01';c1a28c20-ba1f-11eb-98a9-ffa5882c14df;1;;;
'2023-11-01';6a1690d0-5227-11ee-b8ad-3f950449d99c;1;;;
'2023-11-01';608c91e0-3823-11ee-9189-2f1e9b840e31;1;;;
'2023-11-01';fbc98380-c324-11ed-8590-c540be38b137;1;;;
'2023-11-01';a66c38b0-786e-11ee-828b-bb07aba6dcff;1;;;
'2023-11-01';cd292dc0-1f77-11ec-8ccb-9167aa1054bc;1;;;
'2023-11-01';2c97c010-aa11-11ea-b260-43a005eb00ce;1;;;
'2023-11-01';d941c140-4b0c-11ee-b011-c3bac3a0b509;1;;;
'2023-11-01';72f5a3e0-65aa-11ed-85ab-e3e7268bebbb;1;;;
'2023-11-01';1da90f60-8d58-11ec-8446-41eb5caac821;1;;;
'2023-11-01';0d9ceaf0-c08e-11ed-9a72-5f01b56acec3;1;;;
'2023-11-01';31214450-2690-11e8-b8fd-0b549d32ed37;1;;;
'2023-11-01';b634cd60-12ad-11ee-a193-1938db7117be;1;;;
'2023-11-01';b5b65c40-9e46-11ed-9b7b-1fcfe56c7989;1;;;
'2023-11-01';2e592e30-7e75-11e8-99fe-877fced2befe;1;;;
'2023-11-01';0d570d00-9787-11eb-9da6-7b7c237064da;1;;;
'2023-11-01';aa2245d0-7e48-11eb-8a65-6b6b59b7d252;1;;;
'2023-11-01';69685390-1f9f-11ee-910f-157cf25f1d3b;1;;;
'2023-11-01';04b60840-0f21-11ee-9f41-590a8bddb14f;1;;;
'2023-11-01';dcd2d9e0-5465-11ee-a4e9-4b2d29c69e0e;1;;;
'2023-11-01';97eddc80-3df6-11ec-8968-315368755a67;1;;;
'2023-11-01';2c20c820-a586-11ed-b8df-fb8e4b5d1399;1;;;
'2023-11-01';b4d28780-046b-11eb-a7aa-2f3d29bb7930;1;;;
'2023-11-01';68871210-3b23-11ed-9944-954c1c93b64c;1;;;
'2023-11-01';62e0db40-41b9-11ea-a5ec-89523243447d;1;;;
'2023-11-01';519c0470-3acd-11ee-b387-d31d319de8e5;1;;;
'2023-11-01';c84a4520-7888-11ee-96c8-7b932d4317e1;1;;;
'2023-11-01';e9145e00-7688-11ee-8ef6-e111c86c784d;1;;;
'2023-11-01';e4f06660-4a60-11ee-961e-a56a262a73b7;1;;;
'2023-11-01';8b142ef0-0cf5-11ed-8af1-63871af601f1;1;;;
'2023-11-01';64b1f3c0-78bd-11ee-8c60-e906ec48acdb;1;;;
'2023-11-01';a3a3e0a0-13f7-11ee-bb1c-f95ada8d9aaf;1;;;
'2023-11-01';4614b480-d917-11ec-961d-e7ed5abf7e84;1;;;
'2023-11-01';67b556f0-7784-11ee-8349-8f4e44f9568f;1;;;
'2023-11-01';6b85a7f0-1bb6-11e9-b70b-bfa91045e908;1;;;
'2023-11-01';73148fd0-f075-11ec-bea2-dd8b958914a4;1;;;
'2023-11-01';2bbc0ee0-1fc4-11ee-aacf-4b00821eb4fb;1;;;
'2023-11-01';9af7be30-62a4-11ee-acd5-67c9b79d629a;1;;;
'2023-11-01';3690ea90-14af-11e9-a431-23c16d6fb172;1;;;
'2023-11-01';47e02010-dc6d-11ed-aa9f-cf7a03e8eb7b;1;;;
'2023-11-01';704fa250-c082-11ea-bb43-c1bfd3d804d5;1;;;
'2023-11-01';53180ba0-468a-11ee-9ac5-7bbaf6e4289a;1;;;
'2023-11-01';b1dc2150-b9bb-11ed-85a9-cfe1d16addbc;1;;;
'2023-11-01';b6974ec0-173f-11eb-ae06-c137d6b26313;1;;;
'2023-11-01';46c06b50-78c5-11ee-8a65-7b1451368312;1;;;
'2023-11-01';cfd5b8e0-5d6e-11ee-8ccc-99ac8264fc4f;1;;;
'2023-11-01';55db3fd0-56dc-11ee-8086-edde58c711df;1;;;
'2023-11-01';52e83b60-2cfe-11ed-92bf-4993e76c9c95;1;;;
'2023-11-01';8ff17a70-3131-11ee-be95-ffb0cc7ab4c6;1;;;
'2023-11-01';ee4fd9c0-b57e-11ec-8ef1-e763c87d7838;1;;;
'2023-11-01';6cfbc090-05e2-11ee-9af2-edcaf97cda5b;1;;;
'2023-11-01';5a658050-0c93-11ec-ab65-cb67d5fe8127;1;;;
'2023-11-01';414cae60-1a59-11ee-a2f7-3fc93ef4d038;1;;;
'2023-11-01';cb77ea80-eafa-11ec-815a-913545fe7734;1;;;
'2023-11-01';15a88c60-3cec-11ee-8cba-312661d0ca06;1;;;
'2023-11-01';59ed9240-1b1c-11ee-8c90-f1b78a5486d6;1;;;
'2023-11-01';ce5d4770-3bf5-11ee-9da5-a3ea832888e4;1;;;
'2023-11-01';339ebd80-6077-11ee-b58d-494ef973954d;1;;;
'2023-11-01';0ff5d790-64fc-11ee-921c-1341a6981231;1;;;
'2023-11-01';289bc360-afde-11ec-a882-df5bc25920ab;1;;;
'2023-11-01';62101f10-f600-11ed-a96e-3f4ed4d0abe4;1;;;
'2023-11-01';20bf7300-c039-11ed-a2a2-cd53326df3c6;1;;;
'2023-11-01';fd7cc650-3cc9-11ee-b02a-a36d8802e803;1;;;
'2023-11-01';e42ce7f0-90d7-11ed-a400-937a5d7f0278;1;;;
'2023-11-01';fdd8bf80-3a3c-11e9-b751-b5c59b30d80b;1;;;
'2023-11-01';6da43650-5a2c-11e9-a0c9-5b38449c0236;1;;;
'2023-11-01';c473b310-5e9c-11ee-943f-11a9b1a249d2;1;;;
'2023-11-01';65a03f50-2be5-11ee-96d0-25b3b56e61a4;1;;;
'2023-11-01';e12e0e50-986a-11ec-8136-85b678645021;1;;;
'2023-11-01';3dcb07d0-0025-11ee-a031-631fffb54627;1;;;
'2023-11-01';286b8f40-7582-11ee-b546-133b3d272107;1;;;
'2023-11-01';2a1aa6c0-6748-11ee-934a-1548f0cbed48;1;;;
'2023-11-01';a4f543c0-78a8-11ee-8454-1b9cc8c2846c;1;;;
'2023-11-01';f21e22d0-567f-11ed-ab53-0db2be12f6a3;1;;;
'2023-11-01';955261e0-76af-11ea-a282-b32f50533904;1;;;
'2023-11-01';5c0cf5e0-76dc-11ee-9094-a13b14403032;1;;;
'2023-11-01';33f55730-4f40-11eb-bbcc-8ff9da76cf40;1;;;
'2023-11-01';15ec7040-7470-11ee-9832-a5f1f8fc709f;1;;;
'2023-11-01';1477e720-c442-11eb-a5b8-e365db6a89b4;1;;;
'2023-11-01';a06a5a60-b849-11eb-a7e7-d18e37c4d97d;1;;;
'2023-11-01';679626d0-d92e-11ed-857b-4794a1922e77;1;;;
'2023-11-01';598ac140-5107-11ed-9cdd-198dce05ff02;1;;;
'2023-11-01';a9130d90-1488-11ee-bf9c-334665fce815;1;;;
'2023-11-01';cbc7f3d0-b960-11eb-8d43-3b1b2164a13a;1;;;
'2023-11-01';427e0d70-6efa-11ed-ac07-a1ccd90a4ee4;1;;;
'2023-11-01';bca39490-6683-11ee-992d-69dc3ee71800;1;;;
'2023-11-01';d025a9e0-2588-11e9-b5f5-7f1828f89663;1;;;
'2023-11-01';fcf72e90-6a5b-11ee-be5d-e1fec9356dd2;1;;;
'2023-11-01';f65363c0-0724-11ec-bd81-49e1f86f6eaa;1;;;
'2023-11-01';f8889a00-7876-11ee-a11f-4b5915359174;1;;;
'2023-11-01';46b58280-fe88-11eb-8689-5bafad9b81af;1;;;
'2023-11-01';058b9d90-626c-11ee-8a79-278ccb7a6aab;1;;;
'2023-11-01';756f7e80-6c99-11ec-9222-bd4fea1f018b;1;;;
'2023-11-01';faade200-d2d5-11ed-9978-8dbd53441723;1;;;
'2023-11-01';93fe3b90-3680-11ee-ab2e-cbd6e044ea6a;1;;;
'2023-11-01';22f53600-dd49-11ed-9ecf-6b373fb491d5;1;;;
'2023-11-01';cac7f820-6155-11ec-8120-7dcb98599c0e;1;;;
'2023-11-01';cf663520-10d2-11ea-ac1d-5de874b1ee74;1;;;
'2023-11-01';16b34aa0-7965-11ed-a7d6-077bd5309183;1;;;
'2023-11-01';a536fd20-fbcb-11ec-b74d-21ef37f19e4e;1;;;
'2023-11-01';c2b92350-5175-11ed-98c1-518d61ab01ac;1;;;
'2023-11-01';9f84b780-5a2c-11ee-ab87-2f8fb2124f73;1;;;
'2023-11-01';7ec506a0-3f27-11ee-a87e-431d85c705e5;1;;;
'2023-11-01';152d7400-bcbb-11ed-a0af-3f0f438fc3d5;1;;;
'2023-11-01';ba4b7fa0-4f1d-11ee-a913-b54719264b56;1;;;
'2023-11-01';f5c917b0-19f6-11ee-9ff9-bb2aeb994a1d;1;;;
'2023-11-01';e1dcdaa0-51fc-11ee-9635-5d1eaad89030;1;;;
'2023-11-01';a929f740-451d-11eb-9e9f-7d0f877c552b;1;;;
'2023-11-01';c0851320-fad8-11ed-8bb9-5793d27ec8d2;1;;;
'2023-11-01';0359b7b0-d877-11e9-b504-7d2eaa863066;1;;;
'2023-11-01';f7c16bf0-448d-11ee-9152-5d2cf8d23c8d;1;;;
'2023-11-01';03a581a0-3fa7-11ed-8faa-81b6f6c01bfb;1;;;
'2023-11-01';77af1aa0-fa52-11ed-8190-b93e3e4d6978;1;;;
'2023-11-01';00302bc0-56cf-11ee-92be-fd7b0d617e4e;1;;;
'2023-11-01';1fa6f5c0-918b-11ec-89d2-a9d85d4b2984;1;;;
'2023-11-01';7cef4bd0-7878-11ee-a466-e1a680a1d56c;1;;;
'2023-11-01';adf3f7c0-7883-11ee-834e-53627a1a7045;1;;;
'2023-11-01';b8800af0-6dc8-11ee-8ada-c7d2dc4bb73d;1;;;
'2023-11-01';586ae9a0-b47f-11eb-a5c1-8fe3c2d01d55;1;;;
'2023-11-01';6723b850-ecea-11ed-a504-498d4d859427;1;;;
'2023-11-01';6ad6ee60-8208-11e8-bb04-51c8cf7a713f;1;;;
'2023-11-01';6c901470-a611-11ed-9911-91a434dda2f6;1;;;
'2023-11-01';62142110-74d0-11ee-a6cb-2bcab00e1207;2;;;
'2023-11-01';8ef8d190-5c7e-11ee-8951-bbcb36c1fcf9;2;;;
'2023-11-01';c89ca050-a691-11ed-ac27-eb96d3d277c6;2;;;
'2023-11-01';0172d0d0-d022-11ec-add7-4d217eb6dbb3;2;;;
'2023-11-01';57b1cef0-6669-11e8-9c9a-6f7b82138f2a;2;;;
'2023-11-01';3aa5e760-d3a1-11ed-b6d4-25cf9788359e;2;;;
'2023-11-01';364354f0-e4d6-11ed-857b-f11dd0dac507;2;;;
'2023-11-01';e6a77660-e8d6-11e8-b8ad-33a9ff90ca95;2;;;
'2023-11-01';e247acc0-1c7a-11ee-bda5-8961e2ebcb05;2;;;
'2023-11-01';4b065740-f8b1-11ed-a0ea-43015548e4d6;2;;;
'2023-11-01';b22b2670-da4e-11ed-89e9-21a55a0c4f60;2;;;
'2023-11-01';1eb0f940-1a29-11ee-87a0-8bc7ab4e8f24;2;;;
'2023-11-01';b6135f10-577f-11ee-9963-df4485d20320;2;;;
'2023-11-01';3de41b90-786a-11ee-b7e9-d5eb97e28c00;2;;;
'2023-11-01';5a92ee20-4d5d-11ee-b2b5-db70ae66610e;2;;;
'2023-11-01';81aad2f0-77c6-11ee-a8d7-9bb8e426535f;2;;;
'2023-11-01';2ffcbeb0-770c-11ee-a028-7b7b0ff9ca0d;2;;;
'2023-11-01';0ff816e0-4ae4-11ee-b398-5b4806a4e10c;2;;;
'2023-11-01';d31229a0-b682-11ed-bc8f-7969950cf065;2;;;
'2023-11-01';f3b05090-6386-11ee-b738-411998dddbba;2;;;
'2023-11-01';6b59cff0-18d9-11eb-a819-bdd94c6f9988;2;;;
'2023-11-01';6987a3b0-8d27-11eb-857e-252d57d3a29f;2;;;
'2023-11-01';d9e366b0-30b7-11ec-b329-abeb459d6287;2;;;
'2023-11-01';2fafd2d0-1223-11ec-b125-8ffb5131693c;2;;;
'2023-11-01';34f48ff0-8b54-11ed-871a-4992a8d40e9f;2;;;
'2023-11-01';01b8ff60-f9ed-11ed-9211-61a3ebd84030;2;;;
'2023-11-01';426c0c10-2670-11e8-952c-5397ebbba8bb;2;;;
'2023-11-01';d70dcaa0-0d9b-11ec-9480-19aec6605e49;2;;;
'2023-11-01';a2a425c0-0452-11ee-9ee9-af244dd07214;2;;;
'2023-11-01';ea6d81d0-78ab-11ee-aac8-61ef4ba0b1e5;2;;;
'2023-11-01';fc825680-6275-11ee-a126-ff40476b8939;2;;;
'2023-11-01';cbd06580-1a8c-11ee-9672-87261184b8ef;2;;;
'2023-11-01';2e42c880-c2f8-11ed-be7c-ef9acfee4cf4;2;;;
'2023-11-01';ecdd4bc0-2edd-11ee-8089-99f61dbe7a4d;2;;;
'2023-11-01';f542d9e0-8ff5-11ea-be53-ab9af40a3f82;2;;;
'2023-11-01';622f3cd0-63fe-11ee-adba-adf773e1638c;2;;;
'2023-11-01';6fc819d0-2d03-11ed-8cc6-cbd4311b6128;2;;;
'2023-11-01';cfda8f50-f47d-11ed-a8a0-a3caeb544e2f;2;;;
'2023-11-01';fd5c08a0-614c-11ee-9ce0-e14fc61820da;2;;;
'2023-11-01';15afe630-596d-11ed-89dc-f1f99923ecaa;2;;;
'2023-11-01';0226dbb0-4e08-11ee-8c36-89ed80d388ee;2;;;
'2023-11-01';bf7a2d50-5df5-11ee-832a-37e0ed135bb2;3;;;
'2023-11-01';bf07d300-a3e6-11ed-bcd5-cf87783ff67e;3;;;
'2023-11-01';7a4df8a0-5f40-11ee-87a1-c3bd1700174f;3;;;
'2023-11-01';33864540-382f-11ee-a5a1-cfd5c6784c6b;3;;;
'2023-11-01';32576a80-a39f-11ec-a680-09fcc5f5cdba;3;;;
'2023-11-01';3c9c7790-fee0-11ed-b912-f5c86f37ce9a;3;;;
'2023-11-01';3b100450-8fc8-11ed-a4ee-39bb2f444421;3;;;
'2023-11-01';b6c142f0-7797-11ee-83d2-9500cff1cbb2;3;;;
'2023-11-01';f19fd210-5ff6-11ed-8859-1b0fcaff46f2;3;;;
'2023-11-01';cd7e44c0-43da-11ee-947e-e1e2d2ff1735;3;;;
'2023-11-01';f8644fe0-6a22-11ee-8e5f-3742adbb3680;3;;;
'2023-11-01';8aca5ab0-4c2d-11ed-ba4f-3339b0969613;3;;;
'2023-11-01';f3aba330-b07b-11eb-a801-bf829ec496ad;3;;;
'2023-11-01';a1b65760-7789-11ed-95c0-235bff74b1bd;3;;;
'2023-11-01';ad8b85f0-5097-11ee-bac1-95b6a705b089;3;;;
'2023-11-01';759641a0-6f12-11ee-807f-afaa989d636a;3;;;
'2023-11-01';d9019820-62bf-11ee-8b61-21253dd65b02;3;;;
'2023-11-01';51ed0430-73b0-11ee-bf70-db2f3e338908;3;;;
'2023-11-01';99bad380-76ff-11ee-af63-436f1895a38a;3;;;
'2023-11-01';1f8ba1c0-1aed-11ee-8d66-8f0521673ea6;3;;;
'2023-11-01';8a45d150-cadc-11ec-91b0-45d5da48b7f1;3;;;
'2023-11-01';df8509f0-0ffb-11ee-bfe1-2d837d4cc7df;3;;;
'2023-11-01';8313cd60-4303-11ee-b9f7-77e376310446;3;;;
'2023-11-01';2630a7f0-3a7d-11ee-88b2-d18fd7859087;4;;;
'2023-11-01';9ed33470-7c46-11ed-b4b5-75d263623399;4;;;
'2023-11-01';4f2f4510-aef2-11ed-861a-c12ce37770ee;4;;;
'2023-11-01';d96713d0-770f-11ee-a4f0-09f62626fb0e;4;;;
'2023-11-01';19bfef20-77e1-11ee-b252-6d7ce5b03007;4;;;
'2023-11-01';a4f107c0-25d7-11ee-b645-8382199167e4;4;;;
'2023-11-01';1facd200-9c80-11ed-bdbb-d16bc40b16cd;4;;;
'2023-11-01';82aff070-57bc-11ed-a1f1-d9a024bf871f;4;;;
'2023-11-01';904969c0-5db8-11ee-9185-e5270066a2d3;4;;;
'2023-11-01';171ce6b0-dd22-11ed-94c4-d37f822402f4;4;;;
'2023-11-01';0e705cb0-594e-11ee-b40e-b125912f1ba6;4;;;
'2023-11-01';bec55e60-bd4d-11ec-bad1-352a3c90f6eb;4;;;
'2023-11-01';2ba1f410-dcb8-11ec-b9af-6dbf6cd09628;4;;;
'2023-11-01';491848d0-0086-11ee-af2c-ab4d4b149261;4;;;
'2023-11-01';9a0f4460-a9a2-11eb-be82-75b0b9b423a9;4;;;
'2023-11-01';a5ad2250-fb86-11ed-9389-fb3ae8cc6873;4;;;
'2023-11-01';3fad9220-6398-11ea-9789-39cafe3b86b6;5;;;
'2023-11-01';40db92d0-4005-11ee-9834-c3c3f51e9d0b;5;;;
'2023-11-01';1c6902c0-01d4-11ea-9e4f-41d54eda09ef;5;;;
'2023-11-01';c0e59190-15d2-11ee-af76-176b5046ba29;5;;;
'2023-11-01';3adc7790-c586-11ed-83b7-076e1b9e619e;5;;;
'2023-11-01';0ab697c0-ab98-11ec-a64a-2156c6248c1b;5;;;
'2023-11-01';6261b740-7872-11ee-961f-5517ccf7abcc;5;;;
'2023-11-01';177d5680-b66e-11eb-b3c0-9d91e2a22b87;5;;;
'2023-11-01';1af1dfb0-e255-11ed-889f-c119c82eb8db;5;;;
'2023-11-01';f165b8c0-bffd-11ed-b68b-cb215499e0ad;5;;;
'2023-11-01';f60c5360-cd64-11ed-bf3f-87b39a04cf7f;5;;;
'2023-11-01';119f18e0-43cd-11ee-b3c7-97dbf58e5c66;5;;;
'2023-11-01';d9f3c430-8808-11ec-bf5f-2321cbbfc007;5;;;
'2023-11-01';c145dc60-6697-11ee-ba74-f71df132660c;5;;;
'2023-11-01';942b14b0-3740-11ee-9c50-23d848797bb4;6;;;
'2023-11-01';878e2850-1c52-11ed-9ea1-0702a8ee86f9;6;;;
'2023-11-01';39188e40-0b94-11ee-a101-67eb31cacc85;6;;;
'2023-11-01';d94e80e0-44c9-11ee-bd5d-df6656db5b76;6;;;
'2023-11-01';ed7bf8b0-7ce2-11eb-a984-0b585d77fc73;6;;;
'2023-11-01';9f7b14f0-dd2a-11ea-8b48-7b8c98006cb0;6;;;
'2023-11-01';c8db7380-31b9-11ee-861f-e9feefc4028a;6;;;
'2023-11-01';c43859a0-2576-11ee-95c0-f3a8eb36e260;6;;;
'2023-11-01';b58793a0-67a8-11eb-a3a1-e314a03b5d98;6;;;
'2023-11-01';37fac7b0-4246-11ee-b237-774ecd0e55d5;6;;;
'2023-11-01';fffec340-4ae0-11ee-aa64-cb452c798cf7;7;;;
'2023-11-01';648c2480-c0ab-11ed-9a17-8396e86aa4ff;7;;;
'2023-11-01';fe52f2d0-7152-11ee-ba94-f78c26841e52;7;;;
'2023-11-01';f3442640-28b7-11ee-8bfc-2f2d398b3974;7;;;
'2023-11-01';77d26ec0-9a8c-11ea-a2fd-3d9ff5d8d5c2;7;;;
'2023-11-01';34804670-5b95-11ed-a84f-ef575c8f954e;8;;;
'2023-11-01';af142b30-4114-11ee-a7af-95b819bc48f9;8;;;
'2023-11-01';616bdf90-69b5-11ed-b8be-8fed9651f41a;8;;;
'2023-11-01';262f13e0-7aa7-11ed-8af5-2fc8820d33f9;8;;;
'2023-11-01';1fba7800-18db-11ea-a00b-cf3d2fa771e7;8;;;
'2023-11-01';cf733600-e3ea-11ed-a5b9-b3c6a94e0cba;9;;;
'2023-11-01';86576eb0-cedb-11ed-8a6f-f38a23eae62b;9;;;
'2023-11-01';87b83df0-fb1f-11ed-a7d0-91e1f7cf1912;9;;;
'2023-11-01';5b49f240-eb2a-11ed-8024-8ba72ec431ec;9;;;
'2023-11-02';b8b5b960-6653-11ee-9a79-2b363171d4bc;10;;;
'2023-11-02';302e5940-bcc0-11ed-bf87-9f2337527fae;19;;;
'2023-11-02';965ae8d0-7932-11ee-842a-c199ef6220e2;51;;;
'2023-11-02';90e084c0-56d5-11ee-82e7-095e0c88f0fd;19;;;
'2023-11-02';af142b30-4114-11ee-a7af-95b819bc48f9;10;;;
'2023-11-02';9bd30140-9ecb-11ed-a334-a32992c477f0;85;;;
'2023-11-02';3a84f7b0-793e-11ee-9714-61b81c09f753;11;;;
'2023-11-02';3629cac0-721d-11ed-8fc7-4fd9990e1e38;16;;;
'2023-11-02';b37c7bb0-4564-11ee-88c8-614141e4c1ed;12;;;
'2023-11-02';d234f070-2821-11ed-9ce0-b7a9dd423e66;10;;;
'2023-11-02';1a9bb300-8a6d-11e8-88cf-afe7d876fe57;10;;;
'2023-11-02';d7894be0-f1b4-11ed-a9ee-036e28b4d0c7;12;;;
'2023-11-02';33dbfb30-e046-11ec-8ffb-bf7cb75ce856;14;;;
'2023-11-02';d94e80e0-44c9-11ee-bd5d-df6656db5b76;12;;;
'2023-11-02';c26d3200-5125-11ee-9a0f-c3816d7eb1e0;0;;;
'2023-11-02';1a633e20-6745-11ee-ad73-95d1cc768655;0;;;
'2023-11-02';d3b12610-305f-11ea-82bc-2b8c7401f0aa;0;;;
'2023-11-02';8ce85230-7034-11ee-80e4-b1d3c171f6b4;0;;;
'2023-11-02';86e6e530-68f1-11ee-97c1-492d9f705dec;0;;;
'2023-11-02';28a70d20-916e-11ed-b4cc-134d52c5124a;0;;;
'2023-11-02';e1551310-7806-11ee-b76f-b98e5cf1cc76;0;;;
'2023-11-02';ec365110-57d4-11ee-99d9-eb3c2ad887bc;0;;;
'2023-11-02';537ccfb0-6a5f-11ee-83f9-3d79d5a1b56e;0;;;
'2023-11-02';27df59b0-7944-11ee-aca6-6dfa7952107b;0;;;
'2023-11-02';dec7c1b0-40a8-11ed-89c6-ff3d71f72346;0;;;
'2023-11-02';b919eba0-ca20-11eb-b368-69bb43c71b4d;0;;;
'2023-11-02';7858d880-78e0-11ee-a3eb-5532c009ed96;0;;;
'2023-11-02';116a88d0-6652-11ee-8cdf-41dd3c90c1f6;0;;;
'2023-11-02';904969c0-5db8-11ee-9185-e5270066a2d3;0;;;
'2023-11-02';0322c400-00fd-11ee-9914-013d585dacc5;0;;;
'2023-11-02';d4b93fd0-0427-11ee-8986-f30e6b4525b4;0;;;
'2023-11-02';c41758c0-9a7c-11ed-96f8-85c276d49420;0;;;
'2023-11-02';59929b90-f8ed-11eb-be6a-bdaca425bea2;0;;;
'2023-11-02';3f6e2310-e8c4-11ed-92ad-e71197dd3386;0;;;
'2023-11-02';2603ef60-fe34-11ed-910f-ed4de5f486e7;0;;;
'2023-11-02';fd5c08a0-614c-11ee-9ce0-e14fc61820da;0;;;
'2023-11-02';75c3c8a0-c3dc-11ed-a151-3b61a6600a95;0;;;
'2023-11-02';498f84e0-4875-11ee-8abc-61aeb8e0334b;0;;;
'2023-11-02';d4b53460-61ee-11ee-bb08-93062146ca1c;0;;;
'2023-11-02';bf03a510-7991-11ee-8852-2143de4f27e0;0;;;
'2023-11-02';24f11e50-17e7-11ee-a4c0-17499c05ef16;0;;;
'2023-11-02';a6e09ac0-7931-11ee-8723-2b8936b904e6;0;;;
'2023-11-02';afe913b0-71c0-11ec-a39a-1d0894f5a843;0;;;
'2023-11-02';4837af70-77bc-11ee-b28d-df143479094c;0;;;
'2023-11-02';ee4fd9c0-b57e-11ec-8ef1-e763c87d7838;0;;;
'2023-11-02';50787e40-6cad-11ee-b59e-99b651d6956d;0;;;
'2023-11-02';c47353d0-6f85-11ee-bb06-a943307bf4aa;0;;;
'2023-11-02';85e45500-e972-11ec-9be0-1dac9f70c8fe;0;;;
'2023-11-02';7ebd9730-2a83-11ed-a8ba-89d358137e29;0;;;
'2023-11-02';37ca6ba0-431f-11e8-8a1d-b37352c63da2;0;;;
'2023-11-02';6cb03670-a90d-11ed-8767-1b1ff1f36ee4;0;;;
'2023-11-02';81612e50-7690-11eb-80da-c9831175f4e0;0;;;
'2023-11-02';442d7f60-4baa-11ee-91f0-ff776ff13f6f;0;;;
'2023-11-02';fc4a9d50-d74f-11ed-9cdd-25ff3d1aa535;0;;;
'2023-11-02';80fe6d00-f9e8-11ed-9b52-97f77575679a;0;;;
'2023-11-02';b530a5b0-7838-11ee-bb5f-41944d1bdb5a;0;;;
'2023-11-02';1c4a5160-90e0-11ed-bb38-47496bab1f09;0;;;
'2023-11-02';9b67b320-5a54-11ec-a9df-2fb8bf00ad6e;0;;;
'2023-11-02';bf395920-debb-11ec-9d13-bd991bc9510d;0;;;
'2023-11-02';1a1fed60-0a9c-11ee-bf62-9d52c515203b;0;;;
'2023-11-02';c031b040-6676-11ee-8b14-0bf74ef12335;0;;;
'2023-11-02';afcf63d0-acf6-11ed-862e-d53056731300;0;;;
'2023-11-02';5fe8ad10-ed55-11ec-aeef-7755fe139428;0;;;
'2023-11-02';704fa250-c082-11ea-bb43-c1bfd3d804d5;0;;;
'2023-11-02';8ba2ae90-9be6-11eb-9d8f-4f71aa2d7fda;0;;;
'2023-11-02';3a8f0e30-795c-11ee-b7a3-61a78c2da200;0;;;
'2023-11-02';d0b5b640-7815-11ee-ba60-d55fcf62803c;0;;;
'2023-11-02';028805a0-908d-11ec-9f37-27c651076562;0;;;
'2023-11-02';85e35260-67f5-11ee-a399-419e1c537f6f;0;;;
'2023-11-02';6007dd90-74f1-11ea-9415-f927bf30edd6;0;;;
'2023-11-02';aa6ebcf0-5094-11ee-913d-f168a1c498b5;0;;;
'2023-11-02';02f49200-afb7-11ea-8eda-05d78e841563;0;;;
'2023-11-02';17e3c5e0-f2d2-11ec-9a9d-15ce92c49139;0;;;
'2023-11-02';e00bbcd0-2c9c-11ee-87a7-3f33b7dd19dd;0;;;
'2023-11-02';431812d0-5c34-11ee-8cfb-cd8178d75236;0;;;
'2023-11-02';11c6d7f0-6294-11ee-ba99-8303071649fa;0;;;
'2023-11-02';bc6151c0-266f-11e8-82f3-01b53ba05a21;0;;;
'2023-11-02';76b7b5e0-3a71-11ed-a8de-d1ecc1a6e4c3;0;;;
'2023-11-02';a5955ba0-7969-11ee-a09d-174fbdbba10d;0;;;
'2023-11-02';938550a0-60dd-11ed-94d2-0958f9e80160;0;;;
'2023-11-02';d9a53120-5648-11ee-a608-0d3249132a5e;0;;;
'2023-11-02';caa524f0-f3c9-11ed-85ac-3ddcab99fad3;0;;;
'2023-11-02';2630a7f0-3a7d-11ee-88b2-d18fd7859087;0;;;
'2023-11-02';47d1d680-b5d1-11ed-819a-7fe655647e59;0;;;
'2023-11-02';8c5f8420-793d-11ee-a05e-1f149c98de13;0;;;
'2023-11-02';68e7b470-79f4-11ed-b1d2-e94a444046b6;0;;;
'2023-11-02';5f2afc00-78cf-11ee-b854-b99a46e8257e;0;;;
'2023-11-02';616c5140-ffa8-11ec-8176-2b307e306f56;0;;;
'2023-11-02';2295f300-206c-11e9-b70d-d917d1c83c15;0;;;
'2023-11-02';33f92100-26d3-11e8-aaf0-43521b84df22;0;;;
'2023-11-02';cbb2af70-a51a-11eb-bc9a-9b8287359b8f;0;;;
'2023-11-02';6fc09df0-634d-11ee-805e-c136d87517a5;0;;;
'2023-11-02';9a0f4460-a9a2-11eb-be82-75b0b9b423a9;0;;;
'2023-11-02';97eddc80-3df6-11ec-8968-315368755a67;0;;;
'2023-11-02';9d71bc10-78e3-11ee-af92-7751fd48aad1;0;;;
'2023-11-02';02a6a090-6652-11ee-9586-e5eb3b3de661;0;;;
'2023-11-02';b8800af0-6dc8-11ee-8ada-c7d2dc4bb73d;0;;;
'2023-11-02';fa04c580-9d85-11eb-b366-5bf28c116536;0;;;
'2023-11-02';03730d20-5ce2-11ee-9006-b178b960a5f1;0;;;
'2023-11-02';364354f0-e4d6-11ed-857b-f11dd0dac507;0;;;
'2023-11-02';21ca72e0-5dab-11ed-b3ec-4f4a0fa1ccfa;0;;;
'2023-11-02';5c39cfb0-6f30-11ee-9629-9fc102588c71;0;;;
'2023-11-02';68375db0-fba4-11ec-97bd-39471ab4cafe;0;;;
'2023-11-02';0b7e3220-a8ff-11ed-ac6e-2b8b3b227614;0;;;
'2023-11-02';a262d200-baf2-11ec-8f5a-77dc8568248f;0;;;
'2023-11-02';9496d8f0-79a6-11ee-a7db-ad63a3819194;0;;;
'2023-11-02';e8bada70-7948-11ee-964e-4b8e9861785c;0;;;
'2023-11-02';73b8a040-c069-11ea-8f6e-73b4bc9df9ed;0;;;
'2023-11-02';438855d0-67d7-11eb-ba32-55dcd093b535;0;;;
'2023-11-02';0b8e2e10-793c-11ee-8186-7b75ac76f8f0;0;;;
'2023-11-02';0c5918f0-35c1-11ee-bebd-bfdf2d080bd2;0;;;
'2023-11-02';da1815a0-5a6d-11ed-af94-b9d8efa558d7;0;;;
'2023-11-02';d3510020-254b-11ee-841e-3590bf2ce428;0;;;
'2023-11-02';1cd40f00-26d1-11e8-aed5-87569c2029e9;0;;;
'2023-11-02';306dcee0-232c-11ee-a598-f9a8cc7e64b6;0;;;
'2023-11-02';bac083b0-f0ad-11ec-aee7-9d8b613f08bd;0;;;
'2023-11-02';46eabd50-5eb3-11ee-974c-df6d395297d3;0;;;
'2023-11-02';de80ed50-792b-11ee-b06f-7db8f92754ce;0;;;
'2023-11-02';8b142ef0-0cf5-11ed-8af1-63871af601f1;0;;;
'2023-11-02';1d474e40-2a76-11e8-8518-17b20fa8751f;0;;;
'2023-11-02';a4db9460-d7f3-11ea-a881-d576d1a06d25;0;;;
'2023-11-02';9e227cf0-749a-11ee-9314-2dc95b8464b6;0;;;
'2023-11-02';3c07be10-ad51-11ed-9123-7986d83596a7;0;;;
'2023-11-02';8cd83050-f8b9-11ed-b53e-8df4350d6ab8;0;;;
'2023-11-02';802e4a00-46cd-11ec-b182-0123b788ccc1;0;;;
'2023-11-02';34ed9ad0-f920-11ed-9355-b763fe34d06a;0;;;
'2023-11-02';f7c16bf0-448d-11ee-9152-5d2cf8d23c8d;0;;;
'2023-11-02';b9a2da30-78b7-11ee-87b5-ef8e019bcd1c;0;;;
'2023-11-02';ce5574e0-680b-11ee-a86c-ef9cd1d092e9;0;;;
'2023-11-02';8e56c270-fe2f-11ea-b081-afd3e019753e;0;;;
'2023-11-02';d92ce3b0-f52b-11ed-9532-9fb2bd6a5840;0;;;
'2023-11-02';adafa7c0-55d1-11ee-940b-d1474356896c;0;;;
'2023-11-02';67b22b80-7156-11ee-9c2f-59c580af0bd3;0;;;
'2023-11-02';7eef3ef0-61d9-11ee-b559-558d51579912;0;;;
'2023-11-02';e64e9970-106a-11ea-a81f-2d486e26c435;0;;;
'2023-11-02';6cb3f870-7ad5-11ed-be43-f13be62b8eb5;0;;;
'2023-11-02';aac97a60-9910-11ec-9271-0d32e5e37ef4;0;;;
'2023-11-02';bfb1b590-4dd9-11ed-84ed-6baa0af96a39;0;;;
'2023-11-02';e69b27f0-bfd5-11ec-8e5c-3f78e8b19bd7;0;;;
'2023-11-02';02a1d900-a64c-11ed-a3c5-4da84c18504e;0;;;
'2023-11-02';5af80cb0-69a5-11ee-90c2-6bf305645d5a;0;;;
'2023-11-02';74cb35f0-7985-11ee-a2a3-a3cdefd12b91;0;;;
'2023-11-02';e9820b90-6a61-11ee-abcc-dd75dcdd7e70;0;;;
'2023-11-02';5a2cf4e0-6b55-11eb-9b89-6d74871a290e;0;;;
'2023-11-02';954b63b0-7929-11ee-b848-5d624d9bb4d2;0;;;
'2023-11-02';c2bb7050-c085-11ec-a6d6-05fa39c0b5d0;0;;;
'2023-11-02';c5c77150-ff67-11ed-9478-ebe39a40465c;0;;;
'2023-11-02';90dd5bb0-78f8-11ea-a303-d76acc5d7fdd;0;;;
'2023-11-02';b728cf30-6be2-11ee-9a54-2709e5f9b078;0;;;
'2023-11-02';f5c917b0-19f6-11ee-9ff9-bb2aeb994a1d;0;;;
'2023-11-02';e2c41360-af2e-11ec-a79f-33c5a6212867;0;;;
'2023-11-02';6716d230-26e1-11ee-8726-d5b75c527547;0;;;
'2023-11-02';3a04c150-214d-11ea-b5fe-69726f78d9f0;0;;;
'2023-11-02';b2a21c20-a872-11ed-a9aa-9567fc592108;0;;;
'2023-11-02';0c1031e0-e4a8-11ed-9e2b-e9731131cca2;0;;;
'2023-11-02';4208b140-9cab-11ed-bb7f-d190274d81fd;0;;;
'2023-11-02';a214e7a0-6fca-11ee-bb4c-5bc1dc6040cc;0;;;
'2023-11-02';5d120860-d482-11e8-84cb-3b32700906f9;0;;;
'2023-11-02';498288e0-7812-11ee-bd13-cd3f2081c40a;0;;;
'2023-11-02';592c5940-794f-11ee-b979-33685d1540d8;0;;;
'2023-11-02';efde7d10-5718-11ec-a041-51d9445c296e;0;;;
'2023-11-02';681dbe10-85c3-11ed-bb97-25ca7a3d089c;0;;;
'2023-11-02';2611bf40-6343-11ee-a3fd-6fead0b45f92;0;;;
'2023-11-02';074c1180-b15e-11eb-b066-a5e5e9193957;0;;;
'2023-11-02';429c6650-c107-11eb-919c-2b8cd2bff7e9;0;;;
'2023-11-02';8c399da0-5061-11ee-b86b-773a560c470e;0;;;
'2023-11-02';f6bc3bd0-78e1-11ee-8308-83044dda16dd;0;;;
'2023-11-02';ba0b4520-080a-11ee-b26f-356151662bfe;0;;;
'2023-11-02';973ddf10-30ad-11e8-94b5-05fb3f125577;0;;;
'2023-11-02';fae8adc0-6ede-11eb-9e19-47088db49aac;0;;;
'2023-11-02';94a2aec0-fc31-11ed-bf4b-237299cb29b4;0;;;
'2023-11-02';dc644e90-d6fb-11ed-ba63-c7c8945732db;0;;;
'2023-11-02';5807f950-7956-11ee-87c1-77433193f297;0;;;
'2023-11-02';d7660620-5e6c-11ed-b4ca-9fd1b2002159;0;;;
'2023-11-02';32a76e40-1296-11eb-ad8e-b1739a1071e3;0;;;
'2023-11-02';90010330-5b54-11ee-af0d-a124f8839517;0;;;
'2023-11-02';6c3b5da0-57ae-11ee-8354-d77ee1a0b9a0;0;;;
'2023-11-02';90626340-6717-11df-be47-03f2d32a026e;0;;;
'2023-11-02';17610930-58cf-11e8-bc52-fbc4499d07ad;0;;;
'2023-11-02';71a08180-7946-11ee-862f-7909d44ee27c;0;;;
'2023-11-02';1f3af260-78b3-11ee-a522-ff1782f7f043;0;;;
'2023-11-02';fd3e2930-34d2-11ee-9756-f99b05777bbd;0;;;
'2023-11-02';6d656ad0-24ce-11ee-98ae-69359935c18d;0;;;
'2023-11-02';9c8b8a50-7531-11eb-9d56-ad5d73c2050d;0;;;
'2023-11-02';130cc240-7889-11ee-aa17-571fcadf0394;0;;;
'2023-11-02';64b239c0-e33f-11ed-9e8a-0720496d6e5a;0;;;
'2023-11-02';ebac4fc0-d9c0-11ed-afd0-f3184bbdad64;0;;;
'2023-11-02';c2326450-7924-11ee-98f0-a3fe2bd3934b;0;;;
'2023-11-02';3c9a6500-1efb-11ee-8136-c7632e12c8ef;0;;;
'2023-11-02';939dbdb0-f6fd-11ec-a9ab-b342f56aca2d;0;;;
'2023-11-02';e0debd00-7937-11ee-9671-65f7e19d7a35;0;;;
'2023-11-02';ddef2360-3147-11ee-9b78-edbe9e3bbef3;0;;;
'2023-11-02';a12fd5c0-13d2-11ed-9577-2f98a8ff01ab;0;;;
'2023-11-02';65f0d690-af35-11e8-928d-3d9e5d054343;0;;;
'2023-11-02';1f1f4fa0-4af6-11ee-aa62-e1dbc486b74e;0;;;
'2023-11-02';a58e0640-681e-11ee-ad34-9bdaba20fadd;0;;;
'2023-11-02';afd82fd0-ab69-11ed-bff9-c95875bd4134;0;;;
'2023-11-02';48bcb760-1fab-11ee-8e03-1f28c22350fa;0;;;
'2023-11-02';e95d9380-75ad-11ee-9778-df20dfde0e14;0;;;
'2023-11-02';18554290-dfdd-11ec-bd0b-89a07386757e;0;;;
'2023-11-02';7d2cf490-5d4b-11ea-a6da-6907c0265f74;0;;;
'2023-11-02';4d488370-5ce8-11ee-a1cc-9dc5cd4b1d41;0;;;
'2023-11-02';a0ff83c0-5080-11ee-9c59-f71f0115f9cb;0;;;
'2023-11-02';ad4d4aa0-3f0a-11ed-af31-69baa8086303;0;;;
'2023-11-02';f3b05090-6386-11ee-b738-411998dddbba;0;;;
'2023-11-02';bf07d300-a3e6-11ed-bcd5-cf87783ff67e;0;;;
'2023-11-02';bb052f80-62a1-11ee-9092-7d41a6e6fb27;0;;;
'2023-11-02';ea6d81d0-78ab-11ee-aac8-61ef4ba0b1e5;0;;;
'2023-11-02';5f993750-683a-11ea-96c5-0b4aa9599a94;0;;;
'2023-11-02';3a8fc3b0-557c-11ee-9343-b31e3ab30159;0;;;
'2023-11-02';390074a0-6b7c-11eb-8ef9-73f675c1c29c;0;;;
'2023-11-02';1e8729b0-cc2a-11ec-8b8e-c93ce2ec9f49;0;;;
'2023-11-02';c43859a0-2576-11ee-95c0-f3a8eb36e260;0;;;
'2023-11-02';4952ccf0-6664-11ee-a2b2-85769fefe3a1;0;;;
'2023-11-02';44e7a6f0-6b75-11eb-81b9-e13b91a3882f;0;;;
'2023-11-02';ce47a670-6690-11ee-936f-d7ea40ba2527;0;;;
'2023-11-02';d98ef990-d454-11ec-b3f4-8913374e2678;0;;;
'2023-11-02';37a0fa50-792d-11ee-939f-73226e7ce2f6;0;;;
'2023-11-02';f21e22d0-567f-11ed-ab53-0db2be12f6a3;0;;;
'2023-11-02';74981b70-6a44-11ee-a84a-35f93377f286;0;;;
'2023-11-02';55dd0b50-b8d4-11ec-a5cf-6ff7cfa0bdc8;0;;;
'2023-11-02';b87a5e00-d22a-11ed-8dbd-abd3c172a8b4;0;;;
'2023-11-02';42f42970-cf90-11eb-a6b8-5986bf59c517;0;;;
'2023-11-02';b8e32e40-c24d-11ed-a3cc-074b079cf1a2;0;;;
'2023-11-02';30873ef0-7875-11ed-b201-29b2b3a1b32c;0;;;
'2023-11-02';62228ff0-7162-11ee-81a4-6b01e1b48ba8;0;;;
'2023-11-02';58bacd60-6343-11ee-910a-219bf466f77b;0;;;
'2023-11-02';81e227d0-6779-11ee-879f-d915a676ae6b;0;;;
'2023-11-02';eb132880-3740-11ee-8c07-71390b0dbaa0;0;;;
'2023-11-02';68342f10-6d6c-11ee-839a-d33a23a1417a;0;;;
'2023-11-02';564ccfd0-bf9c-11eb-982c-d7692f1f341c;0;;;
'2023-11-02';ff52b590-2297-11ed-8cb9-e5dc54b353b6;0;;;
'2023-11-02';aa9b5be0-6f95-11ea-bd4f-81608d74ea67;0;;;
'2023-11-02';c858e090-9098-11ed-b7e1-4120ad641f1d;0;;;
'2023-11-02';48ec9dd0-6192-11ee-94f1-0560d41158cd;0;;;
'2023-11-02';0e7a9110-4b04-11ee-95ae-474bd0bb7789;0;;;
'2023-11-02';79bedff0-4ffb-11eb-af7c-350316180a48;0;;;
'2023-11-02';4b547460-beca-11ec-a13d-17d32a060020;0;;;
'2023-11-02';369bb660-627a-11ed-9783-415677af7f4a;0;;;
'2023-11-02';4e611980-fc6b-11ed-a573-0f4ac03065a8;0;;;
'2023-11-02';76175a70-1942-11eb-8775-d35d90aec7ae;0;;;
'2023-11-02';b125c000-3e49-11ee-9bab-ddd0cf04084f;0;;;
'2023-11-02';8aca5ab0-4c2d-11ed-ba4f-3339b0969613;0;;;
'2023-11-02';dc226c30-5c95-11ee-91f1-dbedbfd3f6af;0;;;
'2023-11-02';b210bc50-a35d-11ec-9131-69cf4237b2c9;0;;;
'2023-11-02';a07707d0-42b2-11ec-95ea-0bc5636e7c1e;0;;;
'2023-11-02';74c02120-797f-11ee-8929-b310d0e1b4db;0;;;
'2023-11-02';00004230-d665-11eb-b2d7-a15ffd6a3364;0;;;
'2023-11-02';62bfe730-6e8a-11ee-ac29-9f6e169b060e;0;;;
'2023-11-02';b19133d0-626b-11ee-865a-434320643fe9;0;;;
'2023-11-02';1424a0d0-769a-11ee-b418-251a21c0ad9b;0;;;
'2023-11-02';dbd61a00-4b07-11ee-b573-f767a437ff98;0;;;
'2023-11-02';6d9fa570-6cdf-11ee-98be-fb02a8e8b4e2;0;;;
'2023-11-02';5f53de40-d41f-11ed-abc9-e395eb253d81;0;;;
'2023-11-02';301db200-796e-11ee-8fa3-632ed048cb9d;0;;;
'2023-11-02';d78fa1e0-6ef9-11ed-886e-31f3a6be4046;0;;;
'2023-11-02';bd60de30-970b-11ed-93bb-ffee1c050103;0;;;
'2023-11-02';4a728d80-5b86-11ed-a4ce-7741a3242207;0;;;
'2023-11-02';9f9a7140-5f3f-11ec-a4b6-cbf13489682a;0;;;
'2023-11-02';c120e7f0-795e-11ee-a827-0912c2b03dc2;0;;;
'2023-11-02';2ca4dc30-1748-11ee-8f40-e19906ae1db2;0;;;
'2023-11-02';ce0d5010-d847-11ed-be3e-4f187091f243;0;;;
'2023-11-02';93209f90-7999-11ee-ab55-31a07f609c4a;0;;;
'2023-11-02';94156890-272e-11e8-92c5-1f8025567be4;0;;;
'2023-11-02';766e3c50-a315-11ed-ada7-53bfc1cd2ab7;0;;;
'2023-11-02';0176d5d0-eff3-11ed-8ea5-5f4c473eaf0a;0;;;
'2023-11-02';ff847860-b685-11ec-988b-f7bc901f6613;0;;;
'2023-11-02';a351bde0-77a0-11ee-8fdc-0d808d1c8e09;0;;;
'2023-11-02';eb1b9300-5b8d-11e9-bc07-057b2d70c393;0;;;
'2023-11-02';4b065740-f8b1-11ed-a0ea-43015548e4d6;0;;;
'2023-11-02';6261b740-7872-11ee-961f-5517ccf7abcc;0;;;
'2023-11-02';f67af260-7747-11ee-95b1-c90f48d8dcba;0;;;
'2023-11-02';5ee9ed60-8222-11eb-80f0-159aa0597eff;0;;;
'2023-11-02';bafb8570-e353-11ed-9753-edccc786c976;0;;;
'2023-11-02';cbe265f0-6a64-11ee-8d8d-c1e74f246393;0;;;
'2023-11-02';06156c60-564a-11ee-9e42-b3913ca46edc;0;;;
'2023-11-02';ded85690-6f2f-11ee-90dc-d3739fe86b1a;0;;;
'2023-11-02';28850880-1854-11ed-a7a1-919bf16229cf;0;;;
'2023-11-02';580b1600-5aeb-11ee-a31a-718c9cb74cd4;0;;;
'2023-11-02';29e694b0-2e97-11ed-8dc3-3742abce6e54;0;;;
'2023-11-02';2cd32690-4bea-11ee-9e49-4306092a325a;0;;;
'2023-11-02';b322ea40-33ae-11ee-8975-1dbaaffcfb54;0;;;
'2023-11-02';b2b1e200-7954-11ee-bc71-894072e2c897;0;;;
'2023-11-02';17ef2390-d33f-11ea-8923-e9987a7d3c58;0;;;
'2023-11-02';c230e1c0-5ae8-11ee-b386-5de8a6c82938;0;;;
'2023-11-02';13c4fbd0-78e3-11ee-8a52-0f7a2f74480f;0;;;
'2023-11-02';2a9830c0-60dd-11ee-8c2d-db58d921319b;0;;;
'2023-11-02';2418ed40-e322-11ed-a3c3-39019ef4fa21;0;;;
'2023-11-02';974047e0-52b3-11ee-8f8b-23b9d0977d42;0;;;
'2023-11-02';daac7c40-7155-11ee-9e85-fbbf994bb97a;0;;;
'2023-11-02';71d9c8b0-b7af-11eb-b51d-ab034141f9a1;0;;;
'2023-11-02';1d48b790-786c-11ee-8f2e-5789dd3d51d3;0;;;
'2023-11-02';1dca2ef0-21cb-11ec-885e-6703ed07e631;0;;;
'2023-11-02';016cbf40-3766-11ee-99a4-8d5a4f083920;0;;;
'2023-11-02';6c493400-7952-11ee-aae3-5914b6228ab4;0;;;
'2023-11-02';070cfa10-78ec-11ee-ac9a-7bcf3cd1fb3e;0;;;
'2023-11-02';da33a030-513f-11ee-818d-2b8f59562586;0;;;
'2023-11-02';c0851320-fad8-11ed-8bb9-5793d27ec8d2;0;;;
'2023-11-02';3f35b8e0-101f-11ee-82db-d9eb8e0d664b;0;;;
'2023-11-02';54e54190-6bd9-11ee-8f34-7501bfd988a8;0;;;
'2023-11-02';7422d5f0-4559-11ee-8887-55aa3a8ef55d;0;;;
'2023-11-02';80a33bf0-280d-11ec-8a50-d357e2855c5a;0;;;
'2023-11-02';c7cac260-42c4-11ec-a18d-c59760f8617f;0;;;
'2023-11-02';8c1900c0-18ff-11ee-b3c8-89750e6b01d2;0;;;
'2023-11-02';8c81def0-0411-11ed-99fa-3722f70332f6;0;;;
'2023-11-02';85bc2b20-a377-11ec-8ee2-0912cae8416b;0;;;
'2023-11-02';ee9adb30-f9e0-11ed-8393-433a3d955e51;0;;;
'2023-11-02';f37fc460-de32-11eb-8054-3fb03dcea04c;0;;;
'2023-11-02';05290bf0-fe8e-11ec-a077-47257edb8e0e;0;;;
'2023-11-02';f500b590-c06f-11ec-8b2f-e9f5deb0405e;0;;;
'2023-11-02';bd27f410-d6aa-11ed-b10e-ff3b2a9f7a5a;0;;;
'2023-11-02';e2aa48f0-9811-11ed-8e91-45829fd1c2b4;0;;;
'2023-11-02';0c70d2a0-cbf5-11ed-98eb-8fb393b43733;0;;;
'2023-11-02';92b57090-b139-11ed-bc50-8f526e7e063d;0;;;
'2023-11-02';38855b10-9dc3-11ec-a5aa-b357fe13be33;0;;;
'2023-11-02';a37b0d40-270e-11ee-8e44-d51a412c3f36;0;;;
'2023-11-02';d2d375d0-73e6-11ee-b534-4302eb3f4bab;0;;;
'2023-11-02';cc2e7360-f057-11ec-a3bb-efceb4f881d5;0;;;
'2023-11-02';e827dfb0-3c33-11ee-803a-f7dad046c8cb;0;;;
'2023-11-02';d5a0b610-f533-11ed-bc02-fd79a6ce904e;0;;;
'2023-11-02';998c6c70-3122-11ee-8d95-231254025f75;0;;;
'2023-11-02';4158c650-4fa1-11ee-aafb-7f475aadde23;0;;;
'2023-11-02';86762fd0-7949-11ee-a68c-098cfd32333b;0;;;
'2023-11-02';e12fec30-9e2b-11ed-a6a4-e7637bb10c1c;0;;;
'2023-11-02';34061640-095f-11ec-8e63-4b3c41117f08;0;;;
'2023-11-02';4244e850-7954-11ee-a6ba-75e6409540b3;0;;;
'2023-11-02';93bcc630-f369-11eb-bd9d-233c371f5df1;0;;;
'2023-11-02';0172d0d0-d022-11ec-add7-4d217eb6dbb3;0;;;
'2023-11-02';daed2f70-6dcb-11ee-a3ed-85faed8b53a2;0;;;
'2023-11-02';6e255e80-5ead-11ee-b9ab-514ff5ef01dc;0;;;
'2023-11-02';601d66a0-63b6-11ec-8a00-81f651d0b14a;0;;;
'2023-11-02';f0b3c160-9edf-11eb-a621-a52206b18040;0;;;
'2023-11-02';970333f0-01d7-11ee-ad74-31ca2502a364;0;;;
'2023-11-02';7ea52780-1d86-11ee-a31e-7b03cc8df464;0;;;
'2023-11-02';07008890-ea42-11ed-9a53-0f6e03e3ccf8;0;;;
'2023-11-02';1d265690-099d-11ec-8c1f-279bde56d3d4;0;;;
'2023-11-02';8bf6b710-13ee-11ee-a4f2-8f018c3bebbc;0;;;
'2023-11-02';e0490c60-586c-11ee-a032-b30bdc591644;0;;;
'2023-11-02';987a1860-043f-11e9-b29a-657a90787be9;0;;;
'2023-11-02';37e32200-948b-11ec-9695-c918fcda5fe0;0;;;
'2023-11-02';9ea21d90-266f-11e8-bdcc-8bfb8cd4ee41;0;;;
'2023-11-02';096d32c0-da9f-11ed-b047-9fdce0a5ef36;0;;;
'2023-11-02';b08174b0-7868-11ee-bcf9-a3842ab43b05;0;;;
'2023-11-02';3cff3920-7983-11ee-8605-5fedca27c7c0;0;;;
'2023-11-02';558a0ad0-e7ad-11ea-a29f-7bdd9372cc29;0;;;
'2023-11-02';d5073690-76d7-11ee-86bb-a1068cfdd602;0;;;
'2023-11-02';262fe3d0-35cb-11ee-bf75-5ba290ef6734;0;;;
'2023-11-02';e2697cd0-4e23-11ee-bd17-573b905892df;0;;;
'2023-11-02';191c9110-9087-11ec-ace4-d10f5b687971;0;;;
'2023-11-02';bc31c660-76de-11ee-b770-79a335abed02;0;;;
'2023-11-02';3d725710-5d16-11ec-92a5-d55bf1f546e2;0;;;
'2023-11-02';4865fe90-7981-11ee-b020-cb18186498d3;0;;;
'2023-11-02';e7fe7640-eff6-11ed-8347-35f08cecf43b;0;;;
'2023-11-02';95ec0810-6402-11ee-a9cb-bbca9f0a073e;0;;;
'2023-11-02';abcb7360-c492-11ed-903d-8f88c32aba88;0;;;
'2023-11-02';01218890-61af-11ee-9ed9-a9054909413e;0;;;
'2023-11-02';657ffd60-eeed-11ed-a3f2-95075062a87c;0;;;
'2023-11-02';d9503170-f27c-11eb-9dfb-4f0cd0571065;0;;;
'2023-11-02';e3b73680-68d2-11ee-94f8-e74144b3dd83;0;;;
'2023-11-02';45efb510-491d-11ed-a9f5-71ca9a1e60a5;0;;;
'2023-11-02';6bdbdf50-cb61-11eb-a7d2-399358e62b46;0;;;
'2023-11-02';8380b140-9341-11ed-9810-87420a46fe8b;0;;;
'2023-11-02';265b0790-1782-11ec-9cf7-41818aa3fea0;0;;;
'2023-11-02';5c996570-ad4c-11ed-ad4f-9748a31b1749;0;;;
'2023-11-02';d0e78190-561c-11ee-9604-61cab66a9198;0;;;
'2023-11-02';6e3654c0-02b3-11ee-b0ec-11f5491025c0;0;;;
'2023-11-02';321133f0-ae23-11ed-9192-2b741cf7943d;0;;;
'2023-11-02';cc0be1f0-76d0-11ee-924e-19f1818d9def;0;;;
'2023-11-02';1b719ad0-7962-11ee-b03e-f35725999f11;0;;;
'2023-11-02';3da30030-78f4-11ee-af85-8d886da62a36;0;;;
'2023-11-02';e9e87970-683b-11ee-9a01-ebe9a7ac0e13;0;;;
'2023-11-02';5a995e70-fdd7-11ed-af20-e9a0c0acd0e0;0;;;
'2023-11-02';0e0f02a0-6cb1-11ee-953b-e374d20d0ab3;0;;;
'2023-11-02';4c749bc0-1ac6-11ec-b507-6d3180b60d38;0;;;
'2023-11-02';552cc5a0-1518-11ee-8de4-d74f831ebe75;0;;;
'2023-11-02';4445b3a0-76de-11ee-9e07-2b21e6f1f700;0;;;
'2023-11-02';60355210-28de-11eb-aa02-c3649cfe7f71;0;;;
'2023-11-02';f7308750-2725-11ee-850a-23692e8fd68f;0;;;
'2023-11-02';3a55dea0-e805-11ed-806b-67209023310c;0;;;
'2023-11-02';51fc4970-b951-11eb-b18b-e576f0c0802a;0;;;
'2023-11-02';4c1ac6c0-d8ef-11ed-902b-374a18e74844;0;;;
'2023-11-02';d32aaed0-6c99-11ee-b1f7-c7162b278a43;0;;;
'2023-11-02';466328d0-a39d-11ed-bb0c-354a95447fbc;0;;;
'2023-11-02';a3a3e0a0-13f7-11ee-bb1c-f95ada8d9aaf;0;;;
'2023-11-02';fb7c8aa0-2432-11eb-9848-b586df62e7a4;0;;;
'2023-11-02';1e1157a0-61d7-11ee-9479-7f5f7ee96b0d;0;;;
'2023-11-02';adbdffd0-f5b4-11ea-9ba2-c9a2de53aa70;0;;;
'2023-11-02';8e78d720-b5a8-11ec-9f7f-156fc6842ce8;0;;;
'2023-11-02';28d24d30-e670-11ed-b58a-6315aaa007e5;1;;;
'2023-11-02';32576a80-a39f-11ec-a680-09fcc5f5cdba;1;;;
'2023-11-02';ed814c00-223c-11ee-b892-13192efe75f9;1;;;
'2023-11-02';b0894330-7934-11ee-9e83-b318db1f0218;1;;;
'2023-11-02';154ae0b0-763f-11ee-86b9-7f40407285b5;1;;;
'2023-11-02';d31229a0-b682-11ed-bc8f-7969950cf065;1;;;
'2023-11-02';e7cfe960-2d45-11ee-bfbc-3f56c4d4fed8;1;;;
'2023-11-02';94505710-5eec-11ee-a1a0-7329154e49fb;1;;;
'2023-11-02';82d27e80-448b-11ee-90cd-538c962db324;1;;;
'2023-11-02';dde052a0-264c-11ee-a20d-f3a1c2f94071;1;;;
'2023-11-02';35901350-77d7-11ea-9dd0-73baf10c8c3a;1;;;
'2023-11-02';f09a5ce0-ec6d-11ea-87a9-ef965f094656;1;;;
'2023-11-02';6863dc30-07ea-11ed-8e45-6d2618168de3;1;;;
'2023-11-02';8a81dbd0-760e-11ee-9110-b7a57991987e;1;;;
'2023-11-02';2e7c5e80-5ba8-11ee-99cd-cba75f44cf5e;1;;;
'2023-11-02';10923af0-10c3-11ee-9d93-c7331a233ca5;1;;;
'2023-11-02';62101f10-f600-11ed-a96e-3f4ed4d0abe4;1;;;
'2023-11-02';f4c7ad30-1a08-11ec-9895-75c0d1eb6ffe;1;;;
'2023-11-02';6663f4a0-08df-11ee-81cb-8be2005d9c9c;1;;;
'2023-11-02';31214450-2690-11e8-b8fd-0b549d32ed37;1;;;
'2023-11-02';2a1aa6c0-6748-11ee-934a-1548f0cbed48;1;;;
'2023-11-02';405db4b0-5a3a-11ee-87f2-49831b92684d;1;;;
'2023-11-02';ce79df20-e0fb-11ed-ae6e-e9ce17e234c0;1;;;
'2023-11-02';6e4ff490-7912-11ee-aab2-2be8673ecdb3;1;;;
'2023-11-02';fcd3b500-6e61-11ee-8a32-596792dfe63e;1;;;
'2023-11-02';695c5ef0-25e2-11eb-a938-6bff07fe5479;1;;;
'2023-11-02';c2f710e0-26f7-11e9-ba19-73f8edd5211f;1;;;
'2023-11-02';f57c1b00-d339-11eb-9be7-f7128e456267;1;;;
'2023-11-02';576dd830-3797-11ee-a08b-19577d0baed4;1;;;
'2023-11-02';084e6540-9804-11ed-bc94-8dd1b55f15b7;1;;;
'2023-11-02';84ac4220-0ed4-11ec-90ba-bf9440b194e7;1;;;
'2023-11-02';be0a5de0-4f3a-11eb-8acf-69d3bdfb693c;1;;;
'2023-11-02';2d48ad60-e878-11ec-89e6-f50bb0107659;1;;;
'2023-11-02';4a4b54f0-65e1-11eb-8ef4-0344a67f1f47;1;;;
'2023-11-02';ac25a8b0-7939-11ee-844d-c97f903509c5;1;;;
'2023-11-02';03f0b390-7968-11ee-ac6c-6f203073c63f;1;;;
'2023-11-02';246c66c0-0b2a-11ee-a875-8fcd12a907c6;1;;;
'2023-11-02';4d77a1b0-78df-11ee-affa-2da8c0081f39;1;;;
'2023-11-02';58eafa90-3e4a-11ed-9e6b-873d0d046feb;1;;;
'2023-11-02';bf7a2d50-5df5-11ee-832a-37e0ed135bb2;1;;;
'2023-11-02';dee3e080-e206-11ec-9d9b-a70eaafe4e55;1;;;
'2023-11-02';df4dc750-fa44-11ed-a614-5769c1c44db7;1;;;
'2023-11-02';fcf5ca30-795d-11ee-bb03-3fa8a7d35098;1;;;
'2023-11-02';d70dcaa0-0d9b-11ec-9480-19aec6605e49;1;;;
'2023-11-02';1a930830-73ae-11ec-93aa-33cf17676612;1;;;
'2023-11-02';15ec2930-2eaa-11ed-b199-ff79fbb1a81a;1;;;
'2023-11-02';08ab2690-52d5-11ee-ba43-bd8cc8a1c62d;1;;;
'2023-11-02';628f6730-7994-11ee-b83b-2115624d2a3b;1;;;
'2023-11-02';035ef770-5029-11ed-80a7-29d7f1b4d956;1;;;
'2023-11-02';262f13e0-7aa7-11ed-8af5-2fc8820d33f9;1;;;
'2023-11-02';55468160-745c-11ec-be3d-bbc59d939994;1;;;
'2023-11-02';3aa5e760-d3a1-11ed-b6d4-25cf9788359e;1;;;
'2023-11-02';d031ae60-7f54-11ec-99d8-4b6ed22b5138;1;;;
'2023-11-02';eb6a69d0-f611-11ed-970a-69801222bd35;1;;;
'2023-11-02';3206f7d0-3315-11ec-a434-55a7cc33870c;1;;;
'2023-11-02';e280f760-1e4a-11ee-86e8-b13ced4dad7a;1;;;
'2023-11-02';c44efdd0-2bdd-11eb-a6a8-374e84e5cb57;1;;;
'2023-11-02';c83ec9b0-d9a6-11ed-9ef5-cb048d1bba17;1;;;
'2023-11-02';f6affa70-3c12-11ee-8ed6-a9edb5076365;1;;;
'2023-11-02';c8562700-5ffc-11ed-a842-55b74552a364;1;;;
'2023-11-02';9d657c50-6965-11ec-a4a9-912dae094ad1;1;;;
'2023-11-02';be6e4700-50cd-11ee-88ee-ed91ad46195d;1;;;
'2023-11-02';c76bd300-0ee7-11ed-bd77-bfefd8fe3e14;1;;;
'2023-11-02';83dc6ec0-5dec-11ed-a7f8-43cd2dca137b;1;;;
'2023-11-02';2a294260-47af-11ee-8656-ef12546a81cb;1;;;
'2023-11-02';7dd400e0-7422-11ee-8071-b10ef41c6ac6;1;;;
'2023-11-02';d366e3e0-10d8-11ee-934b-3f2393365380;1;;;
'2023-11-02';7d2030e0-5d84-11eb-b643-b53a1747def2;1;;;
'2023-11-02';345d0fb0-5cee-11ee-a031-f9e6d8874212;1;;;
'2023-11-02';c0bf7a40-cf79-11ed-9d75-0f3c87570953;1;;;
'2023-11-02';c43226c0-3c2d-11ee-9f42-0794c5e31695;1;;;
'2023-11-02';d4021a30-2fd1-11eb-a413-8d939cea62b3;1;;;
'2023-11-02';5a92ee20-4d5d-11ee-b2b5-db70ae66610e;1;;;
'2023-11-02';fffec340-4ae0-11ee-aa64-cb452c798cf7;1;;;
'2023-11-02';45ad9fc0-73b7-11ee-812e-f357b1a49ace;1;;;
'2023-11-02';cbfbeb70-4da5-11ec-a7da-7d6f3a6a6679;1;;;
'2023-11-02';465b2c40-5075-11ee-9ad5-7b5bab7ed162;1;;;
'2023-11-02';df3bceb0-5e99-11ee-88e1-9ba78e205adb;1;;;
'2023-11-02';679ecb70-504c-11ed-92a6-915b71ed89a3;1;;;
'2023-11-02';8d6a4a40-77c5-11ee-ba85-9954fcd22384;1;;;
'2023-11-02';fe36e2c0-584d-11ee-b79d-efb699114297;1;;;
'2023-11-02';e94b3f20-6345-11ee-9b1b-7985eb1a6cef;1;;;
'2023-11-02';e94baf70-4237-11ee-bf65-a19ce943578a;1;;;
'2023-11-02';e247acc0-1c7a-11ee-bda5-8961e2ebcb05;1;;;
'2023-11-02';726bc980-ae2d-11eb-86ee-717e7adc5eba;1;;;
'2023-11-02';42329970-19c8-11ee-8ee1-1136e618ebba;1;;;
'2023-11-02';698f2cc0-667d-11ee-aaf8-ebf8d70a8ecf;1;;;
'2023-11-02';d7039140-8edb-11ec-84ee-614cb6f0c4d4;1;;;
'2023-11-02';2080da40-793f-11ee-b3f1-477e395e734f;1;;;
'2023-11-02';450aa480-68ec-11ee-8cf7-31840b3fa2b2;1;;;
'2023-11-02';2de0c810-c470-11ec-a6f3-adaf49c37cf2;1;;;
'2023-11-02';5191f6d0-cdf7-11ed-a3d2-8dfe22eaf6a9;1;;;
'2023-11-02';79773490-68ec-11ee-8575-6f13aa1fd0c5;1;;;
'2023-11-02';339ebd80-6077-11ee-b58d-494ef973954d;1;;;
'2023-11-02';c0591830-0118-11ec-842a-05afb4ef64a0;1;;;
'2023-11-02';2f6afb40-7957-11ee-b951-f3f052920507;1;;;
'2023-11-02';b4d28780-046b-11eb-a7aa-2f3d29bb7930;1;;;
'2023-11-02';3816d050-5e83-11ee-b787-016174f78978;1;;;
'2023-11-02';e6077620-6292-11ee-84c0-cbdf73581831;1;;;
'2023-11-02';940d43b0-248d-11ee-bd73-5fa65ea7339a;1;;;
'2023-11-02';356789e0-2d22-11ee-a66d-5934984be218;1;;;
'2023-11-02';cef73940-748e-11ed-b2e0-7df53daa888b;1;;;
'2023-11-02';aafa9760-dd13-11ed-b9c7-67fccc4223ef;1;;;
'2023-11-02';9a0bec10-b499-11ea-af52-3fc139d75bb3;1;;;
'2023-11-02';a9d6f880-1544-11ec-88f2-ffa23ab0fbc0;1;;;
'2023-11-02';04b60840-0f21-11ee-9f41-590a8bddb14f;1;;;
'2023-11-02';f047c3b0-6ca6-11ee-a0be-53cba70bced6;1;;;
'2023-11-02';6b814600-7666-11ee-93c7-87838223042b;1;;;
'2023-11-02';68871210-3b23-11ed-9944-954c1c93b64c;1;;;
'2023-11-02';81329ac0-f45b-11ea-92be-cdbb81c5233c;1;;;
'2023-11-02';6c8ae220-6417-11ed-8425-fd4ccba3179f;1;;;
'2023-11-02';a5623b20-8eb0-11ed-aabd-01b51f03cf9b;1;;;
'2023-11-02';2c4ca150-b4b2-11eb-bceb-c907bb5088fb;2;;;
'2023-11-02';38f23a60-60d6-11ed-9055-050ecf74bb2a;2;;;
'2023-11-02';678a7c80-0a4e-11ee-bf7c-77d63590c7e6;2;;;
'2023-11-02';aad654b0-295a-11ea-9471-c180b176b8ac;2;;;
'2023-11-02';a527e980-4313-11ee-9162-4dffe92543c4;2;;;
'2023-11-02';0cad5fb0-78fa-11ee-bf9c-8d2473ad598a;2;;;
'2023-11-02';66195bc0-d1e4-11ed-8c2f-017ce622d0d3;2;;;
'2023-11-02';110324a0-9ce3-11eb-a331-4dc72c68ad5c;2;;;
'2023-11-02';36004290-9955-11ed-a290-715d3859dd6e;2;;;
'2023-11-02';cd39ce00-77a9-11ee-8989-1b2cd0b164c3;2;;;
'2023-11-02';fc825680-6275-11ee-a126-ff40476b8939;2;;;
'2023-11-02';6e2fa820-f10c-11ea-8693-bdc77e62186b;2;;;
'2023-11-02';32b3ba10-33a2-11eb-8aee-8751efd2dc63;2;;;
'2023-11-02';9d01a210-2671-11e8-92f4-65a7e7cd4ad4;2;;;
'2023-11-02';491848d0-0086-11ee-af2c-ab4d4b149261;2;;;
'2023-11-02';536eaf70-47f0-11ee-8f9b-db689560ddf2;2;;;
'2023-11-02';b0d453f0-0dde-11ee-85ef-7f7d21aa905f;2;;;
'2023-11-02';087e4720-5149-11ee-a521-ab2083eab7e5;2;;;
'2023-11-02';648c2480-c0ab-11ed-9a17-8396e86aa4ff;2;;;
'2023-11-02';8f0a6d60-62d7-11ee-a7e5-7552154dd601;2;;;
'2023-11-02';e2f4e540-7475-11ee-9392-217b8bd22c9e;2;;;
'2023-11-02';f65363c0-0724-11ec-bd81-49e1f86f6eaa;2;;;
'2023-11-02';343bd9f0-3b55-11ed-9492-cf1753a5bb11;2;;;
'2023-11-02';41a83de0-797a-11ee-9c51-61622079b006;2;;;
'2023-11-02';a5d58a90-5c6d-11ee-96eb-4faa4f558124;2;;;
'2023-11-02';0e5167e0-aad7-11ed-8d8d-ab1bcb5d0683;2;;;
'2023-11-02';31f0e400-7971-11ee-bcd5-a7b1139883f8;2;;;
'2023-11-02';c9ebeb80-0adb-11ec-92ac-873f65159eeb;2;;;
'2023-11-02';82aff070-57bc-11ed-a1f1-d9a024bf871f;2;;;
'2023-11-02';53318ae0-722b-11ee-93d1-a918d7395c9f;2;;;
'2023-11-02';1b2ad2a0-4e21-11ea-829a-a9e03ab73297;2;;;
'2023-11-02';c15f2380-78dc-11ee-ba20-6dd8eb31ea84;2;;;
'2023-11-02';3fad9220-6398-11ea-9789-39cafe3b86b6;2;;;
'2023-11-02';90b277f0-7576-11ee-b3ef-0331249bb501;2;;;
'2023-11-02';373961c0-35df-11ed-8206-bd519374e178;2;;;
'2023-11-02';c305d4a0-a915-11ed-94f7-d9cc05d27ce1;2;;;
'2023-11-02';6b765430-e9b6-11ed-ae1c-43b9f0b4649c;2;;;
'2023-11-02';4c2fd080-39a1-11e8-83cd-297db3c386c5;2;;;
'2023-11-02';1815e920-a18a-11eb-9ee0-9190633503d0;2;;;
'2023-11-02';a4d16cb0-140e-11ee-8f85-05a7683ba1dc;2;;;
'2023-11-02';21a20810-76d6-11ee-8ad3-ff3e78388499;2;;;
'2023-11-02';27bcbb20-5101-11ec-891e-9b7b6489f94e;2;;;
'2023-11-02';13d2fc40-6992-11ee-a39e-d9c7e97c932d;2;;;
'2023-11-02';a5ad2250-fb86-11ed-9389-fb3ae8cc6873;2;;;
'2023-11-02';aa5bf040-d469-11ed-ae38-e753f7089d92;2;;;
'2023-11-02';dc592d70-85da-11ed-8c4d-3d05d417b1f6;2;;;
'2023-11-02';02ee6250-79b6-11ee-8611-25e7a8792543;2;;;
'2023-11-02';ab944480-2ce0-11ec-8ad6-1b97e5d111cb;2;;;
'2023-11-02';d6833e00-5ca4-11ec-9fb3-01bac000e8ac;2;;;
'2023-11-02';5b4602d0-24dd-11ec-a37a-8b0896de8975;2;;;
'2023-11-02';fc9cae40-b8ed-11ed-b782-8bde94f978cd;2;;;
'2023-11-02';c6fdbfd0-eb6a-11e9-afe3-3bd0b1ddc132;2;;;
'2023-11-02';8bfc0cc0-6aaa-11ee-bf87-2b053a78288c;2;;;
'2023-11-02';17ce4000-77db-11ee-a3a0-edfd72e146b8;2;;;
'2023-11-02';036c87b0-267a-11e8-8408-f9f917206103;2;;;
'2023-11-02';bca39490-6683-11ee-992d-69dc3ee71800;2;;;
'2023-11-02';9b676690-8651-11eb-9248-119991b39ad4;2;;;
'2023-11-02';0ff816e0-4ae4-11ee-b398-5b4806a4e10c;2;;;
'2023-11-02';62d024f0-5113-11ed-a2ea-0da72871968a;2;;;
'2023-11-02';90db3e20-78c2-11ee-9c0e-7db16b20fd22;2;;;
'2023-11-02';1d97a880-e02a-11ed-ba55-6330d2dd566d;2;;;
'2023-11-02';356ec280-9b21-11ec-a16b-1d4466b83a51;2;;;
'2023-11-02';05f4c660-0387-11ee-8d87-29c405c7bc41;2;;;
'2023-11-02';86494e00-f090-11eb-9cae-b593114226a5;2;;;
'2023-11-02';bd4a4f90-7981-11ee-8496-5b1820668b26;2;;;
'2023-11-02';174ef7c0-4660-11ee-8cbc-e7887a12c7b5;2;;;
'2023-11-02';48e153d0-e249-11ed-95c5-9f032da39c9a;2;;;
'2023-11-02';2a841d70-d241-11ea-ada3-9dca90d0a109;2;;;
'2023-11-02';015f60d0-0529-11ee-8894-35c927d4f1a0;3;;;
'2023-11-02';0cb94de0-b9e9-11e9-b560-0b222c65fafc;3;;;
'2023-11-02';426c0c10-2670-11e8-952c-5397ebbba8bb;3;;;
'2023-11-02';bfb84fc0-b958-11eb-b3b5-714825858d67;3;;;
'2023-11-02';5fc32f70-7681-11ee-8fa2-793b952c8942;3;;;
'2023-11-02';6e953340-6e43-11ee-bed0-2b7c80ba9e86;3;;;
'2023-11-02';408e71d0-796c-11ee-a7f0-b507cdb63794;3;;;
'2023-11-02';3a5bab80-269c-11e8-8319-456ad9d3b8d8;3;;;
'2023-11-02';b858ba70-5903-11ed-b7dd-059b352cbed2;3;;;
'2023-11-02';5a658050-0c93-11ec-ab65-cb67d5fe8127;3;;;
'2023-11-02';fe52f2d0-7152-11ee-ba94-f78c26841e52;3;;;
'2023-11-02';939e5ea0-7294-11ee-ae35-8959cbf69894;3;;;
'2023-11-02';204e0a90-642f-11ee-9778-b1575ba1128b;3;;;
'2023-11-02';861d1560-97d3-11ed-b149-b9aa7e844552;3;;;
'2023-11-02';61f92830-7974-11ee-9c19-033a4abecb71;3;;;
'2023-11-02';942b14b0-3740-11ee-9c50-23d848797bb4;3;;;
'2023-11-02';91411250-98ca-11ed-9b09-779a683509cb;3;;;
'2023-11-02';3693c6e0-796b-11ee-9826-2fcf94d6ebe1;3;;;
'2023-11-02';00fc8580-a5e0-11ed-8f66-476d57da0b36;3;;;
'2023-11-02';8373a790-7930-11ee-b3c5-e70ad66af5d6;3;;;
'2023-11-02';798a8f30-39bd-11ee-afd3-e97cdd17bebe;3;;;
'2023-11-02';b23b21f0-4317-11ea-b0e0-c5c8b75d31a9;3;;;
'2023-11-02';3d8322f0-209e-11ee-bdb7-63a16ffb097c;3;;;
'2023-11-02';c3dc0d20-4d68-11ee-8665-25f4e3154419;3;;;
'2023-11-02';2edf6720-55f7-11ee-b738-9bfc20b487c6;3;;;
'2023-11-02';71aa0370-bc01-11ed-b475-112ce88e695c;3;;;
'2023-11-02';289bc360-afde-11ec-a882-df5bc25920ab;3;;;
'2023-11-02';d4634e60-c2e5-11ec-8d98-55a7b6fe357d;3;;;
'2023-11-02';3829bf60-8575-11eb-a25f-f3e01892c1ce;4;;;
'2023-11-02';33864540-382f-11ee-a5a1-cfd5c6784c6b;4;;;
'2023-11-02';46813e90-3dbd-11ea-98d7-7d67d320dd22;4;;;
'2023-11-02';618a6360-52bd-11ee-af91-296ac01f2508;4;;;
'2023-11-02';dcaf0c60-73ad-11ee-9eeb-6d4f09263526;4;;;
'2023-11-02';10a04c70-60e9-11ec-994b-837bb56a081f;4;;;
'2023-11-02';8ed94060-9fde-11ea-bb11-0356bb47d515;4;;;
'2023-11-02';3b100450-8fc8-11ed-a4ee-39bb2f444421;4;;;
'2023-11-02';8a45d150-cadc-11ec-91b0-45d5da48b7f1;4;;;
'2023-11-02';5a56bb60-7942-11ee-a8b5-6918aae20478;4;;;
'2023-11-02';0ad181d0-b39a-11eb-beaa-a93d7b2036b3;4;;;
'2023-11-02';ecdd4bc0-2edd-11ee-8089-99f61dbe7a4d;4;;;
'2023-11-02';51ed0430-73b0-11ee-bf70-db2f3e338908;4;;;
'2023-11-02';22d18d40-537d-11ee-a15d-ebce2c055483;5;;;
'2023-11-02';65b5b460-2c46-11e8-b433-e9a46e5ade44;5;;;
'2023-11-02';d9019820-62bf-11ee-8b61-21253dd65b02;5;;;
'2023-11-02';3f69ee50-2c0c-11ed-be50-6fb693743b92;5;;;
'2023-11-02';26294cd0-56df-11ed-9a66-895324db225b;5;;;
'2023-11-02';cddb3970-195e-11ed-b890-e5ca2d98f850;5;;;
'2023-11-02';2a664490-7684-11ee-a396-b3ce1744c44c;5;;;
'2023-11-02';637af7b0-63f3-11ee-95fe-df5ea84dbbb3;5;;;
'2023-11-02';3e380f20-8de2-11ed-88b6-5971de8c5f5a;5;;;
'2023-11-02';c35b6140-7dd3-11ec-bade-073b32045dd8;5;;;
'2023-11-02';d48f2ae0-68f6-11ee-a2e1-77897ce7fc45;5;;;
'2023-11-02';2db3e450-d372-11ed-ada7-499ccd6d85e6;6;;;
'2023-11-02';c8e05f30-2408-11ee-92ec-59cbbcb06bf8;6;;;
'2023-11-02';8440d590-e6fc-11ea-a842-65029eedd4ca;6;;;
'2023-11-02';119f18e0-43cd-11ee-b3c7-97dbf58e5c66;6;;;
'2023-11-02';e1ccf6b0-472c-11e9-94fc-ff98ed95a8ad;6;;;
'2023-11-02';51c864b0-6d9b-11ee-9409-6f11e0d30f96;6;;;
'2023-11-02';3c2d27c0-4fd6-11eb-b89f-2ffb31b67dd6;6;;;
'2023-11-02';86576eb0-cedb-11ed-8a6f-f38a23eae62b;6;;;
'2023-11-02';8313cd60-4303-11ee-b9f7-77e376310446;6;;;
'2023-11-02';77d26ec0-9a8c-11ea-a2fd-3d9ff5d8d5c2;6;;;
'2023-11-02';bec55e60-bd4d-11ec-bad1-352a3c90f6eb;7;;;
'2023-11-02';cf733600-e3ea-11ed-a5b9-b3c6a94e0cba;7;;;
'2023-11-02';5ec59970-dfcd-11eb-998e-5d1131edd14b;7;;;
'2023-11-02';6081c110-798d-11ee-8836-8f8fd6743a08;7;;;
'2023-11-02';e4c316d0-8bdc-11ed-8d87-0bd1e42735fc;7;;;
'2023-11-02';41929e00-ed7f-11ec-9312-0d11536d0b37;7;;;
'2023-11-02';09a9a4b0-6d09-11ee-ae6d-7773abbf8b63;7;;;
'2023-11-02';17106bb0-b3d9-11ec-8539-4f93fa6e64e3;7;;;
'2023-11-02';7b3d2810-e585-11ed-a524-d983167b6653;7;;;
'2023-11-02';b102e250-b46b-11ed-9e46-b1e2925e9c5c;7;;;
'2023-11-02';b0c4b750-4353-11ea-b71d-9325d41eec6a;8;;;
'2023-11-02';deeeeb70-64c8-11ed-9e06-2d9b425eb48e;8;;;
'2023-11-02';d0924d40-1a32-11ee-b6e7-dd1694746746;8;;;
'2023-11-02';234a96d0-ad16-11ed-a2e6-793ddfeeba1f;8;;;
'2023-11-02';aab55810-1106-11ec-a380-8d1852ad1eb0;8;;;
'2023-11-02';fa29b500-0766-11ee-87af-112c20248d6c;9;;;
'2023-11-02';8cbad2b0-976f-11eb-b952-0f0727eb8628;9;;;
'2023-11-02';9f7b14f0-dd2a-11ea-8b48-7b8c98006cb0;9;;;
'2023-11-02';6c901470-a611-11ed-9911-91a434dda2f6;9;;;
'2023-11-03';d234f070-2821-11ed-9ce0-b7a9dd423e66;42;;;
'2023-11-03';560bc1e0-7479-11ee-b8e1-31219bd4e81e;12;;;
'2023-11-03';5c079c00-e800-11ed-bf2f-2166ba489b19;18;;;
'2023-11-03';f389d150-b7e6-11ed-8ad1-455c63298437;11;;;
'2023-11-03';594f8d30-5dba-11ee-8452-6f07e49a79a2;15;;;
'2023-11-03';6fe8f640-dea2-11ed-9f34-cb1db70a0c4d;10;;;
'2023-11-03';14d8d0c0-77ba-11ee-a1e2-d30d3fa9d851;16;;;
'2023-11-03';f8644fe0-6a22-11ee-8e5f-3742adbb3680;10;;;
'2023-11-03';234a96d0-ad16-11ed-a2e6-793ddfeeba1f;11;;;
'2023-11-03';49fc15b0-6efe-11ee-ace0-fd5bd1dc1911;24;;;
'2023-11-03';41929e00-ed7f-11ec-9312-0d11536d0b37;28;;;
'2023-11-03';90e084c0-56d5-11ee-82e7-095e0c88f0fd;16;;;
'2023-11-03';d4ec2690-28e8-11e8-abd7-9123c60d10ed;14;;;
'2023-11-03';a6aae940-7a38-11ee-b0cb-77045e708b0e;12;;;
'2023-11-03';d64a01e0-7489-11ee-9ac9-edbcb318dc4f;0;;;
'2023-11-03';5bd93fd0-7a0a-11ee-8e64-233d984b18dc;0;;;
'2023-11-03';ff52b590-2297-11ed-8cb9-e5dc54b353b6;0;;;
'2023-11-03';5549f370-eed4-11ec-844a-37590d323efc;0;;;
'2023-11-03';b322ea40-33ae-11ee-8975-1dbaaffcfb54;0;;;
'2023-11-03';07cef780-de8e-11ed-b071-c587165c602b;0;;;
'2023-11-03';0c1031e0-e4a8-11ed-9e2b-e9731131cca2;0;;;
'2023-11-03';e2e03a40-79a3-11ee-91be-6d219a5d4d9f;0;;;
'2023-11-03';71f0f750-61e0-11ee-ba29-f55e6377a17b;0;;;
'2023-11-03';9f9a7140-5f3f-11ec-a4b6-cbf13489682a;0;;;
'2023-11-03';f7c42270-d75d-11ed-97f9-b9552bc26c77;0;;;
'2023-11-03';51fc4970-b951-11eb-b18b-e576f0c0802a;0;;;
'2023-11-03';69611fd0-d414-11ec-bbd8-1d56831a1b7d;0;;;
'2023-11-03';e08e20c0-7a4f-11ee-b245-330a4518fa71;0;;;
'2023-11-03';b1c90ad0-9174-11ed-973f-d9c0d2c30895;0;;;
'2023-11-03';16e4b0b0-f631-11ed-b894-9d1389c7599d;0;;;
'2023-11-03';0ecf0e30-e367-11ec-a252-1b077f45c7fa;0;;;
'2023-11-03';ee4fd9c0-b57e-11ec-8ef1-e763c87d7838;0;;;
'2023-11-03';27578f90-2ea7-11ee-9fdf-2f0158ff8387;0;;;
'2023-11-03';ad4d4aa0-3f0a-11ed-af31-69baa8086303;0;;;
'2023-11-03';00c19fc0-2e89-11ed-a87c-dd71f0332984;0;;;
'2023-11-03';0780de20-bb17-11eb-8be2-dd9c6991c301;0;;;
'2023-11-03';d57e66e0-7a4f-11ee-9805-d1735ad45fbc;0;;;
'2023-11-03';e968e150-611e-11eb-948b-a13102fa2732;0;;;
'2023-11-03';cbe265f0-6a64-11ee-8d8d-c1e74f246393;0;;;
'2023-11-03';0e7a9110-4b04-11ee-95ae-474bd0bb7789;0;;;
'2023-11-03';eba0aff0-48ae-11ee-abfb-cb003cc868e4;0;;;
'2023-11-03';142b4bb0-a611-11ed-8266-116108d57945;0;;;
'2023-11-03';b1789300-1192-11ed-9600-f7b85e830c0e;0;;;
'2023-11-03';bd1fb920-2388-11ec-b18e-4700a275e16b;0;;;
'2023-11-03';445710d0-58cd-11ed-b6ae-e93d68b85acc;0;;;
'2023-11-03';6e782200-7783-11eb-8d89-4dea0defa4cb;0;;;
'2023-11-03';f60c5360-cd64-11ed-bf3f-87b39a04cf7f;0;;;
'2023-11-03';614f4ea0-10b0-11ee-b8cb-1db505a3f7f0;0;;;
'2023-11-03';601d66a0-63b6-11ec-8a00-81f651d0b14a;0;;;
'2023-11-03';d5073690-76d7-11ee-86bb-a1068cfdd602;0;;;
'2023-11-03';bb052f80-62a1-11ee-9092-7d41a6e6fb27;0;;;
'2023-11-03';837c7440-6cc6-11ee-a24c-07ade1006bc5;0;;;
'2023-11-03';bc9f8590-6843-11ea-b680-3512113680cb;0;;;
'2023-11-03';4d2e7f80-7e80-11ed-bd77-11c78bf8933b;0;;;
'2023-11-03';2418ed40-e322-11ed-a3c3-39019ef4fa21;0;;;
'2023-11-03';a9c9e540-949d-11ec-9115-c37c08b8c9b3;0;;;
'2023-11-03';2d549f80-7a35-11ee-8134-7f8351001903;0;;;
'2023-11-03';8feb04b0-3f24-11ed-8171-1f7c83b1803c;0;;;
'2023-11-03';2ca4dc30-1748-11ee-8f40-e19906ae1db2;0;;;
'2023-11-03';154ae0b0-763f-11ee-86b9-7f40407285b5;0;;;
'2023-11-03';592c5940-794f-11ee-b979-33685d1540d8;0;;;
'2023-11-03';11c6d7f0-6294-11ee-ba99-8303071649fa;0;;;
'2023-11-03';99e481b0-7a17-11ee-afa8-33bab03f9689;0;;;
'2023-11-03';4a728d80-5b86-11ed-a4ce-7741a3242207;0;;;
'2023-11-03';e05a4a80-ca0e-11ed-8074-fde07c101153;0;;;
'2023-11-03';8e7a97e0-7a2d-11ee-b2fb-d1098e5ee918;0;;;
'2023-11-03';ef609f50-0684-11ed-9ca0-f3eca5e64f25;0;;;
'2023-11-03';0816b470-b063-11ed-ac04-d7a61b9be185;0;;;
'2023-11-03';bb6f69b0-d88e-11ed-ac49-db79749d464d;0;;;
'2023-11-03';c43226c0-3c2d-11ee-9f42-0794c5e31695;0;;;
'2023-11-03';152d7400-bcbb-11ed-a0af-3f0f438fc3d5;0;;;
'2023-11-03';a3e241f0-6039-11ed-bc23-e5254cd7efbc;0;;;
'2023-11-03';38d27c70-840a-11eb-a430-2f519e1f43ef;0;;;
'2023-11-03';81db4a90-7260-11e9-9863-b7b7a001ac3e;0;;;
'2023-11-03';3f2d7730-4e05-11ec-8ba7-01398121a095;0;;;
'2023-11-03';15afe630-596d-11ed-89dc-f1f99923ecaa;0;;;
'2023-11-03';ad7c3ca0-4a55-11ee-af7f-751830de72d9;0;;;
'2023-11-03';c230e1c0-5ae8-11ee-b386-5de8a6c82938;0;;;
'2023-11-03';b4b64860-1862-11ed-909c-fbc8e9a5a4fb;0;;;
'2023-11-03';e679f6c0-7d03-11ed-83df-d3809e4b153d;0;;;
'2023-11-03';a4db9460-d7f3-11ea-a881-d576d1a06d25;0;;;
'2023-11-03';2de0c810-c470-11ec-a6f3-adaf49c37cf2;0;;;
'2023-11-03';1dca2ef0-21cb-11ec-885e-6703ed07e631;0;;;
'2023-11-03';ac25a8b0-7939-11ee-844d-c97f903509c5;0;;;
'2023-11-03';1842af20-76f2-11ed-a5ce-fdabccc41894;0;;;
'2023-11-03';68342f10-6d6c-11ee-839a-d33a23a1417a;0;;;
'2023-11-03';e818d160-f3ee-11ed-8d48-d9be11892f78;0;;;
'2023-11-03';b01b0e30-b9ac-11ed-910b-3dd64c347d94;0;;;
'2023-11-03';590cc7d0-7a56-11ee-b1d2-6bddbf4fb2d0;0;;;
'2023-11-03';059d83c0-18ce-11ea-ab24-3f193f0222b3;0;;;
'2023-11-03';09488aa0-2d1b-11ee-b221-61a7cada0497;0;;;
'2023-11-03';e7fe7640-eff6-11ed-8347-35f08cecf43b;0;;;
'2023-11-03';e247acc0-1c7a-11ee-bda5-8961e2ebcb05;0;;;
'2023-11-03';d31229a0-b682-11ed-bc8f-7969950cf065;0;;;
'2023-11-03';9794a170-7a1b-11ee-8200-9f078c0ab5e3;0;;;
'2023-11-03';a43122f0-bc07-11ed-a410-d781d743a63f;0;;;
'2023-11-03';0e25a120-7573-11ee-ab81-0d9ecb8f0609;0;;;
'2023-11-03';16437a80-ac9f-11ea-aaa3-4f4f53477493;0;;;
'2023-11-03';657ffd60-eeed-11ed-a3f2-95075062a87c;0;;;
'2023-11-03';d6491a20-cba9-11ed-ba6f-ed6e01e45db1;0;;;
'2023-11-03';ce79df20-e0fb-11ed-ae6e-e9ce17e234c0;0;;;
'2023-11-03';aefbb1c0-8a0d-11ea-b8cd-0147df1ada60;0;;;
'2023-11-03';4208b140-9cab-11ed-bb7f-d190274d81fd;0;;;
'2023-11-03';c221dd30-6ab8-11ee-bd57-b3ed7453a78e;0;;;
'2023-11-03';0c70d2a0-cbf5-11ed-98eb-8fb393b43733;0;;;
'2023-11-03';5ee3a430-1381-11ee-a6e0-51a1151f2a9d;0;;;
'2023-11-03';b5d0ac20-3ab4-11ee-9e73-07e0fbd281e7;0;;;
'2023-11-03';02a1d900-a64c-11ed-a3c5-4da84c18504e;0;;;
'2023-11-03';bc1d08e0-2687-11e8-88f8-b7e472fd554c;0;;;
'2023-11-03';caa608d0-738b-11ec-9bd3-4d9c9c0c7fec;0;;;
'2023-11-03';2809fbe0-6cfe-11ee-9cf1-9f839b808b64;0;;;
'2023-11-03';27201470-26b5-11e8-8b1e-f3cfc8f9b423;0;;;
'2023-11-03';ad0d0dc0-722e-11ee-ac2a-45a4059466ea;0;;;
'2023-11-03';bfe31ee0-01b3-11ed-85d1-e9d349963c77;0;;;
'2023-11-03';8088bd00-797a-11ee-a4d6-19e2a4d7fb74;0;;;
'2023-11-03';480f7b40-61f5-11ee-8942-3be76955a51c;0;;;
'2023-11-03';32e9a3b0-78f4-11ee-ba0f-216d0c99a46c;0;;;
'2023-11-03';35dddf50-7a66-11ee-99bb-bff02e0b29e0;0;;;
'2023-11-03';ba97f5f0-7014-11eb-81b2-7f47524f7d46;0;;;
'2023-11-03';424d1220-63bd-11ee-bf5c-2915cf679904;0;;;
'2023-11-03';da33a030-513f-11ee-818d-2b8f59562586;0;;;
'2023-11-03';f0261ff0-65c0-11ed-b8ec-79c229c6a66c;0;;;
'2023-11-03';52481ee0-73e4-11ee-86a9-31a4d566a2d1;0;;;
'2023-11-03';973ddf10-30ad-11e8-94b5-05fb3f125577;0;;;
'2023-11-03';daed2f70-6dcb-11ee-a3ed-85faed8b53a2;0;;;
'2023-11-03';79b1ab20-a194-11ea-9b12-ffafd8174e92;0;;;
'2023-11-03';4abd3fb0-4726-11ee-b97d-5973d599c76d;0;;;
'2023-11-03';a1c53e10-6f27-11ee-850f-fb8a80e368b0;0;;;
'2023-11-03';5f512d70-cfb1-11ed-9312-69c963da4344;0;;;
'2023-11-03';753ccc10-1ff5-11ec-9224-63df9eb49c58;0;;;
'2023-11-03';88a2f3d0-1b23-11ee-9b71-4f0caa22a5c5;0;;;
'2023-11-03';b36c0650-3196-11ed-80b5-31e05a738a21;0;;;
'2023-11-03';365b7c20-a5f1-11ed-a594-55a22172dc4a;0;;;
'2023-11-03';f71ece30-7670-11ee-9c20-6978c11822de;0;;;
'2023-11-03';f5912b00-0c51-11ee-82b4-47d4a006bbc9;0;;;
'2023-11-03';2edf6720-55f7-11ee-b738-9bfc20b487c6;0;;;
'2023-11-03';d45f0c40-7290-11ee-a68d-a576871da231;0;;;
'2023-11-03';a315d110-a5d0-11ed-b8df-d5ae0d370852;0;;;
'2023-11-03';38f23a60-60d6-11ed-9055-050ecf74bb2a;0;;;
'2023-11-03';deab7270-4567-11ee-b3f7-49eb5e759b8e;0;;;
'2023-11-03';3a974090-9baa-11ed-aa5d-abff3bdb9d37;0;;;
'2023-11-03';78abd940-798a-11ee-b3a3-57f4018ab536;0;;;
'2023-11-03';262fe3d0-35cb-11ee-bf75-5ba290ef6734;0;;;
'2023-11-03';18478c90-4ff8-11ee-a1e0-5fa62ab05117;0;;;
'2023-11-03';dcdc8e10-8826-11ed-9413-c3d2e153ba23;0;;;
'2023-11-03';2b1e30f0-0749-11ee-b48e-8913e8506e65;0;;;
'2023-11-03';62d648d0-7276-11eb-a24e-3b66914edb0e;0;;;
'2023-11-03';22a44590-4d44-11ee-b09f-a5dfa9cf210c;0;;;
'2023-11-03';c9ebeb80-0adb-11ec-92ac-873f65159eeb;0;;;
'2023-11-03';68ca5b80-7054-11ee-931a-7f158ff7e38b;0;;;
'2023-11-03';bc903130-6713-11ee-a030-5fa37589b093;0;;;
'2023-11-03';2a565bd0-ca3a-11ed-b62e-4370139559be;0;;;
'2023-11-03';17106bb0-b3d9-11ec-8539-4f93fa6e64e3;0;;;
'2023-11-03';7048a140-e582-11ec-8d0e-f78e45bdf7d6;0;;;
'2023-11-03';207a00e0-7899-11ee-aaba-e1a7dc5fcc81;0;;;
'2023-11-03';12be04e0-eef3-11ed-9e40-c7751141f971;0;;;
'2023-11-03';8291ea70-034d-11ee-9054-7fc03ecf3de4;0;;;
'2023-11-03';3768b8c0-3a62-11ee-bddc-fd178bf2272a;0;;;
'2023-11-03';15a3f180-7a42-11ee-894a-dbc172d71a8d;0;;;
'2023-11-03';c2926360-4165-11ee-8490-41a57e6907ab;0;;;
'2023-11-03';b9d4c4b0-7a2d-11ee-98dd-711cd7d13615;0;;;
'2023-11-03';d6e11b10-7a16-11ee-8587-897dfc9f3dd2;0;;;
'2023-11-03';5b6e24c0-12e1-11ed-bb7a-819582b3bcb0;0;;;
'2023-11-03';ce163340-48a1-11ee-ad86-778833f76d2d;0;;;
'2023-11-03';97df8750-a139-11ed-bfaa-ed368b04c4c5;0;;;
'2023-11-03';7e371e50-7247-11ee-834b-4b2a701c22e3;0;;;
'2023-11-03';a0317f80-5de0-11ee-b248-898c26413b7a;0;;;
'2023-11-03';796719c0-f542-11ed-8644-ebf739c9f803;0;;;
'2023-11-03';6ee56d40-d93e-11e9-b125-9bbd563ea7e3;0;;;
'2023-11-03';3e188b00-15af-11ee-92e0-4f0eefff13dc;0;;;
'2023-11-03';d574a560-2cf3-11ed-b30f-ebba9d3ad287;0;;;
'2023-11-03';4b2e4020-a2c6-11ed-8d08-c74148ef9273;0;;;
'2023-11-03';031c1380-7a2e-11ee-a349-6b2a79bc3905;0;;;
'2023-11-03';3fdcf380-6c80-11ea-9f47-3761c0d1fac8;0;;;
'2023-11-03';ed756dd0-f962-11ec-95e7-c5900f4bba06;0;;;
'2023-11-03';495078b0-327f-11ee-ab3d-0ff8c3cbd9f3;0;;;
'2023-11-03';60355210-28de-11eb-aa02-c3649cfe7f71;0;;;
'2023-11-03';d3fe4a80-9afb-11ed-b396-eb65577b605e;0;;;
'2023-11-03';1da80120-696f-11ee-bdbd-e90c06426447;0;;;
'2023-11-03';abbaa9d0-3117-11ee-8803-fb6aac9e487d;0;;;
'2023-11-03';9ea21d90-266f-11e8-bdcc-8bfb8cd4ee41;0;;;
'2023-11-03';27278f20-5bbb-11ee-a9f9-efa1c367114d;0;;;
'2023-11-03';992dfec0-4bbb-11ee-94d9-a308134a655f;0;;;
'2023-11-03';e95d9380-75ad-11ee-9778-df20dfde0e14;0;;;
'2023-11-03';2a9830c0-60dd-11ee-8c2d-db58d921319b;0;;;
'2023-11-03';1a98dfa0-424f-11ee-ab35-4f470ffe93de;0;;;
'2023-11-03';bd3a7190-f94f-11ed-830e-7fca1826c9f3;0;;;
'2023-11-03';afb68e30-6de1-11ee-bd08-79d953c2a86e;0;;;
'2023-11-03';6376d950-1bc3-11ee-8f6b-dd0845e0a4d9;0;;;
'2023-11-03';a5f4fc40-3517-11ee-838e-e51c7695bc85;0;;;
'2023-11-03';a3c2fd90-5151-11ee-8329-6f8429259901;0;;;
'2023-11-03';6716d230-26e1-11ee-8726-d5b75c527547;0;;;
'2023-11-03';bb1b9c40-791f-11ee-9779-75f7b8ffd917;0;;;
'2023-11-03';6fc09df0-634d-11ee-805e-c136d87517a5;0;;;
'2023-11-03';5f53de40-d41f-11ed-abc9-e395eb253d81;0;;;
'2023-11-03';9464b700-b064-11ed-bfde-dd78e8837d29;0;;;
'2023-11-03';1a633e20-6745-11ee-ad73-95d1cc768655;0;;;
'2023-11-03';a7f34190-f144-11ec-98e2-ef54bd049b19;0;;;
'2023-11-03';77b61800-d1aa-11eb-a78f-99557b0657db;0;;;
'2023-11-03';1d265690-099d-11ec-8c1f-279bde56d3d4;0;;;
'2023-11-03';5f2afc00-78cf-11ee-b854-b99a46e8257e;0;;;
'2023-11-03';e172ee10-7934-11ee-bbc0-297bb08703f8;0;;;
'2023-11-03';f37fc460-de32-11eb-8054-3fb03dcea04c;0;;;
'2023-11-03';88591d60-acf5-11ed-9ff5-d971c89ebaac;0;;;
'2023-11-03';b634cd60-12ad-11ee-a193-1938db7117be;0;;;
'2023-11-03';b1e180b0-70a3-11ee-ad18-df363c1da134;0;;;
'2023-11-03';38855b10-9dc3-11ec-a5aa-b357fe13be33;0;;;
'2023-11-03';bdf28260-79c1-11ee-af77-99d25aa31052;0;;;
'2023-11-03';17ef2390-d33f-11ea-8923-e9987a7d3c58;0;;;
'2023-11-03';c26d3200-5125-11ee-9a0f-c3816d7eb1e0;0;;;
'2023-11-03';c8ba1670-37cf-11ed-99bb-c38c85594e3f;0;;;
'2023-11-03';3816d050-5e83-11ee-b787-016174f78978;0;;;
'2023-11-03';2603ef60-fe34-11ed-910f-ed4de5f486e7;0;;;
'2023-11-03';0176d5d0-eff3-11ed-8ea5-5f4c473eaf0a;0;;;
'2023-11-03';91411250-98ca-11ed-9b09-779a683509cb;0;;;
'2023-11-03';61ae0260-a6a2-11ed-8f7f-7df15ac93c97;0;;;
'2023-11-03';fe859be0-82c5-11ec-abc2-c5985b4fa244;0;;;
'2023-11-03';b3c1e8d0-a6b2-11e9-8cb9-b55ee8a1a6c2;0;;;
'2023-11-03';37a572d0-7a0c-11ee-89f2-43d187f77ab8;0;;;
'2023-11-03';ea49e530-8597-11ec-a500-1f6a40b1627c;0;;;
'2023-11-03';b8e32e40-c24d-11ed-a3cc-074b079cf1a2;0;;;
'2023-11-03';fd3e2930-34d2-11ee-9756-f99b05777bbd;0;;;
'2023-11-03';5a4ae010-34dc-11ee-a9c7-ab8766967f2c;0;;;
'2023-11-03';d7660620-5e6c-11ed-b4ca-9fd1b2002159;0;;;
'2023-11-03';c999c880-9a63-11ea-b603-f9eae0f8604b;0;;;
'2023-11-03';e2c41360-af2e-11ec-a79f-33c5a6212867;0;;;
'2023-11-03';8f868c50-5941-11ee-b38b-03e43b522cae;0;;;
'2023-11-03';fa8d4e00-55cb-11ed-925d-e16dce89b1dc;0;;;
'2023-11-03';c9423eb0-5623-11ee-904a-6db99298939b;0;;;
'2023-11-03';200c1f90-7a28-11ee-b9d8-0dd5ce5f2f2f;0;;;
'2023-11-03';674a6130-c95e-11ed-95df-cd96c90b3262;0;;;
'2023-11-03';62228ff0-7162-11ee-81a4-6b01e1b48ba8;0;;;
'2023-11-03';5a92ee20-4d5d-11ee-b2b5-db70ae66610e;0;;;
'2023-11-03';20bbd6d0-7a44-11ee-aab3-c98cd8572ff9;0;;;
'2023-11-03';210c0300-b8ff-11ed-8f48-df00ad547483;0;;;
'2023-11-03';b4e62bb0-7244-11ee-b968-05e647b4bf8a;0;;;
'2023-11-03';407779f0-b5c5-11ed-b158-e98d201ff7d0;0;;;
'2023-11-03';f36243b0-745c-11ed-95d1-dd87d160039b;0;;;
'2023-11-03';c89ca050-a691-11ed-ac27-eb96d3d277c6;0;;;
'2023-11-03';2611bf40-6343-11ee-a3fd-6fead0b45f92;0;;;
'2023-11-03';9a6ea590-0f35-11ee-ba2b-e798cbeea00b;0;;;
'2023-11-03';6e255e80-5ead-11ee-b9ab-514ff5ef01dc;0;;;
'2023-11-03';93268180-2f8a-11ed-9e5a-6f69efa68f58;0;;;
'2023-11-03';1f0d88b0-47fe-11ee-87f9-bbbcb4d7cf95;0;;;
'2023-11-03';03f0b390-7968-11ee-ac6c-6f203073c63f;0;;;
'2023-11-03';9936fd00-6726-11ee-8ddd-1f5cee96f0c9;0;;;
'2023-11-03';35872100-7198-11ee-b9ad-6965e9bd5a02;0;;;
'2023-11-03';00cf3420-07ad-11ee-8838-b97a369b6de8;0;;;
'2023-11-03';07b868c0-76dd-11ee-bea3-f3478748236e;0;;;
'2023-11-03';61053920-5f87-11ee-8d51-2dcb689a56eb;0;;;
'2023-11-03';33864540-382f-11ee-a5a1-cfd5c6784c6b;0;;;
'2023-11-03';718e9310-6d04-11ee-a7ad-477a937c892e;0;;;
'2023-11-03';9655b640-79c2-11ee-a30d-91b328468b5c;0;;;
'2023-11-03';29082f10-5662-11ee-a349-cfd09c580058;0;;;
'2023-11-03';0167ec80-1183-11ee-af63-d13505c94635;0;;;
'2023-11-03';17610930-58cf-11e8-bc52-fbc4499d07ad;0;;;
'2023-11-03';97eddc80-3df6-11ec-8968-315368755a67;0;;;
'2023-11-03';62d024f0-5113-11ed-a2ea-0da72871968a;0;;;
'2023-11-03';ca4e0680-00af-11eb-ab14-ab6776f33f45;0;;;
'2023-11-03';4c3d4a40-c7d5-11ed-a47c-112a3ea758d4;0;;;
'2023-11-03';df3bceb0-5e99-11ee-88e1-9ba78e205adb;0;;;
'2023-11-03';9d59fa40-f2dc-11ed-8534-cd4b667af185;0;;;
'2023-11-03';0318f3b0-bc17-11ed-96f2-8b13a1ef48fc;0;;;
'2023-11-03';27bcbb20-5101-11ec-891e-9b7b6489f94e;0;;;
'2023-11-03';62bfe730-6e8a-11ee-ac29-9f6e169b060e;0;;;
'2023-11-03';580b1600-5aeb-11ee-a31a-718c9cb74cd4;0;;;
'2023-11-03';e6679ec0-2ebc-11e8-a277-534c066c029e;0;;;
'2023-11-03';2830f2f0-59c5-11ee-a026-3339647e5045;0;;;
'2023-11-03';aca2aae0-62d2-11ee-bf51-650d236d60d1;0;;;
'2023-11-03';015f60d0-0529-11ee-8894-35c927d4f1a0;0;;;
'2023-11-03';d9503170-f27c-11eb-9dfb-4f0cd0571065;0;;;
'2023-11-03';8ddd6f00-cdfe-11ed-a915-35edbab5bd94;0;;;
'2023-11-03';c96a6260-7a0d-11ee-8b18-d37566c993e0;0;;;
'2023-11-03';b3632fa0-76ee-11ee-abea-278a7b06a21e;0;;;
'2023-11-03';0baba8e0-bff7-11ed-b610-f3e472e0cdc2;0;;;
'2023-11-03';b5bdb3a0-7a1e-11ee-8127-137fea0c4fb4;0;;;
'2023-11-03';01bfd440-284a-11e8-9b9e-1db8181a6676;0;;;
'2023-11-03';46a2f740-78d0-11ee-a541-95266854a83d;0;;;
'2023-11-03';616bdf90-69b5-11ed-b8be-8fed9651f41a;0;;;
'2023-11-03';ff0cbf90-290d-11e9-84b5-5957067b6d32;0;;;
'2023-11-03';6a306b40-f89f-11ed-9078-cfaad71884b2;0;;;
'2023-11-03';151b55f0-8417-11ec-a8e8-23782606c013;0;;;
'2023-11-03';a9050be0-79f6-11ee-8a11-8189845cd8e2;0;;;
'2023-11-03';d60cdb10-5159-11ee-b187-f3101e819252;0;;;
'2023-11-03';b2be1e20-fafc-11ed-9a9d-b7cfc0948799;0;;;
'2023-11-03';7555c1d0-6480-11ee-9fa7-c706fcdc5297;0;;;
'2023-11-03';1f1cd160-9298-11ed-8474-7bd963433a2a;0;;;
'2023-11-03';48e153d0-e249-11ed-95c5-9f032da39c9a;0;;;
'2023-11-03';5af80cb0-69a5-11ee-90c2-6bf305645d5a;0;;;
'2023-11-03';d0b5b640-7815-11ee-ba60-d55fcf62803c;0;;;
'2023-11-03';618db330-7013-11ee-9960-3724f8d0862d;0;;;
'2023-11-03';5b3a9be0-4cc5-11ee-b1d4-b7b165ce00b9;0;;;
'2023-11-03';23d75400-4f7e-11eb-b0e3-57af39205648;0;;;
'2023-11-03';74812c30-2c37-11ee-9f84-51b7a86094a3;0;;;
'2023-11-03';639ca380-61b8-11ed-af53-a19d7f85c09b;0;;;
'2023-11-03';dc644e90-d6fb-11ed-ba63-c7c8945732db;0;;;
'2023-11-03';8214b880-6463-11ee-9bef-810b8295f81b;0;;;
'2023-11-03';5fdba300-2cf6-11ed-875c-3ba2eb8ceb1d;0;;;
'2023-11-03';7c9c2aa0-44ff-11ea-8a53-4b1245383b24;0;;;
'2023-11-03';4e49f9d0-55d5-11ee-93fe-411dc7960d2f;0;;;
'2023-11-03';b35f7a90-cdd1-11eb-b61b-1b322d9e9b51;0;;;
'2023-11-03';2b6e0e60-79f7-11ee-98b7-7f6278d247a0;0;;;
'2023-11-03';5cf90900-4557-11ee-b744-f3f0c08987f5;0;;;
'2023-11-03';278e29f0-0727-11ec-831d-195eaa84618f;0;;;
'2023-11-03';ea1bed90-27a5-11ee-aa07-79dd18555b8e;0;;;
'2023-11-03';110324a0-9ce3-11eb-a331-4dc72c68ad5c;0;;;
'2023-11-03';9e6a8a90-6685-11ee-ac61-211023581130;0;;;
'2023-11-03';a0ff83c0-5080-11ee-9c59-f71f0115f9cb;0;;;
'2023-11-03';dcecebe0-9265-11ed-b63b-5f99b692759f;0;;;
'2023-11-03';246c66c0-0b2a-11ee-a875-8fcd12a907c6;0;;;
'2023-11-03';9c7ddfa0-9a32-11ec-8622-49d01b56e6f8;0;;;
'2023-11-03';77d78360-3021-11ed-aa9a-17c8d1aeb8be;0;;;
'2023-11-03';93862700-584e-11ee-b5a3-c7347cfaecef;0;;;
'2023-11-03';efa6a260-7a33-11ee-90d6-03279eaf059b;0;;;
'2023-11-03';38519a00-2f5d-11ee-88a8-c79ee4974c65;0;;;
'2023-11-03';e64e9970-106a-11ea-a81f-2d486e26c435;0;;;
'2023-11-03';74652330-2f6d-11ee-bf3d-7bc14c98ac93;0;;;
'2023-11-03';d94f0b00-4988-11ee-90cb-573c0fdfe79d;0;;;
'2023-11-03';8bf6b710-13ee-11ee-a4f2-8f018c3bebbc;0;;;
'2023-11-03';4b065740-f8b1-11ed-a0ea-43015548e4d6;0;;;
'2023-11-03';6cec87c0-cbd3-11ea-8dbf-212faeb806d5;0;;;
'2023-11-03';78932e70-7a09-11ee-a695-8f32614b6c1a;0;;;
'2023-11-03';bfb1b590-4dd9-11ed-84ed-6baa0af96a39;0;;;
'2023-11-03';31c87850-de8d-11ed-b013-3f89009e4000;0;;;
'2023-11-03';e9dace70-921d-11eb-9140-75573f9e52bc;0;;;
'2023-11-03';21cb72c0-64f1-11ec-b9c1-554f28876a26;0;;;
'2023-11-03';b6974ec0-173f-11eb-ae06-c137d6b26313;0;;;
'2023-11-03';3434ee50-7223-11ee-a0e3-67e3538b515c;0;;;
'2023-11-03';e2c2cbf0-7a0b-11ee-b64e-efc49dabb022;0;;;
'2023-11-03';c3a52560-ff9a-11ed-bbf7-e31ac64d3d7d;0;;;
'2023-11-03';036c87b0-267a-11e8-8408-f9f917206103;0;;;
'2023-11-03';6b9d2e30-79a2-11ee-a229-cbb93c2d41a3;0;;;
'2023-11-03';d366e3e0-10d8-11ee-934b-3f2393365380;0;;;
'2023-11-03';dee3e080-e206-11ec-9d9b-a70eaafe4e55;0;;;
'2023-11-03';d67b25d0-cc8d-11e8-8a64-dbcbe519074a;0;;;
'2023-11-03';a64228a0-7322-11ee-9b92-45bccc0876e4;0;;;
'2023-11-03';b09c1ef0-faf0-11ed-a355-f13440dde293;0;;;
'2023-11-03';eb7710d0-79e3-11ee-a9de-a7b2ab47e8fc;0;;;
'2023-11-03';f7b384b0-4b9d-11ee-8dff-e17d6adaae2b;0;;;
'2023-11-03';43717ff0-a3c5-11ed-ab92-2f5ca7d3e5b2;0;;;
'2023-11-03';e4f7c6a0-7a06-11ee-a848-a756861894da;0;;;
'2023-11-03';319d60c0-d4b5-11ed-b3f1-075c94612de9;0;;;
'2023-11-03';4c749bc0-1ac6-11ec-b507-6d3180b60d38;0;;;
'2023-11-03';e0debd00-7937-11ee-9671-65f7e19d7a35;0;;;
'2023-11-03';3bfc6100-268d-11e8-9ee0-b785759a93de;0;;;
'2023-11-03';07df5a80-5b7a-11ee-9423-e1c7be54d5ac;0;;;
'2023-11-03';bf599260-e92d-11ea-9ff9-3f278c6c2286;0;;;
'2023-11-03';14f7e540-4a7a-11ee-a446-0313d3100b61;0;;;
'2023-11-03';0e778aa0-7684-11ee-ac68-8f91f91de11e;0;;;
'2023-11-03';7ec506a0-3f27-11ee-a87e-431d85c705e5;0;;;
'2023-11-03';74b41d50-79fa-11ee-b446-953b67f1e102;0;;;
'2023-11-03';37e32200-948b-11ec-9695-c918fcda5fe0;0;;;
'2023-11-03';c0172630-7747-11ee-9ede-1db2587d11a7;0;;;
'2023-11-03';f67af260-7747-11ee-95b1-c90f48d8dcba;1;;;
'2023-11-03';00004230-d665-11eb-b2d7-a15ffd6a3364;1;;;
'2023-11-03';fba6e220-1803-11ed-a8ae-1311cf286b03;1;;;
'2023-11-03';aff373b0-7582-11ee-9827-e315e60d1aaf;1;;;
'2023-11-03';c473b310-5e9c-11ee-943f-11a9b1a249d2;1;;;
'2023-11-03';90626340-6717-11df-be47-03f2d32a026e;1;;;
'2023-11-03';83dc6ec0-5dec-11ed-a7f8-43cd2dca137b;1;;;
'2023-11-03';446d5420-1039-11ee-bb3b-0360c3e01388;1;;;
'2023-11-03';861d1560-97d3-11ed-b149-b9aa7e844552;1;;;
'2023-11-03';a0689900-635a-11ee-a12d-471797f5c2c5;1;;;
'2023-11-03';2cd32690-4bea-11ee-9e49-4306092a325a;1;;;
'2023-11-03';cfe4c6e0-42fd-11ee-9ba9-bd594805c1c0;1;;;
'2023-11-03';803897a0-1ec0-11ed-a2d6-ffd3af03f0ab;1;;;
'2023-11-03';e7b35c80-7aba-11ec-8798-edcdabb4e12a;1;;;
'2023-11-03';4e8edea0-5991-11ee-95d9-adfd88f19ef6;1;;;
'2023-11-03';648c2480-c0ab-11ed-9a17-8396e86aa4ff;1;;;
'2023-11-03';07008890-ea42-11ed-9a53-0f6e03e3ccf8;1;;;
'2023-11-03';c9d56d60-5aff-11eb-8724-55f2d3e634ff;1;;;
'2023-11-03';62142110-74d0-11ee-a6cb-2bcab00e1207;1;;;
'2023-11-03';9f027ca0-77cf-11ee-9d40-65c6100e6519;1;;;
'2023-11-03';73afa360-3fbe-11ed-9dc9-63ac06a28e1b;1;;;
'2023-11-03';d96713d0-770f-11ee-a4f0-09f62626fb0e;1;;;
'2023-11-03';1aee6eb0-05bf-11ee-b513-555c76acebfd;1;;;
'2023-11-03';d766b110-77ed-11ee-aff9-3b3c55fce2da;1;;;
'2023-11-03';3a04c150-214d-11ea-b5fe-69726f78d9f0;1;;;
'2023-11-03';4f4711e0-0cbe-11ec-883d-e7a2284ae673;1;;;
'2023-11-03';5a658050-0c93-11ec-ab65-cb67d5fe8127;1;;;
'2023-11-03';b16a1890-40a3-11ec-b742-390ba5c607f5;1;;;
'2023-11-03';598b30a0-73f5-11ee-bb81-77c5a66be22c;1;;;
'2023-11-03';2ba1f410-dcb8-11ec-b9af-6dbf6cd09628;1;;;
'2023-11-03';e0425630-d294-11ed-8d9d-639a113d9adc;1;;;
'2023-11-03';abd584e0-3a17-11ee-a8c0-4b65aa7cbffb;1;;;
'2023-11-03';7cf17ac0-43eb-11ee-8dfe-2fa833fea936;1;;;
'2023-11-03';b125c000-3e49-11ee-9bab-ddd0cf04084f;1;;;
'2023-11-03';2e5cc6c0-3e3e-11ed-b623-0d5f81f71ae2;1;;;
'2023-11-03';3e2434e0-79f6-11ee-a8a2-ad088e8a05b0;1;;;
'2023-11-03';f5c917b0-19f6-11ee-9ff9-bb2aeb994a1d;1;;;
'2023-11-03';65b5b460-2c46-11e8-b433-e9a46e5ade44;1;;;
'2023-11-03';ae4aeed0-bc2d-11ed-afcc-8723e4abf32a;1;;;
'2023-11-03';e43efac0-7a02-11ee-a843-fb284114b9ed;1;;;
'2023-11-03';e593b3d0-1732-11ee-981b-1be3372f8384;1;;;
'2023-11-03';f7308750-2725-11ee-850a-23692e8fd68f;1;;;
'2023-11-03';dc809770-e34b-11ec-be0d-2303d64ae4dc;1;;;
'2023-11-03';382484b0-4976-11ee-920e-2dc0028340f6;1;;;
'2023-11-03';942b14b0-3740-11ee-9c50-23d848797bb4;1;;;
'2023-11-03';987a1860-043f-11e9-b29a-657a90787be9;1;;;
'2023-11-03';9a0f4460-a9a2-11eb-be82-75b0b9b423a9;1;;;
'2023-11-03';aa9b5be0-6f95-11ea-bd4f-81608d74ea67;1;;;
'2023-11-03';759641a0-6f12-11ee-807f-afaa989d636a;1;;;
'2023-11-03';dd4efc50-2f49-11e9-8600-39c11ee2b406;1;;;
'2023-11-03';20140df0-5b5f-11ee-ad61-138d282c1eaa;1;;;
'2023-11-03';caa524f0-f3c9-11ed-85ac-3ddcab99fad3;1;;;
'2023-11-03';1e5890d0-7569-11ed-bb03-afda18606220;1;;;
'2023-11-03';cfd5b8e0-5d6e-11ee-8ccc-99ac8264fc4f;1;;;
'2023-11-03';6693e850-2ebd-11ee-ac2d-39750080f559;1;;;
'2023-11-03';6e2fa820-f10c-11ea-8693-bdc77e62186b;1;;;
'2023-11-03';088ab6a0-3bc4-11ec-8257-d53f9ffcd965;1;;;
'2023-11-03';3ecc53e0-7655-11ee-a504-217ffdb9fb87;1;;;
'2023-11-03';df4dc750-fa44-11ed-a614-5769c1c44db7;1;;;
'2023-11-03';92ce3f70-72c7-11ea-8ad3-65776842d9fd;1;;;
'2023-11-03';13d06180-c1f3-11ec-81ec-0ba7d099fa9d;1;;;
'2023-11-03';a3571100-31c3-11ee-814a-7d416b5c6a38;1;;;
'2023-11-03';d79adb30-9827-11ed-9f51-2dc11cef17af;1;;;
'2023-11-03';369f1a10-f2e2-11ec-aea9-7518bd493785;1;;;
'2023-11-03';f65363c0-0724-11ec-bd81-49e1f86f6eaa;1;;;
'2023-11-03';0172d0d0-d022-11ec-add7-4d217eb6dbb3;1;;;
'2023-11-03';ec827590-bb97-11ea-ad9a-ff887af5bee7;1;;;
'2023-11-03';548e6740-50b7-11ee-8f20-6d95d03bf09a;1;;;
'2023-11-03';69a4d7a0-502b-11ed-851d-07da601e00b9;1;;;
'2023-11-03';3aa5e760-d3a1-11ed-b6d4-25cf9788359e;1;;;
'2023-11-03';62101f10-f600-11ed-a96e-3f4ed4d0abe4;1;;;
'2023-11-03';81760d80-5522-11ed-9db6-4be11884d44f;1;;;
'2023-11-03';34061640-095f-11ec-8e63-4b3c41117f08;1;;;
'2023-11-03';037c87b0-7f8a-11ec-be47-a350885bb599;1;;;
'2023-11-03';49cbc900-035c-11ed-8058-57ce40d0e90b;1;;;
'2023-11-03';6663f4a0-08df-11ee-81cb-8be2005d9c9c;1;;;
'2023-11-03';32430120-b98e-11ed-8676-bb88dee690e2;1;;;
'2023-11-03';8440d590-e6fc-11ea-a842-65029eedd4ca;1;;;
'2023-11-03';ada86920-415e-11ed-8d9e-c930dc89114c;1;;;
'2023-11-03';1a3bc840-6f01-11ee-9e4c-cf243841ba36;1;;;
'2023-11-03';02a36a30-fe31-11ed-9fbd-61859955d8c5;1;;;
'2023-11-03';347ec390-4668-11ee-ac8f-6f0bae53d3e5;1;;;
'2023-11-03';6aaeefc0-2f76-11ee-ad04-6fe2f46fe6bc;1;;;
'2023-11-03';f3b05090-6386-11ee-b738-411998dddbba;1;;;
'2023-11-03';7eb74310-3015-11ee-ac45-1f40aedb0986;1;;;
'2023-11-03';3da23b80-fea3-11ed-bea4-4f077c73bb46;1;;;
'2023-11-03';c4056850-1979-11ee-b149-89758b73b4d7;1;;;
'2023-11-03';9f9ebe70-2221-11ee-a8a3-7b9385a8b996;1;;;
'2023-11-03';e280f760-1e4a-11ee-86e8-b13ced4dad7a;1;;;
'2023-11-03';1b0d2cf0-07b7-11eb-9522-596d7a4eeb1c;1;;;
'2023-11-03';b8b5b960-6653-11ee-9a79-2b363171d4bc;1;;;
'2023-11-03';9e0211d0-933c-11ed-943e-219f8e45383b;1;;;
'2023-11-03';a6ec8070-6ce2-11ee-ab9b-a7e00f394fa7;1;;;
'2023-11-03';fc1f9de0-6e7a-11ee-bd76-799e13901e22;1;;;
'2023-11-03';edf91a60-d9ca-11ed-b250-5f1a006a4167;1;;;
'2023-11-03';ba3308d0-7470-11ee-a4c8-edd76ccef88f;1;;;
'2023-11-03';9f81ea30-4237-11ee-a734-371854eed0d0;1;;;
'2023-11-03';dcde4cb0-3a68-11ee-8563-915c649cf6d5;1;;;
'2023-11-03';d353ed20-7a4c-11ee-b860-01ebd9fef79d;1;;;
'2023-11-03';fc1afb50-79f1-11ee-81b1-378384eed664;2;;;
'2023-11-03';75240e80-e44f-11ed-a951-e539fad9f4b9;2;;;
'2023-11-03';2f471bb0-aae7-11ed-ae92-337a9f4663b7;2;;;
'2023-11-03';e4f4d2c0-cb8d-11ec-ab0d-13e963ec8c4b;2;;;
'2023-11-03';ee9adb30-f9e0-11ed-8393-433a3d955e51;2;;;
'2023-11-03';aec19980-7520-11ed-9913-030b7d6ea0f6;2;;;
'2023-11-03';b81d8480-7a3d-11ee-9dd2-5983c7f5d8ee;2;;;
'2023-11-03';55dd0b50-b8d4-11ec-a5cf-6ff7cfa0bdc8;2;;;
'2023-11-03';128c11a0-f494-11ed-a02e-0339ada41226;2;;;
'2023-11-03';59929b90-f8ed-11eb-be6a-bdaca425bea2;2;;;
'2023-11-03';c833e280-b264-11ec-9cfc-d1b2afac792e;2;;;
'2023-11-03';82d27e80-448b-11ee-90cd-538c962db324;2;;;
'2023-11-03';116f7a80-f928-11ed-95a1-e57bc428a977;2;;;
'2023-11-03';64d828c0-ec87-11eb-8a1b-33d32efbfabc;2;;;
'2023-11-03';b858ba70-5903-11ed-b7dd-059b352cbed2;2;;;
'2023-11-03';37e18de0-79be-11ee-8cc8-394cedcbf425;2;;;
'2023-11-03';33f55730-4f40-11eb-bbcc-8ff9da76cf40;2;;;
'2023-11-03';359bfb40-786c-11ee-87f6-6d30917c2d65;2;;;
'2023-11-03';31a58880-7713-11ee-af51-ed76b53516cd;2;;;
'2023-11-03';0ad181d0-b39a-11eb-beaa-a93d7b2036b3;2;;;
'2023-11-03';d3cd4470-2b26-11ed-9a9b-4d69ca182522;2;;;
'2023-11-03';f57c1b00-d339-11eb-9be7-f7128e456267;2;;;
'2023-11-03';97b80600-76fc-11ee-8a59-8bb6d8792ac3;2;;;
'2023-11-03';1c53fbc0-7e67-11ec-bac8-8d1001d9f434;2;;;
'2023-11-03';286b8f40-7582-11ee-b546-133b3d272107;2;;;
'2023-11-03';55368db0-e354-11ed-bac4-2b7ebe39dfbc;2;;;
'2023-11-03';4d23ba20-628a-11ee-8217-9daf7e33f6c2;2;;;
'2023-11-03';051e0fc0-7a07-11ee-a84c-e37458880ae7;2;;;
'2023-11-03';3e20ab30-770d-11ea-8ab0-911982cb3ffb;2;;;
'2023-11-03';bf07d300-a3e6-11ed-bcd5-cf87783ff67e;2;;;
'2023-11-03';b1de8170-5e99-11ed-b9ef-2b7d8c4da9f3;2;;;
'2023-11-03';5e45a6b0-0f1b-11ed-8f8f-e7057cff0cb2;2;;;
'2023-11-03';8313cd60-4303-11ee-b9f7-77e376310446;2;;;
'2023-11-03';00fc8580-a5e0-11ed-8f66-476d57da0b36;2;;;
'2023-11-03';8ac758b0-8f71-11ed-93e2-bb1d349f94c8;2;;;
'2023-11-03';a495c6c0-b5e9-11ed-a844-dfaa3ca44899;2;;;
'2023-11-03';965fc7f0-a5d5-11ed-b9e1-e1d3347c6071;2;;;
'2023-11-03';b9c17600-7657-11ee-a819-3b50579a0e4d;2;;;
'2023-11-03';415e4df0-7857-11ec-b32b-91fc60119d33;2;;;
'2023-11-03';0a609d50-7a6a-11ee-8c06-ff42c227b588;2;;;
'2023-11-03';03730d20-5ce2-11ee-9006-b178b960a5f1;2;;;
'2023-11-03';c41758c0-9a7c-11ed-96f8-85c276d49420;2;;;
'2023-11-03';753b0f30-5bbf-11ee-bf17-978cea7b35eb;2;;;
'2023-11-03';bec55e60-bd4d-11ec-bad1-352a3c90f6eb;2;;;
'2023-11-03';681e1070-1b4b-11eb-ae88-5fbc5391c7eb;2;;;
'2023-11-03';8a45d150-cadc-11ec-91b0-45d5da48b7f1;2;;;
'2023-11-03';2a1aa6c0-6748-11ee-934a-1548f0cbed48;2;;;
'2023-11-03';0ff816e0-4ae4-11ee-b398-5b4806a4e10c;3;;;
'2023-11-03';c43859a0-2576-11ee-95c0-f3a8eb36e260;3;;;
'2023-11-03';30fa4030-ea30-11ed-aff1-95fefdca1062;3;;;
'2023-11-03';ae177b30-ea6e-11ed-a05b-e9c9ddc5dd77;3;;;
'2023-11-03';7b3d2810-e585-11ed-a524-d983167b6653;3;;;
'2023-11-03';b72f2b50-79d9-11ee-866a-5d3b61f11803;3;;;
'2023-11-03';f71b8e40-741b-11ec-93e2-cd9cfeea9364;3;;;
'2023-11-03';3d8322f0-209e-11ee-bdb7-63a16ffb097c;3;;;
'2023-11-03';8dadccd0-77ce-11ee-b961-d1fafc14c96a;3;;;
'2023-11-03';d70dcaa0-0d9b-11ec-9480-19aec6605e49;3;;;
'2023-11-03';cbbdad80-6445-11ed-af48-234232995f54;3;;;
'2023-11-03';d41c8f10-7535-11eb-9f62-c760625761f4;3;;;
'2023-11-03';77001d20-2677-11e8-8d3c-6b24158d6b30;3;;;
'2023-11-03';fd73cbd0-fac1-11ed-acbc-ff5724686725;3;;;
'2023-11-03';1e78adf0-b635-11ec-b8a2-c3cdc73d5ca5;3;;;
'2023-11-03';04ead190-4a80-11ec-8330-7b72ac0b5f54;3;;;
'2023-11-03';b86ef840-6757-11ee-a711-4d60721f7ccd;3;;;
'2023-11-03';6d6bef70-6ef0-11ed-9e19-fbb8a7554281;3;;;
'2023-11-03';f136c220-60cd-11e8-8ebd-45fc1d9c550a;3;;;
'2023-11-03';ccf41470-9163-11eb-81d9-1daa2227a896;3;;;
'2023-11-03';fc825680-6275-11ee-a126-ff40476b8939;3;;;
'2023-11-03';9945eb80-6f05-11ee-8787-1980a3be046d;3;;;
'2023-11-03';cd71b4a0-1fca-11ee-b393-9f1115d77fcf;3;;;
'2023-11-03';be0a5de0-4f3a-11eb-8acf-69d3bdfb693c;3;;;
'2023-11-03';0a785400-7749-11ee-81dc-d10bff479dd5;3;;;
'2023-11-03';32576a80-a39f-11ec-a680-09fcc5f5cdba;3;;;
'2023-11-03';426c0c10-2670-11e8-952c-5397ebbba8bb;3;;;
'2023-11-03';93fe3b90-3680-11ee-ab2e-cbd6e044ea6a;3;;;
'2023-11-03';66b05050-4947-11ed-855d-8bbcf07e0196;3;;;
'2023-11-03';c3f198f0-0161-11ee-a4fc-cdac701c320a;3;;;
'2023-11-03';8c157de0-5dd5-11ee-8ca7-392aa3075a18;3;;;
'2023-11-03';5fef3740-5d00-11ee-9260-533e1e6323a4;3;;;
'2023-11-03';3b100450-8fc8-11ed-a4ee-39bb2f444421;3;;;
'2023-11-03';8f2feac0-7954-11ee-aff3-ffba2371d68d;4;;;
'2023-11-03';3a5bab80-269c-11e8-8319-456ad9d3b8d8;4;;;
'2023-11-03';9d749630-b89a-11eb-99c9-f165f45c3904;4;;;
'2023-11-03';0f4f37d0-79b7-11ee-8c10-b7c363c6d052;4;;;
'2023-11-03';1b4fba90-dcd8-11ed-bda6-5f04c3725d7d;4;;;
'2023-11-03';901f76d0-b42a-11ec-a8ed-a787616c53a6;4;;;
'2023-11-03';43a7fda0-69a4-11ee-9df6-939923a38d51;4;;;
'2023-11-03';31f0e400-7971-11ee-bcd5-a7b1139883f8;4;;;
'2023-11-03';93666f30-f1b2-11ed-99b5-6de2e8a09cfd;4;;;
'2023-11-03';70d01400-9c8d-11ed-8f4d-574f8b68441f;4;;;
'2023-11-03';99bad380-76ff-11ee-af63-436f1895a38a;4;;;
'2023-11-03';dfbcb770-4958-11ed-a1f5-4f697baada95;4;;;
'2023-11-03';695c5ef0-25e2-11eb-a938-6bff07fe5479;4;;;
'2023-11-03';f88765e0-3d4a-11ec-a7a6-6738fc51e5fd;4;;;
'2023-11-03';9b613020-df57-11ed-8e9c-e390ffe5739a;4;;;
'2023-11-03';bf7a2d50-5df5-11ee-832a-37e0ed135bb2;5;;;
'2023-11-03';d9019820-62bf-11ee-8b61-21253dd65b02;5;;;
'2023-11-03';f09a5ce0-ec6d-11ea-87a9-ef965f094656;5;;;
'2023-11-03';dbe66540-2b6a-11ec-91ba-e1ebd2633dd5;5;;;
'2023-11-03';fffec340-4ae0-11ee-aa64-cb452c798cf7;5;;;
'2023-11-03';bd623230-7a22-11ee-a565-a3b93ee550fe;6;;;
'2023-11-03';38d42440-09bd-11ee-9c8f-79e04d85822e;6;;;
'2023-11-03';058264d0-6f5c-11ee-8499-ed593984f273;6;;;
'2023-11-03';f42e98c0-fac1-11ed-85bc-bf47f49c8fa4;6;;;
'2023-11-03';5c5225c0-9870-11ed-ae85-019e14031a0e;6;;;
'2023-11-03';0a0e3a00-2949-11ee-9fa8-fd3c52145bf8;6;;;
'2023-11-03';e4c316d0-8bdc-11ed-8d87-0bd1e42735fc;7;;;
'2023-11-03';71d06080-f633-11ed-b525-0f6a37bdae54;7;;;
'2023-11-03';8ed94060-9fde-11ea-bb11-0356bb47d515;7;;;
'2023-11-03';be447250-21d9-11ed-8b0d-59174ad7efb4;7;;;
'2023-11-03';d7894be0-f1b4-11ed-a9ee-036e28b4d0c7;7;;;
'2023-11-03';8d882410-4323-11ee-819c-0bb34dbb2013;7;;;
'2023-11-03';9d657c50-6965-11ec-a4a9-912dae094ad1;8;;;
'2023-11-03';6abb78c0-85d6-11ed-badb-fb3ca258c011;8;;;
'2023-11-03';ef6eb4d0-01bd-11ed-ab09-b1117ba72e2f;9;;;
'2023-11-03';2c20c820-a586-11ed-b8df-fb8e4b5d1399;9;;;
'2023-11-03';1fba7800-18db-11ea-a00b-cf3d2fa771e7;9;;;
'2023-11-03';a5cce980-5592-11ee-ba18-210c696207dc;9;;;
'2023-11-03';2630a7f0-3a7d-11ee-88b2-d18fd7859087;9;;;
'2023-11-03';0f681a10-c5e7-11eb-819c-f93422509563;9;;;
'2023-11-03';b37c7bb0-4564-11ee-88c8-614141e4c1ed;9;;;
'2023-11-04';adbdffd0-f5b4-11ea-9ba2-c9a2de53aa70;13;;;
'2023-11-04';be447250-21d9-11ed-8b0d-59174ad7efb4;15;;;
'2023-11-04';a2b5d980-0ffd-11e9-b416-1df02068c243;22;;;
'2023-11-04';5c079c00-e800-11ed-bf2f-2166ba489b19;11;;;
'2023-11-04';81a62dd0-23ad-11ee-aa3f-732a118b19a8;15;;;
'2023-11-04';1ac164d0-6341-11ee-a0c7-7f1414c4252a;69;;;
'2023-11-04';b5b65c40-9e46-11ed-9b7b-1fcfe56c7989;12;;;
'2023-11-04';b3632fa0-76ee-11ee-abea-278a7b06a21e;0;;;
'2023-11-04';480952b0-1c86-11ee-b8c0-2739316f7c37;0;;;
'2023-11-04';0a9a26b0-77b3-11ee-b26e-a3cfdf8fdd53;0;;;
'2023-11-04';fdf74580-7a2a-11ee-a504-4d6a0d72d60c;0;;;
'2023-11-04';e08e20c0-7a4f-11ee-b245-330a4518fa71;0;;;
'2023-11-04';46a2f740-78d0-11ee-a541-95266854a83d;0;;;
'2023-11-04';ef7c4c60-7243-11ee-bf8d-69c307081e9f;0;;;
'2023-11-04';28a70d20-916e-11ed-b4cc-134d52c5124a;0;;;
'2023-11-04';ca4e0680-00af-11eb-ab14-ab6776f33f45;0;;;
'2023-11-04';a29aaff0-d2ba-11ed-a048-05978c87e8b6;0;;;
'2023-11-04';d45f0c40-7290-11ee-a68d-a576871da231;0;;;
'2023-11-04';c221dd30-6ab8-11ee-bd57-b3ed7453a78e;0;;;
'2023-11-04';a01d3460-766f-11ee-ba54-cb8dfae59e9a;0;;;
'2023-11-04';abd584e0-3a17-11ee-a8c0-4b65aa7cbffb;0;;;
'2023-11-04';5e2e9b70-7b10-11ee-a6b9-c7243fec8761;0;;;
'2023-11-04';84ec8fd0-75aa-11ee-95cc-3129598ae327;0;;;
'2023-11-04';e066e4d0-16fd-11ed-b7b0-47b2474cb7da;0;;;
'2023-11-04';4ca2d1e0-7b16-11ee-8615-b193ce79ccf8;0;;;
'2023-11-04';7ed11680-4728-11ee-8189-6dfb9fd93924;0;;;
'2023-11-04';5e907a90-d398-11ed-a15e-e153446eacbf;0;;;
'2023-11-04';052fefa0-2473-11ed-82f1-55b448e27660;0;;;
'2023-11-04';dd465790-5fb7-11ea-8321-df104d6de9e4;0;;;
'2023-11-04';8ba2ae90-9be6-11eb-9d8f-4f71aa2d7fda;0;;;
'2023-11-04';cb981500-0c76-11ee-9540-39e818b214fc;0;;;
'2023-11-04';a64228a0-7322-11ee-9b92-45bccc0876e4;0;;;
'2023-11-04';b931cd00-5e40-11ed-be59-cd8c375b0146;0;;;
'2023-11-04';88a2f3d0-1b23-11ee-9b71-4f0caa22a5c5;0;;;
'2023-11-04';1b271ca0-7ac8-11ee-932c-df7b9177499c;0;;;
'2023-11-04';cdcfdb30-e957-11eb-ab83-ddcbf56d3e85;0;;;
'2023-11-04';e42ce7f0-90d7-11ed-a400-937a5d7f0278;0;;;
'2023-11-04';54b0b630-eb9e-11ec-b530-65ae7e4b7291;0;;;
'2023-11-04';f38d00a0-322f-11ee-824b-77d6e91cc48f;0;;;
'2023-11-04';5549f370-eed4-11ec-844a-37590d323efc;0;;;
'2023-11-04';00a77190-7c68-11ed-882c-995e0a8bf029;0;;;
'2023-11-04';27cc0680-6832-11ee-83e2-894c8f22601d;0;;;
'2023-11-04';6499cbf0-7aee-11ee-b72f-b386c96059c3;0;;;
'2023-11-04';44bd44c0-7ae8-11ee-bcb8-478b60d88005;0;;;
'2023-11-04';216c6f10-7326-11ee-87d3-2137ecf2a19c;0;;;
'2023-11-04';72c97f30-7a59-11ee-9139-b5f5f28d1dad;0;;;
'2023-11-04';5e45a6b0-0f1b-11ed-8f8f-e7057cff0cb2;0;;;
'2023-11-04';cbe265f0-6a64-11ee-8d8d-c1e74f246393;0;;;
'2023-11-04';83dc6ec0-5dec-11ed-a7f8-43cd2dca137b;0;;;
'2023-11-04';b11fb800-65c6-11ee-a44c-8feab167daf2;0;;;
'2023-11-04';4a728d80-5b86-11ed-a4ce-7741a3242207;0;;;
'2023-11-04';3ec34b00-fc1d-11ec-8c2b-a7c42781e7e7;0;;;
'2023-11-04';6ee56d40-d93e-11e9-b125-9bbd563ea7e3;0;;;
'2023-11-04';95f281b0-9633-11ed-bbfe-290aa08aba93;0;;;
'2023-11-04';9a1bb5a0-2670-11e8-bfc6-df51f8419a76;0;;;
'2023-11-04';fa04c580-9d85-11eb-b366-5bf28c116536;0;;;
'2023-11-04';808c63e0-d5f9-11ec-96a7-91f51c4445a1;0;;;
'2023-11-04';93c4cd80-dd63-11e9-9d83-31f96b825d5e;0;;;
'2023-11-04';9f261370-1bc6-11ec-9fce-59b8d7fe4e22;0;;;
'2023-11-04';d05aef20-3545-11ee-8580-799c3fb74722;0;;;
'2023-11-04';d6a3fa50-04f6-11ed-a534-23f0535ac1d0;0;;;
'2023-11-04';c20f96f0-ffb0-11ea-9c1a-758e4c95c4b5;0;;;
'2023-11-04';319d60c0-d4b5-11ed-b3f1-075c94612de9;0;;;
'2023-11-04';3a7ca870-bbcd-11eb-badb-05aa3e9424db;0;;;
'2023-11-04';3fc7d5c0-7441-11ec-9403-43b774f3893f;0;;;
'2023-11-04';1a633e20-6745-11ee-ad73-95d1cc768655;0;;;
'2023-11-04';507835e0-0dd3-11ee-a082-a568e5471219;0;;;
'2023-11-04';e679f6c0-7d03-11ed-83df-d3809e4b153d;0;;;
'2023-11-04';70315a20-6fcf-11ee-a847-011f3c4c1a68;0;;;
'2023-11-04';a8af3330-4bc8-11ed-9e33-c9f4d0d03f0d;0;;;
'2023-11-04';49b9a4e0-7003-11ee-ac1b-bdd791ac24d7;0;;;
'2023-11-04';a5b50490-a326-11ea-b3dc-57eaa8574825;0;;;
'2023-11-04';feee79f0-8a93-11ec-9a62-494b7a256ca8;0;;;
'2023-11-04';8cd4bd90-710d-11ee-880d-49ae2c0270c8;0;;;
'2023-11-04';bf1041c0-a486-11ed-bd97-e5359bb4d375;0;;;
'2023-11-04';ffb13380-2454-11ee-a1d4-9d2cd639e536;0;;;
'2023-11-04';b634cd60-12ad-11ee-a193-1938db7117be;0;;;
'2023-11-04';67bda410-a4cb-11eb-a5bb-ed369e39fb00;0;;;
'2023-11-04';099e3c10-be32-11ec-8b95-89278a5e891c;0;;;
'2023-11-04';e7b79280-5414-11ed-85eb-537a7564eff1;0;;;
'2023-11-04';eba0aff0-48ae-11ee-abfb-cb003cc868e4;0;;;
'2023-11-04';5f2afc00-78cf-11ee-b854-b99a46e8257e;0;;;
'2023-11-04';b1388660-c79c-11ec-8e2a-4b23ad5c4d11;0;;;
'2023-11-04';22f35cb0-7cc4-11ea-84e6-9977b6adb189;0;;;
'2023-11-04';3c07be10-ad51-11ed-9123-7986d83596a7;0;;;
'2023-11-04';580b1600-5aeb-11ee-a31a-718c9cb74cd4;0;;;
'2023-11-04';85e35260-67f5-11ee-a399-419e1c537f6f;0;;;
'2023-11-04';9b6b8e40-7ac4-11ee-99de-bd1ee86ea113;0;;;
'2023-11-04';8ed6f1c0-eff5-11ec-beb2-39b9f7195fe5;0;;;
'2023-11-04';f63d4410-6c39-11ee-9820-970a7994c3ed;0;;;
'2023-11-04';03df9ee0-8101-11ec-bf7d-3d2726a59a7a;0;;;
'2023-11-04';07ef2d90-6797-11eb-9036-af83dee3dc24;0;;;
'2023-11-04';85e35850-681e-11ed-9095-bb3a36a869f9;0;;;
'2023-11-04';e273e360-7ae1-11ee-95c5-b3a62a1d6087;0;;;
'2023-11-04';65b5b460-2c46-11e8-b433-e9a46e5ade44;0;;;
'2023-11-04';4ea394e0-6e26-11ee-850e-799dbf4f0171;0;;;
'2023-11-04';9652a680-7b16-11ee-b63f-b1f38db4dddc;0;;;
'2023-11-04';eafb6140-753a-11ee-8a68-89eb9952fd64;0;;;
'2023-11-04';fcdeee90-79a4-11ee-a91d-99e785e1452f;0;;;
'2023-11-04';15afe630-596d-11ed-89dc-f1f99923ecaa;0;;;
'2023-11-04';bc1d08e0-2687-11e8-88f8-b7e472fd554c;0;;;
'2023-11-04';a3eb53c0-2b0a-11ee-85b3-a73f060ad271;0;;;
'2023-11-04';650262c0-0774-11ee-ba0d-cdb4ab020503;0;;;
'2023-11-04';e8975ce0-2e4f-11eb-92b4-dbbfe0532c6e;0;;;
'2023-11-04';df3bceb0-5e99-11ee-88e1-9ba78e205adb;0;;;
'2023-11-04';fff0f820-7b26-11ee-b3b7-f177d2bc68a1;0;;;
'2023-11-04';1842af20-76f2-11ed-a5ce-fdabccc41894;0;;;
'2023-11-04';51dc3c40-69f3-11ec-848c-2714b3b1ce53;0;;;
'2023-11-04';8c1900c0-18ff-11ee-b3c8-89750e6b01d2;0;;;
'2023-11-04';b1c90ad0-9174-11ed-973f-d9c0d2c30895;0;;;
'2023-11-04';40a81210-7a21-11ee-a389-2162636af487;0;;;
'2023-11-04';6d5c79a0-7acf-11ee-84ce-4d9e6aff4a7d;0;;;
'2023-11-04';62bfe730-6e8a-11ee-ac29-9f6e169b060e;0;;;
'2023-11-04';0e7a9110-4b04-11ee-95ae-474bd0bb7789;0;;;
'2023-11-04';7b868c60-e97a-11ec-887d-a9627b402fe8;0;;;
'2023-11-04';6716d230-26e1-11ee-8726-d5b75c527547;0;;;
'2023-11-04';9c717ef0-7937-11ee-ab82-3fed6061a5cd;0;;;
'2023-11-04';a7f34190-f144-11ec-98e2-ef54bd049b19;0;;;
'2023-11-04';2e7c5e80-5ba8-11ee-99cd-cba75f44cf5e;0;;;
'2023-11-04';ddf8c040-0137-11ee-8849-2bdad338d0bd;0;;;
'2023-11-04';9e0211d0-933c-11ed-943e-219f8e45383b;0;;;
'2023-11-04';2603ef60-fe34-11ed-910f-ed4de5f486e7;0;;;
'2023-11-04';a5f4fc40-3517-11ee-838e-e51c7695bc85;0;;;
'2023-11-04';5af38ab0-032b-11ec-89e1-b93a5cd18a5c;0;;;
'2023-11-04';2a6601f0-da4c-11eb-91a9-4d0f343bc699;0;;;
'2023-11-04';f0f60ce0-7acf-11ee-b1bf-6321318c55c2;0;;;
'2023-11-04';d9bae5a0-272d-11ee-9683-2f5639959ffd;0;;;
'2023-11-04';55c2d630-2adb-11ed-bc2e-0b3caa0f4352;0;;;
'2023-11-04';0268c2c0-26bb-11e8-aa49-45ddf7bd1f52;0;;;
'2023-11-04';5b931bf0-f140-11ea-8cfe-e3ee2b3b06d2;0;;;
'2023-11-04';c0798cb0-77a3-11ee-a404-b9c869083f86;0;;;
'2023-11-04';27bcbb20-5101-11ec-891e-9b7b6489f94e;0;;;
'2023-11-04';6743cfe0-3048-11ee-b220-791bbb201f29;0;;;
'2023-11-04';be7f66c0-7a8a-11ee-9789-cd464f41a0bb;0;;;
'2023-11-04';69611fd0-d414-11ec-bbd8-1d56831a1b7d;0;;;
'2023-11-04';c2af09f0-8012-11eb-bd24-4513d6a924df;0;;;
'2023-11-04';6aaeefc0-2f76-11ee-ad04-6fe2f46fe6bc;0;;;
'2023-11-04';7f952400-5635-11ee-8e40-45291a92c21a;0;;;
'2023-11-04';2d7a2fb0-74e1-11ee-82bd-d928267ca0de;0;;;
'2023-11-04';f165b8c0-bffd-11ed-b68b-cb215499e0ad;0;;;
'2023-11-04';9c8d4a30-4793-11e8-84c6-8defda07d6b5;0;;;
'2023-11-04';6a6959d0-ba19-11eb-aea6-7fbffab71459;0;;;
'2023-11-04';1a6c5330-be3e-11ed-8b90-af746cc181a9;0;;;
'2023-11-04';e247acc0-1c7a-11ee-bda5-8961e2ebcb05;0;;;
'2023-11-04';656fa8b0-7a21-11ee-8529-a9ef88f54a66;0;;;
'2023-11-04';cfd5b8e0-5d6e-11ee-8ccc-99ac8264fc4f;0;;;
'2023-11-04';548e6740-50b7-11ee-8f20-6d95d03bf09a;0;;;
'2023-11-04';c784a6f0-8b77-11ea-bdbd-c16cac657959;0;;;
'2023-11-04';27e7f050-2b94-11ee-a05f-bb6a4517466c;0;;;
'2023-11-04';f531f230-7587-11ee-a2cb-4be64a9780e4;0;;;
'2023-11-04';d72094c0-398e-11ee-8b2b-fbf1b661fbe8;0;;;
'2023-11-04';73b8a040-c069-11ea-8f6e-73b4bc9df9ed;0;;;
'2023-11-04';0174a330-7b2d-11ee-857c-5d52e171b9e6;0;;;
'2023-11-04';dba10c20-731b-11ee-bd0d-8b767b166ec8;0;;;
'2023-11-04';9aeb4140-c85f-11ec-9f51-a980428e613e;0;;;
'2023-11-04';b125c000-3e49-11ee-9bab-ddd0cf04084f;0;;;
'2023-11-04';fad768a0-5d19-11ed-bd00-27d3abd73c1a;0;;;
'2023-11-04';a1e99220-4ebc-11ec-ba3d-9f7c4274a45b;0;;;
'2023-11-04';e12f0160-9270-11ed-93ef-df6435d58377;0;;;
'2023-11-04';f8410810-78d6-11ee-8b68-8f1ea461cb00;0;;;
'2023-11-04';10f2fbd0-6f3a-11ee-ad3d-7bd9b95bcd1c;0;;;
'2023-11-04';5ee3a430-1381-11ee-a6e0-51a1151f2a9d;0;;;
'2023-11-04';02a6a090-6652-11ee-9586-e5eb3b3de661;0;;;
'2023-11-04';154ae0b0-763f-11ee-86b9-7f40407285b5;0;;;
'2023-11-04';2dda15b0-7991-11ee-9940-efbe2b7abbdb;0;;;
'2023-11-04';9f84b780-5a2c-11ee-ab87-2f8fb2124f73;0;;;
'2023-11-04';d13fa620-6ea6-11ee-97ea-bfdcd52a03b6;0;;;
'2023-11-04';b564f550-7b1b-11ee-86b8-fd2b6ee38712;0;;;
'2023-11-04';14f7e540-4a7a-11ee-a446-0313d3100b61;0;;;
'2023-11-04';f835cbc0-9b1f-11ed-8aad-25f85ae0b857;0;;;
'2023-11-04';674a6130-c95e-11ed-95df-cd96c90b3262;0;;;
'2023-11-04';c47353d0-6f85-11ee-bb06-a943307bf4aa;0;;;
'2023-11-04';c230e1c0-5ae8-11ee-b386-5de8a6c82938;0;;;
'2023-11-04';5559b200-bc2b-11ec-94d7-d5cdeb7721e6;0;;;
'2023-11-04';5a116550-7b00-11ee-96cc-d1f397aa56cb;0;;;
'2023-11-04';147a9d90-7b0f-11ee-a2e2-395fcfb80cec;0;;;
'2023-11-04';6663f4a0-08df-11ee-81cb-8be2005d9c9c;0;;;
'2023-11-04';da33a030-513f-11ee-818d-2b8f59562586;0;;;
'2023-11-04';f1b1d3e0-5a9a-11ed-9bc9-8f1cf05ea07d;0;;;
'2023-11-04';7f807c30-7b24-11ee-b3fd-5725eec4ff89;0;;;
'2023-11-04';442c4cd0-75ad-11ee-ba81-dfa01e423654;0;;;
'2023-11-04';6693e850-2ebd-11ee-ac2d-39750080f559;0;;;
'2023-11-04';aa9b5be0-6f95-11ea-bd4f-81608d74ea67;0;;;
'2023-11-04';f0261ff0-65c0-11ed-b8ec-79c229c6a66c;0;;;
'2023-11-04';01cd9790-74a9-11ee-9166-a9987476f320;0;;;
'2023-11-04';0b513f10-1676-11ee-a5ea-97f507215868;0;;;
'2023-11-04';63929270-65cb-11ed-8313-7d4f56115465;0;;;
'2023-11-04';4e106140-7b3a-11ee-92fa-b55e61effde7;0;;;
'2023-11-04';f8b89a60-2e81-11ed-bad1-5995520cb2b2;0;;;
'2023-11-04';21d9d870-69c6-11ee-b926-f1301b99dd33;0;;;
'2023-11-04';de92c680-5aa8-11ed-b1c0-377152e45442;0;;;
'2023-11-04';cdb45d60-f3a0-11ed-b8e3-3df02c926c2e;0;;;
'2023-11-04';424bb670-5138-11ed-98a8-1111c5b1bfed;0;;;
'2023-11-04';cfd16520-38b7-11ec-a94b-872edd467cbb;0;;;
'2023-11-04';69e68ea0-cc79-11ed-a8f4-6dbcadbdc6a8;0;;;
'2023-11-04';d1c69c90-6436-11ee-8073-4978abb456d2;0;;;
'2023-11-04';e6679ec0-2ebc-11e8-a277-534c066c029e;0;;;
'2023-11-04';9f9fc9d0-7b0b-11ee-97ab-4daa0a47c552;0;;;
'2023-11-04';58974c10-7a8a-11ee-abe6-45398bfe4242;0;;;
'2023-11-04';1408b3b0-b463-11ed-8268-87fe7b590bc2;0;;;
'2023-11-04';5cdb4150-8546-11eb-910d-a15f761d7111;0;;;
'2023-11-04';c1b0a1d0-edfd-11ec-90d0-8ff83c2e25fe;0;;;
'2023-11-04';1b87e1a0-7101-11ee-a316-53ed89a7afa1;0;;;
'2023-11-04';2a3e75a0-2777-11eb-a5c7-c3e2e3534623;0;;;
'2023-11-04';e7430f50-f013-11ed-9e31-ff2057682a14;0;;;
'2023-11-04';470235b0-80c2-11eb-a8c5-b1679e82f09d;0;;;
'2023-11-04';153da200-e83a-11eb-853b-75e445b71c02;0;;;
'2023-11-04';cdd07e10-722a-11ee-8633-f372814eb192;0;;;
'2023-11-04';c6ffe040-64ff-11ee-b739-917c20951f92;1;;;
'2023-11-04';b24afa20-3c5c-11ee-9724-7d47517e4da5;1;;;
'2023-11-04';17ce4000-77db-11ee-a3a0-edfd72e146b8;1;;;
'2023-11-04';f65363c0-0724-11ec-bd81-49e1f86f6eaa;1;;;
'2023-11-04';6a0be290-7a20-11ee-a3c1-d11774b7e099;1;;;
'2023-11-04';afe913b0-71c0-11ec-a39a-1d0894f5a843;1;;;
'2023-11-04';e38e84f0-72fb-11ee-84e7-99cf443827f7;1;;;
'2023-11-04';c89ca050-a691-11ed-ac27-eb96d3d277c6;1;;;
'2023-11-04';3d993d00-7b35-11ee-869a-411f56ea659d;1;;;
'2023-11-04';41a53d80-aaee-11ed-959a-0de4d643e345;1;;;
'2023-11-04';41929e00-ed7f-11ec-9312-0d11536d0b37;1;;;
'2023-11-04';298b1950-6c1c-11ee-9cf7-8ba9ac3c33c8;1;;;
'2023-11-04';bf7a2d50-5df5-11ee-832a-37e0ed135bb2;1;;;
'2023-11-04';38e36d90-b9da-11eb-a386-99254fc8580c;1;;;
'2023-11-04';9c7ddfa0-9a32-11ec-8622-49d01b56e6f8;1;;;
'2023-11-04';970333f0-01d7-11ee-ad74-31ca2502a364;1;;;
'2023-11-04';ddab3cc0-2c8a-11ee-b757-33ccdf4ae249;1;;;
'2023-11-04';a5d58a90-5c6d-11ee-96eb-4faa4f558124;1;;;
'2023-11-04';d858e6b0-e093-11e9-877f-15d3c2421a59;1;;;
'2023-11-04';4f852cd0-d5ca-11eb-9d76-5923b3c29c12;1;;;
'2023-11-04';28402750-3222-11e8-bf18-af6030bd73a2;1;;;
'2023-11-04';39ce0430-75fa-11ed-955b-473349b67d6c;1;;;
'2023-11-04';fb33dd10-d7c6-11ed-ae6e-9366dd88ece0;1;;;
'2023-11-04';94505710-5eec-11ee-a1a0-7329154e49fb;1;;;
'2023-11-04';c0591830-0118-11ec-842a-05afb4ef64a0;1;;;
'2023-11-04';ed63c750-5902-11ee-bc43-ab74cc8a2f13;1;;;
'2023-11-04';8313cd60-4303-11ee-b9f7-77e376310446;1;;;
'2023-11-04';353abe10-7b01-11ee-aeec-c5b8da12ee07;1;;;
'2023-11-04';f6fa51f0-b720-11ed-bf6b-393d4015692c;1;;;
'2023-11-04';dee3e080-e206-11ec-9d9b-a70eaafe4e55;1;;;
'2023-11-04';62142110-74d0-11ee-a6cb-2bcab00e1207;1;;;
'2023-11-04';1b248f50-7aee-11ee-afc7-b122095814e4;1;;;
'2023-11-04';33767260-26a5-11e8-94dd-f36b03bbaff4;1;;;
'2023-11-04';cb77ea80-eafa-11ec-815a-913545fe7734;1;;;
'2023-11-04';303ac730-680f-11ed-bc64-e162e43d294c;1;;;
'2023-11-04';e94b3f20-6345-11ee-9b1b-7985eb1a6cef;1;;;
'2023-11-04';a02714e0-78df-11ee-a95c-d95344a517fc;1;;;
'2023-11-04';a315d110-a5d0-11ed-b8df-d5ae0d370852;1;;;
'2023-11-04';7d57fa20-4e19-11ed-8560-01aa0c3be076;1;;;
'2023-11-04';f136c220-60cd-11e8-8ebd-45fc1d9c550a;1;;;
'2023-11-04';49e27a10-52ed-11ee-b897-b7f6550263e3;1;;;
'2023-11-04';382484b0-4976-11ee-920e-2dc0028340f6;1;;;
'2023-11-04';ea4d9220-4634-11ee-bb5e-c53841e2b234;1;;;
'2023-11-04';1d265690-099d-11ec-8c1f-279bde56d3d4;1;;;
'2023-11-04';fe5375e0-7993-11ee-8b10-8d1f5553f521;1;;;
'2023-11-04';6330bb10-3600-11eb-b41a-edaa13e33685;1;;;
'2023-11-04';9d749630-b89a-11eb-99c9-f165f45c3904;1;;;
'2023-11-04';e8c54700-b411-11ed-b5df-59d99d34ec80;1;;;
'2023-11-04';46944110-328e-11ee-974f-4d71d4ba5b75;1;;;
'2023-11-04';262f6b00-a0fb-11ec-982e-83b362044092;1;;;
'2023-11-04';286b8f40-7582-11ee-b546-133b3d272107;1;;;
'2023-11-04';d14fd7c0-5f17-11ec-bbb6-499c26bd2da2;1;;;
'2023-11-04';76c28390-6d6f-11ed-8779-ddca5ac29583;1;;;
'2023-11-04';17ef2390-d33f-11ea-8923-e9987a7d3c58;1;;;
'2023-11-04';a0ea6ba0-39b7-11ee-a9cf-eb96f47b35d8;1;;;
'2023-11-04';58808070-af25-11ec-b5b8-473bdd604e5d;1;;;
'2023-11-04';b2d9b190-a47a-11ed-8800-7f0b6be9ce29;1;;;
'2023-11-04';b4e62bb0-7244-11ee-b968-05e647b4bf8a;1;;;
'2023-11-04';590cc7d0-7a56-11ee-b1d2-6bddbf4fb2d0;1;;;
'2023-11-04';466fbf60-fa36-11ed-a14a-67347299561e;1;;;
'2023-11-04';9d01a210-2671-11e8-92f4-65a7e7cd4ad4;1;;;
'2023-11-04';9b676690-8651-11eb-9248-119991b39ad4;1;;;
'2023-11-04';695c5ef0-25e2-11eb-a938-6bff07fe5479;1;;;
'2023-11-04';5c91ad70-0e69-11ee-83e6-f3f00eda86fa;1;;;
'2023-11-04';b4d28780-046b-11eb-a7aa-2f3d29bb7930;2;;;
'2023-11-04';a6ec8070-6ce2-11ee-ab9b-a7e00f394fa7;2;;;
'2023-11-04';3a04c150-214d-11ea-b5fe-69726f78d9f0;2;;;
'2023-11-04';88591d60-acf5-11ed-9ff5-d971c89ebaac;2;;;
'2023-11-04';183c0c50-10a9-11ee-b622-73af196ed606;2;;;
'2023-11-04';ecd25d10-adc6-11e9-96d6-edb0fb92cb92;2;;;
'2023-11-04';56cf50e0-2670-11e8-9adf-ad9f6bf71fbf;2;;;
'2023-11-04';a968a720-ee5d-11ec-af4b-f9fe9794619b;2;;;
'2023-11-04';60386810-7ab6-11ee-9636-33acec626b33;2;;;
'2023-11-04';03730d20-5ce2-11ee-9006-b178b960a5f1;2;;;
'2023-11-04';2c66f060-89d0-11ed-b5ba-9fd584bc3f65;2;;;
'2023-11-04';105347d0-3eb8-11eb-9fcd-3b6c01c8312c;2;;;
'2023-11-04';648c2480-c0ab-11ed-9a17-8396e86aa4ff;2;;;
'2023-11-04';ef043d50-dd99-11ec-b67e-6150357587b6;2;;;
'2023-11-04';e0c2d5e0-04de-11ee-bc77-2168d38f84f6;2;;;
'2023-11-04';96231b40-97c7-11e9-be79-09be5f66dd92;2;;;
'2023-11-04';294a2340-7ac3-11ee-b449-fdc1c2cfebf6;2;;;
'2023-11-04';fc825680-6275-11ee-a126-ff40476b8939;2;;;
'2023-11-04';ccf41470-9163-11eb-81d9-1daa2227a896;2;;;
'2023-11-04';65615ea0-60f8-11ee-be85-0d709b34c245;2;;;
'2023-11-04';38dfa6f0-ba89-11ec-b984-fd0a31283cbe;2;;;
'2023-11-04';29e694b0-2e97-11ed-8dc3-3742abce6e54;2;;;
'2023-11-04';38cd4950-4028-11ec-94bb-814614b0bb00;2;;;
'2023-11-04';9eaa3180-bce5-11ed-b754-6f3cd0a6f18e;2;;;
'2023-11-04';33864540-382f-11ee-a5a1-cfd5c6784c6b;2;;;
'2023-11-04';3768b300-a9a1-11ec-ac25-69cb68393044;2;;;
'2023-11-04';9d657c50-6965-11ec-a4a9-912dae094ad1;2;;;
'2023-11-04';d92ce3b0-f52b-11ed-9532-9fb2bd6a5840;2;;;
'2023-11-04';d766b110-77ed-11ee-aff9-3b3c55fce2da;2;;;
'2023-11-04';0172d0d0-d022-11ec-add7-4d217eb6dbb3;2;;;
'2023-11-04';58e144a0-7a4e-11ee-a91c-6b51dd44b5a5;3;;;
'2023-11-04';dcc7a130-31dc-11ed-b057-3f22c649db44;3;;;
'2023-11-04';d234f070-2821-11ed-9ce0-b7a9dd423e66;3;;;
'2023-11-04';8440d590-e6fc-11ea-a842-65029eedd4ca;3;;;
'2023-11-04';57646160-f4f3-11ed-836f-b9fc40cf18da;3;;;
'2023-11-04';d142f970-7986-11ee-ac79-e95c840217ac;3;;;
'2023-11-04';c41758c0-9a7c-11ed-96f8-85c276d49420;3;;;
'2023-11-04';02a1d900-a64c-11ed-a3c5-4da84c18504e;3;;;
'2023-11-04';f09a5ce0-ec6d-11ea-87a9-ef965f094656;3;;;
'2023-11-04';81329ac0-f45b-11ea-92be-cdbb81c5233c;3;;;
'2023-11-04';d4634e60-c2e5-11ec-8d98-55a7b6fe357d;3;;;
'2023-11-04';8abf29a0-6664-11ed-af25-737b313e4471;4;;;
'2023-11-04';7dad8530-0eeb-11ec-a64d-712860e5db74;4;;;
'2023-11-04';dc809770-e34b-11ec-be0d-2303d64ae4dc;4;;;
'2023-11-04';bec55e60-bd4d-11ec-bad1-352a3c90f6eb;4;;;
'2023-11-04';49fc15b0-6efe-11ee-ace0-fd5bd1dc1911;4;;;
'2023-11-04';027f6d40-77dc-11ee-b378-a77ad8c66043;4;;;
'2023-11-04';3fec7420-77b9-11ee-8780-e38131094f07;4;;;
'2023-11-04';24f3e250-7f69-11ed-8921-85f37af133b3;4;;;
'2023-11-04';75240e80-e44f-11ed-a951-e539fad9f4b9;4;;;
'2023-11-04';f389d150-b7e6-11ed-8ad1-455c63298437;4;;;
'2023-11-04';3336c720-01f4-11ee-a90c-9f7a3efb8f02;4;;;
'2023-11-04';77d26ec0-9a8c-11ea-a2fd-3d9ff5d8d5c2;5;;;
'2023-11-04';64ef9670-55dd-11ed-ae3f-03352eaab4bb;5;;;
'2023-11-04';f67af260-7747-11ee-95b1-c90f48d8dcba;5;;;
'2023-11-04';373961c0-35df-11ed-8206-bd519374e178;5;;;
'2023-11-04';b0d23cc0-335c-11ee-9799-c3a0dc6cbe4b;5;;;
'2023-11-04';0ff816e0-4ae4-11ee-b398-5b4806a4e10c;5;;;
'2023-11-04';6fe8f640-dea2-11ed-9f34-cb1db70a0c4d;6;;;
'2023-11-04';c15f2380-78dc-11ee-ba20-6dd8eb31ea84;6;;;
'2023-11-04';31e2c5c0-7a27-11ea-aaa6-2f1e0eecda18;6;;;
'2023-11-04';6ff64ff0-c739-11ed-b55b-2d1221318693;6;;;
'2023-11-04';8ff31860-6e4b-11ee-9196-0d7a410ed115;6;;;
'2023-11-04';6abb78c0-85d6-11ed-badb-fb3ca258c011;7;;;
'2023-11-04';e4c316d0-8bdc-11ed-8d87-0bd1e42735fc;7;;;
'2023-11-04';cd52c640-4ec2-11ee-8c82-d949aeea4d5b;7;;;
'2023-11-04';6a1690d0-5227-11ee-b8ad-3f950449d99c;7;;;
'2023-11-04';cf733600-e3ea-11ed-a5b9-b3c6a94e0cba;7;;;
'2023-11-04';90694410-2f24-11ee-82be-ed4d2f30ad09;9;;;
'2023-11-04';fde6b310-5ef4-11ee-8502-3521caca2f83;9;;;
'2023-11-04';b0c4b750-4353-11ea-b71d-9325d41eec6a;9;;;
'2023-11-05';6fc1bf90-1e66-11ee-bd8f-d52ab30b5049;15;;;
'2023-11-05';ffeda250-2acd-11ee-a12d-c5cd79fded61;13;;;
'2023-11-05';c41758c0-9a7c-11ed-96f8-85c276d49420;11;;;
'2023-11-05';d1012630-6ce8-11ee-98e6-1ba8b3561d2d;28;;;
'2023-11-05';28f964b0-727f-11ee-be52-892917c2cb4a;13;;;
'2023-11-05';46fdd5b0-3f2e-11ee-98d6-b34bfcc77257;12;;;
'2023-11-05';49fc15b0-6efe-11ee-ace0-fd5bd1dc1911;12;;;
'2023-11-05';34804670-5b95-11ed-a84f-ef575c8f954e;12;;;
'2023-11-05';41929e00-ed7f-11ec-9312-0d11536d0b37;12;;;
'2023-11-05';8f0a6d60-62d7-11ee-a7e5-7552154dd601;10;;;
'2023-11-05';adbdffd0-f5b4-11ea-9ba2-c9a2de53aa70;14;;;
'2023-11-05';38d42440-09bd-11ee-9c8f-79e04d85822e;17;;;
'2023-11-05';5875f070-7b92-11ee-a6fb-8b298e83f4f7;17;;;
'2023-11-05';1950a3f0-7b41-11ee-bdad-4741fb9abb57;0;;;
'2023-11-05';1bea2dc0-7bf5-11ee-8f5e-5f4f89e5a8b9;0;;;
'2023-11-05';a29aaff0-d2ba-11ed-a048-05978c87e8b6;0;;;
'2023-11-05';6716d230-26e1-11ee-8726-d5b75c527547;0;;;
'2023-11-05';31eb4de0-7b62-11ee-9050-2d15e61fa3ca;0;;;
'2023-11-05';e716ebe0-7b60-11ee-a152-1d934c9884ea;0;;;
'2023-11-05';cdf179a0-7877-11ee-a52b-ab3bd49014ba;0;;;
'2023-11-05';c3dc0d20-4d68-11ee-8665-25f4e3154419;0;;;
'2023-11-05';bfb1b590-4dd9-11ed-84ed-6baa0af96a39;0;;;
'2023-11-05';a1181d70-7bc5-11ee-b331-b1c20dffac05;0;;;
'2023-11-05';580b1600-5aeb-11ee-a31a-718c9cb74cd4;0;;;
'2023-11-05';cbe265f0-6a64-11ee-8d8d-c1e74f246393;0;;;
'2023-11-05';a6568b40-8c51-11e9-b000-67ecbebd36fb;0;;;
'2023-11-05';eb8ac230-c14f-11ed-8e27-a5ed7c70f35d;0;;;
'2023-11-05';15afd5d0-f613-11ed-bf4e-c978868cb8ce;0;;;
'2023-11-05';0172d0d0-d022-11ec-add7-4d217eb6dbb3;0;;;
'2023-11-05';e2c41360-af2e-11ec-a79f-33c5a6212867;0;;;
'2023-11-05';3e20ab30-770d-11ea-8ab0-911982cb3ffb;0;;;
'2023-11-05';a94453d0-a4fd-11ea-b3c7-8bc9a322fcce;0;;;
'2023-11-05';97de97b0-6024-11ed-abc6-85d64e3538b4;0;;;
'2023-11-05';303ac730-680f-11ed-bc64-e162e43d294c;0;;;
'2023-11-05';7b5d7b00-ec0c-11ed-b9bd-49caa2eec547;0;;;
'2023-11-05';a5f4fc40-3517-11ee-838e-e51c7695bc85;0;;;
'2023-11-05';e7ef2120-db05-11eb-9f31-31a82e2956fe;0;;;
'2023-11-05';b1ea30f0-f599-11ed-a498-37a0d8b2442a;0;;;
'2023-11-05';7a4df8a0-5f40-11ee-87a1-c3bd1700174f;0;;;
'2023-11-05';5559b200-bc2b-11ec-94d7-d5cdeb7721e6;0;;;
'2023-11-05';e247acc0-1c7a-11ee-bda5-8961e2ebcb05;0;;;
'2023-11-05';1ce98380-dbc4-11ea-9602-c558fecff054;0;;;
'2023-11-05';e67c9a20-4359-11ee-af36-abd1a59c452e;0;;;
'2023-11-05';9c8d4a30-4793-11e8-84c6-8defda07d6b5;0;;;
'2023-11-05';0e518740-7bc2-11ee-ae1d-3be3a5074b01;0;;;
'2023-11-05';01bfd440-284a-11e8-9b9e-1db8181a6676;0;;;
'2023-11-05';57646160-f4f3-11ed-836f-b9fc40cf18da;0;;;
'2023-11-05';4a062490-7bf3-11ee-9fa7-ffdb6ccfaa55;0;;;
'2023-11-05';d0b5b640-7815-11ee-ba60-d55fcf62803c;0;;;
'2023-11-05';8ba2ae90-9be6-11eb-9d8f-4f71aa2d7fda;0;;;
'2023-11-05';83dc6ec0-5dec-11ed-a7f8-43cd2dca137b;0;;;
'2023-11-05';f3442640-28b7-11ee-8bfc-2f2d398b3974;0;;;
'2023-11-05';29fc9ba0-16b0-11ee-a15b-f5d1bb5307e7;0;;;
'2023-11-05';b776cdd0-6d03-11ee-b7d9-9fb72f14ae51;0;;;
'2023-11-05';55dd0b50-b8d4-11ec-a5cf-6ff7cfa0bdc8;0;;;
'2023-11-05';4336ca90-7b92-11ee-af0b-a75212413eab;0;;;
'2023-11-05';38e36d90-b9da-11eb-a386-99254fc8580c;0;;;
'2023-11-05';c43226c0-3c2d-11ee-9f42-0794c5e31695;0;;;
'2023-11-05';62d024f0-5113-11ed-a2ea-0da72871968a;0;;;
'2023-11-05';fdf74580-7a2a-11ee-a504-4d6a0d72d60c;0;;;
'2023-11-05';152d7400-bcbb-11ed-a0af-3f0f438fc3d5;0;;;
'2023-11-05';0e5167e0-aad7-11ed-8d8d-ab1bcb5d0683;0;;;
'2023-11-05';14798ab0-56f5-11ee-89c0-8b393ab6fd44;0;;;
'2023-11-05';51dc3c40-69f3-11ec-848c-2714b3b1ce53;0;;;
'2023-11-05';3f641480-5d37-11eb-8dac-3d1747340271;0;;;
'2023-11-05';dea9d400-d805-11eb-900c-b38b424d9453;0;;;
'2023-11-05';7eac3240-2b01-11ee-81ca-5b80aba8b8cd;0;;;
'2023-11-05';00e09090-84ef-11ec-9cec-31cdcd0020ff;0;;;
'2023-11-05';c936caf0-7b9c-11ee-8c0b-83d824650d51;0;;;
'2023-11-05';9d749630-b89a-11eb-99c9-f165f45c3904;0;;;
'2023-11-05';2a6601f0-da4c-11eb-91a9-4d0f343bc699;0;;;
'2023-11-05';20674650-8761-11ed-83c1-ed1d38ae89dc;0;;;
'2023-11-05';491848d0-0086-11ee-af2c-ab4d4b149261;0;;;
'2023-11-05';d464b0c0-8ce9-11ec-919b-bb5c673b6789;0;;;
'2023-11-05';93862700-584e-11ee-b5a3-c7347cfaecef;0;;;
'2023-11-05';0a3a5d60-5d2e-11ee-9230-8ba7f1561ede;0;;;
'2023-11-05';424d1220-63bd-11ee-bf5c-2915cf679904;0;;;
'2023-11-05';415258b0-76e8-11ee-9a0c-658a7b2f79da;0;;;
'2023-11-05';d4c20990-2a06-11ed-81f9-61d4f0382a99;0;;;
'2023-11-05';24eae8f0-7ba1-11ee-a8d4-d189812c81c1;0;;;
'2023-11-05';28402750-3222-11e8-bf18-af6030bd73a2;0;;;
'2023-11-05';03ccde60-46bb-11ed-a45b-b7db8c961393;0;;;
'2023-11-05';a3571100-31c3-11ee-814a-7d416b5c6a38;0;;;
'2023-11-05';1b9f8ff0-7700-11ec-a3b8-879f66caf29d;0;;;
'2023-11-05';3d8322f0-209e-11ee-bdb7-63a16ffb097c;0;;;
'2023-11-05';519c0470-3acd-11ee-b387-d31d319de8e5;0;;;
'2023-11-05';c230e1c0-5ae8-11ee-b386-5de8a6c82938;0;;;
'2023-11-05';31e023d0-5f96-11ee-b57a-d7ea1988f8fb;0;;;
'2023-11-05';05c83e80-64de-11ed-928f-ad67ec5f4b0d;0;;;
'2023-11-05';7a2ea320-d29c-11eb-aba0-cba9b7b0b7ed;0;;;
'2023-11-05';f61df2a0-373b-11ee-9e19-7b698ff07f0f;0;;;
'2023-11-05';62bfe730-6e8a-11ee-ac29-9f6e169b060e;0;;;
'2023-11-05';872c9640-7bb4-11ee-b5c5-dd0314671ea0;0;;;
'2023-11-05';356a1ca0-ef42-11ed-b5c3-4b793ad09650;0;;;
'2023-11-05';5549f370-eed4-11ec-844a-37590d323efc;0;;;
'2023-11-05';c1e85d40-0a38-11ec-9b62-15b196aa0b69;0;;;
'2023-11-05';5f993750-683a-11ea-96c5-0b4aa9599a94;0;;;
'2023-11-05';307fc190-9422-11eb-acd3-cd8a13a26ecf;0;;;
'2023-11-05';2f78f230-bf04-11e8-8fff-a94a1da4991b;0;;;
'2023-11-05';b0dcae50-3786-11eb-aeff-a3ff3a4100a5;0;;;
'2023-11-05';8380b140-9341-11ed-9810-87420a46fe8b;0;;;
'2023-11-05';5428a870-0ef1-11eb-b47e-b106ee8cbf87;0;;;
'2023-11-05';62142110-74d0-11ee-a6cb-2bcab00e1207;0;;;
'2023-11-05';4f2f4510-aef2-11ed-861a-c12ce37770ee;0;;;
'2023-11-05';704fa250-c082-11ea-bb43-c1bfd3d804d5;0;;;
'2023-11-05';596e85e0-3daf-11ed-9379-01359fdb3e95;0;;;
'2023-11-05';60910120-7bef-11ee-9776-03bc8d96a90d;0;;;
'2023-11-05';759c5b80-4d39-11ee-93e6-91fddc7b1be5;0;;;
'2023-11-05';3382bb60-22fd-11ee-a047-2f3da894aae1;0;;;
'2023-11-05';20bbd6d0-7a44-11ee-aab3-c98cd8572ff9;0;;;
'2023-11-05';7e296740-325e-11ec-9884-79a2c5609aa0;0;;;
'2023-11-05';47d1d680-b5d1-11ed-819a-7fe655647e59;0;;;
'2023-11-05';0c564110-2f3d-11e8-86fe-192b553f9733;0;;;
'2023-11-05';a1445bc0-7c00-11ee-895b-494585667db6;0;;;
'2023-11-05';f72d5c80-7886-11ee-80cb-6b0e60f138e5;0;;;
'2023-11-05';c9afac50-052b-11ee-a664-eb6ecf3ad1cf;0;;;
'2023-11-05';58ef58c0-2728-11ee-aa8c-c153782f64b8;0;;;
'2023-11-05';590cc7d0-7a56-11ee-b1d2-6bddbf4fb2d0;0;;;
'2023-11-05';b919eba0-ca20-11eb-b368-69bb43c71b4d;0;;;
'2023-11-05';cbb2af70-a51a-11eb-bc9a-9b8287359b8f;0;;;
'2023-11-05';d6ad24d0-1f44-11ea-a2a1-21a72e8151ec;0;;;
'2023-11-05';e066e4d0-16fd-11ed-b7b0-47b2474cb7da;0;;;
'2023-11-05';38f23a60-60d6-11ed-9055-050ecf74bb2a;0;;;
'2023-11-05';c3f46530-7bcd-11ee-83af-231ec71692b7;0;;;
'2023-11-05';756f7e80-6c99-11ec-9222-bd4fea1f018b;0;;;
'2023-11-05';68c5d770-0f96-11ec-bc22-2fcf25d4e60c;0;;;
'2023-11-05';2a3e75a0-2777-11eb-a5c7-c3e2e3534623;0;;;
'2023-11-05';d0e78190-561c-11ee-9604-61cab66a9198;0;;;
'2023-11-05';73afa360-3fbe-11ed-9dc9-63ac06a28e1b;0;;;
'2023-11-05';0dd23d90-65a7-11ee-a3c8-0993c856471f;0;;;
'2023-11-05';daed2f70-6dcb-11ee-a3ed-85faed8b53a2;0;;;
'2023-11-05';070dc120-795f-11ee-b2b7-05ecab5c7e20;0;;;
'2023-11-05';f5c917b0-19f6-11ee-9ff9-bb2aeb994a1d;0;;;
'2023-11-05';319d60c0-d4b5-11ed-b3f1-075c94612de9;0;;;
'2023-11-05';e64e9970-106a-11ea-a81f-2d486e26c435;0;;;
'2023-11-05';8cd4bd90-710d-11ee-880d-49ae2c0270c8;0;;;
'2023-11-05';17106bb0-b3d9-11ec-8539-4f93fa6e64e3;0;;;
'2023-11-05';28f71f90-7be7-11ee-8d71-21c8f7c4a52f;0;;;
'2023-11-05';139b02d0-6f65-11ee-8688-051b8ea561a8;0;;;
'2023-11-05';1500b4b0-7b97-11ee-88db-6f260482a301;0;;;
'2023-11-05';6606a8f0-e89f-11ed-8ba3-5dedf1f8d853;0;;;
'2023-11-05';f765bf90-0ea4-11ee-bd36-edf492686eda;0;;;
'2023-11-05';4e106140-7b3a-11ee-92fa-b55e61effde7;0;;;
'2023-11-05';8e5cf150-75f0-11ed-a1e1-152f87ceceb1;0;;;
'2023-11-05';79ecf300-e5d5-11ed-ade6-05d8562a17db;0;;;
'2023-11-05';ec3586e0-7b38-11ee-8b33-0f8dc5fa082e;0;;;
'2023-11-05';a9db1900-28ea-11ed-8b42-1131e1e9c240;0;;;
'2023-11-05';470235b0-80c2-11eb-a8c5-b1679e82f09d;0;;;
'2023-11-05';02a1d900-a64c-11ed-a3c5-4da84c18504e;0;;;
'2023-11-05';e280f760-1e4a-11ee-86e8-b13ced4dad7a;0;;;
'2023-11-05';9b21f7d0-4950-11ee-8c30-bf2e81166e37;0;;;
'2023-11-05';37346470-1ac6-11ec-98f9-e912f416724e;0;;;
'2023-11-05';5edda700-85b6-11ed-89db-791595c6dafe;0;;;
'2023-11-05';f3b628a0-c343-11ed-9921-55a0f4b576b3;0;;;
'2023-11-05';a315d110-a5d0-11ed-b8df-d5ae0d370852;0;;;
'2023-11-05';f165b8c0-bffd-11ed-b68b-cb215499e0ad;0;;;
'2023-11-05';5f2afc00-78cf-11ee-b854-b99a46e8257e;0;;;
'2023-11-05';f5912b00-0c51-11ee-82b4-47d4a006bbc9;0;;;
'2023-11-05';3f135fc0-3073-11ed-b4c2-c71263826404;0;;;
'2023-11-05';c113bc30-7727-11ee-a504-8dc5bae5dd2c;0;;;
'2023-11-05';fad768a0-5d19-11ed-bd00-27d3abd73c1a;0;;;
'2023-11-05';38d27c70-840a-11eb-a430-2f519e1f43ef;0;;;
'2023-11-05';e3f2d710-7b35-11ee-9033-cb2e85448b95;0;;;
'2023-11-05';79bedff0-4ffb-11eb-af7c-350316180a48;0;;;
'2023-11-05';6007dd90-74f1-11ea-9415-f927bf30edd6;0;;;
'2023-11-05';989e56f0-b4ca-11ec-afc9-7f63059dcb21;0;;;
'2023-11-05';9e8fb0c0-7bb8-11ee-a394-09b1c784bda5;0;;;
'2023-11-05';1d265690-099d-11ec-8c1f-279bde56d3d4;0;;;
'2023-11-05';483895f0-74fc-11ea-bc6d-857809c5e39f;0;;;
'2023-11-05';50c92780-6d77-11ee-af0c-ff04390ef785;0;;;
'2023-11-05';c6fdbfd0-eb6a-11e9-afe3-3bd0b1ddc132;0;;;
'2023-11-05';9be4b9b0-7591-11ee-972a-d773bfe779bd;0;;;
'2023-11-05';c510fe80-4728-11e9-935b-a78ce399b5c8;0;;;
'2023-11-05';116acc80-8d3f-11eb-96bc-c758b4ed37d5;0;;;
'2023-11-05';015e7040-6e41-11ee-b1dc-6119ce6cae0b;0;;;
'2023-11-05';4eabb280-5e84-11e9-80b3-093a3ec356a3;0;;;
'2023-11-05';c833e280-b264-11ec-9cfc-d1b2afac792e;0;;;
'2023-11-05';195259d0-8420-11ec-bfc4-2f1afe274b2b;0;;;
'2023-11-05';75b20420-0d69-11eb-8c71-d7addfc31ca7;0;;;
'2023-11-05';1f1cd160-9298-11ed-8474-7bd963433a2a;0;;;
'2023-11-05';86243f30-3076-11ed-b92a-738db5eada26;0;;;
'2023-11-05';ed832b60-7bce-11ee-96a1-0dd6ddeb24ee;0;;;
'2023-11-05';eb648b40-29f7-11ee-9e11-efae88cacb8f;0;;;
'2023-11-05';a4db9460-d7f3-11ea-a881-d576d1a06d25;0;;;
'2023-11-05';147a9d90-7b0f-11ee-a2e2-395fcfb80cec;0;;;
'2023-11-05';eeae79f0-6da7-11eb-9cbe-974b838a1a4f;0;;;
'2023-11-05';c69fb290-77fd-11ee-9102-2937b23c052b;0;;;
'2023-11-05';f487ad20-51bb-11ed-8b5d-790907ccf4e0;0;;;
'2023-11-05';a0ea6ba0-39b7-11ee-a9cf-eb96f47b35d8;0;;;
'2023-11-05';e5659aa0-70a5-11ee-8647-811d53d1d803;0;;;
'2023-11-05';3437ae40-7bb7-11ee-88cb-1b6b0217f3b8;0;;;
'2023-11-05';466fbf60-fa36-11ed-a14a-67347299561e;0;;;
'2023-11-05';2dd72f50-7bdd-11ee-bb27-83bc253f7bae;0;;;
'2023-11-05';7d6767b0-6611-11ee-a513-3346bc95f644;0;;;
'2023-11-05';b1c90ad0-9174-11ed-973f-d9c0d2c30895;0;;;
'2023-11-05';8ed6f1c0-eff5-11ec-beb2-39b9f7195fe5;0;;;
'2023-11-05';7017a720-2d61-11ee-90ac-75a9a49209d9;0;;;
'2023-11-05';34061640-095f-11ec-8e63-4b3c41117f08;0;;;
'2023-11-05';fd993f30-2bd5-11ec-8e4d-cd447c23ea2d;0;;;
'2023-11-05';438855d0-67d7-11eb-ba32-55dcd093b535;0;;;
'2023-11-05';8313cd60-4303-11ee-b9f7-77e376310446;0;;;
'2023-11-05';3c07be10-ad51-11ed-9123-7986d83596a7;0;;;
'2023-11-05';b2be1e20-fafc-11ed-9a9d-b7cfc0948799;0;;;
'2023-11-05';b2a22080-3d7d-11ee-a298-2dc0e0cd14dc;0;;;
'2023-11-05';3d686940-5115-11ee-ba76-37768df1ef24;0;;;
'2023-11-05';72895d50-4f35-11ee-ac2c-47f6fe2c9bad;0;;;
'2023-11-05';31b2e010-7900-11ec-99fc-6da98159c5a1;0;;;
'2023-11-05';796719c0-f542-11ed-8644-ebf739c9f803;0;;;
'2023-11-05';c61f6f40-7b90-11ee-bdb5-37f38c43ef59;0;;;
'2023-11-05';28b382d0-387b-11ee-be78-39889ce96ff7;0;;;
'2023-11-05';bc9da250-24b2-11ee-b905-0511b6c94b04;0;;;
'2023-11-05';2a4d88a0-e136-11eb-89f8-bbb9b37ee5ab;0;;;
'2023-11-05';382484b0-4976-11ee-920e-2dc0028340f6;0;;;
'2023-11-05';1229dc30-77a0-11ee-9e15-27af59f19b25;0;;;
'2023-11-05';19c69e50-fca2-11ea-8e1f-0b2f1f358f1b;0;;;
'2023-11-05';6d656ad0-24ce-11ee-98ae-69359935c18d;1;;;
'2023-11-05';57b1cef0-6669-11e8-9c9a-6f7b82138f2a;1;;;
'2023-11-05';fc313d30-77a4-11ec-874d-c59919a0bae3;1;;;
'2023-11-05';994856c0-64e4-11ee-8c1a-19cace690c43;1;;;
'2023-11-05';2c4ca150-b4b2-11eb-bceb-c907bb5088fb;1;;;
'2023-11-05';d7df65e0-b95a-11ec-8bd0-ef233af3add6;1;;;
'2023-11-05';bf599260-e92d-11ea-9ff9-3f278c6c2286;1;;;
'2023-11-05';0393d280-7b55-11ee-bfcc-a35b5e693e26;1;;;
'2023-11-05';2b1b0bd0-7bf9-11ee-aeb0-27fc72bc2a98;1;;;
'2023-11-05';b9553df0-bc36-11ec-baaf-a1b8f0d96ba2;1;;;
'2023-11-05';4c74dbc0-2494-11ed-a524-e5c8fdfa1659;1;;;
'2023-11-05';e1551310-7806-11ee-b76f-b98e5cf1cc76;1;;;
'2023-11-05';60355210-28de-11eb-aa02-c3649cfe7f71;1;;;
'2023-11-05';4a4b0cb0-f302-11ed-9814-e75cfbfa6ff7;1;;;
'2023-11-05';7f31b550-7be7-11ee-96bd-af0919073443;1;;;
'2023-11-05';afb68e30-6de1-11ee-bd08-79d953c2a86e;1;;;
'2023-11-05';fce02e60-7312-11ee-9933-416e697ac345;1;;;
'2023-11-05';a5b50490-a326-11ea-b3dc-57eaa8574825;1;;;
'2023-11-05';9d657c50-6965-11ec-a4a9-912dae094ad1;1;;;
'2023-11-05';3a04c150-214d-11ea-b5fe-69726f78d9f0;1;;;
'2023-11-05';07b72fd0-9b9d-11ed-b7f1-ad5503750a0d;1;;;
'2023-11-05';81df23c0-a392-11ec-ad26-ab3ffde045bc;1;;;
'2023-11-05';67937bc0-7b21-11ee-b82b-c3aa4f24fb8b;1;;;
'2023-11-05';3602fdc0-8053-11ed-8842-6186ea42f903;1;;;
'2023-11-05';c0172630-7747-11ee-9ede-1db2587d11a7;1;;;
'2023-11-05';426c0c10-2670-11e8-952c-5397ebbba8bb;1;;;
'2023-11-05';8aca5ab0-4c2d-11ed-ba4f-3339b0969613;1;;;
'2023-11-05';cb77ea80-eafa-11ec-815a-913545fe7734;1;;;
'2023-11-05';0242d930-1462-11ee-ae41-235de54017d3;1;;;
'2023-11-05';a9130d90-1488-11ee-bf9c-334665fce815;1;;;
'2023-11-05';91d03de0-5aa8-11e9-8950-bf92d487a3a9;1;;;
'2023-11-05';ed63c750-5902-11ee-bc43-ab74cc8a2f13;1;;;
'2023-11-05';db16f610-7b96-11ee-b8c1-07d2441e63a0;1;;;
'2023-11-05';76b0c600-7bce-11ee-8dc8-9379b4ef704b;1;;;
'2023-11-05';5785b220-7b94-11ee-a1f2-9177e203cf41;1;;;
'2023-11-05';4e3daf80-50cc-11ee-9ebe-591999f6a7a6;1;;;
'2023-11-05';429a43c0-8a47-11ec-bc8c-830ed76dbb98;1;;;
'2023-11-05';5f512d70-cfb1-11ed-9312-69c963da4344;1;;;
'2023-11-05';1b4d8e70-baa1-11ea-a3b0-ad9b975d5fe0;1;;;
'2023-11-05';aeb2ecb0-0a7f-11ee-aec8-614c1369af3b;1;;;
'2023-11-05';9d01a210-2671-11e8-92f4-65a7e7cd4ad4;1;;;
'2023-11-05';f67af260-7747-11ee-95b1-c90f48d8dcba;1;;;
'2023-11-05';be6c1d60-7038-11ee-8101-7fb21bc0418a;1;;;
'2023-11-05';e73d1f50-ffdd-11eb-a49c-814d99123145;1;;;
'2023-11-05';f7872f90-627d-11ee-b706-57462acbe98b;1;;;
'2023-11-05';fa04c580-9d85-11eb-b366-5bf28c116536;1;;;
'2023-11-05';aa9b5be0-6f95-11ea-bd4f-81608d74ea67;1;;;
'2023-11-05';200dc970-cf93-11ed-9a46-cf1e3e2e9030;1;;;
'2023-11-05';43533520-1a4b-11ee-a639-977e7f2d2977;1;;;
'2023-11-05';1b271ca0-7ac8-11ee-932c-df7b9177499c;1;;;
'2023-11-05';36b40650-a165-11ed-8972-5bfa8c140405;1;;;
'2023-11-05';105347d0-3eb8-11eb-9fcd-3b6c01c8312c;1;;;
'2023-11-05';dee92d50-6b3b-11ee-ae38-b77b5e18d421;1;;;
'2023-11-05';a027cd40-73b2-11ee-a9dc-fd6485916bdf;1;;;
'2023-11-05';18478c90-4ff8-11ee-a1e0-5fa62ab05117;1;;;
'2023-11-05';d7dd36c0-df75-11ed-aabd-a9f307ee6f6f;1;;;
'2023-11-05';ecdd4bc0-2edd-11ee-8089-99f61dbe7a4d;1;;;
'2023-11-05';373961c0-35df-11ed-8206-bd519374e178;2;;;
'2023-11-05';70b39370-c1bd-11ed-b290-a1a120fcbe4b;2;;;
'2023-11-05';5c079c00-e800-11ed-bf2f-2166ba489b19;2;;;
'2023-11-05';1842af20-76f2-11ed-a5ce-fdabccc41894;2;;;
'2023-11-05';c9252b70-40c7-11ee-8af7-93e4dc85e9d5;2;;;
'2023-11-05';ff52b590-2297-11ed-8cb9-e5dc54b353b6;2;;;
'2023-11-05';91411250-98ca-11ed-9b09-779a683509cb;2;;;
'2023-11-05';8326d2c0-c2a7-11ed-8ca3-2df7ef14a5f8;2;;;
'2023-11-05';2fcb3a90-7b42-11ee-bca9-9bf03a0c7ea7;2;;;
'2023-11-05';be12f690-6845-11ee-8092-db50612adcfc;2;;;
'2023-11-05';f8bcf870-007d-11ee-a4cc-b78bb8741938;2;;;
'2023-11-05';ec2e5230-7afc-11ee-873a-9b0c9fffb6ff;2;;;
'2023-11-05';cdba1410-ddea-11e8-9dd4-fd158fbdf95b;2;;;
'2023-11-05';652b0e30-3a08-11e8-9719-f99264cb83ea;2;;;
'2023-11-05';1deb3ca0-7bef-11ee-bac5-95190d3590e5;2;;;
'2023-11-05';09758de0-dc65-11ed-a11d-732d2ab187eb;2;;;
'2023-11-05';177d5680-b66e-11eb-b3c0-9d91e2a22b87;2;;;
'2023-11-05';b2d9b190-a47a-11ed-8800-7f0b6be9ce29;2;;;
'2023-11-05';ef5e2000-c960-11ed-8b65-b533c930a496;2;;;
'2023-11-05';b4d28780-046b-11eb-a7aa-2f3d29bb7930;2;;;
'2023-11-05';fc4ad470-7bdf-11ee-bf07-49e2a924a598;2;;;
'2023-11-05';3aa5e760-d3a1-11ed-b6d4-25cf9788359e;2;;;
'2023-11-05';20302200-ef57-11ea-8e78-6dabe8b79719;2;;;
'2023-11-05';ec827590-bb97-11ea-ad9a-ff887af5bee7;2;;;
'2023-11-05';5148c190-367c-11ec-9941-c123953e9367;2;;;
'2023-11-05';0a785400-7749-11ee-81dc-d10bff479dd5;2;;;
'2023-11-05';77d26ec0-9a8c-11ea-a2fd-3d9ff5d8d5c2;2;;;
'2023-11-05';d95f40a0-57cb-11ee-96ca-adfc5645a424;2;;;
'2023-11-05';6ff64ff0-c739-11ed-b55b-2d1221318693;2;;;
'2023-11-05';b1aa8a50-b376-11ed-8615-21dc0e3d3ff5;2;;;
'2023-11-05';dc644e90-d6fb-11ed-ba63-c7c8945732db;2;;;
'2023-11-05';f0261ff0-65c0-11ed-b8ec-79c229c6a66c;2;;;
'2023-11-05';23b7ae90-7923-11ed-8ab5-abe4ddcad02d;2;;;
'2023-11-05';e8975ce0-2e4f-11eb-92b4-dbbfe0532c6e;2;;;
'2023-11-05';f136c220-60cd-11e8-8ebd-45fc1d9c550a;2;;;
'2023-11-05';00bba140-f587-11ed-8bc0-eb1aead8ceaf;2;;;
'2023-11-05';02a6a090-6652-11ee-9586-e5eb3b3de661;3;;;
'2023-11-05';d70dcaa0-0d9b-11ec-9480-19aec6605e49;3;;;
'2023-11-05';dd058330-7be4-11ee-b39c-f37a81eb941d;3;;;
'2023-11-05';9d2e8670-5ffd-11ed-b948-512425ef053b;3;;;
'2023-11-05';26af7780-7bfd-11ee-85b8-c7e03d65756c;3;;;
'2023-11-05';fc825680-6275-11ee-a126-ff40476b8939;3;;;
'2023-11-05';93fe3b90-3680-11ee-ab2e-cbd6e044ea6a;3;;;
'2023-11-05';75240e80-e44f-11ed-a951-e539fad9f4b9;3;;;
'2023-11-05';d94e80e0-44c9-11ee-bd5d-df6656db5b76;3;;;
'2023-11-05';05520590-d607-11ed-9a94-c3117ae94577;3;;;
'2023-11-05';a11b4930-7bae-11ee-8b2a-31e90bee8ae5;3;;;
'2023-11-05';c3e1c830-3452-11ed-b06b-6de81a8e026c;3;;;
'2023-11-05';d234f070-2821-11ed-9ce0-b7a9dd423e66;3;;;
'2023-11-05';81a62dd0-23ad-11ee-aa3f-732a118b19a8;3;;;
'2023-11-05';bec55e60-bd4d-11ec-bad1-352a3c90f6eb;4;;;
'2023-11-05';2d3755d0-3fe3-11ec-9bd5-55e2e6e796d0;4;;;
'2023-11-05';17ce4000-77db-11ee-a3a0-edfd72e146b8;4;;;
'2023-11-05';e4c316d0-8bdc-11ed-8d87-0bd1e42735fc;4;;;
'2023-11-05';345d0fb0-5cee-11ee-a031-f9e6d8874212;4;;;
'2023-11-05';1297a180-689f-11ee-83db-693882983005;4;;;
'2023-11-05';d5b61120-2a50-11e9-b361-89549bbdb7cd;4;;;
'2023-11-05';feae0780-58ac-11ec-a47c-357a41a283d1;4;;;
'2023-11-05';648c2480-c0ab-11ed-9a17-8396e86aa4ff;4;;;
'2023-11-05';0aeab060-c0e4-11e9-867a-4f46fecd3c68;4;;;
'2023-11-05';863a3530-4bcb-11ee-b8eb-29083c97876b;4;;;
'2023-11-05';0f362790-ca04-11ec-a4db-b3e333908277;5;;;
'2023-11-05';5fee9dc0-c13e-11ed-b3d1-d39ff230035f;5;;;
'2023-11-05';94505710-5eec-11ee-a1a0-7329154e49fb;5;;;
'2023-11-05';33864540-382f-11ee-a5a1-cfd5c6784c6b;5;;;
'2023-11-05';9f8e3380-c857-11ed-84d1-c9f435ee51cd;5;;;
'2023-11-05';ebad7990-7a24-11ee-8b1f-91620081e1c0;5;;;
'2023-11-05';32626fe0-39b1-11ed-867b-d1970af54b5a;5;;;
'2023-11-05';dcc7a130-31dc-11ed-b057-3f22c649db44;6;;;
'2023-11-05';9a1bb5a0-2670-11e8-bfc6-df51f8419a76;6;;;
'2023-11-05';3c2d27c0-4fd6-11eb-b89f-2ffb31b67dd6;7;;;
'2023-11-05';1fba7800-18db-11ea-a00b-cf3d2fa771e7;7;;;
'2023-11-05';cf733600-e3ea-11ed-a5b9-b3c6a94e0cba;7;;;
'2023-11-05';ea0ff620-6760-11ee-be69-935920baa5cf;7;;;
'2023-11-05';3c2a2f80-7bec-11ee-b7e5-bb5ea921f252;7;;;
'2023-11-05';a535a8c0-673c-11ee-9dc9-4773c97c8eac;8;;;
'2023-11-05';a7a3a980-1ba7-11e9-8312-23e8de2dd9b1;8;;;
'2023-11-05';211ecf40-52f0-11ee-8000-aff5e9624248;9;;;
'2023-11-06';76c28390-6d6f-11ed-8779-ddca5ac29583;32;;;
'2023-11-06';10724990-793f-11ee-a8bc-a7929dc7f7c7;16;;;
'2023-11-06';fb70a100-ff6e-11eb-ac15-a3250b1d5f52;10;;;
'2023-11-06';cd286f10-4e0b-11ee-a125-c5cfda23e91b;31;;;
'2023-11-06';f4e6fa00-d145-11ed-82e7-33b64ade8203;12;;;
'2023-11-06';24b11d20-0525-11ee-86cf-ebd60f642215;11;;;
'2023-11-06';46fdd5b0-3f2e-11ee-98d6-b34bfcc77257;19;;;
'2023-11-06';f61df2a0-373b-11ee-9e19-7b698ff07f0f;11;;;
'2023-11-06';8dadccd0-77ce-11ee-b961-d1fafc14c96a;21;;;
'2023-11-06';1fba7800-18db-11ea-a00b-cf3d2fa771e7;13;;;
'2023-11-06';487377d0-6fd8-11ee-aaa1-7996524389b0;126;;;
'2023-11-06';79adb840-7c50-11ee-ad28-9db34224510d;15;;;
'2023-11-06';3829bf60-8575-11eb-a25f-f3e01892c1ce;19;;;
'2023-11-06';38d42440-09bd-11ee-9c8f-79e04d85822e;12;;;
'2023-11-06';53036a30-35cb-11ee-b21b-556b45eda87b;19;;;
'2023-11-06';0ff816e0-4ae4-11ee-b398-5b4806a4e10c;15;;;
'2023-11-06';804c8a80-a6d8-11ed-8e01-fb933eea62c7;18;;;
'2023-11-06';4d3f45e0-ba13-11ec-929f-2de2195b88ef;0;;;
'2023-11-06';9a6ea590-0f35-11ee-ba2b-e798cbeea00b;0;;;
'2023-11-06';405012f0-423a-11ee-9ce8-4d8302e7dcc8;0;;;
'2023-11-06';e7c7b9e0-7c53-11ee-8964-11f5f2630c9e;0;;;
'2023-11-06';06156c60-564a-11ee-9e42-b3913ca46edc;0;;;
'2023-11-06';c230e1c0-5ae8-11ee-b386-5de8a6c82938;0;;;
'2023-11-06';0a54b9f0-6a65-11ee-bf89-77b46f9d2e7f;0;;;
'2023-11-06';d0e78190-561c-11ee-9604-61cab66a9198;0;;;
'2023-11-06';68c5d770-0f96-11ec-bc22-2fcf25d4e60c;0;;;
'2023-11-06';97137640-7c5a-11ee-b591-01c775eb0969;0;;;
'2023-11-06';6743cfe0-3048-11ee-b220-791bbb201f29;0;;;
'2023-11-06';29e694b0-2e97-11ed-8dc3-3742abce6e54;0;;;
'2023-11-06';264bb860-5779-11ee-93d1-bfdf2d84b8cb;0;;;
'2023-11-06';4e522b80-4f09-11eb-8aae-4d85d94db685;0;;;
'2023-11-06';3aa5e760-d3a1-11ed-b6d4-25cf9788359e;0;;;
'2023-11-06';27578f90-2ea7-11ee-9fdf-2f0158ff8387;0;;;
'2023-11-06';38f23a60-60d6-11ed-9055-050ecf74bb2a;0;;;
'2023-11-06';cae78bc0-0449-11ee-a68c-d7482786be21;0;;;
'2023-11-06';3a8fc3b0-557c-11ee-9343-b31e3ab30159;0;;;
'2023-11-06';3adeee80-5131-11ee-b640-6f4a6f09b5a3;0;;;
'2023-11-06';605068d0-dc45-11ed-9d44-810786957f5c;0;;;
'2023-11-06';26af7780-7bfd-11ee-85b8-c7e03d65756c;0;;;
'2023-11-06';15eabff0-6312-11ec-a738-2ba595a08e5b;0;;;
'2023-11-06';1dca2ef0-21cb-11ec-885e-6703ed07e631;0;;;
'2023-11-06';319d60c0-d4b5-11ed-b3f1-075c94612de9;0;;;
'2023-11-06';df11e870-7235-11ee-b391-cb4832ba6dd3;0;;;
'2023-11-06';d142f970-7986-11ee-ac79-e95c840217ac;0;;;
'2023-11-06';32430120-b98e-11ed-8676-bb88dee690e2;0;;;
'2023-11-06';c26d3200-5125-11ee-9a0f-c3816d7eb1e0;0;;;
'2023-11-06';d5c39fd0-56b9-11ee-a43f-fb7b62bd6318;0;;;
'2023-11-06';d45f0c40-7290-11ee-a68d-a576871da231;0;;;
'2023-11-06';9ea21d90-266f-11e8-bdcc-8bfb8cd4ee41;0;;;
'2023-11-06';22d18d40-537d-11ee-a15d-ebce2c055483;0;;;
'2023-11-06';415e4df0-7857-11ec-b32b-91fc60119d33;0;;;
'2023-11-06';2f3b61b0-7794-11ee-8375-f525991d5902;0;;;
'2023-11-06';f3b628a0-c343-11ed-9921-55a0f4b576b3;0;;;
'2023-11-06';77614a10-5cfd-11ee-9fae-6fe9b43efebe;0;;;
'2023-11-06';2f68dda0-5f65-11ec-a08a-c9ec309dc5b3;0;;;
'2023-11-06';29fc9ba0-16b0-11ee-a15b-f5d1bb5307e7;0;;;
'2023-11-06';b0379640-f1cf-11ec-8053-7de1b4ed170b;0;;;
'2023-11-06';48407d40-674e-11ee-a227-63a5db9e2be3;0;;;
'2023-11-06';1842af20-76f2-11ed-a5ce-fdabccc41894;0;;;
'2023-11-06';6b848100-63f4-11ee-94c1-cd564f70789a;0;;;
'2023-11-06';ba3557a0-5604-11ee-9dac-33c76089b3c1;0;;;
'2023-11-06';128c11a0-f494-11ed-a02e-0339ada41226;0;;;
'2023-11-06';58080270-45e5-11ec-b204-e3b66f1d833a;0;;;
'2023-11-06';7a597520-d591-11ec-8a54-b9eeb7e1cce7;0;;;
'2023-11-06';9d657c50-6965-11ec-a4a9-912dae094ad1;0;;;
'2023-11-06';ff52b590-2297-11ed-8cb9-e5dc54b353b6;0;;;
'2023-11-06';5cdb4150-8546-11eb-910d-a15f761d7111;0;;;
'2023-11-06';785450f0-6589-11ed-a7a2-a581e045d2fb;0;;;
'2023-11-06';2f28f8a0-4441-11ec-89a7-574dfaf70b68;0;;;
'2023-11-06';28850880-1854-11ed-a7a1-919bf16229cf;0;;;
'2023-11-06';5b5b1510-55ed-11ee-a22c-1982c2d0a823;0;;;
'2023-11-06';e7081680-b278-11ed-bc08-8d363ab79373;0;;;
'2023-11-06';fe84b590-7adb-11ed-af68-cbb201f6b904;0;;;
'2023-11-06';242ec7b0-c38e-11eb-a988-01ea511f072a;0;;;
'2023-11-06';a49377a0-08fd-11ee-96db-d318ed36db3f;0;;;
'2023-11-06';fbe6ebf0-d4fe-11ed-9289-b710d1c15c77;0;;;
'2023-11-06';8ba2ae90-9be6-11eb-9d8f-4f71aa2d7fda;0;;;
'2023-11-06';a2fab990-988b-11ed-89d2-e383ef579655;0;;;
'2023-11-06';956905f0-d5ce-11ec-af16-13a38daa0a74;0;;;
'2023-11-06';829393a0-7c58-11ee-9390-2b8afb142bee;0;;;
'2023-11-06';4abe8b10-715e-11ee-abb2-b3eb1a4b6a07;0;;;
'2023-11-06';7456e380-7a39-11ee-bcf1-0d66bdb55866;0;;;
'2023-11-06';c3405590-a5f4-11ed-84bb-359dd012499d;0;;;
'2023-11-06';d8dc7bd0-dadc-11ea-8721-1f75b0088bd3;0;;;
'2023-11-06';bc8fb610-77a8-11ee-a61b-450bbd2688d9;0;;;
'2023-11-06';987a1860-043f-11e9-b29a-657a90787be9;0;;;
'2023-11-06';b6060540-c319-11ed-815f-8f1913e716ea;0;;;
'2023-11-06';18ce05f0-3341-11ee-bc73-e15a34d28a05;0;;;
'2023-11-06';a2cac730-6081-11ee-9b55-2b1d53dd939e;0;;;
'2023-11-06';2418ed40-e322-11ed-a3c3-39019ef4fa21;0;;;
'2023-11-06';0b7e3220-a8ff-11ed-ac6e-2b8b3b227614;0;;;
'2023-11-06';38d27c70-840a-11eb-a430-2f519e1f43ef;0;;;
'2023-11-06';866d0e60-7c86-11ee-a281-4f2d5fafcc50;0;;;
'2023-11-06';e3b73680-68d2-11ee-94f8-e74144b3dd83;0;;;
'2023-11-06';72fd7830-5ca4-11ee-ac50-17c830eac301;0;;;
'2023-11-06';4cedb770-1174-11ee-b5d1-5190f485ef48;0;;;
'2023-11-06';19d6b0a0-7cb1-11ee-b08b-73b2d954c026;0;;;
'2023-11-06';637af7b0-63f3-11ee-95fe-df5ea84dbbb3;0;;;
'2023-11-06';fc825680-6275-11ee-a126-ff40476b8939;0;;;
'2023-11-06';f3b05090-6386-11ee-b738-411998dddbba;0;;;
'2023-11-06';390f3e60-61d6-11ee-842e-07b1bdeaa680;0;;;
'2023-11-06';42574c50-e4be-11ed-8be5-91dd0ec5cc9c;0;;;
'2023-11-06';612732f0-1bde-11ea-8b40-5717de2b039d;0;;;
'2023-11-06';ba70b6c0-7cc3-11ee-a2af-1f5270303e18;0;;;
'2023-11-06';58366d20-38fc-11ee-bb33-cd42cd3d7eba;0;;;
'2023-11-06';847ce9e0-1571-11ed-9878-e3fb1940b4ec;0;;;
'2023-11-06';28a70d20-916e-11ed-b4cc-134d52c5124a;0;;;
'2023-11-06';550f3020-7a6f-11ec-911c-b3231e22470b;0;;;
'2023-11-06';a262d200-baf2-11ec-8f5a-77dc8568248f;0;;;
'2023-11-06';278edd90-26e3-11ee-a05a-398345d3c672;0;;;
'2023-11-06';c644a110-52ec-11ee-8760-3390bfa49891;0;;;
'2023-11-06';b54ce1f0-f074-11ec-ba12-1f525c58d746;0;;;
'2023-11-06';d1c69c90-6436-11ee-8073-4978abb456d2;0;;;
'2023-11-06';9d1e4b60-4abf-11ec-a7ad-d7bdf6b5f44b;0;;;
'2023-11-06';00bba140-f587-11ed-8bc0-eb1aead8ceaf;0;;;
'2023-11-06';3d57c860-5921-11ee-8be7-739cd9456457;0;;;
'2023-11-06';ed63c750-5902-11ee-bc43-ab74cc8a2f13;0;;;
'2023-11-06';d9a9da10-2158-11ee-a2fc-137c94574d32;0;;;
'2023-11-06';eddddf00-7c51-11ee-80b5-6dcc752b9cfe;0;;;
'2023-11-06';ca6587b0-f85a-11ed-8cef-9190f3d2a74c;0;;;
'2023-11-06';bb702930-03c6-11eb-8aab-41d9fa53bef0;0;;;
'2023-11-06';15284c00-cbf2-11ed-b11b-95d5349ad933;0;;;
'2023-11-06';46d26e70-3763-11ee-9562-5346a1c9cb05;0;;;
'2023-11-06';47364970-7bf8-11ee-95c8-c79d5232c2cc;0;;;
'2023-11-06';0a35d6a0-5153-11ee-94b3-9bc0fa21e11d;0;;;
'2023-11-06';7a59f160-cabc-11ec-83ba-3fdc290f02d1;0;;;
'2023-11-06';a52a6790-7c58-11ee-b31f-a17ea8ebca96;0;;;
'2023-11-06';fbc98380-c324-11ed-8590-c540be38b137;0;;;
'2023-11-06';a2b1eb10-7324-11ee-8d99-85c548985373;0;;;
'2023-11-06';c1814320-0132-11ed-b2c6-09f0df5ce4b7;0;;;
'2023-11-06';bbe82330-7f99-11ed-b788-03a83d95748b;0;;;
'2023-11-06';213ff230-7c79-11ee-a857-d522f2880510;0;;;
'2023-11-06';6a66c320-a782-11ed-897b-f7cb01d054e6;0;;;
'2023-11-06';7934c600-6e1e-11ee-9e79-25f6a303b552;0;;;
'2023-11-06';6ad1f470-e340-11ed-bfb0-5bf09b1451cd;0;;;
'2023-11-06';77d78360-3021-11ed-aa9a-17c8d1aeb8be;0;;;
'2023-11-06';8a2ed430-2e10-11e9-8b85-733612b647ec;0;;;
'2023-11-06';8cff82f0-d842-11ed-a552-f166b4052c99;0;;;
'2023-11-06';1d6e1220-5868-11ee-8d38-13797feadc55;0;;;
'2023-11-06';b78743e0-d902-11ec-b18a-f5d4e8e8e12e;0;;;
'2023-11-06';dc3a5a00-61c4-11ee-a32d-2509976575da;0;;;
'2023-11-06';215485b0-b79c-11ea-ba32-23e5d489dfec;0;;;
'2023-11-06';131643f0-7cc2-11ee-87b2-4990df245f59;0;;;
'2023-11-06';a78838c0-a338-11ea-99bf-494743ca6e16;0;;;
'2023-11-06';688b19a0-3709-11e8-b3f7-dd1f57ee5456;0;;;
'2023-11-06';632dd1c0-903f-11ed-92d4-9b5b5ef03acb;0;;;
'2023-11-06';c85aca20-7c5d-11ee-acef-9bb7d4f61f39;0;;;
'2023-11-06';adbdffd0-f5b4-11ea-9ba2-c9a2de53aa70;0;;;
'2023-11-06';01cd9790-74a9-11ee-9166-a9987476f320;0;;;
'2023-11-06';62d648d0-7276-11eb-a24e-3b66914edb0e;0;;;
'2023-11-06';17106bb0-b3d9-11ec-8539-4f93fa6e64e3;0;;;
'2023-11-06';d3e147d0-c961-11ec-8dbc-91522cfcdb7f;0;;;
'2023-11-06';06680da0-5c47-11ee-8212-abfe30d49c34;0;;;
'2023-11-06';134add00-7c08-11ee-9d1c-d598598b35ec;0;;;
'2023-11-06';e416e210-7caf-11ee-b5b0-470b4c205b92;0;;;
'2023-11-06';f5047cb0-bedb-11ec-b82f-19a3800eb60a;0;;;
'2023-11-06';c84d4580-4b9d-11ee-b8d1-8f49424ec588;0;;;
'2023-11-06';49248f30-be2a-11ed-981e-ddcea548052c;0;;;
'2023-11-06';a0ea6ba0-39b7-11ee-a9cf-eb96f47b35d8;0;;;
'2023-11-06';cbe265f0-6a64-11ee-8d8d-c1e74f246393;0;;;
'2023-11-06';0020a4c0-7402-11ee-b7d6-418bdd68d3fb;0;;;
'2023-11-06';fcdeee90-79a4-11ee-a91d-99e785e1452f;0;;;
'2023-11-06';71d06080-f633-11ed-b525-0f6a37bdae54;0;;;
'2023-11-06';32576a80-a39f-11ec-a680-09fcc5f5cdba;0;;;
'2023-11-06';5c5225c0-9870-11ed-ae85-019e14031a0e;0;;;
'2023-11-06';8e494880-0038-11ee-b66b-99edbc721dbb;0;;;
'2023-11-06';a4db9460-d7f3-11ea-a881-d576d1a06d25;0;;;
'2023-11-06';f67f43c0-b05f-11ec-b910-cbb0b23ba974;0;;;
'2023-11-06';3d0629e0-d7fb-11ec-9cc6-892073864f49;0;;;
'2023-11-06';23b7ae90-7923-11ed-8ab5-abe4ddcad02d;0;;;
'2023-11-06';c5c8bbb0-4bd8-11ee-bf3c-f95b3c982500;0;;;
'2023-11-06';11c6d7f0-6294-11ee-ba99-8303071649fa;0;;;
'2023-11-06';e27f6c70-a463-11e9-b729-6d54f7ac96bf;0;;;
'2023-11-06';a2a425c0-0452-11ee-9ee9-af244dd07214;0;;;
'2023-11-06';b11fb800-65c6-11ee-a44c-8feab167daf2;0;;;
'2023-11-06';0d0167b0-7c5e-11ee-ad0d-7bf57e9976ab;0;;;
'2023-11-06';aa687b50-57f9-11ec-8daa-e56655ea343f;0;;;
'2023-11-06';497b3150-9469-11ec-a168-0d12fd87beaf;0;;;
'2023-11-06';01bfd440-284a-11e8-9b9e-1db8181a6676;0;;;
'2023-11-06';cdba1410-ddea-11e8-9dd4-fd158fbdf95b;0;;;
'2023-11-06';c0c9b230-d9e7-11ed-a0fe-bb23f8b896d6;0;;;
'2023-11-06';9dc265c0-b101-11ed-870e-e97cfd69c128;0;;;
'2023-11-06';05eecfe0-7c0d-11ee-b964-47fa2161e39d;0;;;
'2023-11-06';da33a030-513f-11ee-818d-2b8f59562586;0;;;
'2023-11-06';bd3e02e0-34ca-11ee-a1d4-13eeda6f63af;0;;;
'2023-11-06';38c4e8c0-4bfa-11ee-81ff-378deae04036;0;;;
'2023-11-06';0ef020b0-cc88-11ed-ae51-8324b713689c;0;;;
'2023-11-06';34061640-095f-11ec-8e63-4b3c41117f08;0;;;
'2023-11-06';4c7e8ce0-550a-11ee-a69c-31db4634fca4;0;;;
'2023-11-06';1d265690-099d-11ec-8c1f-279bde56d3d4;0;;;
'2023-11-06';510dd8c0-5cfc-11ee-8a47-f95ef282204a;0;;;
'2023-11-06';87849580-79ec-11ee-bac8-7bfae81dde28;0;;;
'2023-11-06';aa768340-5834-11ec-b6c7-c717ad89ff9a;0;;;
'2023-11-06';0c1031e0-e4a8-11ed-9e2b-e9731131cca2;0;;;
'2023-11-06';3ecafa20-88c4-11ec-a6c9-e7e5670df1d1;0;;;
'2023-11-06';7a4df8a0-5f40-11ee-87a1-c3bd1700174f;0;;;
'2023-11-06';782824a0-6270-11ee-ba0d-abd966660e4c;0;;;
'2023-11-06';bff80070-7c60-11ee-ac2e-6b75197a5c36;0;;;
'2023-11-06';8ff31860-6e4b-11ee-9196-0d7a410ed115;0;;;
'2023-11-06';435e6290-6821-11ea-8842-fd949a2f82fb;0;;;
'2023-11-06';0e6ee940-69b9-11ee-937c-831cdced5e38;0;;;
'2023-11-06';46e93450-b7c9-11eb-836a-1749aff69fc4;0;;;
'2023-11-06';e272c0a0-007c-11ee-80cb-2d8486c656e2;0;;;
'2023-11-06';0fe2a480-2c0a-11ed-b6f0-0f6e4060d1d6;0;;;
'2023-11-06';5b421dc0-c7c0-11eb-9be8-cd2c10a60dba;0;;;
'2023-11-06';e200b690-c3c3-11ed-a968-71198b08969d;0;;;
'2023-11-06';17610930-58cf-11e8-bc52-fbc4499d07ad;0;;;
'2023-11-06';20c59e40-06ea-11ee-a772-edfb1574a08e;0;;;
'2023-11-06';369bb660-627a-11ed-9783-415677af7f4a;0;;;
'2023-11-06';835c0630-667f-11ee-8760-c1980ef296da;0;;;
'2023-11-06';f97da630-4040-11ee-b466-d54e1420e73f;0;;;
'2023-11-06';37e32200-948b-11ec-9695-c918fcda5fe0;0;;;
'2023-11-06';6bdbdf50-cb61-11eb-a7d2-399358e62b46;0;;;
'2023-11-06';6ee7f510-df16-11e8-a1ac-a75d73780644;0;;;
'2023-11-06';f7872f90-627d-11ee-b706-57462acbe98b;0;;;
'2023-11-06';4c2e1810-518a-11ee-ad25-4bf073169951;0;;;
'2023-11-06';2d3755d0-3fe3-11ec-9bd5-55e2e6e796d0;0;;;
'2023-11-06';09b7dee0-f2de-11ed-afe7-c98d76dac619;0;;;
'2023-11-06';b56e0810-7c02-11ee-b69b-3750ddff7750;0;;;
'2023-11-06';852a80a0-fca5-11ea-8036-7b80fe355e3b;0;;;
'2023-11-06';022e6ae0-7c6d-11ee-94df-d14bef60716b;0;;;
'2023-11-06';0e131f80-605e-11ed-b551-338ebb081c33;0;;;
'2023-11-06';0167d0a0-7c9b-11ee-b28a-6b5733231102;0;;;
'2023-11-06';32b3ba10-33a2-11eb-8aee-8751efd2dc63;0;;;
'2023-11-06';191c9110-9087-11ec-ace4-d10f5b687971;0;;;
'2023-11-06';eabded70-7c69-11ee-a1ef-afb72746a438;0;;;
'2023-11-06';3a162160-6f5b-11ee-b5e3-f9568e742001;0;;;
'2023-11-06';5b7e4b40-eb2a-11ec-a294-d9fd6ca7638e;0;;;
'2023-11-06';d2e75d10-c182-11ec-8110-21c567b6dfab;0;;;
'2023-11-06';cbb2af70-a51a-11eb-bc9a-9b8287359b8f;0;;;
'2023-11-06';580b1600-5aeb-11ee-a31a-718c9cb74cd4;0;;;
'2023-11-06';cecce9a0-e1d6-11ed-9202-1122500419db;0;;;
'2023-11-06';7bc69380-7247-11ee-9f9c-7fad43ec4143;0;;;
'2023-11-06';a398ae80-1f4c-11eb-b3f6-0f3e8981c313;0;;;
'2023-11-06';e1dcdaa0-51fc-11ee-9635-5d1eaad89030;0;;;
'2023-11-06';2bd27670-b91f-11eb-be4e-4745f1237f5d;0;;;
'2023-11-06';0f681a10-c5e7-11eb-819c-f93422509563;0;;;
'2023-11-06';c5e955a0-5b87-11ee-9483-2967672d51c7;0;;;
'2023-11-06';4ae57830-2874-11e8-aa50-65afc3b1bceb;0;;;
'2023-11-06';61aa9be0-586b-11ee-9d78-ed8dd114beb7;0;;;
'2023-11-06';3f935ca0-c549-11ed-96f3-8950da6cb5ee;0;;;
'2023-11-06';a5ce3a50-0778-11ee-827f-e59e4b475231;0;;;
'2023-11-06';47c90e80-7a82-11ee-9397-93f94e7a026a;0;;;
'2023-11-06';4d0f6880-7c99-11ee-9990-ef5ddc28441e;0;;;
'2023-11-06';b931cd00-5e40-11ed-be59-cd8c375b0146;0;;;
'2023-11-06';a3123d50-2bc4-11ee-82b5-777539191174;0;;;
'2023-11-06';fc4ad470-7bdf-11ee-bf07-49e2a924a598;0;;;
'2023-11-06';9a0f4460-a9a2-11eb-be82-75b0b9b423a9;0;;;
'2023-11-06';41676220-ac57-11ed-a67e-9918a3bf57ba;0;;;
'2023-11-06';b2be1e20-fafc-11ed-9a9d-b7cfc0948799;0;;;
'2023-11-06';79bedff0-4ffb-11eb-af7c-350316180a48;0;;;
'2023-11-06';5f512d70-cfb1-11ed-9312-69c963da4344;0;;;
'2023-11-06';a0791c50-ce2b-11ec-b76c-43d0ada2c011;0;;;
'2023-11-06';695277a0-79b0-11ec-b627-4944962e69fc;0;;;
'2023-11-06';f1e54a80-3da8-11ee-b023-35391fda87f5;0;;;
'2023-11-06';32defa00-61b6-11ee-b9f6-2b64ffa2043f;0;;;
'2023-11-06';965bad10-7c5c-11ee-b321-71f92b63c5fd;0;;;
'2023-11-06';ad4d4aa0-3f0a-11ed-af31-69baa8086303;0;;;
'2023-11-06';20bbd6d0-7a44-11ee-aab3-c98cd8572ff9;0;;;
'2023-11-06';8c1900c0-18ff-11ee-b3c8-89750e6b01d2;0;;;
'2023-11-06';7ad09320-7cad-11ee-a0f2-f9c4eafbab01;0;;;
'2023-11-06';1e10aa50-794f-11ee-bfdc-79599212483c;0;;;
'2023-11-06';46c3e0d0-9c7d-11ec-a782-19cc976700b2;0;;;
'2023-11-06';429c6650-c107-11eb-919c-2b8cd2bff7e9;0;;;
'2023-11-06';b7166730-13d3-11ee-b9e8-a1400fae0a2b;0;;;
'2023-11-06';1ce98380-dbc4-11ea-9602-c558fecff054;0;;;
'2023-11-06';2ff3fca0-2acf-11ee-af3f-97fc25ea7271;0;;;
'2023-11-06';379ad1d0-5eec-11ee-8ee7-d5f6eeaa8bda;0;;;
'2023-11-06';cd9be0a0-3f28-11ed-9329-1f955f70f5b6;0;;;
'2023-11-06';74f789f0-9724-11ed-aca3-455ff68ddbc2;0;;;
'2023-11-06';5533f330-69d2-11ed-a718-41516b7f899c;0;;;
'2023-11-06';262fe3d0-35cb-11ee-bf75-5ba290ef6734;0;;;
'2023-11-06';9df27100-f39d-11ed-8e51-b5f6b7cdc8de;0;;;
'2023-11-06';3cc4ca70-781c-11ec-bb35-3f5bffa04101;0;;;
'2023-11-06';bf89cd40-47c6-11ee-aedd-ef5f5f776ccd;0;;;
'2023-11-06';0edbd090-ef12-11ed-92e9-3d21b1d977df;0;;;
'2023-11-06';7048a140-e582-11ec-8d0e-f78e45bdf7d6;0;;;
'2023-11-06';d24ba680-0199-11ec-b1ef-a5b74d7a2d23;0;;;
'2023-11-06';74e2ae80-bfff-11ea-a148-57e8a986b438;0;;;
'2023-11-06';55b0bbe0-7c14-11ee-97b2-57558f7778ad;0;;;
'2023-11-06';884e3980-7a6b-11ec-a1d1-bd219c76b6f3;0;;;
'2023-11-06';62bfe730-6e8a-11ee-ac29-9f6e169b060e;0;;;
'2023-11-06';2a859ee0-4783-11eb-b673-fb91f84f20b3;0;;;
'2023-11-06';005ab4d0-5206-11ee-acc1-8df1bfbbf41e;0;;;
'2023-11-06';b393a800-47e7-11ee-8c95-1b09ff18a890;0;;;
'2023-11-06';2bb74140-0457-11ee-bd36-2f1e6e4a0d5b;0;;;
'2023-11-06';347b5250-658f-11ee-8934-034263963805;0;;;
'2023-11-06';678eeea0-51f2-11ee-84f0-539bab5a3b1e;0;;;
'2023-11-06';6da43650-5a2c-11e9-a0c9-5b38449c0236;0;;;
'2023-11-06';84ec8fd0-75aa-11ee-95cc-3129598ae327;0;;;
'2023-11-06';24a994f0-7c77-11ee-8f6a-0f50c57dcc9c;0;;;
'2023-11-06';b8659480-3b2f-11ed-8f6e-b3528f8d66e9;0;;;
'2023-11-06';726bc980-ae2d-11eb-86ee-717e7adc5eba;0;;;
'2023-11-06';5f2afc00-78cf-11ee-b854-b99a46e8257e;0;;;
'2023-11-06';22664dd0-6590-11ee-a71f-ffc4750fc8ed;0;;;
'2023-11-06';e06412b0-cee9-11ed-a810-115de5673754;0;;;
'2023-11-06';a8159f20-2f81-11ee-9bff-674b29168c50;0;;;
'2023-11-06';cb080190-90c5-11ed-8cee-093727d167be;0;;;
'2023-11-06';3a005470-78e8-11ee-8382-2be57ec72ec0;0;;;
'2023-11-06';159917d0-672c-11ed-8203-591b701e6bdf;0;;;
'2023-11-06';ffedd7a0-79cc-11ed-9423-aba39d31dac6;0;;;
'2023-11-06';f58bbfa0-675d-11ee-9595-f1ab993f860d;0;;;
'2023-11-06';de046710-7c5c-11ee-b375-85b27596f01c;0;;;
'2023-11-06';ce79df20-e0fb-11ed-ae6e-e9ce17e234c0;0;;;
'2023-11-06';0e3bdc20-54f8-11ed-8f77-ef958babac1e;0;;;
'2023-11-06';341ce040-1927-11ed-9828-bdc4be7462f4;0;;;
'2023-11-06';475b1090-05f9-11ee-9467-d91149cad168;0;;;
'2023-11-06';c5047140-df6f-11ed-bd11-79403c079a37;0;;;
'2023-11-06';8eee72b0-7c7a-11ee-9fbc-2593cf675d8d;0;;;
'2023-11-06';c9608850-280f-11ec-80b9-57d381ee5d67;0;;;
'2023-11-06';6fc39270-57e7-11e8-b8eb-5dd751d2ca2c;0;;;
'2023-11-06';debc0c10-e4ff-11e9-ae89-21fc33adff6f;0;;;
'2023-11-06';41b1cbf0-f4c1-11ed-9883-a7798c0f1dcd;0;;;
'2023-11-06';f6874130-7ae6-11ee-a3e0-d3f3fbb1a5a3;0;;;
'2023-11-06';8a01c050-cc85-11ec-a74d-f1ffecab09de;0;;;
'2023-11-06';b2d9b190-a47a-11ed-8800-7f0b6be9ce29;0;;;
'2023-11-06';5bf50160-7ccc-11ee-9522-f1f4f6e54f96;0;;;
'2023-11-06';f389d150-b7e6-11ed-8ad1-455c63298437;0;;;
'2023-11-06';2aa688a0-6f83-11ee-9a17-fdb34752e1ca;0;;;
'2023-11-06';382484b0-4976-11ee-920e-2dc0028340f6;0;;;
'2023-11-06';6007dd90-74f1-11ea-9415-f927bf30edd6;0;;;
'2023-11-06';9a1bb5a0-2670-11e8-bfc6-df51f8419a76;0;;;
'2023-11-06';7a3898f0-5c2c-11ee-8bd4-3bb5d20d9ca0;0;;;
'2023-11-06';0604c1c0-b557-11ec-b7b5-4fdeb57ed229;0;;;
'2023-11-06';48ec9dd0-6192-11ee-94f1-0560d41158cd;0;;;
'2023-11-06';5c079c00-e800-11ed-bf2f-2166ba489b19;0;;;
'2023-11-06';bd27f410-d6aa-11ed-b10e-ff3b2a9f7a5a;0;;;
'2023-11-06';05f4c660-0387-11ee-8d87-29c405c7bc41;0;;;
'2023-11-06';a3549cf0-1ec7-11ed-adc7-a9d3b5d972bf;0;;;
'2023-11-06';ac910730-49d9-11ed-bf0a-1b06bb5b2b3d;0;;;
'2023-11-06';f90bec60-f343-11ed-8959-638e4770c36e;0;;;
'2023-11-06';b7f86290-7ca9-11ee-a484-1d73fb337cd4;0;;;
'2023-11-06';bb0c6e90-2d03-11ee-8c99-f7e327a31c6d;0;;;
'2023-11-06';4c74dbc0-2494-11ed-a524-e5c8fdfa1659;0;;;
'2023-11-06';11ad1180-635c-11ee-86ec-df414b7ae8f4;0;;;
'2023-11-06';96e3e890-2628-11ee-9cac-8f8b24b34e56;0;;;
'2023-11-06';d95c01c0-3279-11ec-a24c-fde3eaad75e3;0;;;
'2023-11-06';fdaff5f0-4c0c-11ee-bcc2-c9f28acf604b;0;;;
'2023-11-06';b6437080-c64b-11e8-97f2-b9eac21821e5;0;;;
'2023-11-06';63794e10-77f1-11eb-88fd-2532911a2400;0;;;
'2023-11-06';c6fd40e0-9248-11ed-b456-33262e2d98fa;0;;;
'2023-11-06';ce8f3c50-77df-11ee-8eec-81f271879ed4;0;;;
'2023-11-06';efc808b0-7c86-11ee-a660-8d9045add1cb;0;;;
'2023-11-06';fd4cb7c0-6612-11eb-97ee-5db44afc6f77;0;;;
'2023-11-06';d7c45420-fd03-11ec-9dbc-a7d5c88eaa6b;0;;;
'2023-11-06';2eb381e0-6026-11e8-8918-83262d7df997;0;;;
'2023-11-06';93680960-7c79-11ee-936f-b3b971c5c2d0;0;;;
'2023-11-06';679cf1a0-49f4-11ed-9ceb-d17b883f8cc3;0;;;
'2023-11-06';bded6290-7c90-11ee-80ec-4d407073b8e5;0;;;
'2023-11-06';e49edee0-69b8-11ee-9b04-c349c0acf9b2;0;;;
'2023-11-06';fa417680-5dfc-11ee-aed0-f3a814a656cb;0;;;
'2023-11-06';c4034370-eb2c-11ed-994e-cf4e377c5a30;0;;;
'2023-11-06';24e540f0-cf79-11ed-b0a0-03f029a5cce5;0;;;
'2023-11-06';d3510020-254b-11ee-841e-3590bf2ce428;0;;;
'2023-11-06';65615ea0-60f8-11ee-be85-0d709b34c245;0;;;
'2023-11-06';45152830-f10f-11eb-94d2-3b1b0d61e40d;0;;;
'2023-11-06';71624890-795d-11ee-b8fe-432321495df2;0;;;
'2023-11-06';e0de8cb0-7caa-11ee-99b2-230dcc5f3d5e;0;;;
'2023-11-06';5a4cd2c0-62b9-11ee-865c-df3295653ca0;0;;;
'2023-11-06';a52090a0-7783-11ee-8797-65cffc004433;0;;;
'2023-11-06';58cbb670-b722-11ed-a98b-85b1ac8519a6;0;;;
'2023-11-06';e066e4d0-16fd-11ed-b7b0-47b2474cb7da;0;;;
'2023-11-06';16e4b0b0-f631-11ed-b894-9d1389c7599d;0;;;
'2023-11-06';80633200-54e2-11ed-aedc-c7388b52eff6;0;;;
'2023-11-06';e2e75710-7bd0-11ee-9c8b-5d336a809a0e;0;;;
'2023-11-06';d9a53120-5648-11ee-a608-0d3249132a5e;0;;;
'2023-11-06';a64af780-10a2-11ec-845a-73c84b1908b3;0;;;
'2023-11-06';ac25a8b0-7939-11ee-844d-c97f903509c5;0;;;
'2023-11-06';88591d60-acf5-11ed-9ff5-d971c89ebaac;0;;;
'2023-11-06';823fa620-6a63-11ee-a621-53985e61effe;0;;;
'2023-11-06';cb446020-6f65-11ee-b9ce-a7fcc3a9fd72;0;;;
'2023-11-06';a6474eb0-813d-11e9-a9bb-55b529111fdb;0;;;
'2023-11-06';8ff88260-63ec-11e8-b028-550e0050f39b;0;;;
'2023-11-06';feee79f0-8a93-11ec-9a62-494b7a256ca8;0;;;
'2023-11-06';183c0c50-10a9-11ee-b622-73af196ed606;0;;;
'2023-11-06';2f0a6820-1985-11ee-aa32-8bc1afd5ce8e;0;;;
'2023-11-06';81907900-1722-11ee-9f26-9f9d1d496195;0;;;
'2023-11-06';13273630-2524-11ec-a50b-f505d3d449c2;0;;;
'2023-11-06';ee4fd9c0-b57e-11ec-8ef1-e763c87d7838;0;;;
'2023-11-06';70b39370-c1bd-11ed-b290-a1a120fcbe4b;0;;;
'2023-11-06';7b714c40-d6da-11ec-9827-effd37a24d2a;0;;;
'2023-11-06';58851d80-f39c-11ed-a8e8-0fb5ffe22ca5;0;;;
'2023-11-06';e03f6190-69a2-11ea-a9a5-51de07e8ae4e;0;;;
'2023-11-06';daed2f70-6dcb-11ee-a3ed-85faed8b53a2;0;;;
'2023-11-06';303ac730-680f-11ed-bc64-e162e43d294c;0;;;
'2023-11-06';ffdc9fa0-6f5b-11ee-b5d7-6d91c10c04f1;0;;;
'2023-11-06';1d386db0-7086-11ee-bfd0-cf943b9be06f;0;;;
'2023-11-06';e7430f50-f013-11ed-9e31-ff2057682a14;0;;;
'2023-11-06';685fe830-cd35-11ed-8a5f-a194ac6468f8;0;;;
'2023-11-06';133ce020-5380-11ee-aff0-9f6f1e39fcd2;0;;;
'2023-11-06';fffcb3a0-782e-11e8-9bda-4bb6e25796fe;0;;;
'2023-11-06';c43859a0-2576-11ee-95c0-f3a8eb36e260;0;;;
'2023-11-06';483895f0-74fc-11ea-bc6d-857809c5e39f;0;;;
'2023-11-06';d6e11b10-7a16-11ee-8587-897dfc9f3dd2;0;;;
'2023-11-06';f487ad20-51bb-11ed-8b5d-790907ccf4e0;0;;;
'2023-11-06';5fbd19a0-7c8f-11ee-b7a2-39ae7bdfd5d4;0;;;
'2023-11-06';6fc96410-8e2b-11ec-b456-9bfc76542ae7;0;;;
'2023-11-06';f1aed930-8742-11e9-b6d4-f9b49146ac8e;0;;;
'2023-11-06';31145bd0-ab4e-11ed-bd00-fdde66b73256;0;;;
'2023-11-06';cdf179a0-7877-11ee-a52b-ab3bd49014ba;0;;;
'2023-11-06';9d59fa40-f2dc-11ed-8534-cd4b667af185;0;;;
'2023-11-06';02f49200-afb7-11ea-8eda-05d78e841563;0;;;
'2023-11-06';0fdbed00-7c60-11ee-af2a-cd1b32352cef;0;;;
'2023-11-06';ee725600-7c81-11ee-9ac6-7989f87ae313;0;;;
'2023-11-06';c4d80b00-7c68-11ee-af94-9b2e8e6e77bc;0;;;
'2023-11-06';be12f690-6845-11ee-8092-db50612adcfc;0;;;
'2023-11-06';dea9d400-d805-11eb-900c-b38b424d9453;0;;;
'2023-11-06';e8678560-4305-11ee-961f-956a0d4c4678;0;;;
'2023-11-06';e7cef900-60cc-11ee-b04b-a3aed0f56f86;0;;;
'2023-11-06';c2bb7050-c085-11ec-a6d6-05fa39c0b5d0;0;;;
'2023-11-06';3dcb2250-6d0c-11eb-a6e8-81d26df6a203;0;;;
'2023-11-06';f3df0da0-baf8-11ec-a7c6-cd1dd79443da;0;;;
'2023-11-06';93c4cd80-dd63-11e9-9d83-31f96b825d5e;0;;;
'2023-11-06';2c4ca150-b4b2-11eb-bceb-c907bb5088fb;0;;;
'2023-11-06';5d120860-d482-11e8-84cb-3b32700906f9;0;;;
'2023-11-06';82868af0-61e3-11ee-a515-2bc7908f055a;0;;;
'2023-11-06';f165b8c0-bffd-11ed-b68b-cb215499e0ad;0;;;
'2023-11-06';aa1eb080-4088-11eb-a3a9-8935a1450f5b;0;;;
'2023-11-06';af8ccf50-4a0b-11ed-8e8d-f3e9f31df215;0;;;
'2023-11-06';2d644a10-570e-11ee-91e0-677a73c8d21e;0;;;
'2023-11-06';c6ffe040-64ff-11ee-b739-917c20951f92;1;;;
'2023-11-06';e4178690-60dd-11ee-b8ae-5d42905a5f5f;1;;;
'2023-11-06';98080be0-7c0c-11ee-afd6-b78e77b00a67;1;;;
'2023-11-06';97eddc80-3df6-11ec-8968-315368755a67;1;;;
'2023-11-06';e598fa70-b0e9-11ed-8cf5-a5eedd877d56;1;;;
'2023-11-06';57c8c940-60f3-11ee-be2e-79588e48dd15;1;;;
'2023-11-06';c89ca050-a691-11ed-ac27-eb96d3d277c6;1;;;
'2023-11-06';339ebd80-6077-11ee-b58d-494ef973954d;1;;;
'2023-11-06';d9503170-f27c-11eb-9dfb-4f0cd0571065;1;;;
'2023-11-06';44f626e0-344e-11ee-ae73-071601dcaec8;1;;;
'2023-11-06';2cd0b150-7a66-11ec-ba75-2bb49879817e;1;;;
'2023-11-06';6c4f2840-4b1a-11e8-a39d-4907cd1dfe46;1;;;
'2023-11-06';351ddba0-4d6c-11ee-b593-dfb6e579a4ee;1;;;
'2023-11-06';446d6470-7c03-11ee-80cf-01d8c0e06e4b;1;;;
'2023-11-06';f5985ec0-7740-11ee-acb8-2d14135f55a0;1;;;
'2023-11-06';3522c450-f163-11ec-891c-677e674243d7;1;;;
'2023-11-06';e247acc0-1c7a-11ee-bda5-8961e2ebcb05;1;;;
'2023-11-06';73c6cac0-7ca5-11ee-97d2-3b18c1289dd3;1;;;
'2023-11-06';2a3e75a0-2777-11eb-a5c7-c3e2e3534623;1;;;
'2023-11-06';8313cd60-4303-11ee-b9f7-77e376310446;1;;;
'2023-11-06';bf07d300-a3e6-11ed-bcd5-cf87783ff67e;1;;;
'2023-11-06';22f53600-dd49-11ed-9ecf-6b373fb491d5;1;;;
'2023-11-06';7aa0aad0-4589-11ee-8d7c-79491bd9f595;1;;;
'2023-11-06';207a00e0-7899-11ee-aaba-e1a7dc5fcc81;1;;;
'2023-11-06';5ee09cf0-7c3a-11ee-a517-c99d72ba52fc;1;;;
'2023-11-06';c41758c0-9a7c-11ed-96f8-85c276d49420;1;;;
'2023-11-06';1c925400-48ac-11ed-bac1-abe0a0690355;1;;;
'2023-11-06';2b6e0e60-79f7-11ee-98b7-7f6278d247a0;1;;;
'2023-11-06';d692caa0-7601-11e9-a4ad-a13bae59ac3d;1;;;
'2023-11-06';c938c6c0-4ac8-11ee-ab26-b1dc1a52791c;1;;;
'2023-11-06';597eb270-34af-11ed-a899-3795ca95a2c8;1;;;
'2023-11-06';561f3f70-3c88-11ec-9807-67017f286705;1;;;
'2023-11-06';62142110-74d0-11ee-a6cb-2bcab00e1207;1;;;
'2023-11-06';07b72fd0-9b9d-11ed-b7f1-ad5503750a0d;1;;;
'2023-11-06';74b32710-b817-11ed-b0f3-61697d13745c;1;;;
'2023-11-06';33864540-382f-11ee-a5a1-cfd5c6784c6b;1;;;
'2023-11-06';bfb1b590-4dd9-11ed-84ed-6baa0af96a39;1;;;
'2023-11-06';9b497740-3cbe-11ee-8b8b-2787d329eb09;1;;;
'2023-11-06';438855d0-67d7-11eb-ba32-55dcd093b535;1;;;
'2023-11-06';442c4cd0-75ad-11ee-ba81-dfa01e423654;1;;;
'2023-11-06';2c3aef60-3f1f-11ee-94f8-3db242a0d2fa;1;;;
'2023-11-06';778585c0-e2fb-11eb-897d-b93e22429839;1;;;
'2023-11-06';2f78f230-bf04-11e8-8fff-a94a1da4991b;1;;;
'2023-11-06';9d2881c0-7c8b-11ee-b486-f107c0ee0476;1;;;
'2023-11-06';99bcc120-7c56-11ee-be63-a78f94e18354;1;;;
'2023-11-06';91411250-98ca-11ed-9b09-779a683509cb;1;;;
'2023-11-06';2898a450-7954-11ee-b75a-9953746b229e;1;;;
'2023-11-06';b889be30-7c8a-11ee-ae9c-47057d08aad2;1;;;
'2023-11-06';2050bbc0-1a15-11ec-ba07-f334599e7950;1;;;
'2023-11-06';7a09ad50-d1f5-11ec-9d95-adee3068ff25;1;;;
'2023-11-06';4eabb280-5e84-11e9-80b3-093a3ec356a3;1;;;
'2023-11-06';8a9746d0-7c28-11ee-a71d-6fcb9cb2bf42;1;;;
'2023-11-06';2924c910-0f36-11ec-8ca7-cd28027e7440;1;;;
'2023-11-06';7cf17ac0-43eb-11ee-8dfe-2fa833fea936;1;;;
'2023-11-06';35e6d310-7ca2-11ee-bcae-5bdef9b90be8;1;;;
'2023-11-06';e1c15380-698e-11ee-aad1-3d54b501aa9e;1;;;
'2023-11-06';2b1b0bd0-7bf9-11ee-aeb0-27fc72bc2a98;1;;;
'2023-11-06';e87afd50-3309-11ed-9a5c-6502a39740b6;1;;;
'2023-11-06';75b7f7c0-0e99-11ee-bc86-c59301e2c2fc;1;;;
'2023-11-06';5ab9a8f0-5d14-11ee-9740-0b786692b42a;1;;;
'2023-11-06';aa9b5be0-6f95-11ea-bd4f-81608d74ea67;1;;;
'2023-11-06';b1c90ad0-9174-11ed-973f-d9c0d2c30895;1;;;
'2023-11-06';82148a40-5ac7-11ee-8266-e703ab3c77ee;1;;;
'2023-11-06';90694410-2f24-11ee-82be-ed4d2f30ad09;1;;;
'2023-11-06';65793a50-c96b-11ec-9f31-6d5565b5c867;1;;;
'2023-11-06';81c13040-6589-11ed-b88c-579707774502;1;;;
'2023-11-06';570b86f0-b880-11eb-aeda-e945443c1999;1;;;
'2023-11-06';c6f084e0-1498-11ee-9a00-c1d45ba502dd;1;;;
'2023-11-06';f136c220-60cd-11e8-8ebd-45fc1d9c550a;1;;;
'2023-11-06';ea4ab000-bb28-11e9-bf4c-6d71f8d22e4b;1;;;
'2023-11-06';09fb6bd0-9f68-11ec-9e95-351d21a68769;1;;;
'2023-11-06';59929b90-f8ed-11eb-be6a-bdaca425bea2;1;;;
'2023-11-06';d67bd3b0-1d19-11ec-a686-bbf0685353b2;1;;;
'2023-11-06';b72582c0-2534-11ee-8abc-af13710a6880;1;;;
'2023-11-06';ebe91110-7c97-11ee-916e-4b9292e9a32c;1;;;
'2023-11-06';b89f8f20-09d6-11ee-8e23-e910e4577450;1;;;
'2023-11-06';390074a0-6b7c-11eb-8ef9-73f675c1c29c;1;;;
'2023-11-06';1d474e40-2a76-11e8-8518-17b20fa8751f;1;;;
'2023-11-06';4e3daf80-50cc-11ee-9ebe-591999f6a7a6;1;;;
'2023-11-06';3f69ee50-2c0c-11ed-be50-6fb693743b92;1;;;
'2023-11-06';c771eea0-b570-11ec-bc1e-3500e4f4b6ad;1;;;
'2023-11-06';d70dcaa0-0d9b-11ec-9480-19aec6605e49;1;;;
'2023-11-06';a1ccf390-6e95-11ee-a59e-056d5eb775c2;1;;;
'2023-11-06';ef35e4d0-bf69-11eb-8150-4102eacfd725;1;;;
'2023-11-06';b8e0ba00-5318-11ee-8eb4-25763af78b07;1;;;
'2023-11-06';2c221b20-52f2-11ee-ae1d-2577d720aa54;1;;;
'2023-11-06';373961c0-35df-11ed-8206-bd519374e178;1;;;
'2023-11-06';f83cef80-770c-11ee-9955-11052a199d4e;1;;;
'2023-11-06';d1c30380-7423-11ee-87f1-79c98709b2eb;1;;;
'2023-11-06';ba8a4fb0-777c-11ed-9907-f54eddb3c738;1;;;
'2023-11-06';f4888e80-7bf8-11ee-a55f-fbfa0b0b9314;1;;;
'2023-11-06';5f3344d0-7cbe-11ee-8b33-2b127db9a362;1;;;
'2023-11-06';8ff52fb0-5c8c-11ec-8375-b1e490a77bd0;1;;;
'2023-11-06';09463600-f5c9-11eb-8e84-c525388182b4;1;;;
'2023-11-06';3d568510-2dcd-11ee-9cdc-c1a81405fcf4;1;;;
'2023-11-06';86d795b0-7654-11ee-8e9a-4175080c9e3f;1;;;
'2023-11-06';e3f6c3c0-2095-11ee-b2ac-b13199aa2c60;1;;;
'2023-11-06';35901350-77d7-11ea-9dd0-73baf10c8c3a;1;;;
'2023-11-06';6716d230-26e1-11ee-8726-d5b75c527547;1;;;
'2023-11-06';5e45a6b0-0f1b-11ed-8f8f-e7057cff0cb2;1;;;
'2023-11-06';246c66c0-0b2a-11ee-a875-8fcd12a907c6;1;;;
'2023-11-06';962bde00-4be6-11ea-8895-c5a074fddb81;1;;;
'2023-11-06';3a04c150-214d-11ea-b5fe-69726f78d9f0;1;;;
'2023-11-06';71cbe040-2ac3-11ee-a403-9dee38e85188;1;;;
'2023-11-06';2d7a2fb0-74e1-11ee-82bd-d928267ca0de;1;;;
'2023-11-06';fda734c0-0364-11ed-b7db-1911160c2710;1;;;
'2023-11-06';61585220-f0ad-11ed-9421-13c7b109f79b;1;;;
'2023-11-06';aa8da500-149b-11ee-b6b1-8794cc5c3c34;1;;;
'2023-11-06';5edda700-85b6-11ed-89db-791595c6dafe;1;;;
'2023-11-06';1e0adb80-7c50-11ee-b859-195e8db079c2;1;;;
'2023-11-06';6b765430-e9b6-11ed-ae1c-43b9f0b4649c;1;;;
'2023-11-06';152d7400-bcbb-11ed-a0af-3f0f438fc3d5;1;;;
'2023-11-06';700db350-5b88-11ee-b507-99aa09c53552;1;;;
'2023-11-06';2e1a1f90-2458-11ee-9369-85d76b128d81;1;;;
'2023-11-06';6ff64ff0-c739-11ed-b55b-2d1221318693;1;;;
'2023-11-06';c305d4a0-a915-11ed-94f7-d9cc05d27ce1;1;;;
'2023-11-06';37ffa9c0-5ece-11ee-8a32-c53aa9c8cedd;1;;;
'2023-11-06';88215510-28de-11ed-8b45-71549fde3f2f;1;;;
'2023-11-06';796d8d70-7cbd-11ee-ac43-a13f6941ddfc;1;;;
'2023-11-06';ccf41470-9163-11eb-81d9-1daa2227a896;1;;;
'2023-11-06';5fba6860-b069-11ed-9b03-79f0458f6240;2;;;
'2023-11-06';3a5bab80-269c-11e8-8319-456ad9d3b8d8;2;;;
'2023-11-06';03730d20-5ce2-11ee-9006-b178b960a5f1;2;;;
'2023-11-06';eac80a00-b567-11ec-bf4a-6f5a48f3c5ec;2;;;
'2023-11-06';cf663520-10d2-11ea-ac1d-5de874b1ee74;2;;;
'2023-11-06';d96713d0-770f-11ee-a4f0-09f62626fb0e;2;;;
'2023-11-06';8a45d150-cadc-11ec-91b0-45d5da48b7f1;2;;;
'2023-11-06';1da90f60-8d58-11ec-8446-41eb5caac821;2;;;
'2023-11-06';9b676690-8651-11eb-9248-119991b39ad4;2;;;
'2023-11-06';d95fc990-36c6-11eb-952c-7d8da289e2a8;2;;;
'2023-11-06';4a370f70-7c7e-11ee-a46f-4bbfee3f75af;2;;;
'2023-11-06';ef5e2000-c960-11ed-8b65-b533c930a496;2;;;
'2023-11-06';6cd12bd0-9925-11ec-9765-cfe6d22adf4a;2;;;
'2023-11-06';c9912590-73bd-11ee-b124-edc22c6305b2;2;;;
'2023-11-06';f09a5ce0-ec6d-11ea-87a9-ef965f094656;2;;;
'2023-11-06';ec0072d0-a046-11ec-9143-17bff0c56069;2;;;
'2023-11-06';4d65acb0-42ef-11ee-8a6e-7d27aeaf6636;2;;;
'2023-11-06';466fbf60-fa36-11ed-a14a-67347299561e;2;;;
'2023-11-06';c2052c90-5a95-11ee-8203-277b9b029b31;2;;;
'2023-11-06';a7210730-44d0-11ee-a575-95129800781f;2;;;
'2023-11-06';369a7ec0-77d8-11ee-93db-5382a725893f;2;;;
'2023-11-06';105347d0-3eb8-11eb-9fcd-3b6c01c8312c;2;;;
'2023-11-06';75240e80-e44f-11ed-a951-e539fad9f4b9;2;;;
'2023-11-06';5e8e4de0-7ca0-11ee-9f93-935df89da119;2;;;
'2023-11-06';f5c917b0-19f6-11ee-9ff9-bb2aeb994a1d;2;;;
'2023-11-06';62228ff0-7162-11ee-81a4-6b01e1b48ba8;2;;;
'2023-11-06';41929e00-ed7f-11ec-9312-0d11536d0b37;2;;;
'2023-11-06';84ab56e0-7be6-11ee-a37b-19af5206d5c5;2;;;
'2023-11-06';26314fa0-7ef3-11ea-b44d-3d097d6aa3f6;2;;;
'2023-11-06';5f57f7a0-2d44-11ed-9e3a-d1e5100235ee;2;;;
'2023-11-06';6cb3f870-7ad5-11ed-be43-f13be62b8eb5;2;;;
'2023-11-06';3db44c90-3ed0-11ee-8d18-b54c6f31d576;2;;;
'2023-11-06';426c0c10-2670-11e8-952c-5397ebbba8bb;2;;;
'2023-11-06';25b383a0-9092-11ed-9cea-25b50725afb1;2;;;
'2023-11-06';c7af8560-6287-11ee-958e-3593f0855815;2;;;
'2023-11-06';09ed0690-1d3d-11e9-bc4c-eb128daee7b0;2;;;
'2023-11-06';5a8ba180-be67-11e9-ae72-8fd9d8daacaa;2;;;
'2023-11-06';37346470-1ac6-11ec-98f9-e912f416724e;2;;;
'2023-11-06';af9a0610-1f7e-11ec-b613-9de6d222c569;2;;;
'2023-11-06';48e153d0-e249-11ed-95c5-9f032da39c9a;2;;;
'2023-11-06';dfbcb770-4958-11ed-a1f5-4f697baada95;2;;;
'2023-11-06';81760d80-5522-11ed-9db6-4be11884d44f;2;;;
'2023-11-06';3d6a5bc0-f886-11ed-b624-3d92a4179f96;2;;;
'2023-11-06';99620250-747b-11ed-a4c8-1f40e4573abc;2;;;
'2023-11-06';05ad1e80-7945-11ee-8328-7dddc3358f93;2;;;
'2023-11-06';f3f52cb0-b409-11ed-9958-f7f0ec0e64e5;2;;;
'2023-11-06';bd6af2b0-1633-11ee-bd50-6def4a4b0398;2;;;
'2023-11-06';88d729a0-5ec3-11ee-a04e-b334b319be7c;2;;;
'2023-11-06';36074840-2b48-11ed-9a4b-c5e097dd8781;2;;;
'2023-11-06';be447250-21d9-11ed-8b0d-59174ad7efb4;3;;;
'2023-11-06';f3812fb0-4589-11ee-bbe2-51028697f07d;3;;;
'2023-11-06';71aa0370-bc01-11ed-b475-112ce88e695c;3;;;
'2023-11-06';688c2ac0-7c6d-11ee-ae98-2541b042d461;3;;;
'2023-11-06';77d26ec0-9a8c-11ea-a2fd-3d9ff5d8d5c2;3;;;
'2023-11-06';29e91290-ce41-11ed-97b0-6df82758f0e6;3;;;
'2023-11-06';0a0e3a00-2949-11ee-9fa8-fd3c52145bf8;3;;;
'2023-11-06';9eaa3180-bce5-11ed-b754-6f3cd0a6f18e;3;;;
'2023-11-06';d8967ec0-3cb6-11ee-a690-c785ee90a3ad;3;;;
'2023-11-06';50573c90-9412-11ed-bab8-b5c12273e1c5;3;;;
'2023-11-06';e94b3f20-6345-11ee-9b1b-7985eb1a6cef;3;;;
'2023-11-06';a3571100-31c3-11ee-814a-7d416b5c6a38;3;;;
'2023-11-06';8f0b78e0-6e8a-11ee-9c60-e33be5f0ac1c;3;;;
'2023-11-06';284e5500-bbcf-11ed-9d08-c929bb47329c;3;;;
'2023-11-06';b49bfc30-fa07-11ed-af11-7da39136163e;3;;;
'2023-11-06';49cbc900-035c-11ed-8058-57ce40d0e90b;3;;;
'2023-11-06';0242d930-1462-11ee-ae41-235de54017d3;3;;;
'2023-11-06';cb1ee610-26eb-11e8-b934-6bbbc6fca064;3;;;
'2023-11-06';942b14b0-3740-11ee-9c50-23d848797bb4;3;;;
'2023-11-06';bf7a2d50-5df5-11ee-832a-37e0ed135bb2;3;;;
'2023-11-06';733cf160-181f-11ed-9334-633d0a7e8788;3;;;
'2023-11-06';d425ad50-7570-11ee-9b87-fbc8d19d665c;3;;;
'2023-11-06';1563b0a0-7c65-11ee-8b72-cd3373e55a1a;3;;;
'2023-11-06';56f4c890-3de2-11ee-ad11-db699943eb10;4;;;
'2023-11-06';3035f5f0-68a7-11e8-9624-6f296c0e944a;4;;;
'2023-11-06';00302bc0-56cf-11ee-92be-fd7b0d617e4e;4;;;
'2023-11-06';83dc6ec0-5dec-11ed-a7f8-43cd2dca137b;4;;;
'2023-11-06';a28ccf10-0cbe-11ed-8c23-e134ba0737ea;4;;;
'2023-11-06';424d1220-63bd-11ee-bf5c-2915cf679904;4;;;
'2023-11-06';02a1d900-a64c-11ed-a3c5-4da84c18504e;4;;;
'2023-11-06';97b80600-76fc-11ee-8a59-8bb6d8792ac3;4;;;
'2023-11-06';f67af260-7747-11ee-95b1-c90f48d8dcba;4;;;
'2023-11-06';4b025b90-5dba-11ee-9d2c-77c55880feae;4;;;
'2023-11-06';a315d110-a5d0-11ed-b8df-d5ae0d370852;4;;;
'2023-11-06';f0b579d0-afc3-11ea-ac1d-b9523285d9b8;4;;;
'2023-11-06';16b444b0-29e0-11ee-b1fc-6926ddc752b4;4;;;
'2023-11-06';99c3ab30-2f84-11ee-9d77-17569595c291;4;;;
'2023-11-06';983d8cf0-a446-11ed-b562-9b66e7ce413f;4;;;
'2023-11-06';491848d0-0086-11ee-af2c-ab4d4b149261;4;;;
'2023-11-06';0ff969e0-93de-11ed-b7e3-25b6974d03e8;4;;;
'2023-11-06';18478c90-4ff8-11ee-a1e0-5fa62ab05117;4;;;
'2023-11-06';833cbab0-56a2-11ee-b528-25bb3d158a1c;5;;;
'2023-11-06';26730a30-a4b6-11ed-8051-3d9519e665ca;5;;;
'2023-11-06';c9252b70-40c7-11ee-8af7-93e4dc85e9d5;5;;;
'2023-11-06';6a1690d0-5227-11ee-b8ad-3f950449d99c;5;;;
'2023-11-06';31f0e400-7971-11ee-bcd5-a7b1139883f8;5;;;
'2023-11-06';2a841d70-d241-11ea-ada3-9dca90d0a109;6;;;
'2023-11-06';30fa4030-ea30-11ed-aff1-95fefdca1062;6;;;
'2023-11-06';bd7e9c80-d2ad-11ed-a8ee-6b4fc1528c25;6;;;
'2023-11-06';fd12e910-d45f-11ed-829d-414c5d66b870;6;;;
'2023-11-06';3434ee50-7223-11ee-a0e3-67e3538b515c;6;;;
'2023-11-06';d16fc810-7446-11ed-8c5a-81e98a4f2eed;6;;;
'2023-11-06';ecdd4bc0-2edd-11ee-8089-99f61dbe7a4d;6;;;
'2023-11-06';f01f6fc0-ca06-11ed-a220-35dbd6ea336c;6;;;
'2023-11-06';5f2b87c0-513c-11ee-9385-fde026ca3629;7;;;
'2023-11-06';b0c4b750-4353-11ea-b71d-9325d41eec6a;7;;;
'2023-11-06';130cc240-7889-11ee-aa17-571fcadf0394;7;;;
'2023-11-06';121c0aa0-3101-11ee-af24-0b716f1258d0;7;;;
'2023-11-06';d234f070-2821-11ed-9ce0-b7a9dd423e66;7;;;
'2023-11-06';6abb78c0-85d6-11ed-badb-fb3ca258c011;7;;;
'2023-11-06';639ca380-61b8-11ed-af53-a19d7f85c09b;7;;;
'2023-11-06';4eb5a590-355d-11eb-8a71-a1b2c17da083;8;;;
'2023-11-06';27a6a250-4be5-11ee-9657-07c59afd4cab;8;;;
'2023-11-06';2630a7f0-3a7d-11ee-88b2-d18fd7859087;8;;;
'2023-11-06';cf733600-e3ea-11ed-a5b9-b3c6a94e0cba;8;;;
'2023-11-06';298b1950-6c1c-11ee-9cf7-8ba9ac3c33c8;8;;;
'2023-11-06';82aff070-57bc-11ed-a1f1-d9a024bf871f;8;;;
'2023-11-06';8f0a6d60-62d7-11ee-a7e5-7552154dd601;9;;;
'2023-11-06';87e1a810-7235-11ee-9198-932b0f0a37b7;9;;;
'2023-11-06';f3442640-28b7-11ee-8bfc-2f2d398b3974;9;;;
'2023-11-06';39ec9130-4ae3-11ed-a969-7554db53449c;9;;;
'2023-11-07';2630a7f0-3a7d-11ee-88b2-d18fd7859087;22;;;
'2023-11-07';3f94a400-7d47-11ee-ae4d-f7517cd42a2a;10;;;
'2023-11-07';1fba7800-18db-11ea-a00b-cf3d2fa771e7;12;;;
'2023-11-07';3629cac0-721d-11ed-8fc7-4fd9990e1e38;21;;;
'2023-11-07';7dcf0010-097e-11ec-b32f-71281354a61e;21;;;
'2023-11-07';72f7ac50-73d0-11ee-96f5-3f4f8a11dc86;19;;;
'2023-11-07';d234f070-2821-11ed-9ce0-b7a9dd423e66;39;;;
'2023-11-07';08cdcce0-7d1e-11ee-825e-6190722e04fa;36;;;
'2023-11-07';07cef780-de8e-11ed-b071-c587165c602b;11;;;
'2023-11-07';234a96d0-ad16-11ed-a2e6-793ddfeeba1f;13;;;
'2023-11-07';9f9ebe70-2221-11ee-a8a3-7b9385a8b996;0;;;
'2023-11-07';f487ad20-51bb-11ed-8b5d-790907ccf4e0;0;;;
'2023-11-07';0d704850-b9cd-11ed-b8e6-63c1359a5c1b;0;;;
'2023-11-07';c2bc2ae0-7a2e-11ee-8b9a-7386b13c1f7f;0;;;
'2023-11-07';319d60c0-d4b5-11ed-b3f1-075c94612de9;0;;;
'2023-11-07';015e7040-6e41-11ee-b1dc-6119ce6cae0b;0;;;
'2023-11-07';20bbd6d0-7a44-11ee-aab3-c98cd8572ff9;0;;;
'2023-11-07';6cf749d0-7d2d-11ee-9e03-8beed74271e7;0;;;
'2023-11-07';24a5f7a0-93d0-11ec-a6af-01ba52350f4d;0;;;
'2023-11-07';dee3e080-e206-11ec-9d9b-a70eaafe4e55;0;;;
'2023-11-07';06156c60-564a-11ee-9e42-b3913ca46edc;0;;;
'2023-11-07';b807a690-46ca-11ec-8069-f7ed7dc95bf1;0;;;
'2023-11-07';0b0e35c0-93bf-11ec-9d52-6dc67fa9c39e;0;;;
'2023-11-07';aad654b0-295a-11ea-9471-c180b176b8ac;0;;;
'2023-11-07';23eef0c0-e9a9-11ed-b0c5-753de686fdc7;0;;;
'2023-11-07';862db840-7c82-11ee-902c-0bec2a18e6ca;0;;;
'2023-11-07';f1aed930-8742-11e9-b6d4-f9b49146ac8e;0;;;
'2023-11-07';42574c50-e4be-11ed-8be5-91dd0ec5cc9c;0;;;
'2023-11-07';552a7810-142a-11ea-993f-7bdafe2debcd;0;;;
'2023-11-07';14c412b0-74b9-11ee-b29f-9d62b7d9baa7;0;;;
'2023-11-07';7ddf75d0-7d26-11ee-b0b1-79efa14e57c3;0;;;
'2023-11-07';2418ed40-e322-11ed-a3c3-39019ef4fa21;0;;;
'2023-11-07';207a00e0-7899-11ee-aaba-e1a7dc5fcc81;0;;;
'2023-11-07';ec2530d0-eaf9-11ed-8633-41d5bf1dd80d;0;;;
'2023-11-07';13565b10-493d-11e9-b74c-7d9965b42a1a;0;;;
'2023-11-07';b8800af0-6dc8-11ee-8ada-c7d2dc4bb73d;0;;;
'2023-11-07';ad0d0dc0-722e-11ee-ac2a-45a4059466ea;0;;;
'2023-11-07';cdc15b00-7d2f-11ee-aef3-75eeda372086;0;;;
'2023-11-07';762c1c60-736b-11ec-a4a7-93b99e007de6;0;;;
'2023-11-07';4e3daf80-50cc-11ee-9ebe-591999f6a7a6;0;;;
'2023-11-07';0edbd090-ef12-11ed-92e9-3d21b1d977df;0;;;
'2023-11-07';6d8b7bb0-70c5-11ee-a668-dddbcc2e885c;0;;;
'2023-11-07';17ef2390-d33f-11ea-8923-e9987a7d3c58;0;;;
'2023-11-07';0b2dcae0-48f2-11ee-bd20-e5fff496d069;0;;;
'2023-11-07';a398ae80-1f4c-11eb-b3f6-0f3e8981c313;0;;;
'2023-11-07';f22a3dc0-7d59-11ee-858c-d319e9bf8c4b;0;;;
'2023-11-07';798706a0-7d72-11ee-b1cd-1b1d026ff977;0;;;
'2023-11-07';2c83c640-7d3b-11ee-af8d-5b569bd2013f;0;;;
'2023-11-07';8e494880-0038-11ee-b66b-99edbc721dbb;0;;;
'2023-11-07';369bb660-627a-11ed-9783-415677af7f4a;0;;;
'2023-11-07';d94e80e0-44c9-11ee-bd5d-df6656db5b76;0;;;
'2023-11-07';d7660620-5e6c-11ed-b4ca-9fd1b2002159;0;;;
'2023-11-07';20674650-8761-11ed-83c1-ed1d38ae89dc;0;;;
'2023-11-07';9881eac0-7d54-11ee-aeda-6342f6e12766;0;;;
'2023-11-07';e7df94b0-bc92-11ed-9f15-73bd073d100d;0;;;
'2023-11-07';c1087a00-b7e7-11ed-b3ee-1d236c701277;0;;;
'2023-11-07';b0d1c060-ec5e-11ec-ba66-fb8214d3c55e;0;;;
'2023-11-07';80a33bf0-280d-11ec-8a50-d357e2855c5a;0;;;
'2023-11-07';55b02950-e5ab-11ed-be6a-ed25535a89ac;0;;;
'2023-11-07';0e7a9110-4b04-11ee-95ae-474bd0bb7789;0;;;
'2023-11-07';4c74dbc0-2494-11ed-a524-e5c8fdfa1659;0;;;
'2023-11-07';932b9750-39b7-11ee-abfb-b107f2e0757d;0;;;
'2023-11-07';d5c42a80-b101-11ed-afea-75f400d4a3ad;0;;;
'2023-11-07';2ca4dc30-1748-11ee-8f40-e19906ae1db2;0;;;
'2023-11-07';725d4c70-9094-11ed-a97e-2788b75eedad;0;;;
'2023-11-07';0816b470-b063-11ed-ac04-d7a61b9be185;0;;;
'2023-11-07';dcaf0c60-73ad-11ee-9eeb-6d4f09263526;0;;;
'2023-11-07';b322ea40-33ae-11ee-8975-1dbaaffcfb54;0;;;
'2023-11-07';4ed18770-7d34-11ee-9580-236d9357f90d;0;;;
'2023-11-07';580b1600-5aeb-11ee-a31a-718c9cb74cd4;0;;;
'2023-11-07';90d32c30-4a7d-11ee-87ac-99a86b485d7e;0;;;
'2023-11-07';0e7d10c0-4bc2-11ee-a262-f33d96efd6db;0;;;
'2023-11-07';ba0daf60-13ed-11ee-8e64-af597611be74;0;;;
'2023-11-07';2ed18790-6f29-11ee-a559-05362580e27f;0;;;
'2023-11-07';f90bec60-f343-11ed-8959-638e4770c36e;0;;;
'2023-11-07';608ab4c0-5a06-11ed-9684-b300986aa4b3;0;;;
'2023-11-07';ae31e280-90e8-11ec-8c53-fdf282f8892b;0;;;
'2023-11-07';2b6e0e60-79f7-11ee-98b7-7f6278d247a0;0;;;
'2023-11-07';5fdba300-2cf6-11ed-875c-3ba2eb8ceb1d;0;;;
'2023-11-07';fae8adc0-6ede-11eb-9e19-47088db49aac;0;;;
'2023-11-07';caa524f0-f3c9-11ed-85ac-3ddcab99fad3;0;;;
'2023-11-07';c8c94c90-858a-11ed-bae3-69cb439e33fb;0;;;
'2023-11-07';747d6e10-101c-11ee-81f0-d7465ed299a3;0;;;
'2023-11-07';b48dd110-04ec-11ee-b834-1982e788b36c;0;;;
'2023-11-07';3d6a5bc0-f886-11ed-b624-3d92a4179f96;0;;;
'2023-11-07';0db94550-c3eb-11ed-97dc-45d791b61932;0;;;
'2023-11-07';ff611950-7485-11ee-b33a-ebc0a3ea28ca;0;;;
'2023-11-07';e6679ec0-2ebc-11e8-a277-534c066c029e;0;;;
'2023-11-07';ba5811e0-fed0-11ed-80a8-6de63f15661c;0;;;
'2023-11-07';218c0de0-6334-11ee-b4cd-7fa6d72bf30a;0;;;
'2023-11-07';9dd4bfd0-b7fc-11ec-8fd3-cd04c81786d9;0;;;
'2023-11-07';ce7a96e0-7d45-11ee-86bf-e73ab80cb4fb;0;;;
'2023-11-07';c473b310-5e9c-11ee-943f-11a9b1a249d2;0;;;
'2023-11-07';e6569ff0-7b9e-11ee-8734-333db7b0f10c;0;;;
'2023-11-07';07b72fd0-9b9d-11ed-b7f1-ad5503750a0d;0;;;
'2023-11-07';58366d20-38fc-11ee-bb33-cd42cd3d7eba;0;;;
'2023-11-07';ce481ab0-76ee-11ee-9139-ef1e83fa2a18;0;;;
'2023-11-07';9989e260-ff02-11eb-a074-05f8c7187e71;0;;;
'2023-11-07';d574a560-2cf3-11ed-b30f-ebba9d3ad287;0;;;
'2023-11-07';64576d80-6cd1-11ee-accd-db5372e5155d;0;;;
'2023-11-07';abccf380-7d2d-11ee-bb81-d7f81a8e62a5;0;;;
'2023-11-07';a23f1d60-7266-11ee-be39-194e4f7db56a;0;;;
'2023-11-07';12f7c900-1faf-11ed-98e2-c183bdd5d3fd;0;;;
'2023-11-07';cb7b8840-3e3a-11ee-9a13-a90d723b1dec;0;;;
'2023-11-07';1c4bddf0-71a5-11ed-94e5-2deb522920a6;0;;;
'2023-11-07';2392ba70-a509-11ec-9b5a-3dc44283a3e5;0;;;
'2023-11-07';9f81ea30-4237-11ee-a734-371854eed0d0;0;;;
'2023-11-07';1e0adb80-7c50-11ee-b859-195e8db079c2;0;;;
'2023-11-07';8365cd30-6b40-11ee-adcc-15128c078757;0;;;
'2023-11-07';90010330-5b54-11ee-af0d-a124f8839517;0;;;
'2023-11-07';f5c297d0-7d3a-11ee-8fb9-b5b5ecd2647d;0;;;
'2023-11-07';e00bbcd0-2c9c-11ee-87a7-3f33b7dd19dd;0;;;
'2023-11-07';c302d600-24a9-11ee-b631-c5a285904a29;0;;;
'2023-11-07';be15e530-bc8d-11ed-816a-9730c29b7391;0;;;
'2023-11-07';3d34d200-6651-11ee-bb42-879a73c6e773;0;;;
'2023-11-07';51c4c3c0-71e2-11ec-8f90-253fc4e84f28;0;;;
'2023-11-07';65037060-d104-11ea-96a8-7f6dc4897de6;0;;;
'2023-11-07';35d3bc00-7d6d-11ee-b482-21050a3993b8;0;;;
'2023-11-07';cb080190-90c5-11ed-8cee-093727d167be;0;;;
'2023-11-07';6261b740-7872-11ee-961f-5517ccf7abcc;0;;;
'2023-11-07';f136c220-60cd-11e8-8ebd-45fc1d9c550a;0;;;
'2023-11-07';7e4aa3e0-dfa9-11eb-99b7-a763101d299e;0;;;
'2023-11-07';5e6c9a00-53ac-11ee-9180-63c3ed20ef5e;0;;;
'2023-11-07';a3c2fd90-5151-11ee-8329-6f8429259901;0;;;
'2023-11-07';c230e1c0-5ae8-11ee-b386-5de8a6c82938;0;;;
'2023-11-07';32b3ba10-33a2-11eb-8aee-8751efd2dc63;0;;;
'2023-11-07';289bc360-afde-11ec-a882-df5bc25920ab;0;;;
'2023-11-07';cbe265f0-6a64-11ee-8d8d-c1e74f246393;0;;;
'2023-11-07';309dd140-586e-11ee-af5c-bb89e5600568;0;;;
'2023-11-07';20c2ee60-6ea1-11ee-bc6f-ada3698bd8dd;0;;;
'2023-11-07';3c65aa60-0c77-11ec-92c2-91e63191f2c9;0;;;
'2023-11-07';bc8ca130-1167-11ed-ad31-5774aa79874a;0;;;
'2023-11-07';956905f0-d5ce-11ec-af16-13a38daa0a74;0;;;
'2023-11-07';47e9ec10-7d37-11ee-a82d-43f821ae00bf;0;;;
'2023-11-07';77614a10-5cfd-11ee-9fae-6fe9b43efebe;0;;;
'2023-11-07';1842af20-76f2-11ed-a5ce-fdabccc41894;0;;;
'2023-11-07';3816d050-5e83-11ee-b787-016174f78978;0;;;
'2023-11-07';852b1b00-716e-11ee-9cd6-cb1823b124ea;0;;;
'2023-11-07';e373de90-7c9f-11ee-ae35-e7251dded1ac;0;;;
'2023-11-07';3b357770-ce09-11ec-948e-7da2e8fec994;0;;;
'2023-11-07';f5912b00-0c51-11ee-82b4-47d4a006bbc9;0;;;
'2023-11-07';0a35d6a0-5153-11ee-94b3-9bc0fa21e11d;0;;;
'2023-11-07';8cbba5e0-ea3e-11e8-a283-3954af4b9a5a;0;;;
'2023-11-07';90bf4360-7d30-11ee-9f52-737f50f14e23;0;;;
'2023-11-07';0ff816e0-4ae4-11ee-b398-5b4806a4e10c;0;;;
'2023-11-07';add0d5a0-7d34-11ee-bbb1-43fc49595719;0;;;
'2023-11-07';83dc6ec0-5dec-11ed-a7f8-43cd2dca137b;0;;;
'2023-11-07';89b79d00-4d48-11ee-9d58-7bddc44b2ba7;0;;;
'2023-11-07';695277a0-79b0-11ec-b627-4944962e69fc;0;;;
'2023-11-07';9a0f4460-a9a2-11eb-be82-75b0b9b423a9;0;;;
'2023-11-07';ef609f50-0684-11ed-9ca0-f3eca5e64f25;0;;;
'2023-11-07';a2a425c0-0452-11ee-9ee9-af244dd07214;0;;;
'2023-11-07';41666990-52d0-11ee-966a-a92b8d8b4193;0;;;
'2023-11-07';317247f0-8c0d-11ed-8392-491ae48fb568;0;;;
'2023-11-07';7a4df8a0-5f40-11ee-87a1-c3bd1700174f;0;;;
'2023-11-07';cfd5b8e0-5d6e-11ee-8ccc-99ac8264fc4f;0;;;
'2023-11-07';5bdf83b0-b21e-11eb-9904-bd2b81db69af;0;;;
'2023-11-07';096d32c0-da9f-11ed-b047-9fdce0a5ef36;0;;;
'2023-11-07';a262d200-baf2-11ec-8f5a-77dc8568248f;0;;;
'2023-11-07';b931cd00-5e40-11ed-be59-cd8c375b0146;0;;;
'2023-11-07';fabac710-b96a-11ed-9e90-873bb37c045b;0;;;
'2023-11-07';f47ccfe0-2b81-11ee-82e3-f9ae06f25a87;0;;;
'2023-11-07';97e07a50-7229-11ed-8f39-a1d7d33859d2;0;;;
'2023-11-07';84ce5e00-7d40-11ee-8253-0bf514d29cc6;0;;;
'2023-11-07';67ab95f0-1f26-11ed-a750-e7f845df33b8;0;;;
'2023-11-07';e225da90-0962-11ed-9faf-31249f9b895c;0;;;
'2023-11-07';6693e850-2ebd-11ee-ac2d-39750080f559;0;;;
'2023-11-07';b7655e80-4b1e-11ee-8af4-dfc401157a83;0;;;
'2023-11-07';d737d320-ba88-11ea-948e-f9e36c6dd3bc;0;;;
'2023-11-07';d8dc7bd0-dadc-11ea-8721-1f75b0088bd3;0;;;
'2023-11-07';01cd9790-74a9-11ee-9166-a9987476f320;0;;;
'2023-11-07';68ed0b70-61be-11ee-b2fd-e12dd0a0af8a;0;;;
'2023-11-07';22f53600-dd49-11ed-9ecf-6b373fb491d5;0;;;
'2023-11-07';80984f00-3e82-11ee-a9b4-f55082aac06b;0;;;
'2023-11-07';93268180-2f8a-11ed-9e5a-6f69efa68f58;0;;;
'2023-11-07';6743cfe0-3048-11ee-b220-791bbb201f29;0;;;
'2023-11-07';c35b6140-7dd3-11ec-bade-073b32045dd8;0;;;
'2023-11-07';74cb35f0-7985-11ee-a2a3-a3cdefd12b91;0;;;
'2023-11-07';a6b17840-0fe5-11ee-a21f-537e996ad969;0;;;
'2023-11-07';279c7d60-78cd-11ee-a1de-03d74126611e;0;;;
'2023-11-07';426c0c10-2670-11e8-952c-5397ebbba8bb;0;;;
'2023-11-07';bba50450-a35e-11ec-b19e-eb08916053bb;0;;;
'2023-11-07';fffcb3a0-782e-11e8-9bda-4bb6e25796fe;0;;;
'2023-11-07';3bd96980-fcce-11ed-a926-4514ebb29bd7;0;;;
'2023-11-07';d8f9caa0-7cc3-11ee-9a56-95b1cb45f0b8;0;;;
'2023-11-07';6d7c01d0-2075-11ee-9ec0-6f0b0b812226;0;;;
'2023-11-07';a57c9d50-ae31-11eb-bc6d-db0bb130c9df;0;;;
'2023-11-07';f731ab50-f86b-11ed-94d2-bd60d94b5578;0;;;
'2023-11-07';b2d9b190-a47a-11ed-8800-7f0b6be9ce29;0;;;
'2023-11-07';55b0bbe0-7c14-11ee-97b2-57558f7778ad;0;;;
'2023-11-07';38e36d90-b9da-11eb-a386-99254fc8580c;0;;;
'2023-11-07';557b7720-c943-11ed-833a-6573186ec641;0;;;
'2023-11-07';d5690db0-7d0e-11ee-977b-03dac4134b65;0;;;
'2023-11-07';ae7c6a00-7875-11ee-9e7c-472d939f88bf;0;;;
'2023-11-07';e1dcdaa0-51fc-11ee-9635-5d1eaad89030;0;;;
'2023-11-07';998c6c70-3122-11ee-8d95-231254025f75;0;;;
'2023-11-07';8a41e490-1c7c-11ed-9b51-650dbd95b166;0;;;
'2023-11-07';341ce040-1927-11ed-9828-bdc4be7462f4;0;;;
'2023-11-07';09c2e030-ead6-11ec-96d0-e30420cf06be;0;;;
'2023-11-07';537ccfb0-6a5f-11ee-83f9-3d79d5a1b56e;0;;;
'2023-11-07';21398910-6012-11ed-bfe8-c3d367746dc5;0;;;
'2023-11-07';4caafbb0-b0d5-11ed-b29a-9588069690b5;0;;;
'2023-11-07';7b3d2810-e585-11ed-a524-d983167b6653;0;;;
'2023-11-07';18a80130-d909-11ed-8bb7-a722cfcf3c65;0;;;
'2023-11-07';c43226c0-3c2d-11ee-9f42-0794c5e31695;0;;;
'2023-11-07';ec126ae0-76cc-11ee-8e04-5908be281676;0;;;
'2023-11-07';f2dbafe0-2527-11ee-800d-9b44bacbb02c;0;;;
'2023-11-07';b93210e0-e594-11ed-bed3-85ee8e3b2ce5;0;;;
'2023-11-07';9c8d4a30-4793-11e8-84c6-8defda07d6b5;0;;;
'2023-11-07';b3632fa0-76ee-11ee-abea-278a7b06a21e;0;;;
'2023-11-07';c0851320-fad8-11ed-8bb9-5793d27ec8d2;0;;;
'2023-11-07';b919eba0-ca20-11eb-b368-69bb43c71b4d;0;;;
'2023-11-07';dda5d500-7d5c-11ee-8c52-ddc5528bd26a;0;;;
'2023-11-07';1e8729b0-cc2a-11ec-8b8e-c93ce2ec9f49;0;;;
'2023-11-07';fda734c0-0364-11ed-b7db-1911160c2710;0;;;
'2023-11-07';b754e900-d518-11ed-8868-cd898fdafb2d;0;;;
'2023-11-07';326a61d0-7d37-11ee-b7df-bf0caa8e749c;0;;;
'2023-11-07';f7a08aa0-2ddd-11ee-aa50-c7d99d8e6738;0;;;
'2023-11-07';79d1b770-5bec-11ed-8c5d-91b880708635;0;;;
'2023-11-07';71a8f420-4640-11e9-9d1e-f1d80a3e0aeb;0;;;
'2023-11-07';f61308b0-78cf-11ee-a74e-894b0a9445e2;0;;;
'2023-11-07';c47353d0-6f85-11ee-bb06-a943307bf4aa;0;;;
'2023-11-07';0f681a10-c5e7-11eb-819c-f93422509563;0;;;
'2023-11-07';c021e050-57a5-11ee-addb-0b08dd9bd9a6;0;;;
'2023-11-07';bb8ec700-79fc-11ee-be3e-372af9724bd1;0;;;
'2023-11-07';2c221b20-52f2-11ee-ae1d-2577d720aa54;0;;;
'2023-11-07';bf89cd40-47c6-11ee-aedd-ef5f5f776ccd;0;;;
'2023-11-07';7e296740-325e-11ec-9884-79a2c5609aa0;0;;;
'2023-11-07';5ca579e0-7134-11ed-ba41-ed0c49a72301;0;;;
'2023-11-07';8380b140-9341-11ed-9810-87420a46fe8b;0;;;
'2023-11-07';17e3c5e0-f2d2-11ec-9a9d-15ce92c49139;0;;;
'2023-11-07';703c3410-9c6f-11ed-a0d3-1dcb84e767eb;0;;;
'2023-11-07';d334cfc0-7ce6-11ee-ac82-4958978ff8f2;0;;;
'2023-11-07';08e57ac0-04fc-11ed-a0d7-79408af2ec92;0;;;
'2023-11-07';a9d6f880-1544-11ec-88f2-ffa23ab0fbc0;0;;;
'2023-11-07';f1e54a80-3da8-11ee-b023-35391fda87f5;0;;;
'2023-11-07';81160a70-cef8-11ed-a86a-7b8484572727;0;;;
'2023-11-07';973ddf10-30ad-11e8-94b5-05fb3f125577;0;;;
'2023-11-07';1d8f5600-f621-11ed-aff7-5bbdb4554031;0;;;
'2023-11-07';e066e4d0-16fd-11ed-b7b0-47b2474cb7da;0;;;
'2023-11-07';be3bdb40-6909-11ee-9908-39a6d8011575;0;;;
'2023-11-07';e62f61f0-2d07-11ee-8448-fdb67e81e917;0;;;
'2023-11-07';d0ebd920-5961-11ec-bc4e-51a04504afc6;0;;;
'2023-11-07';b7f86290-7ca9-11ee-a484-1d73fb337cd4;0;;;
'2023-11-07';ed294730-60d5-11ee-b7c5-8f053a99b21b;0;;;
'2023-11-07';442c4cd0-75ad-11ee-ba81-dfa01e423654;0;;;
'2023-11-07';c0e0bc50-41d4-11ee-b2b0-03778352b313;0;;;
'2023-11-07';f58bbfa0-675d-11ee-9595-f1ab993f860d;0;;;
'2023-11-07';d94f0b00-4988-11ee-90cb-573c0fdfe79d;0;;;
'2023-11-07';60355210-28de-11eb-aa02-c3649cfe7f71;0;;;
'2023-11-07';089dfdf0-7d58-11ee-82d8-bbccd880a9d8;0;;;
'2023-11-07';a58ed510-cd4c-11e8-9dd7-2de018b9dff4;0;;;
'2023-11-07';ac5ddd60-28bf-11ec-bff2-313eb74d465e;0;;;
'2023-11-07';ed9a20a0-7c90-11ee-bf5a-e7cd62c7a91c;0;;;
'2023-11-07';6407adc0-71dd-11ee-8dfc-25340a5abfbc;0;;;
'2023-11-07';0e8d8a60-f7e2-11ed-ab11-41d588b01da0;0;;;
'2023-11-07';78abd940-798a-11ee-b3a3-57f4018ab536;0;;;
'2023-11-07';80436300-511f-11ee-a29c-23f6d170ff76;0;;;
'2023-11-07';33767260-26a5-11e8-94dd-f36b03bbaff4;0;;;
'2023-11-07';5a4c9ae0-416b-11ee-a682-0fa477248978;0;;;
'2023-11-07';1dca2ef0-21cb-11ec-885e-6703ed07e631;0;;;
'2023-11-07';50d05df0-1176-11ee-bc33-9f745e295c1d;0;;;
'2023-11-07';1b06e5f0-aa3c-11ed-9a49-e1cc4e62bc23;0;;;
'2023-11-07';d34d9600-7d35-11ee-958e-9fcfdb30ecf9;0;;;
'2023-11-07';54fd97f0-633b-11ee-9f47-0d6a78e13ef4;0;;;
'2023-11-07';3b9de6d0-7361-11ee-aa1b-19a11dfbbdeb;0;;;
'2023-11-07';a52a6790-7c58-11ee-b31f-a17ea8ebca96;0;;;
'2023-11-07';7d52a8c0-c553-11ed-b313-49e57f485e6b;0;;;
'2023-11-07';2fe4b4a0-47be-11ee-9248-e7202ff15026;0;;;
'2023-11-07';6a493410-7d1d-11ee-bdb2-8f8b0fa57619;0;;;
'2023-11-07';21a20810-76d6-11ee-8ad3-ff3e78388499;0;;;
'2023-11-07';1d3b77a0-1a26-11ee-bb72-03bdc587dc1b;0;;;
'2023-11-07';fa4dd560-7d73-11ee-bde5-37a1d711ea1b;0;;;
'2023-11-07';0d7460f0-34e5-11ee-b176-d12671d3ad6a;0;;;
'2023-11-07';0a54b9f0-6a65-11ee-bf89-77b46f9d2e7f;0;;;
'2023-11-07';8eee72b0-7c7a-11ee-9fbc-2593cf675d8d;0;;;
'2023-11-07';e9820b90-6a61-11ee-abcc-dd75dcdd7e70;0;;;
'2023-11-07';2c079400-5aa2-11ee-9d24-49e9e7fab6ba;0;;;
'2023-11-07';70b39370-c1bd-11ed-b290-a1a120fcbe4b;0;;;
'2023-11-07';7222b130-269c-11e8-bb4b-a36ae7d0938b;0;;;
'2023-11-07';eb9473e0-0028-11ed-880f-250c592c920b;0;;;
'2023-11-07';4c749bc0-1ac6-11ec-b507-6d3180b60d38;0;;;
'2023-11-07';15eabff0-6312-11ec-a738-2ba595a08e5b;0;;;
'2023-11-07';ab944000-332c-11ec-a9f7-d1f8e28e447e;0;;;
'2023-11-07';7ad09320-7cad-11ee-a0f2-f9c4eafbab01;0;;;
'2023-11-07';a20dd8d0-570a-11ee-b0e9-5befd482f94b;0;;;
'2023-11-07';d2c5e170-5343-11eb-b73c-81104d277140;0;;;
'2023-11-07';afbdc900-7af9-11ee-9ba7-0b37d347b293;0;;;
'2023-11-07';5559b200-bc2b-11ec-94d7-d5cdeb7721e6;0;;;
'2023-11-07';616ae0f0-66a7-11ee-a01d-b9cbcdd7a85c;0;;;
'2023-11-07';bcb391e0-ecb6-11eb-9faf-6fc2e0ec653b;0;;;
'2023-11-07';cb446020-6f65-11ee-b9ce-a7fcc3a9fd72;0;;;
'2023-11-07';605068d0-dc45-11ed-9d44-810786957f5c;0;;;
'2023-11-07';dd2ffdf0-2671-11e8-b53c-c18ebfb7a046;0;;;
'2023-11-07';8dc2ff60-7977-11ee-9c9d-4729a8879c55;0;;;
'2023-11-07';aa9b5be0-6f95-11ea-bd4f-81608d74ea67;0;;;
'2023-11-07';9dc265c0-b101-11ed-870e-e97cfd69c128;0;;;
'2023-11-07';f6c98680-be31-11ec-a1a0-c786840b3bdb;0;;;
'2023-11-07';f5c917b0-19f6-11ee-9ff9-bb2aeb994a1d;0;;;
'2023-11-07';07867ba0-7d25-11ee-a872-6bdc6f6e7330;0;;;
'2023-11-07';e28ad250-9c53-11ec-ae50-07fd6609986d;0;;;
'2023-11-07';8bf6b710-13ee-11ee-a4f2-8f018c3bebbc;0;;;
'2023-11-07';ce79df20-e0fb-11ed-ae6e-e9ce17e234c0;0;;;
'2023-11-07';5373b070-7c51-11ee-bc95-d1f2516df12e;0;;;
'2023-11-07';3b0b8e50-3fce-11ee-b0ac-193c90a7847b;0;;;
'2023-11-07';57d9c5d0-0aa7-11ee-b739-4552da4a3de6;0;;;
'2023-11-07';38d27c70-840a-11eb-a430-2f519e1f43ef;0;;;
'2023-11-07';1d2c2000-2216-11ee-ba9b-d53a8ac4f526;0;;;
'2023-11-07';8f2ef580-30c6-11ec-9970-15f9bcde4e5d;0;;;
'2023-11-07';2d3755d0-3fe3-11ec-9bd5-55e2e6e796d0;0;;;
'2023-11-07';98750730-a3c3-11ed-a17c-2d665987ad67;0;;;
'2023-11-07';880756b0-5a06-11ee-813b-731c29668320;0;;;
'2023-11-07';43f67d40-62c9-11ee-9f2c-dd9c8474a1ac;0;;;
'2023-11-07';38cd4950-4028-11ec-94bb-814614b0bb00;0;;;
'2023-11-07';f76deae0-71d6-11ee-909e-e53967f159a2;0;;;
'2023-11-07';9ebb77f0-5917-11ee-8857-99f9df9c4c30;0;;;
'2023-11-07';8fc57720-35c0-11ee-9c91-ff09e2de186f;0;;;
'2023-11-07';41920000-5eaa-11ea-b0b7-85d150c6b781;0;;;
'2023-11-07';466fbf60-fa36-11ed-a14a-67347299561e;0;;;
'2023-11-07';b72582c0-2534-11ee-8abc-af13710a6880;0;;;
'2023-11-07';e1c15380-698e-11ee-aad1-3d54b501aa9e;0;;;
'2023-11-07';0285c1b0-5db8-11ee-91a0-bd8641dc8912;0;;;
'2023-11-07';b9f88f60-55f0-11ed-8b3f-c7af7dd6a2be;0;;;
'2023-11-07';74652330-2f6d-11ee-bf3d-7bc14c98ac93;0;;;
'2023-11-07';cbb2af70-a51a-11eb-bc9a-9b8287359b8f;0;;;
'2023-11-07';61aa9be0-586b-11ee-9d78-ed8dd114beb7;0;;;
'2023-11-07';c86322d0-43c2-11ed-93a5-8958ea89b78d;0;;;
'2023-11-07';74ccfd80-5a32-11ee-8897-1d746f19b32a;0;;;
'2023-11-07';d3e147d0-c961-11ec-8dbc-91522cfcdb7f;0;;;
'2023-11-07';5549f370-eed4-11ec-844a-37590d323efc;0;;;
'2023-11-07';bafb8570-e353-11ed-9753-edccc786c976;0;;;
'2023-11-07';07690c10-84d8-11ec-a5ec-659f78a8acae;0;;;
'2023-11-07';bfc13a70-e424-11ec-aea2-a3c5acbc179a;0;;;
'2023-11-07';36706280-7a3e-11ee-af94-af40a53e5a6a;0;;;
'2023-11-07';2bd27670-b91f-11eb-be4e-4745f1237f5d;0;;;
'2023-11-07';5f2afc00-78cf-11ee-b854-b99a46e8257e;0;;;
'2023-11-07';100d2f00-3f26-11ed-9b8d-f509002bbe01;0;;;
'2023-11-07';d45f0c40-7290-11ee-a68d-a576871da231;0;;;
'2023-11-07';718e9310-6d04-11ee-a7ad-477a937c892e;0;;;
'2023-11-07';7ee9f640-5102-11ed-8b59-ada41d7a6470;0;;;
'2023-11-07';390074a0-6b7c-11eb-8ef9-73f675c1c29c;0;;;
'2023-11-07';5ee9ed60-8222-11eb-80f0-159aa0597eff;0;;;
'2023-11-07';e94b3f20-6345-11ee-9b1b-7985eb1a6cef;0;;;
'2023-11-07';da5f0c20-63fa-11ee-92b8-f727e9fc6388;0;;;
'2023-11-07';962bde00-4be6-11ea-8895-c5a074fddb81;0;;;
'2023-11-07';e923e9b0-d5f9-11eb-8204-9356d5efe411;0;;;
'2023-11-07';0e0f02a0-6cb1-11ee-953b-e374d20d0ab3;0;;;
'2023-11-07';b1678b10-f97e-11ea-a664-63c2b710d406;0;;;
'2023-11-07';ac795af0-7d3f-11ee-8aff-f9121172b635;0;;;
'2023-11-07';f71b8e40-741b-11ec-93e2-cd9cfeea9364;0;;;
'2023-11-07';b289e220-7d3a-11ee-a8dd-81ebef5b77c9;0;;;
'2023-11-07';8ff52fb0-5c8c-11ec-8375-b1e490a77bd0;0;;;
'2023-11-07';cbfd1d70-aeb5-11ed-b277-192553cd6c9f;0;;;
'2023-11-07';d96713d0-770f-11ee-a4f0-09f62626fb0e;0;;;
'2023-11-07';8eea8320-a8b6-11eb-adea-f3eff2a48e5e;0;;;
'2023-11-07';70315a20-6fcf-11ee-a847-011f3c4c1a68;0;;;
'2023-11-07';a0ad6970-6537-11ee-aba1-a34840e2b589;0;;;
'2023-11-07';1dba0c90-7631-11ec-8925-9773554eea3f;0;;;
'2023-11-07';d6e11b10-7a16-11ee-8587-897dfc9f3dd2;0;;;
'2023-11-07';356ec280-9b21-11ec-a16b-1d4466b83a51;0;;;
'2023-11-07';34061640-095f-11ec-8e63-4b3c41117f08;0;;;
'2023-11-07';2603ef60-fe34-11ed-910f-ed4de5f486e7;0;;;
'2023-11-07';40720a80-7d2d-11ee-a434-a7986d4d1c84;0;;;
'2023-11-07';27e7f050-2b94-11ee-a05f-bb6a4517466c;0;;;
'2023-11-07';c6c3d2d0-7a62-11ee-8edd-b15783e56a53;0;;;
'2023-11-07';b102e250-b46b-11ed-9e46-b1e2925e9c5c;0;;;
'2023-11-07';70ce0aa0-7d49-11ee-aec1-5f44aeb5895e;0;;;
'2023-11-07';2c4ca150-b4b2-11eb-bceb-c907bb5088fb;0;;;
'2023-11-07';6a1690d0-5227-11ee-b8ad-3f950449d99c;0;;;
'2023-11-07';d5331ce0-7d4b-11ee-9b43-8b73d90c1f01;0;;;
'2023-11-07';ba577960-f044-11ec-8b5e-836dee7fde13;0;;;
'2023-11-07';f467ed90-6f07-11ee-abf5-49fc9b5925ab;0;;;
'2023-11-07';5c064620-3822-11ea-9e14-7dd8641a84eb;0;;;
'2023-11-07';17610930-58cf-11e8-bc52-fbc4499d07ad;0;;;
'2023-11-07';548e6740-50b7-11ee-8f20-6d95d03bf09a;0;;;
'2023-11-07';19fb4f40-3a23-11ed-b483-f70dfd6e50ae;0;;;
'2023-11-07';3467c5b0-faa4-11ed-9ba5-6b4213376a12;0;;;
'2023-11-07';58969d60-2923-11e8-a801-03bd9f769083;0;;;
'2023-11-07';28402750-3222-11e8-bf18-af6030bd73a2;0;;;
'2023-11-07';b9246380-634f-11ee-b44c-e1aa29c70cf6;0;;;
'2023-11-07';dd5f90b0-dc43-11ec-8c32-ed8bccffbf05;0;;;
'2023-11-07';bfb84fc0-b958-11eb-b3b5-714825858d67;0;;;
'2023-11-07';0a2ca650-7d2e-11ee-835d-c3518870497a;0;;;
'2023-11-07';cae78bc0-0449-11ee-a68c-d7482786be21;0;;;
'2023-11-07';069fa550-cee2-11ed-b5a7-c74c8d14f851;0;;;
'2023-11-07';4d3f45e0-ba13-11ec-929f-2de2195b88ef;0;;;
'2023-11-07';a7359760-5fa2-11eb-8aa8-eba44f135ee4;0;;;
'2023-11-07';fcae16f0-7c8b-11ee-9095-df4b22a77401;0;;;
'2023-11-07';637af7b0-63f3-11ee-95fe-df5ea84dbbb3;1;;;
'2023-11-07';98631cd0-27a9-11ea-a9a2-fdbc93cc1a8c;1;;;
'2023-11-07';cd7beb60-7d20-11ee-8269-47927782f738;1;;;
'2023-11-07';dd5d2fd0-0174-11ee-a202-1f042535d2e8;1;;;
'2023-11-07';b9e6c290-cd83-11eb-8c20-33f34c371fbf;1;;;
'2023-11-07';698f2cc0-667d-11ee-aaf8-ebf8d70a8ecf;1;;;
'2023-11-07';73b8a040-c069-11ea-8f6e-73b4bc9df9ed;1;;;
'2023-11-07';43035450-76f9-11ee-8aff-e53b62fa9194;1;;;
'2023-11-07';b3b72d70-de5b-11ed-891f-efb08d205f82;1;;;
'2023-11-07';208aa230-60bb-11ec-8ada-2f7bdc919d04;1;;;
'2023-11-07';ac910730-49d9-11ed-bf0a-1b06bb5b2b3d;1;;;
'2023-11-07';4d4e69b0-2a0d-11ee-aec3-71148bb838d9;1;;;
'2023-11-07';37346470-1ac6-11ec-98f9-e912f416724e;1;;;
'2023-11-07';8695b740-31e3-11ee-848d-819c883f7e7d;1;;;
'2023-11-07';f7662ee0-22a5-11ec-8160-0d3fd119ed49;1;;;
'2023-11-07';d92ce3b0-f52b-11ed-9532-9fb2bd6a5840;1;;;
'2023-11-07';3522c450-f163-11ec-891c-677e674243d7;1;;;
'2023-11-07';d17533a0-a6f9-11ed-8801-7957b24f8397;1;;;
'2023-11-07';53e23290-7d76-11ee-b7fc-555902481ffd;1;;;
'2023-11-07';8f890250-73e5-11ee-a279-5b741b4c1a97;1;;;
'2023-11-07';dea9d400-d805-11eb-900c-b38b424d9453;1;;;
'2023-11-07';c3dff3b0-7d4a-11ee-9ebc-c1aff9bc0781;1;;;
'2023-11-07';880f6dd0-416c-11ee-8820-d973c8eded16;1;;;
'2023-11-07';ddf8c040-0137-11ee-8849-2bdad338d0bd;1;;;
'2023-11-07';55dd0b50-b8d4-11ec-a5cf-6ff7cfa0bdc8;1;;;
'2023-11-07';57c8c940-60f3-11ee-be2e-79588e48dd15;1;;;
'2023-11-07';c6fa9b80-1c99-11ed-9a10-89b27c7c554c;1;;;
'2023-11-07';a07707d0-42b2-11ec-95ea-0bc5636e7c1e;1;;;
'2023-11-07';a89957f0-52c9-11ee-ab89-9f49151b6d41;1;;;
'2023-11-07';5770d150-6a76-11ed-a28c-01943a70f31b;1;;;
'2023-11-07';eb1b9300-5b8d-11e9-bc07-057b2d70c393;1;;;
'2023-11-07';af9a0610-1f7e-11ec-b613-9de6d222c569;1;;;
'2023-11-07';b728cf30-6be2-11ee-9a54-2709e5f9b078;1;;;
'2023-11-07';fc825680-6275-11ee-a126-ff40476b8939;1;;;
'2023-11-07';a32a5320-7d5b-11ee-a0c8-f506ec757c8c;1;;;
'2023-11-07';32576a80-a39f-11ec-a680-09fcc5f5cdba;1;;;
'2023-11-07';393370c0-6aff-11ec-80d6-29740dd4d440;1;;;
'2023-11-07';bb6efa30-7d42-11ee-805f-0f7041b827f5;1;;;
'2023-11-07';3cc8a550-0920-11ee-8fed-21e77d42e56e;1;;;
'2023-11-07';accafc80-d82f-11ed-854e-c743d2198151;1;;;
'2023-11-07';d70dcaa0-0d9b-11ec-9480-19aec6605e49;1;;;
'2023-11-07';48e153d0-e249-11ed-95c5-9f032da39c9a;1;;;
'2023-11-07';68469ad0-1d79-11ee-9d95-07788ad80e8d;1;;;
'2023-11-07';a3ba53c0-d50a-11ed-ae81-6dc5b55c4a36;1;;;
'2023-11-07';823fe7c0-1600-11ec-8cf1-2942cc38e312;1;;;
'2023-11-07';36074840-2b48-11ed-9a4b-c5e097dd8781;1;;;
'2023-11-07';3fe47610-ade0-11ed-b41c-f3268c656679;1;;;
'2023-11-07';6aaeefc0-2f76-11ee-ad04-6fe2f46fe6bc;1;;;
'2023-11-07';b8e32e40-c24d-11ed-a3cc-074b079cf1a2;1;;;
'2023-11-07';9a1bb5a0-2670-11e8-bfc6-df51f8419a76;1;;;
'2023-11-07';ee4fd9c0-b57e-11ec-8ef1-e763c87d7838;1;;;
'2023-11-07';ad4d4aa0-3f0a-11ed-af31-69baa8086303;1;;;
'2023-11-07';24f3e250-7f69-11ed-8921-85f37af133b3;1;;;
'2023-11-07';4e3fa530-34f1-11ed-b207-711bef662a4d;1;;;
'2023-11-07';2ff677c0-350e-11ee-914b-939792a62162;1;;;
'2023-11-07';50573c90-9412-11ed-bab8-b5c12273e1c5;1;;;
'2023-11-07';c2bb7050-c085-11ec-a6d6-05fa39c0b5d0;1;;;
'2023-11-07';29e694b0-2e97-11ed-8dc3-3742abce6e54;1;;;
'2023-11-07';7aa0aad0-4589-11ee-8d7c-79491bd9f595;1;;;
'2023-11-07';28a70d20-916e-11ed-b4cc-134d52c5124a;1;;;
'2023-11-07';652c04f0-fedb-11ed-b8df-edc1c0e546ee;1;;;
'2023-11-07';bec5b710-7733-11ee-8af4-8f7aa2fa4125;1;;;
'2023-11-07';fcdeee90-79a4-11ee-a91d-99e785e1452f;1;;;
'2023-11-07';32430120-b98e-11ed-8676-bb88dee690e2;1;;;
'2023-11-07';56a3e9b0-21b6-11ec-8c7d-59f4a3904d36;1;;;
'2023-11-07';9eaa3180-bce5-11ed-b754-6f3cd0a6f18e;1;;;
'2023-11-07';d9131450-a3f6-11ea-a5e3-217ce35e8bb3;1;;;
'2023-11-07';49411a20-2a47-11eb-8653-b1c5d20771c8;1;;;
'2023-11-07';fd7cc650-3cc9-11ee-b02a-a36d8802e803;1;;;
'2023-11-07';7c0290f0-69c9-11ee-a9b0-a56bfeb14e1f;1;;;
'2023-11-07';8b9758c0-a3e6-11ec-ba08-bdfbba009f42;1;;;
'2023-11-07';b3998e00-4626-11ed-999c-afc882f45942;1;;;
'2023-11-07';3d737280-6e71-11ee-ad33-4bde5fecf184;1;;;
'2023-11-07';339ff8f0-5c38-11ee-83e3-030b54ab2ead;1;;;
'2023-11-07';5416a9d0-5695-11ec-89b3-b903eebc7382;1;;;
'2023-11-07';cb1ee610-26eb-11e8-b934-6bbbc6fca064;1;;;
'2023-11-07';6abb78c0-85d6-11ed-badb-fb3ca258c011;1;;;
'2023-11-07';65a76ce0-93ce-11ec-b4a5-99d500c079e4;1;;;
'2023-11-07';1f8f3e60-792b-11ee-9199-6b2d90842bbf;1;;;
'2023-11-07';31f0e400-7971-11ee-bcd5-a7b1139883f8;1;;;
'2023-11-07';58851d80-f39c-11ed-a8e8-0fb5ffe22ca5;1;;;
'2023-11-07';082c92e0-e887-11eb-a971-d544105477fa;1;;;
'2023-11-07';fab21e00-932a-11ed-86a2-43c4ab057fef;1;;;
'2023-11-07';5c0334c0-7d25-11ee-a297-cb2fb6813cd9;1;;;
'2023-11-07';f21e22d0-567f-11ed-ab53-0db2be12f6a3;1;;;
'2023-11-07';f3442640-28b7-11ee-8bfc-2f2d398b3974;1;;;
'2023-11-07';ef99bdc0-7d2b-11ee-a1a6-1b992d00d052;1;;;
'2023-11-07';6cd12bd0-9925-11ec-9765-cfe6d22adf4a;1;;;
'2023-11-07';f3df0da0-baf8-11ec-a7c6-cd1dd79443da;1;;;
'2023-11-07';b79f89b0-3bb8-11ec-b42d-bbbbbffb9226;1;;;
'2023-11-07';51c36d40-5903-11ee-9188-dbac2215c37d;1;;;
'2023-11-07';62228ff0-7162-11ee-81a4-6b01e1b48ba8;1;;;
'2023-11-07';daed2f70-6dcb-11ee-a3ed-85faed8b53a2;1;;;
'2023-11-07';c305d4a0-a915-11ed-94f7-d9cc05d27ce1;1;;;
'2023-11-07';49cbc900-035c-11ed-8058-57ce40d0e90b;1;;;
'2023-11-07';28bc4050-6031-11e8-9366-cb66763dc667;1;;;
'2023-11-07';d4731430-b1d7-11ed-a7ed-fd0788cae199;1;;;
'2023-11-07';bd3a7190-f94f-11ed-830e-7fca1826c9f3;1;;;
'2023-11-07';e309a680-52db-11ee-9084-ff1efb5c3f86;1;;;
'2023-11-07';3df312c0-1fa1-11ee-818d-d5a26c10ce6b;1;;;
'2023-11-07';424d1220-63bd-11ee-bf5c-2915cf679904;1;;;
'2023-11-07';6e255e80-5ead-11ee-b9ab-514ff5ef01dc;1;;;
'2023-11-07';1a633e20-6745-11ee-ad73-95d1cc768655;1;;;
'2023-11-07';3ec34b00-fc1d-11ec-8c2b-a7c42781e7e7;1;;;
'2023-11-07';5ae87740-6f29-11ed-acdd-371702bef2e8;1;;;
'2023-11-07';c9844e00-82fd-11eb-9a72-7b56f4d376a6;1;;;
'2023-11-07';90626340-6717-11df-be47-03f2d32a026e;1;;;
'2023-11-07';678eeea0-51f2-11ee-84f0-539bab5a3b1e;1;;;
'2023-11-07';bf7a2d50-5df5-11ee-832a-37e0ed135bb2;1;;;
'2023-11-07';ad644ab0-5045-11ed-848c-25de0778ac52;1;;;
'2023-11-07';5e8eb3d0-fc26-11ec-a640-d991b378bd12;1;;;
'2023-11-07';6716d230-26e1-11ee-8726-d5b75c527547;1;;;
'2023-11-07';5cd83180-2ba3-11ee-beb4-d7f3149d2f6d;1;;;
'2023-11-07';e67c9a20-4359-11ee-af36-abd1a59c452e;1;;;
'2023-11-07';71d06080-f633-11ed-b525-0f6a37bdae54;2;;;
'2023-11-07';c1a28c20-ba1f-11eb-98a9-ffa5882c14df;2;;;
'2023-11-07';14daae20-03f5-11ed-9a95-ff51a0d312d9;2;;;
'2023-11-07';db5c2150-7bd6-11ee-9c29-f9244dc38721;2;;;
'2023-11-07';6ff64ff0-c739-11ed-b55b-2d1221318693;2;;;
'2023-11-07';2a841d70-d241-11ea-ada3-9dca90d0a109;2;;;
'2023-11-07';eac394a0-67e2-11ee-8b31-1fd51f308c89;2;;;
'2023-11-07';c7a2a740-7e28-11ec-91e0-9d5062ed501b;2;;;
'2023-11-07';3641be70-56bd-11ee-8757-274528955ba6;2;;;
'2023-11-07';d9019820-62bf-11ee-8b61-21253dd65b02;2;;;
'2023-11-07';f4f123b0-3c23-11ee-af31-1d3739303f12;2;;;
'2023-11-07';d1346b20-246e-11ee-ab0d-ff3a6eb35f54;2;;;
'2023-11-07';38f23a60-60d6-11ed-9055-050ecf74bb2a;2;;;
'2023-11-07';02a1d900-a64c-11ed-a3c5-4da84c18504e;2;;;
'2023-11-07';97b80600-76fc-11ee-8a59-8bb6d8792ac3;2;;;
'2023-11-07';9db67550-4e42-11ea-9bfd-55441f27779a;2;;;
'2023-11-07';7bd68030-680e-11ee-a064-4f18e5211fda;2;;;
'2023-11-07';32e54260-4b4b-11ee-8cec-63e3708533e1;2;;;
'2023-11-07';62142110-74d0-11ee-a6cb-2bcab00e1207;2;;;
'2023-11-07';b1c90ad0-9174-11ed-973f-d9c0d2c30895;2;;;
'2023-11-07';b4d28780-046b-11eb-a7aa-2f3d29bb7930;2;;;
'2023-11-07';2a3e75a0-2777-11eb-a5c7-c3e2e3534623;2;;;
'2023-11-07';e49260b0-4335-11ee-a1d6-4ddc9c80ed8a;2;;;
'2023-11-07';cfbce6c0-9d54-11ec-8487-dbe8a6f96ab0;2;;;
'2023-11-07';6b59cff0-18d9-11eb-a819-bdd94c6f9988;2;;;
'2023-11-07';fc4ad470-7bdf-11ee-bf07-49e2a924a598;2;;;
'2023-11-07';67d7d6f0-5923-11ee-a7c0-afd4243c8f34;2;;;
'2023-11-07';8211a520-5c69-11ee-9fb2-ef0c1c7bbc91;2;;;
'2023-11-07';0208e7b0-68c8-11ee-9bc4-59233d326e23;2;;;
'2023-11-07';107b77e0-dabb-11ed-8557-956134157fc2;2;;;
'2023-11-07';ac8f8440-32a6-11ed-81d8-77a9ca24d3c7;2;;;
'2023-11-07';129131c0-b0e8-11ed-8ef3-c1a8172934cf;2;;;
'2023-11-07';93fe3b90-3680-11ee-ab2e-cbd6e044ea6a;2;;;
'2023-11-07';c89ca050-a691-11ed-ac27-eb96d3d277c6;2;;;
'2023-11-07';307fc190-9422-11eb-acd3-cd8a13a26ecf;2;;;
'2023-11-07';3b02fd60-05e7-11ee-b7c3-c1e25f9f5ba4;2;;;
'2023-11-07';5d120860-d482-11e8-84cb-3b32700906f9;2;;;
'2023-11-07';71aa0370-bc01-11ed-b475-112ce88e695c;2;;;
'2023-11-07';f389d150-b7e6-11ed-8ad1-455c63298437;2;;;
'2023-11-07';05f4c660-0387-11ee-8d87-29c405c7bc41;2;;;
'2023-11-07';90cd6760-d24c-11eb-9cb7-1b5a7ac9a59e;2;;;
'2023-11-07';d8628fe0-7d14-11ee-8235-97a37f3409f4;2;;;
'2023-11-07';7cf17ac0-43eb-11ee-8dfe-2fa833fea936;2;;;
'2023-11-07';8313cd60-4303-11ee-b9f7-77e376310446;2;;;
'2023-11-07';18b21690-796b-11ee-8a43-f5f81fb0e9e9;2;;;
'2023-11-07';20140df0-5b5f-11ee-ad61-138d282c1eaa;2;;;
'2023-11-07';2809fbe0-6cfe-11ee-9cf1-9f839b808b64;2;;;
'2023-11-07';a4f107c0-25d7-11ee-b645-8382199167e4;2;;;
'2023-11-07';8440d590-e6fc-11ea-a842-65029eedd4ca;2;;;
'2023-11-07';37a36b60-55e2-11ed-b17e-8f0a388e5986;2;;;
'2023-11-07';5e3a4c80-556c-11eb-a503-8fb56e9680fd;2;;;
'2023-11-07';ba06b780-48bb-11ed-991d-5b8619d944dc;2;;;
'2023-11-07';6d6bef70-6ef0-11ed-9e19-fbb8a7554281;2;;;
'2023-11-07';eac917e0-0392-11ee-bc51-cfd18341dc83;2;;;
'2023-11-07';e7081680-b278-11ed-bc08-8d363ab79373;2;;;
'2023-11-07';3b100450-8fc8-11ed-a4ee-39bb2f444421;3;;;
'2023-11-07';ae999610-2d62-11ee-9150-0525d92b48fd;3;;;
'2023-11-07';c41758c0-9a7c-11ed-96f8-85c276d49420;3;;;
'2023-11-07';1398e090-5fb8-11ec-93d6-a1a3b73757bd;3;;;
'2023-11-07';74c1a840-5613-11ee-967e-2bec9fcda431;3;;;
'2023-11-07';e247acc0-1c7a-11ee-bda5-8961e2ebcb05;3;;;
'2023-11-07';3d8322f0-209e-11ee-bdb7-63a16ffb097c;3;;;
'2023-11-07';f36243b0-745c-11ed-95d1-dd87d160039b;3;;;
'2023-11-07';b127e3e0-6bef-11ec-a280-35080c578694;3;;;
'2023-11-07';7e0bf3b0-62b1-11ee-aeb2-6d814e61fb7d;3;;;
'2023-11-07';a315d110-a5d0-11ed-b8df-d5ae0d370852;3;;;
'2023-11-07';44239f70-9988-11ec-8f33-e772e5daf30e;3;;;
'2023-11-07';bd1fb920-2388-11ec-b18e-4700a275e16b;3;;;
'2023-11-07';9d657c50-6965-11ec-a4a9-912dae094ad1;3;;;
'2023-11-07';c6f084e0-1498-11ee-9a00-c1d45ba502dd;3;;;
'2023-11-07';a9db1900-28ea-11ed-8b42-1131e1e9c240;3;;;
'2023-11-07';8cb762a0-7d23-11ee-bdcc-51ac2c044a9c;3;;;
'2023-11-07';976d8a40-b3d0-11eb-9810-893f9337c32a;3;;;
'2023-11-07';a2b1eb10-7324-11ee-8d99-85c548985373;3;;;
'2023-11-07';30fa4030-ea30-11ed-aff1-95fefdca1062;3;;;
'2023-11-07';ac25a8b0-7939-11ee-844d-c97f903509c5;3;;;
'2023-11-07';22664dd0-6590-11ee-a71f-ffc4750fc8ed;3;;;
'2023-11-07';c938c6c0-4ac8-11ee-ab26-b1dc1a52791c;3;;;
'2023-11-07';82aff070-57bc-11ed-a1f1-d9a024bf871f;3;;;
'2023-11-07';738ac720-2609-11ee-a9b6-8f4aad7a359a;3;;;
'2023-11-07';4eb5a590-355d-11eb-8a71-a1b2c17da083;4;;;
'2023-11-07';9c3e6740-7d38-11ee-9c79-d579745c27f1;4;;;
'2023-11-07';33864540-382f-11ee-a5a1-cfd5c6784c6b;4;;;
'2023-11-07';d142f970-7986-11ee-ac79-e95c840217ac;4;;;
'2023-11-07';e593b3d0-1732-11ee-981b-1be3372f8384;4;;;
'2023-11-07';798a8f30-39bd-11ee-afd3-e97cdd17bebe;4;;;
'2023-11-07';8f0a6d60-62d7-11ee-a7e5-7552154dd601;4;;;
'2023-11-07';ace59940-66a1-11ee-9a35-27e11fa0b7c6;4;;;
'2023-11-07';121c0aa0-3101-11ee-af24-0b716f1258d0;4;;;
'2023-11-07';62905e10-37ff-11ed-869a-8be0571a2887;4;;;
'2023-11-07';695c5ef0-25e2-11eb-a938-6bff07fe5479;4;;;
'2023-11-07';38739910-bb6e-11ed-a75f-2396de10ccac;4;;;
'2023-11-07';027f6d40-77dc-11ee-b378-a77ad8c66043;4;;;
'2023-11-07';648c2480-c0ab-11ed-9a17-8396e86aa4ff;4;;;
'2023-11-07';397fdaf0-34b8-11ec-9b79-0bc2295b5ed8;4;;;
'2023-11-07';90694410-2f24-11ee-82be-ed4d2f30ad09;4;;;
'2023-11-07';3fad9220-6398-11ea-9789-39cafe3b86b6;4;;;
'2023-11-07';6fc39270-57e7-11e8-b8eb-5dd751d2ca2c;5;;;
'2023-11-07';6cb3f870-7ad5-11ed-be43-f13be62b8eb5;5;;;
'2023-11-07';dfbcb770-4958-11ed-a1f5-4f697baada95;5;;;
'2023-11-07';65615ea0-60f8-11ee-be85-0d709b34c245;5;;;
'2023-11-07';c7af8560-6287-11ee-958e-3593f0855815;5;;;
'2023-11-07';ba672970-0699-11ee-8433-a5242cc37a10;5;;;
'2023-11-07';77d26ec0-9a8c-11ea-a2fd-3d9ff5d8d5c2;5;;;
'2023-11-07';10724990-793f-11ee-a8bc-a7929dc7f7c7;5;;;
'2023-11-07';f3b05090-6386-11ee-b738-411998dddbba;5;;;
'2023-11-07';211e4810-69af-11ee-a0a3-b729bba99f49;5;;;
'2023-11-07';c3cc73f0-728f-11ee-951b-25fd306d7297;5;;;
'2023-11-07';7ce80cf0-05c6-11ee-b98b-574eb3d1a254;5;;;
'2023-11-07';38d42440-09bd-11ee-9c8f-79e04d85822e;5;;;
'2023-11-07';be4985b0-7d27-11ee-991c-8f30434bccd2;6;;;
'2023-11-07';62d024f0-5113-11ed-a2ea-0da72871968a;6;;;
'2023-11-07';74b32710-b817-11ed-b0f3-61697d13745c;6;;;
'2023-11-07';03730d20-5ce2-11ee-9006-b178b960a5f1;6;;;
'2023-11-07';ad7c3ca0-4a55-11ee-af7f-751830de72d9;6;;;
'2023-11-07';cf733600-e3ea-11ed-a5b9-b3c6a94e0cba;7;;;
'2023-11-07';601d66a0-63b6-11ec-8a00-81f651d0b14a;7;;;
'2023-11-07';3f69ee50-2c0c-11ed-be50-6fb693743b92;7;;;
'2023-11-07';3829bf60-8575-11eb-a25f-f3e01892c1ce;7;;;
'2023-11-07';9d3d74d0-50fa-11ed-9180-5764ee98dd32;7;;;
'2023-11-07';cc18b200-f6b7-11ea-bd0d-dbcc365e437b;7;;;
'2023-11-07';4d38f3d0-d412-11eb-bb62-cf30999db924;8;;;
'2023-11-07';b4163200-fb7d-11ec-b7fb-f39ee4864908;8;;;
'2023-11-07';ccf41470-9163-11eb-81d9-1daa2227a896;8;;;
'2023-11-07';c6d9df70-56b5-11ed-9474-475865b6547c;9;;;
'2023-11-07';3a5bab80-269c-11e8-8319-456ad9d3b8d8;9;;;
'2023-11-07';4d07c180-644f-11eb-879c-b7c02edf4f37;9;;;
'2023-11-08';4cedb770-1174-11ee-b5d1-5190f485ef48;26;;;
'2023-11-08';1fba7800-18db-11ea-a00b-cf3d2fa771e7;27;;;
'2023-11-08';26294cd0-56df-11ed-9a66-895324db225b;13;;;
'2023-11-08';f389d150-b7e6-11ed-8ad1-455c63298437;10;;;
'2023-11-08';bed30e00-35cb-11ee-bb0c-49db89dd467a;16;;;
'2023-11-08';b0c4b750-4353-11ea-b71d-9325d41eec6a;10;;;
'2023-11-08';344759d0-7d24-11ee-bf08-65dbbe148007;25;;;
'2023-11-08';87b20d60-964b-11ed-a8d9-b337542e485d;10;;;
'2023-11-08';b361aed0-7dda-11ee-a77f-3762c56600bf;11;;;
'2023-11-08';5b324800-7d58-11ee-9e01-a7e47c762614;14;;;
'2023-11-08';0db94550-c3eb-11ed-97dc-45d791b61932;11;;;
'2023-11-08';a6cae220-e5fe-11eb-9cfc-c97848c69fe1;10;;;
'2023-11-08';043da6a0-3020-11ee-9d33-0b9da90bee35;25;;;
'2023-11-08';250ad9f0-0435-11ee-9bb8-558d623e7fb9;14;;;
'2023-11-08';7dcf0010-097e-11ec-b32f-71281354a61e;18;;;
'2023-11-08';36706280-7a3e-11ee-af94-af40a53e5a6a;0;;;
'2023-11-08';2524cec0-9a28-11ea-9185-7f8955ba3aa0;0;;;
'2023-11-08';e923e9b0-d5f9-11eb-8204-9356d5efe411;0;;;
'2023-11-08';ec126ae0-76cc-11ee-8e04-5908be281676;0;;;
'2023-11-08';5f993750-683a-11ea-96c5-0b4aa9599a94;0;;;
'2023-11-08';823fa620-6a63-11ee-a621-53985e61effe;0;;;
'2023-11-08';5c5225c0-9870-11ed-ae85-019e14031a0e;0;;;
'2023-11-08';04aa4b00-7d57-11ee-ab09-15405c574e24;0;;;
'2023-11-08';529a5e90-7d9d-11ee-9796-2f4cf7d08d5a;0;;;
'2023-11-08';5f9094d0-60d7-11ee-987e-2b08bf0593ff;0;;;
'2023-11-08';0c564110-2f3d-11e8-86fe-192b553f9733;0;;;
'2023-11-08';6606a8f0-e89f-11ed-8ba3-5dedf1f8d853;0;;;
'2023-11-08';6ee56d40-d93e-11e9-b125-9bbd563ea7e3;0;;;
'2023-11-08';821538d0-3b52-11ee-b76a-1d3a8edc4ac5;0;;;
'2023-11-08';0cdb1180-7dff-11ee-997b-b3712bf8214f;0;;;
'2023-11-08';d0e78190-561c-11ee-9604-61cab66a9198;0;;;
'2023-11-08';5082d480-7e32-11ee-ad9a-7fcde1c44da2;0;;;
'2023-11-08';129131c0-b0e8-11ed-8ef3-c1a8172934cf;0;;;
'2023-11-08';bf209f70-257d-11ee-9a33-e1eabfed4ca5;0;;;
'2023-11-08';71a87480-9b8e-11ed-9f66-cfd487fe0b37;0;;;
'2023-11-08';7d9e7de0-4d52-11ee-b40d-9357accae72d;0;;;
'2023-11-08';e9725eb0-8273-11ed-afe9-d5dc9fa7c7fc;0;;;
'2023-11-08';7a7e6930-57c6-11ee-8ae8-c951d28f2e3d;0;;;
'2023-11-08';8f122dc0-7e2f-11ee-96d9-cd5201d1a7f3;0;;;
'2023-11-08';af644210-ca4c-11ea-b33c-899b23d99b7b;0;;;
'2023-11-08';cbfd1d70-aeb5-11ed-b277-192553cd6c9f;0;;;
'2023-11-08';a79c2260-e901-11ed-b158-c92b01d74e55;0;;;
'2023-11-08';b2be1e20-fafc-11ed-9a9d-b7cfc0948799;0;;;
'2023-11-08';8380b140-9341-11ed-9810-87420a46fe8b;0;;;
'2023-11-08';06297dd0-489a-11ee-8c02-b9560573942e;0;;;
'2023-11-08';64576d80-6cd1-11ee-accd-db5372e5155d;0;;;
'2023-11-08';2d55ede0-6743-11ee-8aa7-9d23cbf652de;0;;;
'2023-11-08';324c5770-01f5-11e9-b853-b9a56e132313;0;;;
'2023-11-08';b078f830-a5cd-11ed-9dd8-f389a39a0e92;0;;;
'2023-11-08';81612e50-7690-11eb-80da-c9831175f4e0;0;;;
'2023-11-08';dcc466a0-80dd-11ed-b2fe-e552ed66125b;0;;;
'2023-11-08';0a427b40-fdc0-11ec-bdb3-a92efc19de32;0;;;
'2023-11-08';2de7bc00-7e4c-11ee-8424-3f8e725ec279;0;;;
'2023-11-08';bafb8570-e353-11ed-9753-edccc786c976;0;;;
'2023-11-08';404deb50-e02a-11ed-a4cd-f3fc0d9aa7de;0;;;
'2023-11-08';28ccf070-0438-11e9-84a5-f5f79e4c3d2d;0;;;
'2023-11-08';766fcff0-6795-11ec-bc56-dbe773a8e784;0;;;
'2023-11-08';595c21a0-c920-11ed-a8f1-a7ac79d09f67;0;;;
'2023-11-08';eddddf00-7c51-11ee-80b5-6dcc752b9cfe;0;;;
'2023-11-08';8ba2ae90-9be6-11eb-9d8f-4f71aa2d7fda;0;;;
'2023-11-08';be7d69c0-3614-11ee-b6c0-7deae7c564dc;0;;;
'2023-11-08';d7660620-5e6c-11ed-b4ca-9fd1b2002159;0;;;
'2023-11-08';f74b0c50-7dd9-11ee-9f7b-8153230f048a;0;;;
'2023-11-08';a1ccf390-6e95-11ee-a59e-056d5eb775c2;0;;;
'2023-11-08';7ce94170-9333-11ed-aa1d-6fa174fe88e9;0;;;
'2023-11-08';d2702cd0-72a4-11e8-a078-a7bb212fccdc;0;;;
'2023-11-08';e4b39950-76f3-11ee-a76c-337f1b3c3c4d;0;;;
'2023-11-08';20af8960-6303-11ed-9966-0ffca1243203;0;;;
'2023-11-08';ef5184c0-7e29-11ee-809a-b77c2597c443;0;;;
'2023-11-08';dc441620-dc0c-11eb-9edd-adf79a7bb4c8;0;;;
'2023-11-08';b5d0ac20-3ab4-11ee-9e73-07e0fbd281e7;0;;;
'2023-11-08';1ba07010-d52c-11ed-9e0b-271d21252d2a;0;;;
'2023-11-08';466328d0-a39d-11ed-bb0c-354a95447fbc;0;;;
'2023-11-08';f82e3ed0-e82f-11ec-a9d4-2729111720fd;0;;;
'2023-11-08';f1aed930-8742-11e9-b6d4-f9b49146ac8e;0;;;
'2023-11-08';78148710-342c-11ed-9e20-b7bdd5b95642;0;;;
'2023-11-08';491848d0-0086-11ee-af2c-ab4d4b149261;0;;;
'2023-11-08';efcb2490-7e08-11ee-a3c5-67608794068a;0;;;
'2023-11-08';e8ed4cf0-5a0b-11ee-8504-3767c46eabf7;0;;;
'2023-11-08';d64a01e0-7489-11ee-9ac9-edbcb318dc4f;0;;;
'2023-11-08';07b72fd0-9b9d-11ed-b7f1-ad5503750a0d;0;;;
'2023-11-08';02a1d900-a64c-11ed-a3c5-4da84c18504e;0;;;
'2023-11-08';06156c60-564a-11ee-9e42-b3913ca46edc;0;;;
'2023-11-08';2ee4aa00-5d18-11ee-8013-6ffcf2198e53;0;;;
'2023-11-08';9a49c8c0-9c22-11eb-ba27-ab3b78a53e46;0;;;
'2023-11-08';308639d0-7e3a-11ee-b19c-99fe95014279;0;;;
'2023-11-08';231a2250-e4cc-11ed-8f65-994009b818cf;0;;;
'2023-11-08';7e0bf3b0-62b1-11ee-aeb2-6d814e61fb7d;0;;;
'2023-11-08';41920000-5eaa-11ea-b0b7-85d150c6b781;0;;;
'2023-11-08';e6cc88f0-efd5-11ed-8b68-712a0617f4fd;0;;;
'2023-11-08';8145bfb0-6cd1-11ed-ada9-91c46b4ba35a;0;;;
'2023-11-08';f5c917b0-19f6-11ee-9ff9-bb2aeb994a1d;0;;;
'2023-11-08';b01b0e30-b9ac-11ed-910b-3dd64c347d94;0;;;
'2023-11-08';eb1dbec0-7e2c-11ee-95e4-2f3711060369;0;;;
'2023-11-08';fffcb3a0-782e-11e8-9bda-4bb6e25796fe;0;;;
'2023-11-08';8776b870-7e42-11ee-9702-adc44ea090c2;0;;;
'2023-11-08';74d6be30-7de4-11ee-8307-f3106c4b46db;0;;;
'2023-11-08';70237e10-df2d-11ed-b1a6-8552f92a1449;0;;;
'2023-11-08';c999c880-9a63-11ea-b603-f9eae0f8604b;0;;;
'2023-11-08';2330f650-68fd-11ee-87ba-9f815424926d;0;;;
'2023-11-08';0b4dffa0-77ae-11ee-8f93-990ae997b37c;0;;;
'2023-11-08';c9b867f0-7e16-11ee-9685-a709cd491c1b;0;;;
'2023-11-08';3e303750-7e1e-11ee-af4c-278a480bb05d;0;;;
'2023-11-08';f8f17760-87fe-11ec-a736-1f2d4eb86998;0;;;
'2023-11-08';1e78adf0-b635-11ec-b8a2-c3cdc73d5ca5;0;;;
'2023-11-08';fc0922c0-3836-11ed-93f9-8578d7146d4e;0;;;
'2023-11-08';af9a0610-1f7e-11ec-b613-9de6d222c569;0;;;
'2023-11-08';152d7400-bcbb-11ed-a0af-3f0f438fc3d5;0;;;
'2023-11-08';07008890-ea42-11ed-9a53-0f6e03e3ccf8;0;;;
'2023-11-08';5f5237a0-7df4-11ee-b0cf-3fe6a77c63d5;0;;;
'2023-11-08';d34245f0-49ef-11ec-b180-e91617ea3976;0;;;
'2023-11-08';82d27e80-448b-11ee-90cd-538c962db324;0;;;
'2023-11-08';abccf380-7d2d-11ee-bb81-d7f81a8e62a5;0;;;
'2023-11-08';74a70d20-7e5c-11ee-b7ab-2f82c971bd27;0;;;
'2023-11-08';1dca2ef0-21cb-11ec-885e-6703ed07e631;0;;;
'2023-11-08';a84d9650-7d65-11ee-a752-fdac4f4cae40;0;;;
'2023-11-08';cb446020-6f65-11ee-b9ce-a7fcc3a9fd72;0;;;
'2023-11-08';66e97810-1824-11ee-972e-8944a9f43d9b;0;;;
'2023-11-08';72dd20b0-7326-11ee-a3f8-e17fee6967a3;0;;;
'2023-11-08';30873ef0-7875-11ed-b201-29b2b3a1b32c;0;;;
'2023-11-08';a7f34190-f144-11ec-98e2-ef54bd049b19;0;;;
'2023-11-08';57bad1b0-4306-11ee-93f5-d5ac32d5ea3f;0;;;
'2023-11-08';45e92740-7e2d-11ee-a300-55e0194121e3;0;;;
'2023-11-08';f6c98680-be31-11ec-a1a0-c786840b3bdb;0;;;
'2023-11-08';e5db6e60-5b92-11ee-81f2-e37ae162a1af;0;;;
'2023-11-08';6743cfe0-3048-11ee-b220-791bbb201f29;0;;;
'2023-11-08';91123690-7dfa-11ee-8ccf-8f88fbc235ea;0;;;
'2023-11-08';6c3b5da0-57ae-11ee-8354-d77ee1a0b9a0;0;;;
'2023-11-08';424a7570-77c6-11ee-9ad4-dbd04a39e050;0;;;
'2023-11-08';a61f4dd0-4236-11ed-8988-c10ff50bb0a8;0;;;
'2023-11-08';46636380-7e31-11ee-ad99-f7d346436662;0;;;
'2023-11-08';7abad610-72d8-11ec-a49f-7702357b844d;0;;;
'2023-11-08';cfc75bf0-269d-11e8-bff3-21083c6b8fc9;0;;;
'2023-11-08';fd8ed660-0f24-11ee-8064-b3742f35edb3;0;;;
'2023-11-08';0a083940-4af8-11ee-b5a3-03614a35f5e3;0;;;
'2023-11-08';b5b65c40-9e46-11ed-9b7b-1fcfe56c7989;0;;;
'2023-11-08';d78fa1e0-6ef9-11ed-886e-31f3a6be4046;0;;;
'2023-11-08';b1c90ad0-9174-11ed-973f-d9c0d2c30895;0;;;
'2023-11-08';cbb2af70-a51a-11eb-bc9a-9b8287359b8f;0;;;
'2023-11-08';3b769f90-7db0-11ee-a844-33f79315d086;0;;;
'2023-11-08';5559b200-bc2b-11ec-94d7-d5cdeb7721e6;0;;;
'2023-11-08';5e907a90-d398-11ed-a15e-e153446eacbf;0;;;
'2023-11-08';74cb35f0-7985-11ee-a2a3-a3cdefd12b91;0;;;
'2023-11-08';fd606b30-ef9a-11ed-b53d-4f7686bdb28f;0;;;
'2023-11-08';d60c74f0-721e-11ee-a0e8-dbfdcccfc67b;0;;;
'2023-11-08';e94b3f20-6345-11ee-9b1b-7985eb1a6cef;0;;;
'2023-11-08';1d2c11f0-7dc9-11ee-8744-9f6ce413b8e3;0;;;
'2023-11-08';bd9f8b80-7ca2-11ee-8732-5fdf1b1c749a;0;;;
'2023-11-08';2c3aef60-3f1f-11ee-94f8-3db242a0d2fa;0;;;
'2023-11-08';c5212440-67c2-11e8-a4d6-f99da50c4b43;0;;;
'2023-11-08';31febba0-f949-11ed-9344-25c3f9893b27;0;;;
'2023-11-08';7e3d2410-f39b-11ed-a1b9-0b751515adfd;0;;;
'2023-11-08';c9a12ab0-7dfb-11ee-a0fb-bb896462f555;0;;;
'2023-11-08';317247f0-8c0d-11ed-8392-491ae48fb568;0;;;
'2023-11-08';a1d6dfc0-7ba8-11ee-908e-75fff9bdebde;0;;;
'2023-11-08';20bf7300-c039-11ed-a2a2-cd53326df3c6;0;;;
'2023-11-08';afe913b0-71c0-11ec-a39a-1d0894f5a843;0;;;
'2023-11-08';2bc1b520-5151-11ee-8e33-4b884c66f90c;0;;;
'2023-11-08';9eaa3180-bce5-11ed-b754-6f3cd0a6f18e;0;;;
'2023-11-08';65567460-6f46-11ea-b6c2-61539cdcb85a;0;;;
'2023-11-08';86731360-68b2-11ee-9c39-77309bd3ca4f;0;;;
'2023-11-08';592273a0-4ec4-11ed-9a0e-bf28f4fb05df;0;;;
'2023-11-08';cb981500-0c76-11ee-9540-39e818b214fc;0;;;
'2023-11-08';0816b470-b063-11ed-ac04-d7a61b9be185;0;;;
'2023-11-08';a9d6f880-1544-11ec-88f2-ffa23ab0fbc0;0;;;
'2023-11-08';50d05df0-1176-11ee-bc33-9f745e295c1d;0;;;
'2023-11-08';27201470-26b5-11e8-8b1e-f3cfc8f9b423;0;;;
'2023-11-08';4abd36d0-7e28-11ee-8a01-4b26f9dc4176;0;;;
'2023-11-08';ef609f50-0684-11ed-9ca0-f3eca5e64f25;0;;;
'2023-11-08';05bf3030-f092-11ec-8780-971cccad7163;0;;;
'2023-11-08';4a3c3470-f08c-11ec-94e6-777a06189b2f;0;;;
'2023-11-08';9aa7c240-6f01-11ee-b90c-43bf9a5a5ffc;0;;;
'2023-11-08';3f35b8e0-101f-11ee-82db-d9eb8e0d664b;0;;;
'2023-11-08';d7643f80-459f-11eb-94ea-4352cebe20bb;0;;;
'2023-11-08';c10c3b00-cba5-11ed-b79c-315b473f5fe7;0;;;
'2023-11-08';f3b11250-45d6-11ee-85a3-a91eabaffb34;0;;;
'2023-11-08';c44efdd0-2bdd-11eb-a6a8-374e84e5cb57;0;;;
'2023-11-08';bf1041c0-a486-11ed-bd97-e5359bb4d375;0;;;
'2023-11-08';fceebd30-7dae-11ee-995b-41eeac17c2b6;0;;;
'2023-11-08';14daae20-03f5-11ed-9a95-ff51a0d312d9;0;;;
'2023-11-08';e1ed61c0-4a6f-11ee-ad9f-717fbbb68447;0;;;
'2023-11-08';37ac8f60-61a4-11ed-9995-6b120fa4305a;0;;;
'2023-11-08';69759090-3088-11eb-a05b-3303464aeeab;0;;;
'2023-11-08';83dc6ec0-5dec-11ed-a7f8-43cd2dca137b;0;;;
'2023-11-08';7bfd9710-7cd1-11ee-9a2d-f9f6322b5d26;0;;;
'2023-11-08';1bd1b730-74b7-11ee-8fcf-533b2f78a300;0;;;
'2023-11-08';2b7127f0-1186-11ee-9d97-fd87d173a13f;0;;;
'2023-11-08';5a33e4f0-7c12-11ee-b73e-87a9118d3d34;0;;;
'2023-11-08';9e8fb0c0-7bb8-11ee-a394-09b1c784bda5;0;;;
'2023-11-08';35872100-7198-11ee-b9ad-6965e9bd5a02;0;;;
'2023-11-08';c8f41110-34d9-11ee-8c47-515b09df55c1;0;;;
'2023-11-08';7d053c30-5fb0-11eb-aac7-173c981a2032;0;;;
'2023-11-08';8aca5ab0-4c2d-11ed-ba4f-3339b0969613;0;;;
'2023-11-08';5f53de40-d41f-11ed-abc9-e395eb253d81;0;;;
'2023-11-08';80a33bf0-280d-11ec-8a50-d357e2855c5a;0;;;
'2023-11-08';981ffe50-70b0-11ea-a265-ffbe702fdf26;0;;;
'2023-11-08';c2f189a0-b335-11eb-8afe-8b116aff9ee9;0;;;
'2023-11-08';d2e75d10-c182-11ec-8110-21c567b6dfab;0;;;
'2023-11-08';88ae6b90-7e36-11ee-9fcc-256cdb385e4b;0;;;
'2023-11-08';2a3e75a0-2777-11eb-a5c7-c3e2e3534623;0;;;
'2023-11-08';2a4d88a0-e136-11eb-89f8-bbb9b37ee5ab;0;;;
'2023-11-08';0a54b9f0-6a65-11ee-bf89-77b46f9d2e7f;0;;;
'2023-11-08';ef7c4c60-7243-11ee-bf8d-69c307081e9f;0;;;
'2023-11-08';c43226c0-3c2d-11ee-9f42-0794c5e31695;0;;;
'2023-11-08';495078b0-327f-11ee-ab3d-0ff8c3cbd9f3;0;;;
'2023-11-08';e3b73680-68d2-11ee-94f8-e74144b3dd83;0;;;
'2023-11-08';2ca4dc30-1748-11ee-8f40-e19906ae1db2;0;;;
'2023-11-08';61adaa40-0b29-11ee-86e5-e9d6363b32fa;0;;;
'2023-11-08';c038ee30-7e1a-11ee-8829-0b7ac8869712;0;;;
'2023-11-08';32b3ba10-33a2-11eb-8aee-8751efd2dc63;0;;;
'2023-11-08';f136c220-60cd-11e8-8ebd-45fc1d9c550a;0;;;
'2023-11-08';c6fd40e0-9248-11ed-b456-33262e2d98fa;0;;;
'2023-11-08';207a00e0-7899-11ee-aaba-e1a7dc5fcc81;0;;;
'2023-11-08';985dcc70-1031-11ee-b79c-b30185ce1561;0;;;
'2023-11-08';dee3e080-e206-11ec-9d9b-a70eaafe4e55;0;;;
'2023-11-08';07fe3600-7c5c-11ee-876a-f1c8093a3f45;0;;;
'2023-11-08';9f84b780-5a2c-11ee-ab87-2f8fb2124f73;0;;;
'2023-11-08';f4ace220-7259-11ed-b96e-b57e3cd3ad79;0;;;
'2023-11-08';15e22c70-8598-11ec-acb3-078afac94e3a;0;;;
'2023-11-08';dcb922f0-61f0-11ee-8c03-2deb997c6e4f;0;;;
'2023-11-08';c57b0c00-2aca-11ee-bd6b-f7026de804b9;0;;;
'2023-11-08';9f6e07b0-c37d-11ed-807c-4f1763a9d08a;0;;;
'2023-11-08';6ea60ff0-7e59-11ee-8c5b-0b3f8c54d46a;0;;;
'2023-11-08';77d26ec0-9a8c-11ea-a2fd-3d9ff5d8d5c2;0;;;
'2023-11-08';4fc7a590-7e58-11ee-a1df-4decb3eaa352;0;;;
'2023-11-08';6ef3d460-7c3f-11ec-964a-4bc968753f25;0;;;
'2023-11-08';9e993310-06f0-11eb-86c1-0d9bf430ab51;0;;;
'2023-11-08';d5c42a80-b101-11ed-afea-75f400d4a3ad;0;;;
'2023-11-08';a97d2fe0-7e19-11ee-af72-bf5ace0adfe1;0;;;
'2023-11-08';e7484f60-6f1b-11ee-8444-35f02439ccf7;0;;;
'2023-11-08';3f31aba0-ef2d-11ed-8493-9fb391b98bdd;0;;;
'2023-11-08';6663f4a0-08df-11ee-81cb-8be2005d9c9c;0;;;
'2023-11-08';ef9c0da0-5df0-11ee-8bd2-3981c510a272;0;;;
'2023-11-08';be6c1d60-7038-11ee-8101-7fb21bc0418a;0;;;
'2023-11-08';fe3cf1e0-3d48-11ed-b6e2-15de7f799be2;0;;;
'2023-11-08';1da90f60-8d58-11ec-8446-41eb5caac821;0;;;
'2023-11-08';369f1a10-f2e2-11ec-aea9-7518bd493785;0;;;
'2023-11-08';c84d4580-4b9d-11ee-b8d1-8f49424ec588;0;;;
'2023-11-08';a8426d50-7e16-11ee-ad1b-c72b725d4def;0;;;
'2023-11-08';2d48ad60-e878-11ec-89e6-f50bb0107659;0;;;
'2023-11-08';f1e54a80-3da8-11ee-b023-35391fda87f5;0;;;
'2023-11-08';03a581a0-3fa7-11ed-8faa-81b6f6c01bfb;0;;;
'2023-11-08';e200b690-c3c3-11ed-a968-71198b08969d;0;;;
'2023-11-08';e7cef900-60cc-11ee-b04b-a3aed0f56f86;0;;;
'2023-11-08';cbf91d20-0a7b-11ee-bb56-397485387683;0;;;
'2023-11-08';278e29f0-0727-11ec-831d-195eaa84618f;0;;;
'2023-11-08';9634db70-7038-11ee-99eb-67dfe87d75c1;0;;;
'2023-11-08';ef5e2000-c960-11ed-8b65-b533c930a496;0;;;
'2023-11-08';cf038b30-60e4-11ee-89eb-1385adc2ab9a;0;;;
'2023-11-08';9dad8170-dacf-11e9-b0ac-933e859ed75b;0;;;
'2023-11-08';8e49c1d0-2805-11ee-a213-d7d02ee803f3;0;;;
'2023-11-08';6900fd90-6ed7-11ed-8453-43025e6683c3;0;;;
'2023-11-08';733360b0-6cc8-11ee-9430-d3c0b6b8333d;0;;;
'2023-11-08';e066e4d0-16fd-11ed-b7b0-47b2474cb7da;0;;;
'2023-11-08';43370150-b413-11ed-a872-c10ae39f266f;0;;;
'2023-11-08';4c4a75d0-6d7a-11ee-8536-83f3e71677ca;0;;;
'2023-11-08';f0a2e730-390d-11ee-ab44-4d4c5f4a70f7;0;;;
'2023-11-08';8c81def0-0411-11ed-99fa-3722f70332f6;0;;;
'2023-11-08';1dba0c90-7631-11ec-8925-9773554eea3f;0;;;
'2023-11-08';14b3bca0-6586-11ed-98e1-298a888b02c7;0;;;
'2023-11-08';71ba2530-d039-11eb-96f0-9fad9d985c73;0;;;
'2023-11-08';f7d46720-7e06-11ee-9567-0322a095e591;0;;;
'2023-11-08';60548a40-71b0-11ee-89f2-1b193c8afaf6;0;;;
'2023-11-08';ff52b590-2297-11ed-8cb9-e5dc54b353b6;0;;;
'2023-11-08';5e45a6b0-0f1b-11ed-8f8f-e7057cff0cb2;0;;;
'2023-11-08';67c0fa80-7e39-11ee-ade8-3bc7f557ff6e;0;;;
'2023-11-08';74b7de30-b9ce-11ea-a2e2-675fec5032f5;0;;;
'2023-11-08';3a8fc3b0-557c-11ee-9343-b31e3ab30159;0;;;
'2023-11-08';77614a10-5cfd-11ee-9fae-6fe9b43efebe;0;;;
'2023-11-08';d9131450-a3f6-11ea-a5e3-217ce35e8bb3;0;;;
'2023-11-08';ae49f140-124c-11ee-a32e-c9cb843ad758;0;;;
'2023-11-08';6716d230-26e1-11ee-8726-d5b75c527547;0;;;
'2023-11-08';005ab4d0-5206-11ee-acc1-8df1bfbbf41e;0;;;
'2023-11-08';59df66c0-dc79-11ed-aaa7-9de3299dc8d1;0;;;
'2023-11-08';48977cb0-db0c-11eb-8c56-3f2df32abc96;0;;;
'2023-11-08';eff2af00-7d32-11ee-9d9f-9b49d900760e;0;;;
'2023-11-08';7f7df4d0-7ffc-11ec-a894-9b6d2c1b26b2;0;;;
'2023-11-08';cced7bc0-29d6-11ee-bf14-a3b1823ecbb1;0;;;
'2023-11-08';0ad181d0-b39a-11eb-beaa-a93d7b2036b3;0;;;
'2023-11-08';b454ac60-41b8-11ee-9812-19a48a56f3da;0;;;
'2023-11-08';23cf68b0-5874-11ee-a83d-5beb50dd13af;0;;;
'2023-11-08';df579f70-7e27-11ee-b77b-7f894a101050;0;;;
'2023-11-08';edebe370-7deb-11ee-9ad4-5f3fbc8aa22d;0;;;
'2023-11-08';e679f6c0-7d03-11ed-83df-d3809e4b153d;0;;;
'2023-11-08';da88ea40-7e30-11ee-8010-1dd4e3d370a4;0;;;
'2023-11-08';bebfcae0-7d9a-11ee-b2e2-8ba151b5bf2c;0;;;
'2023-11-08';d8f7d770-131b-11ee-abcc-b1a39aae6d73;0;;;
'2023-11-08';e7fd4020-7dc4-11ee-85c9-f5e93013fe5d;0;;;
'2023-11-08';62101f10-f600-11ed-a96e-3f4ed4d0abe4;0;;;
'2023-11-08';14b7e7a0-87e5-11ec-8084-f1a1e39a6154;0;;;
'2023-11-08';70f10d90-7a23-11e8-b476-29defa5a917d;0;;;
'2023-11-08';c4056850-1979-11ee-b149-89758b73b4d7;0;;;
'2023-11-08';ff847860-b685-11ec-988b-f7bc901f6613;0;;;
'2023-11-08';6fce6110-7a2c-11ee-a960-5b54a894c03c;0;;;
'2023-11-08';fdb8d8b0-7d66-11ee-a194-a32661f94751;0;;;
'2023-11-08';3f935ca0-c549-11ed-96f3-8950da6cb5ee;0;;;
'2023-11-08';0a413770-7a07-11ee-88bb-f98c399feecb;0;;;
'2023-11-08';3dcb2250-6d0c-11eb-a6e8-81d26df6a203;0;;;
'2023-11-08';5b931bf0-f140-11ea-8cfe-e3ee2b3b06d2;0;;;
'2023-11-08';414a4190-a2b1-11ed-9f5f-fbd11ab0f45d;0;;;
'2023-11-08';4a2e61e0-7283-11ee-9d0a-6bb903e5ef38;0;;;
'2023-11-08';560d9e00-76e7-11ee-8b6f-e37cd7cb4207;0;;;
'2023-11-08';cd7e44c0-43da-11ee-947e-e1e2d2ff1735;0;;;
'2023-11-08';5549f370-eed4-11ec-844a-37590d323efc;0;;;
'2023-11-08';0b9688a0-6bed-11ee-b5a9-1ba18fcded50;0;;;
'2023-11-08';b6c142f0-7797-11ee-83d2-9500cff1cbb2;0;;;
'2023-11-08';bba25a10-6efb-11ee-9350-5d92af506643;0;;;
'2023-11-08';8a2ed430-2e10-11e9-8b85-733612b647ec;0;;;
'2023-11-08';3dca1620-7e58-11ee-b131-17e5bec62d90;0;;;
'2023-11-08';029e0920-59dd-11ee-9778-db51c84c2066;0;;;
'2023-11-08';37ca6ba0-431f-11e8-8a1d-b37352c63da2;0;;;
'2023-11-08';c305d4a0-a915-11ed-94f7-d9cc05d27ce1;0;;;
'2023-11-08';1459cbb0-7e1b-11ee-9677-b7c7c19b8acd;0;;;
'2023-11-08';86c543a0-7d4e-11ee-9fa4-d3c45b301578;0;;;
'2023-11-08';ef9dd100-7e1e-11ee-8b45-d1341186ea86;0;;;
'2023-11-08';369bb660-627a-11ed-9783-415677af7f4a;0;;;
'2023-11-08';7017a720-2d61-11ee-90ac-75a9a49209d9;0;;;
'2023-11-08';dd2ffdf0-2671-11e8-b53c-c18ebfb7a046;0;;;
'2023-11-08';db1f4450-835d-11ed-bdb9-bd48181e3e4e;0;;;
'2023-11-08';5cb0f180-93e4-11ed-8442-653fe8af4907;0;;;
'2023-11-08';82f23640-7153-11ee-8a0b-3537e5b7d417;0;;;
'2023-11-08';9f58bf20-6dac-11ee-853f-8bef294de30b;0;;;
'2023-11-08';692538f0-eff0-11ed-90ec-211da65ae68f;0;;;
'2023-11-08';6d656ad0-24ce-11ee-98ae-69359935c18d;0;;;
'2023-11-08';eae121d0-feb2-11ed-b31e-e1ac5f8d21e1;0;;;
'2023-11-08';1b624bd0-c4a8-11ed-b71f-2772a6a56b6b;0;;;
'2023-11-08';57646160-f4f3-11ed-836f-b9fc40cf18da;0;;;
'2023-11-08';46703160-7e08-11ee-a766-9d2449e11b38;0;;;
'2023-11-08';ad407e90-f3a2-11ed-b7a0-9b67dc10234f;0;;;
'2023-11-08';2a85a360-fb75-11ed-b65d-8b28b8275c32;0;;;
'2023-11-08';9d01a210-2671-11e8-92f4-65a7e7cd4ad4;0;;;
'2023-11-08';4837af70-77bc-11ee-b28d-df143479094c;0;;;
'2023-11-08';b322ea40-33ae-11ee-8975-1dbaaffcfb54;0;;;
'2023-11-08';68c5d770-0f96-11ec-bc22-2fcf25d4e60c;0;;;
'2023-11-08';3bcd9980-21f8-11ee-a022-69d45fe35b12;0;;;
'2023-11-08';d05aef20-3545-11ee-8580-799c3fb74722;0;;;
'2023-11-08';ca015b40-58dc-11ee-94ed-ff7c8c3013ef;0;;;
'2023-11-08';74b5ecf0-7e2a-11ee-a86a-b18ad1ca56eb;0;;;
'2023-11-08';21cb72c0-64f1-11ec-b9c1-554f28876a26;0;;;
'2023-11-08';d9a53120-5648-11ee-a608-0d3249132a5e;0;;;
'2023-11-08';a9628430-5507-11eb-a711-bf8673fbfedc;0;;;
'2023-11-08';14ccb210-3803-11ed-b7f7-03b832d8f9c6;0;;;
'2023-11-08';ddb2b210-7cb3-11ee-87d0-8d036bc08985;0;;;
'2023-11-08';45152830-f10f-11eb-94d2-3b1b0d61e40d;0;;;
'2023-11-08';d70dcaa0-0d9b-11ec-9480-19aec6605e49;0;;;
'2023-11-08';f3442640-28b7-11ee-8bfc-2f2d398b3974;0;;;
'2023-11-08';7ca71aa0-e67d-11ed-b52f-730afe4cbf5d;0;;;
'2023-11-08';218c0de0-6334-11ee-b4cd-7fa6d72bf30a;0;;;
'2023-11-08';4c2fd080-39a1-11e8-83cd-297db3c386c5;0;;;
'2023-11-08';28977760-7e2c-11ee-af23-0548374bdcf8;0;;;
'2023-11-08';339ff8f0-5c38-11ee-83e3-030b54ab2ead;0;;;
'2023-11-08';0167ec80-1183-11ee-af63-d13505c94635;0;;;
'2023-11-08';26ddca60-7e35-11ee-a7f8-9dd3d78c76fb;0;;;
'2023-11-08';f165b8c0-bffd-11ed-b68b-cb215499e0ad;0;;;
'2023-11-08';61ce7820-4552-11ee-8e0c-af28e6fe98f1;0;;;
'2023-11-08';f10712e0-fa25-11ed-a73b-713636060ade;0;;;
'2023-11-08';d1346b20-246e-11ee-ab0d-ff3a6eb35f54;0;;;
'2023-11-08';eea4bc20-3af7-11ed-bf7e-b3802b5b9663;0;;;
'2023-11-08';938550a0-60dd-11ed-94d2-0958f9e80160;0;;;
'2023-11-08';1d265690-099d-11ec-8c1f-279bde56d3d4;0;;;
'2023-11-08';81760d80-5522-11ed-9db6-4be11884d44f;0;;;
'2023-11-08';96287df0-94aa-11ec-9cc4-e36d8b365b98;0;;;
'2023-11-08';ada86920-415e-11ed-8d9e-c930dc89114c;0;;;
'2023-11-08';262fe3d0-35cb-11ee-bf75-5ba290ef6734;0;;;
'2023-11-08';7b3b3980-7e26-11ee-bcd7-3bbaabfa8e28;0;;;
'2023-11-08';6cb03670-a90d-11ed-8767-1b1ff1f36ee4;0;;;
'2023-11-08';30d09420-ad53-11ed-a6aa-d7f1e63f2704;0;;;
'2023-11-08';3a0c9760-40eb-11ee-a3c8-d348eac672bc;0;;;
'2023-11-08';3bfdcfd0-a118-11ed-ae1a-19a46ea4c980;0;;;
'2023-11-08';9be84cc0-3e24-11ec-8ef7-cd23da4d5ef5;0;;;
'2023-11-08';438855d0-67d7-11eb-ba32-55dcd093b535;0;;;
'2023-11-08';2a392040-7dba-11ee-aca4-5fcb7ad777f4;0;;;
'2023-11-08';2e89e1c0-efe9-11ed-9775-e70e63026409;0;;;
'2023-11-08';fa727670-e4e2-11ec-83cd-8380cea435db;0;;;
'2023-11-08';27299090-516b-11ee-8c56-f3499b38849d;0;;;
'2023-11-08';bb087120-7dfb-11ee-87b0-61a7b81fdb63;0;;;
'2023-11-08';be9edd10-1c4b-11ec-add0-bd1fb8636a35;0;;;
'2023-11-08';a3cd1280-7bf2-11eb-8554-e596d834b07e;0;;;
'2023-11-08';19c69e50-fca2-11ea-8e1f-0b2f1f358f1b;0;;;
'2023-11-08';43ca8210-7de2-11ee-be36-bbb8fe88b9b3;0;;;
'2023-11-08';9974bbc0-0dfe-11ea-9a12-d919a32875c5;0;;;
'2023-11-08';7c9ae390-68bc-11ee-b68e-478837e1a6af;0;;;
'2023-11-08';c644a110-52ec-11ee-8760-3390bfa49891;0;;;
'2023-11-08';f7a08aa0-2ddd-11ee-aa50-c7d99d8e6738;0;;;
'2023-11-08';50573c90-9412-11ed-bab8-b5c12273e1c5;0;;;
'2023-11-08';00c19fc0-2e89-11ed-a87c-dd71f0332984;0;;;
'2023-11-08';71e51090-716f-11ee-a48d-89c8e98b4e54;0;;;
'2023-11-08';4759db30-3524-11ee-85c1-01a2aa7eea1d;0;;;
'2023-11-08';b0379640-f1cf-11ec-8053-7de1b4ed170b;0;;;
'2023-11-08';9ddda6e0-1412-11ee-8d7e-0594fc8b8a60;0;;;
'2023-11-08';0c64d240-7e0e-11ee-858b-9fb69c60f7ed;0;;;
'2023-11-08';bddcf720-be8b-11ed-b040-adaf65c9184c;0;;;
'2023-11-08';32a373b0-e5a8-11e9-8cdd-e7846b49ea12;1;;;
'2023-11-08';90626340-6717-11df-be47-03f2d32a026e;1;;;
'2023-11-08';16eb2690-6ca4-11ee-bfc8-e7d4c1e28d25;1;;;
'2023-11-08';05f4c660-0387-11ee-8d87-29c405c7bc41;1;;;
'2023-11-08';4eabb280-5e84-11e9-80b3-093a3ec356a3;1;;;
'2023-11-08';7abbb2a0-7e0d-11ee-9c0f-d582c0cbde2c;1;;;
'2023-11-08';605068d0-dc45-11ed-9d44-810786957f5c;1;;;
'2023-11-08';03730d20-5ce2-11ee-9006-b178b960a5f1;1;;;
'2023-11-08';a0689900-635a-11ee-a12d-471797f5c2c5;1;;;
'2023-11-08';059c8240-2fe6-11ed-ae80-edc9d48aa932;1;;;
'2023-11-08';987a1860-043f-11e9-b29a-657a90787be9;1;;;
'2023-11-08';2611bf40-6343-11ee-a3fd-6fead0b45f92;1;;;
'2023-11-08';82c7dcc0-60a5-11ed-9232-f7e80a193ab0;1;;;
'2023-11-08';704fa250-c082-11ea-bb43-c1bfd3d804d5;1;;;
'2023-11-08';2ae16600-7ded-11ee-ab44-3543da825762;1;;;
'2023-11-08';7b3d2810-e585-11ed-a524-d983167b6653;1;;;
'2023-11-08';377d29a0-7d96-11ee-882d-29cbdd275bbc;1;;;
'2023-11-08';32576a80-a39f-11ec-a680-09fcc5f5cdba;1;;;
'2023-11-08';2418ed40-e322-11ed-a3c3-39019ef4fa21;1;;;
'2023-11-08';5a4cd2c0-62b9-11ee-865c-df3295653ca0;1;;;
'2023-11-08';466fbf60-fa36-11ed-a14a-67347299561e;1;;;
'2023-11-08';c6d9df70-56b5-11ed-9474-475865b6547c;1;;;
'2023-11-08';bc8ca130-1167-11ed-ad31-5774aa79874a;1;;;
'2023-11-08';d14fd7c0-5f17-11ec-bbb6-499c26bd2da2;1;;;
'2023-11-08';62142110-74d0-11ee-a6cb-2bcab00e1207;1;;;
'2023-11-08';f07e8850-1af7-11ea-9cb9-09e954747be2;1;;;
'2023-11-08';38f23a60-60d6-11ed-9055-050ecf74bb2a;1;;;
'2023-11-08';c86322d0-43c2-11ed-93a5-8958ea89b78d;1;;;
'2023-11-08';93569280-6436-11ee-80b5-314b1ef88956;1;;;
'2023-11-08';ba9c0870-6c9c-11ee-b256-cd8b631305fe;1;;;
'2023-11-08';0c97ce60-7103-11ee-b9df-7738e9e57271;1;;;
'2023-11-08';f6fa51f0-b720-11ed-bf6b-393d4015692c;1;;;
'2023-11-08';678eeea0-51f2-11ee-84f0-539bab5a3b1e;1;;;
'2023-11-08';d94f0b00-4988-11ee-90cb-573c0fdfe79d;1;;;
'2023-11-08';da94e6d0-2b9f-11ee-98d6-958120745a6c;1;;;
'2023-11-08';b3a7dd60-7890-11ed-9772-b52ecddda998;1;;;
'2023-11-08';c858e090-9098-11ed-b7e1-4120ad641f1d;1;;;
'2023-11-08';a919ef70-bd1a-11ea-85ce-cf416d028477;1;;;
'2023-11-08';63cbc1c0-7e08-11ee-b11b-3b5f6b78a36e;1;;;
'2023-11-08';431812d0-5c34-11ee-8cfb-cd8178d75236;1;;;
'2023-11-08';d4ef4750-722d-11ee-93a0-0524a7eaba2b;1;;;
'2023-11-08';6723b850-ecea-11ed-a504-498d4d859427;1;;;
'2023-11-08';46e93450-b7c9-11eb-836a-1749aff69fc4;1;;;
'2023-11-08';c3dfc8e0-cf80-11ed-8508-2b894098691e;1;;;
'2023-11-08';be27a7d0-7d11-11ee-9f2b-cdd90e277a1f;1;;;
'2023-11-08';c12d8140-0ab4-11ee-a26e-9bd3c5130ece;1;;;
'2023-11-08';a9130d90-1488-11ee-bf9c-334665fce815;1;;;
'2023-11-08';8aa7e710-6572-11ed-a418-072784fc2ee5;1;;;
'2023-11-08';07cb9180-4154-11e8-bc65-9d7d3681b7f5;1;;;
'2023-11-08';11ad1180-635c-11ee-86ec-df414b7ae8f4;1;;;
'2023-11-08';ba0b4520-080a-11ee-b26f-356151662bfe;1;;;
'2023-11-08';e87afd50-3309-11ed-9a5c-6502a39740b6;1;;;
'2023-11-08';100d2f00-3f26-11ed-9b8d-f509002bbe01;1;;;
'2023-11-08';aefbb1c0-8a0d-11ea-b8cd-0147df1ada60;1;;;
'2023-11-08';e247acc0-1c7a-11ee-bda5-8961e2ebcb05;1;;;
'2023-11-08';dcecebe0-9265-11ed-b63b-5f99b692759f;1;;;
'2023-11-08';5be259d0-7a05-11ee-b440-477a79b36e5f;1;;;
'2023-11-08';942b14b0-3740-11ee-9c50-23d848797bb4;1;;;
'2023-11-08';1e0309e0-9c38-11ec-afa9-7d252fa7eedc;1;;;
'2023-11-08';caef5370-7d28-11ee-9b60-4d018ffaf097;1;;;
'2023-11-08';c83b88a0-2dfe-11eb-8679-bff85045aefd;1;;;
'2023-11-08';560e2eb0-6369-11ee-bb33-814827c11ee3;1;;;
'2023-11-08';3e8c9f50-32fd-11eb-9105-07ab860dcd0e;1;;;
'2023-11-08';4c80f380-8338-11ed-90c1-f9a436dd9936;1;;;
'2023-11-08';d50d0810-3b8d-11ea-a330-1b21087edd85;1;;;
'2023-11-08';c9d56d60-5aff-11eb-8724-55f2d3e634ff;1;;;
'2023-11-08';b3e538a0-0b17-11ec-a36b-ebb8e5e3746e;1;;;
'2023-11-08';1a9bb300-8a6d-11e8-88cf-afe7d876fe57;1;;;
'2023-11-08';4336ca90-7b92-11ee-af0b-a75212413eab;1;;;
'2023-11-08';6261b740-7872-11ee-961f-5517ccf7abcc;1;;;
'2023-11-08';51c36d40-5903-11ee-9188-dbac2215c37d;1;;;
'2023-11-08';246c66c0-0b2a-11ee-a875-8fcd12a907c6;1;;;
'2023-11-08';62670ed0-a6c6-11ed-988d-fd7a27b7ec39;1;;;
'2023-11-08';93c4cd80-dd63-11e9-9d83-31f96b825d5e;1;;;
'2023-11-08';28bc4050-6031-11e8-9366-cb66763dc667;1;;;
'2023-11-08';d3b12610-305f-11ea-82bc-2b8c7401f0aa;1;;;
'2023-11-08';44212000-3e2f-11ed-8783-0566fda50286;1;;;
'2023-11-08';424bb670-5138-11ed-98a8-1111c5b1bfed;1;;;
'2023-11-08';d6a60740-fdd1-11ec-a1e4-e3b1e7639563;1;;;
'2023-11-08';44367200-6edd-11ed-b87d-a1b948295b47;1;;;
'2023-11-08';73b8a040-c069-11ea-8f6e-73b4bc9df9ed;1;;;
'2023-11-08';8eee72b0-7c7a-11ee-9fbc-2593cf675d8d;1;;;
'2023-11-08';659653f0-56c9-11ee-a851-55239a1bd78c;1;;;
'2023-11-08';3aa5e760-d3a1-11ed-b6d4-25cf9788359e;1;;;
'2023-11-08';4d408320-7e24-11ee-826e-fdc180f1b17d;1;;;
'2023-11-08';17106bb0-b3d9-11ec-8539-4f93fa6e64e3;1;;;
'2023-11-08';a8a7c660-8050-11ed-a3cb-936ec8e4b24b;1;;;
'2023-11-08';aa9b5be0-6f95-11ea-bd4f-81608d74ea67;1;;;
'2023-11-08';cb1ee610-26eb-11e8-b934-6bbbc6fca064;1;;;
'2023-11-08';e720bd90-0e4c-11ee-b784-cb06407be04d;1;;;
'2023-11-08';ee7b68c0-5870-11ed-ae8c-0b7ddbc6f75f;1;;;
'2023-11-08';34061640-095f-11ec-8e63-4b3c41117f08;1;;;
'2023-11-08';8548e1e0-68cb-11ee-80c1-771067b555f5;1;;;
'2023-11-08';c56ae8a0-0959-11ec-bf82-053511df7a4c;1;;;
'2023-11-08';765c7c60-7b8a-11ee-87d2-47fce8658fe8;1;;;
'2023-11-08';da5f0c20-63fa-11ee-92b8-f727e9fc6388;1;;;
'2023-11-08';b09c1ef0-faf0-11ed-a355-f13440dde293;1;;;
'2023-11-08';22f53600-dd49-11ed-9ecf-6b373fb491d5;2;;;
'2023-11-08';cfbce6c0-9d54-11ec-8487-dbe8a6f96ab0;2;;;
'2023-11-08';57d9c5d0-0aa7-11ee-b739-4552da4a3de6;2;;;
'2023-11-08';05ad1e80-7945-11ee-8328-7dddc3358f93;2;;;
'2023-11-08';80988770-7263-11ea-9825-d3edf2c0fd9d;2;;;
'2023-11-08';695c5ef0-25e2-11eb-a938-6bff07fe5479;2;;;
'2023-11-08';648c2480-c0ab-11ed-9a17-8396e86aa4ff;2;;;
'2023-11-08';2c4ca150-b4b2-11eb-bceb-c907bb5088fb;2;;;
'2023-11-08';4016f720-9f8f-11ed-89a4-a584c3089d95;2;;;
'2023-11-08';4a4b54f0-65e1-11eb-8ef4-0344a67f1f47;2;;;
'2023-11-08';4c74dbc0-2494-11ed-a524-e5c8fdfa1659;2;;;
'2023-11-08';db7f6dd0-425c-11ee-910e-f1f81e9ecf17;2;;;
'2023-11-08';3c65aa60-0c77-11ec-92c2-91e63191f2c9;2;;;
'2023-11-08';652c04f0-fedb-11ed-b8df-edc1c0e546ee;2;;;
'2023-11-08';835c0630-667f-11ee-8760-c1980ef296da;2;;;
'2023-11-08';c24826b0-7e3c-11ee-a8d5-bfbc81fe4095;2;;;
'2023-11-08';bf7a2d50-5df5-11ee-832a-37e0ed135bb2;2;;;
'2023-11-08';82cc2b80-7de7-11ee-b54c-f188978fec47;2;;;
'2023-11-08';de7fa290-b9b1-11ed-8be6-4be82f342a00;2;;;
'2023-11-08';9a1bb5a0-2670-11e8-bfc6-df51f8419a76;2;;;
'2023-11-08';851ce440-9c85-11ed-bddf-9d35150696a4;2;;;
'2023-11-08';41a75d50-9d2d-11ed-8fed-05fe65e1c2cd;2;;;
'2023-11-08';4d65acb0-42ef-11ee-8a6e-7d27aeaf6636;2;;;
'2023-11-08';323195f0-7de4-11ee-842d-4508f3a974a8;2;;;
'2023-11-08';4ed18770-7d34-11ee-9580-236d9357f90d;2;;;
'2023-11-08';c41758c0-9a7c-11ed-96f8-85c276d49420;2;;;
'2023-11-08';afbdc900-7af9-11ee-9ba7-0b37d347b293;2;;;
'2023-11-08';75240e80-e44f-11ed-a951-e539fad9f4b9;2;;;
'2023-11-08';69930a10-c13d-11e8-a647-432a59f0b3c1;2;;;
'2023-11-08';fb868200-7b3a-11ee-8b0f-21307f08157f;2;;;
'2023-11-08';637af7b0-63f3-11ee-95fe-df5ea84dbbb3;2;;;
'2023-11-08';eb648b40-29f7-11ee-9e11-efae88cacb8f;2;;;
'2023-11-08';56a3e9b0-21b6-11ec-8c7d-59f4a3904d36;2;;;
'2023-11-08';98efc820-0c9e-11ec-9431-6324800c669c;2;;;
'2023-11-08';5e3a4c80-556c-11eb-a503-8fb56e9680fd;2;;;
'2023-11-08';803897a0-1ec0-11ed-a2d6-ffd3af03f0ab;2;;;
'2023-11-08';84ac4220-0ed4-11ec-90ba-bf9440b194e7;2;;;
'2023-11-08';322978b0-a7a2-11e9-a76a-a507233a89cd;2;;;
'2023-11-08';5ecda020-e5a9-11eb-a076-7f68fd2cd01b;2;;;
'2023-11-08';67949fc0-695a-11ed-bda1-2bea7b59a173;3;;;
'2023-11-08';878e2850-1c52-11ed-9ea1-0702a8ee86f9;3;;;
'2023-11-08';a3571100-31c3-11ee-814a-7d416b5c6a38;3;;;
'2023-11-08';6d6bef70-6ef0-11ed-9e19-fbb8a7554281;3;;;
'2023-11-08';ba70b6c0-7cc3-11ee-a2af-1f5270303e18;3;;;
'2023-11-08';bd7146e0-755c-11ea-9bb2-cdeb5a17f0d8;3;;;
'2023-11-08';b64f1a90-6bee-11ee-9b4e-83903ba827c8;3;;;
'2023-11-08';e6555450-7df7-11ee-83bc-cdc08a663384;3;;;
'2023-11-08';8dc2ff60-7977-11ee-9c9d-4729a8879c55;3;;;
'2023-11-08';fda734c0-0364-11ed-b7db-1911160c2710;3;;;
'2023-11-08';3b100450-8fc8-11ed-a4ee-39bb2f444421;3;;;
'2023-11-08';e4c316d0-8bdc-11ed-8d87-0bd1e42735fc;3;;;
'2023-11-08';510bba50-5c56-11ee-bcee-c9f46ad93bee;3;;;
'2023-11-08';a7359760-5fa2-11eb-8aa8-eba44f135ee4;3;;;
'2023-11-08';04fc2790-7e33-11ee-a268-05e93a5a108f;3;;;
'2023-11-08';37346470-1ac6-11ec-98f9-e912f416724e;3;;;
'2023-11-08';13bfb950-7bd0-11ee-a8e2-a72bc1ca0332;3;;;
'2023-11-08';863a3530-4bcb-11ee-b8eb-29083c97876b;3;;;
'2023-11-08';0f681a10-c5e7-11eb-819c-f93422509563;3;;;
'2023-11-08';fe9aa9f0-7e26-11ee-8c4e-d568bc5aeea5;3;;;
'2023-11-08';2fe4b4a0-47be-11ee-9248-e7202ff15026;3;;;
'2023-11-08';480d5b50-7891-11ee-b23f-d5beac5b0f89;3;;;
'2023-11-08';2f233e90-31b3-11ee-8537-cb6e250be1f3;3;;;
'2023-11-08';1421b740-718f-11ee-ac1d-139f18ab9ae5;3;;;
'2023-11-08';aec68010-946e-11eb-9de2-cfc06819d8fa;3;;;
'2023-11-08';04441370-5e7c-11ee-aad1-17229291ef14;3;;;
'2023-11-08';426c0c10-2670-11e8-952c-5397ebbba8bb;4;;;
'2023-11-08';00302bc0-56cf-11ee-92be-fd7b0d617e4e;4;;;
'2023-11-08';556b95b0-7d4a-11ee-b6cf-3da0c47c6bd8;4;;;
'2023-11-08';ec0b34c0-9a50-11ea-ab9b-5d80e3b25101;4;;;
'2023-11-08';62228ff0-7162-11ee-81a4-6b01e1b48ba8;4;;;
'2023-11-08';81907900-1722-11ee-9f26-9f9d1d496195;4;;;
'2023-11-08';8440d590-e6fc-11ea-a842-65029eedd4ca;4;;;
'2023-11-08';10724990-793f-11ee-a8bc-a7929dc7f7c7;4;;;
'2023-11-08';2d3755d0-3fe3-11ec-9bd5-55e2e6e796d0;4;;;
'2023-11-08';ccf41470-9163-11eb-81d9-1daa2227a896;4;;;
'2023-11-08';0a35d6a0-5153-11ee-94b3-9bc0fa21e11d;4;;;
'2023-11-08';49fc15b0-6efe-11ee-ace0-fd5bd1dc1911;4;;;
'2023-11-08';1e19e2e0-6758-11ee-aee0-f580ff6936fc;4;;;
'2023-11-08';1d305a50-d75a-11ed-a037-adabf39bc1e0;4;;;
'2023-11-08';c2ac2d30-7aac-11ec-905b-67086616ca7c;4;;;
'2023-11-08';d7027f60-8a73-11ec-b5f2-c9a98f660e75;4;;;
'2023-11-08';c0e59190-15d2-11ee-af76-176b5046ba29;4;;;
'2023-11-08';33864540-382f-11ee-a5a1-cfd5c6784c6b;5;;;
'2023-11-08';90e084c0-56d5-11ee-82e7-095e0c88f0fd;5;;;
'2023-11-08';ceae6d50-b0cf-11ed-af2e-71ad053d2cdd;5;;;
'2023-11-08';28d24d30-e670-11ed-b58a-6315aaa007e5;5;;;
'2023-11-08';f3b05090-6386-11ee-b738-411998dddbba;5;;;
'2023-11-08';51c2c5c0-f602-11ed-93b1-ef731aa119e7;5;;;
'2023-11-08';3d6a5bc0-f886-11ed-b624-3d92a4179f96;5;;;
'2023-11-08';31f0e400-7971-11ee-bcd5-a7b1139883f8;6;;;
'2023-11-08';74b32710-b817-11ed-b0f3-61697d13745c;6;;;
'2023-11-08';c782aae0-eba6-11eb-8119-89cbb7057b3d;6;;;
'2023-11-08';be447250-21d9-11ed-8b0d-59174ad7efb4;6;;;
'2023-11-08';397fdaf0-34b8-11ec-9b79-0bc2295b5ed8;6;;;
'2023-11-08';1630ded0-b33a-11ed-9b71-b3b5697b29f6;6;;;
'2023-11-08';3a04c150-214d-11ea-b5fe-69726f78d9f0;6;;;
'2023-11-08';93862700-584e-11ee-b5a3-c7347cfaecef;6;;;
'2023-11-08';37c09340-7dee-11ee-8d02-5b447b32fd18;6;;;
'2023-11-08';28f964b0-727f-11ee-be52-892917c2cb4a;6;;;
'2023-11-08';8f0a6d60-62d7-11ee-a7e5-7552154dd601;7;;;
'2023-11-08';22d18d40-537d-11ee-a15d-ebce2c055483;7;;;
'2023-11-08';9d657c50-6965-11ec-a4a9-912dae094ad1;7;;;
'2023-11-08';48fa0380-2c59-11ee-962c-fba9f7448d31;7;;;
'2023-11-08';3a5bab80-269c-11e8-8319-456ad9d3b8d8;7;;;
'2023-11-08';cf733600-e3ea-11ed-a5b9-b3c6a94e0cba;7;;;
'2023-11-08';6abb78c0-85d6-11ed-badb-fb3ca258c011;7;;;
'2023-11-08';01ae5980-c6d1-11eb-9264-335744d7d13d;7;;;
'2023-11-08';718ef8a0-1e21-11e9-ba7f-639f3b9a8466;8;;;
'2023-11-08';2630a7f0-3a7d-11ee-88b2-d18fd7859087;9;;;
'2023-11-08';24d718d0-7dd0-11ee-aeb5-53c55a521320;9;;;
'2023-11-08';21a20810-76d6-11ee-8ad3-ff3e78388499;9;;;
'2023-11-09';8313cd60-4303-11ee-b9f7-77e376310446;15;;;
'2023-11-09';ccf41470-9163-11eb-81d9-1daa2227a896;14;;;
'2023-11-09';72f7ac50-73d0-11ee-96f5-3f4f8a11dc86;15;;;
'2023-11-09';3c2d27c0-4fd6-11eb-b89f-2ffb31b67dd6;22;;;
'2023-11-09';56a3e9b0-21b6-11ec-8c7d-59f4a3904d36;16;;;
'2023-11-09';d5314390-670f-11ee-b543-4b3b1ed7b37f;53;;;
'2023-11-09';6cc47010-13dc-11ee-a659-7d4eae410082;10;;;
'2023-11-09';c62be960-7e64-11ee-9ec3-d3fce62405ab;23;;;
'2023-11-09';66f793c0-7eac-11ee-924e-97ee2d83bf9d;0;;;
'2023-11-09';b322ea40-33ae-11ee-8975-1dbaaffcfb54;0;;;
'2023-11-09';7dd400e0-7422-11ee-8071-b10ef41c6ac6;0;;;
'2023-11-09';ea8df4e0-7ebb-11ee-afb9-594a1792df5b;0;;;
'2023-11-09';580b1600-5aeb-11ee-a31a-718c9cb74cd4;0;;;
'2023-11-09';f5912b00-0c51-11ee-82b4-47d4a006bbc9;0;;;
'2023-11-09';5a443070-5e47-11ec-a200-0b71ea0534fc;0;;;
'2023-11-09';f136c220-60cd-11e8-8ebd-45fc1d9c550a;0;;;
'2023-11-09';df4dc750-fa44-11ed-a614-5769c1c44db7;0;;;
'2023-11-09';9de367f0-7ee9-11ee-b7cf-4b797ccb1c78;0;;;
'2023-11-09';444da130-4946-11ed-b779-13ff9724bdb8;0;;;
'2023-11-09';bcf69350-440a-11eb-968a-33f307e35f47;0;;;
'2023-11-09';e229cba0-68c5-11ee-8852-478014742045;0;;;
'2023-11-09';5f58c470-2450-11ed-8855-659049a85b12;0;;;
'2023-11-09';678eeea0-51f2-11ee-84f0-539bab5a3b1e;0;;;
'2023-11-09';9a5ef960-7e6b-11ee-8b01-35cb030af5a9;0;;;
'2023-11-09';438855d0-67d7-11eb-ba32-55dcd093b535;0;;;
'2023-11-09';90626340-6717-11df-be47-03f2d32a026e;0;;;
'2023-11-09';1032eac0-708f-11ed-9686-3b616547ff8e;0;;;
'2023-11-09';278edd90-26e3-11ee-a05a-398345d3c672;0;;;
'2023-11-09';7700f620-2de0-11ee-8970-5311fdc2244b;0;;;
'2023-11-09';9f946130-7ec6-11ee-88a4-5dac917f99ce;0;;;
'2023-11-09';dbebac50-a2d2-11ec-8553-cdb6fbe71a1b;0;;;
'2023-11-09';c221c040-7ebb-11ee-b517-1bf1f310cab3;0;;;
'2023-11-09';1837e9d0-7ed7-11ee-8a5d-e5c3d7a8e944;0;;;
'2023-11-09';e3c545d0-7f03-11ee-aae0-f563bafe4fc6;0;;;
'2023-11-09';a5f4fc40-3517-11ee-838e-e51c7695bc85;0;;;
'2023-11-09';b4d28780-046b-11eb-a7aa-2f3d29bb7930;0;;;
'2023-11-09';daed2f70-6dcb-11ee-a3ed-85faed8b53a2;0;;;
'2023-11-09';fcd3b500-6e61-11ee-8a32-596792dfe63e;0;;;
'2023-11-09';208d79e0-76cd-11ee-b384-43bc430a261e;0;;;
'2023-11-09';e7109e40-7f19-11ee-8c7f-3177c155d527;0;;;
'2023-11-09';2c66f060-89d0-11ed-b5ba-9fd584bc3f65;0;;;
'2023-11-09';0031c230-5a83-11ed-b044-2537b3c5e956;0;;;
'2023-11-09';34804670-5b95-11ed-a84f-ef575c8f954e;0;;;
'2023-11-09';d3cd4470-2b26-11ed-9a9b-4d69ca182522;0;;;
'2023-11-09';987a1860-043f-11e9-b29a-657a90787be9;0;;;
'2023-11-09';97eddc80-3df6-11ec-8968-315368755a67;0;;;
'2023-11-09';0bb504a0-5519-11ee-8096-211469764115;0;;;
'2023-11-09';20aad000-a070-11ed-a490-7bca1112497a;0;;;
'2023-11-09';c60f0cf0-57e0-11ee-9e7b-b1d88d7a3829;0;;;
'2023-11-09';c9c0e360-0c19-11ec-b3cf-51a8e13139ce;0;;;
'2023-11-09';fdb8d8b0-7d66-11ee-a194-a32661f94751;0;;;
'2023-11-09';ceb17490-b0b8-11ec-a4d8-ab541cc8082c;0;;;
'2023-11-09';ca3c2300-7e7b-11ee-bda3-9b4e8a25b1ac;0;;;
'2023-11-09';05094300-6e9c-11ed-837b-75dcfe7f5d1e;0;;;
'2023-11-09';3702d2f0-2264-11ee-868d-ffc889619fd5;0;;;
'2023-11-09';3b02fd60-05e7-11ee-b7c3-c1e25f9f5ba4;0;;;
'2023-11-09';8271a680-a91f-11ed-b2d7-8f167e27d638;0;;;
'2023-11-09';725d4c70-9094-11ed-a97e-2788b75eedad;0;;;
'2023-11-09';04fc2790-7e33-11ee-a268-05e93a5a108f;0;;;
'2023-11-09';52dd6d50-6f3f-11ee-a17e-83812614fee5;0;;;
'2023-11-09';455443b0-05af-11ee-b51a-2d408a019f8c;0;;;
'2023-11-09';a43122f0-bc07-11ed-a410-d781d743a63f;0;;;
'2023-11-09';3013bb00-b52c-11eb-8b66-e7dc70f10f73;0;;;
'2023-11-09';2bd27670-b91f-11eb-be4e-4745f1237f5d;0;;;
'2023-11-09';d1a19870-7d9d-11ee-b7d2-eb99e2d24113;0;;;
'2023-11-09';7a3898f0-5c2c-11ee-8bd4-3bb5d20d9ca0;0;;;
'2023-11-09';cbb2af70-a51a-11eb-bc9a-9b8287359b8f;0;;;
'2023-11-09';880f6dd0-416c-11ee-8820-d973c8eded16;0;;;
'2023-11-09';5ded2a50-7ead-11ee-819c-1fef321ff4eb;0;;;
'2023-11-09';5e45a6b0-0f1b-11ed-8f8f-e7057cff0cb2;0;;;
'2023-11-09';191c9110-9087-11ec-ace4-d10f5b687971;0;;;
'2023-11-09';74ccfd80-5a32-11ee-8897-1d746f19b32a;0;;;
'2023-11-09';0e51c170-06aa-11ee-9f6d-7d7ebba4c81b;0;;;
'2023-11-09';13542d30-7eb8-11ee-b4cc-dd8b3a56475d;0;;;
'2023-11-09';663c6800-0c17-11ee-926d-1ff95fc3e077;0;;;
'2023-11-09';799f0f70-7f07-11ee-ab06-7327662875fe;0;;;
'2023-11-09';aae80970-7ee8-11ee-bd51-49547b17b743;0;;;
'2023-11-09';345f5d00-7a63-11ee-a1b5-f58531d08700;0;;;
'2023-11-09';601d66a0-63b6-11ec-8a00-81f651d0b14a;0;;;
'2023-11-09';9d01a210-2671-11e8-92f4-65a7e7cd4ad4;0;;;
'2023-11-09';02a1d900-a64c-11ed-a3c5-4da84c18504e;0;;;
'2023-11-09';caa524f0-f3c9-11ed-85ac-3ddcab99fad3;0;;;
'2023-11-09';f4355dd0-7f0b-11ee-b40f-51cdce180db3;0;;;
'2023-11-09';a8a7c660-8050-11ed-a3cb-936ec8e4b24b;0;;;
'2023-11-09';dc644e90-d6fb-11ed-ba63-c7c8945732db;0;;;
'2023-11-09';505e7970-4654-11ee-9c09-fd72eaa97cf6;0;;;
'2023-11-09';eac394a0-67e2-11ee-8b31-1fd51f308c89;0;;;
'2023-11-09';577ee470-4f82-11ed-aff0-d1add49ebb27;0;;;
'2023-11-09';d07c3910-f374-11eb-aa60-0b71925741f8;0;;;
'2023-11-09';7b0dc550-16f6-11ee-b6ba-59349a795128;0;;;
'2023-11-09';128c11a0-f494-11ed-a02e-0339ada41226;0;;;
'2023-11-09';6792dcb0-c3f3-11ec-958f-33fa01cac1c8;0;;;
'2023-11-09';b385d6c0-7ed9-11ee-9566-4db28b1bb9cb;0;;;
'2023-11-09';2bf44560-634a-11ea-ba91-bbf1a9c101ff;0;;;
'2023-11-09';622f3cd0-63fe-11ee-adba-adf773e1638c;0;;;
'2023-11-09';b44a5690-4c53-11ec-862d-e5d15938cf5a;0;;;
'2023-11-09';37065da0-264f-11ee-b190-5df699522d40;0;;;
'2023-11-09';0c8d5bd0-054f-11ee-a122-25342f44c260;0;;;
'2023-11-09';1a633e20-6745-11ee-ad73-95d1cc768655;0;;;
'2023-11-09';db39ef70-eef8-11ec-96f1-eba6c4598503;0;;;
'2023-11-09';ba5aa220-7e41-11ee-8ea4-1d58e46698f0;0;;;
'2023-11-09';cb981500-0c76-11ee-9540-39e818b214fc;0;;;
'2023-11-09';090dd4f0-715e-11ee-95ba-af3da24eb125;0;;;
'2023-11-09';deab7270-4567-11ee-b3f7-49eb5e759b8e;0;;;
'2023-11-09';3874ef20-7dee-11ee-99d0-39f9e371d212;0;;;
'2023-11-09';ef10f190-148e-11ed-bcd9-67e202d581f9;0;;;
'2023-11-09';fffd4110-6786-11ee-94a6-8d93334b93f1;0;;;
'2023-11-09';93268180-2f8a-11ed-9e5a-6f69efa68f58;0;;;
'2023-11-09';dcecebe0-9265-11ed-b63b-5f99b692759f;0;;;
'2023-11-09';373961c0-35df-11ed-8206-bd519374e178;0;;;
'2023-11-09';02f49200-afb7-11ea-8eda-05d78e841563;0;;;
'2023-11-09';cfb82910-8684-11eb-ad11-c55277b87840;0;;;
'2023-11-09';224cd8e0-3a8f-11ee-8827-3ffe849ee2a9;0;;;
'2023-11-09';9f81ea30-4237-11ee-a734-371854eed0d0;0;;;
'2023-11-09';687339b0-549b-11ee-bae8-8b7a04a5bb59;0;;;
'2023-11-09';bc1a49e0-7ef9-11ee-8054-b9ad9dbbe2aa;0;;;
'2023-11-09';784aeb80-6c0b-11ee-992c-b19f41552425;0;;;
'2023-11-09';1a2ccf90-91f9-11ea-812f-8753e7b6559c;0;;;
'2023-11-09';bd27f410-d6aa-11ed-b10e-ff3b2a9f7a5a;0;;;
'2023-11-09';18a80130-d909-11ed-8bb7-a722cfcf3c65;0;;;
'2023-11-09';419219a0-ff6f-11ed-b487-03b1d8589017;0;;;
'2023-11-09';20bbd6d0-7a44-11ee-aab3-c98cd8572ff9;0;;;
'2023-11-09';af57f830-cd27-11ed-92ba-93f43722a06d;0;;;
'2023-11-09';c2f1a090-20d9-11ec-ae8d-a9f736223bb6;0;;;
'2023-11-09';14ccb210-3803-11ed-b7f7-03b832d8f9c6;0;;;
'2023-11-09';2cd0b150-7a66-11ec-ba75-2bb49879817e;0;;;
'2023-11-09';75931530-7ee8-11ee-b7e5-2557a4ee586c;0;;;
'2023-11-09';bfb84fc0-b958-11eb-b3b5-714825858d67;0;;;
'2023-11-09';5ce40770-7e9c-11ee-bf2e-cfbd6916f602;0;;;
'2023-11-09';53e47a70-494e-11e9-998e-05101974ef88;0;;;
'2023-11-09';e4995590-7e7d-11ee-a9ba-9fadd70d767c;0;;;
'2023-11-09';da5f0c20-63fa-11ee-92b8-f727e9fc6388;0;;;
'2023-11-09';bfa929a0-2c7e-11ee-be94-e5de34dafba7;0;;;
'2023-11-09';93569280-6436-11ee-80b5-314b1ef88956;0;;;
'2023-11-09';98631cd0-27a9-11ea-a9a2-fdbc93cc1a8c;0;;;
'2023-11-09';42b09370-7edb-11ee-8e82-0f66207731c3;0;;;
'2023-11-09';115a3680-7efb-11ee-8bd3-4fcab8eb0127;0;;;
'2023-11-09';bbd7a580-f374-11eb-a78e-2399daca6db8;0;;;
'2023-11-09';36ade5e0-7f0e-11ee-97aa-3908b440cc75;0;;;
'2023-11-09';b8659480-3b2f-11ed-8f6e-b3528f8d66e9;0;;;
'2023-11-09';9be84cc0-3e24-11ec-8ef7-cd23da4d5ef5;0;;;
'2023-11-09';ff52b590-2297-11ed-8cb9-e5dc54b353b6;0;;;
'2023-11-09';76fda270-e5ad-11ed-ac9e-417b67ea4362;0;;;
'2023-11-09';e3fb26b0-7eb2-11ee-b795-f1a7cc9284cb;0;;;
'2023-11-09';dc37f360-7eec-11ee-84bb-75fd86430903;0;;;
'2023-11-09';ca015b40-58dc-11ee-94ed-ff7c8c3013ef;0;;;
'2023-11-09';ca88a8a0-7eb8-11ee-9aec-eb1ac1c97e62;0;;;
'2023-11-09';5f2afc00-78cf-11ee-b854-b99a46e8257e;0;;;
'2023-11-09';3db5def0-5755-11ee-ae76-279051658c1b;0;;;
'2023-11-09';a85e5e00-7d4b-11ee-bb7d-29eb6747cb19;0;;;
'2023-11-09';6b848100-63f4-11ee-94c1-cd564f70789a;0;;;
'2023-11-09';2c079400-5aa2-11ee-9d24-49e9e7fab6ba;0;;;
'2023-11-09';8ff373b0-b614-11eb-b9e3-3f50a3531611;0;;;
'2023-11-09';f7d902a0-d760-11ed-b7a4-49ce33ef215b;0;;;
'2023-11-09';ec8a1590-7ca3-11ee-b2a1-7589113f514e;0;;;
'2023-11-09';b2b91810-7eb1-11ee-822a-05fee84a76e1;0;;;
'2023-11-09';c261bda0-89c9-11ec-875c-631baee9bdbc;0;;;
'2023-11-09';5f512d70-cfb1-11ed-9312-69c963da4344;0;;;
'2023-11-09';bc8fb610-77a8-11ee-a61b-450bbd2688d9;0;;;
'2023-11-09';1cd40f00-26d1-11e8-aed5-87569c2029e9;0;;;
'2023-11-09';2ed05c50-7f12-11ee-8a6a-8db40c8e012c;0;;;
'2023-11-09';7fa22990-4661-11ee-aa93-e1847582ef99;0;;;
'2023-11-09';7b3d2810-e585-11ed-a524-d983167b6653;0;;;
'2023-11-09';c2aec470-9d63-11ed-b4c2-039bf3d2679a;0;;;
'2023-11-09';28850880-1854-11ed-a7a1-919bf16229cf;0;;;
'2023-11-09';13d21e60-9581-11ec-a7a8-d505929c83bc;0;;;
'2023-11-09';fd12e910-d45f-11ed-829d-414c5d66b870;0;;;
'2023-11-09';8c81def0-0411-11ed-99fa-3722f70332f6;0;;;
'2023-11-09';7f3d3200-784b-11ec-abff-9d6e3df6cf4d;0;;;
'2023-11-09';42c1f1b0-c521-11e9-b276-1fb00a3a11e5;0;;;
'2023-11-09';edce1ea0-7e61-11ee-b29e-b312a78ca15a;0;;;
'2023-11-09';8a2ed430-2e10-11e9-8b85-733612b647ec;0;;;
'2023-11-09';70500da0-608a-11eb-96af-e1e976d6ac80;0;;;
'2023-11-09';0ac5a330-4360-11ee-9fc8-c384813304ab;0;;;
'2023-11-09';ddef2360-3147-11ee-9b78-edbe9e3bbef3;0;;;
'2023-11-09';35dc86a0-c90f-11ec-801c-c32341e7529a;0;;;
'2023-11-09';9b04a160-e08b-11eb-a066-491606a37e11;0;;;
'2023-11-09';0f1d7830-730e-11ee-b87c-ede2d6c21bc4;0;;;
'2023-11-09';1d265690-099d-11ec-8c1f-279bde56d3d4;0;;;
'2023-11-09';bb376160-7ea0-11ee-9be7-2df075e7b7f8;0;;;
'2023-11-09';609db050-7e29-11ee-978b-fd4657345088;0;;;
'2023-11-09';ee1b42f0-0b4f-11ee-adec-e5eb8851b98f;0;;;
'2023-11-09';ee4fd9c0-b57e-11ec-8ef1-e763c87d7838;0;;;
'2023-11-09';73afa360-3fbe-11ed-9dc9-63ac06a28e1b;0;;;
'2023-11-09';64804390-55c1-11ed-83f8-3ba80dfbafac;0;;;
'2023-11-09';5533f330-69d2-11ed-a718-41516b7f899c;0;;;
'2023-11-09';867ae730-e19d-11ed-9b02-1f5af14cd94f;0;;;
'2023-11-09';35e7b360-9103-11ed-bdd6-959d97c2fed2;0;;;
'2023-11-09';ccbf9720-1af2-11ee-aa64-bdeae422cee1;0;;;
'2023-11-09';c221dd30-6ab8-11ee-bd57-b3ed7453a78e;0;;;
'2023-11-09';5b786890-7de3-11ee-848e-1dfb8f527de4;0;;;
'2023-11-09';ba966bc0-2a04-11ee-b771-e5f0ac2dcdbf;0;;;
'2023-11-09';a17ba780-19ea-11ec-928f-6970f3109f1f;0;;;
'2023-11-09';61adaa40-0b29-11ee-86e5-e9d6363b32fa;0;;;
'2023-11-09';6ea60ff0-7e59-11ee-8c5b-0b3f8c54d46a;0;;;
'2023-11-09';32f8b440-7e99-11ee-b421-ff1d7f877f74;0;;;
'2023-11-09';39428c60-7ebf-11ee-9d6a-ef2fe23b6939;0;;;
'2023-11-09';36706280-7a3e-11ee-af94-af40a53e5a6a;0;;;
'2023-11-09';094ebef0-7eda-11ee-b642-61aea8457f6a;0;;;
'2023-11-09';43826c80-cd1d-11ed-95f8-3d6c333efd1c;0;;;
'2023-11-09';dcb922f0-61f0-11ee-8c03-2deb997c6e4f;0;;;
'2023-11-09';81760d80-5522-11ed-9db6-4be11884d44f;0;;;
'2023-11-09';28bc4050-6031-11e8-9366-cb66763dc667;0;;;
'2023-11-09';2a3e75a0-2777-11eb-a5c7-c3e2e3534623;0;;;
'2023-11-09';523303f0-2806-11e8-aac2-6d305e4ef15f;0;;;
'2023-11-09';015e7040-6e41-11ee-b1dc-6119ce6cae0b;0;;;
'2023-11-09';ef85b4e0-7ebd-11ee-8c6c-b9effefa37f1;0;;;
'2023-11-09';04b83b10-2e99-11ed-a1e3-bb90ce0eb8ad;0;;;
'2023-11-09';d13ea9e0-7efb-11ee-87c9-81e826305633;0;;;
'2023-11-09';c9152fc0-4ba5-11ee-9b65-6d0241c14083;0;;;
'2023-11-09';1cb5c7c0-1974-11ee-89d8-91612f580f2b;0;;;
'2023-11-09';02ece360-29d7-11ed-9557-4727309a8bc7;0;;;
'2023-11-09';342852d0-7f16-11ee-a582-310dbf97502c;0;;;
'2023-11-09';cb32a2b0-0dad-11ed-a42f-05a2744f0219;0;;;
'2023-11-09';fc7f5580-7e9e-11ee-bc1c-4fb606c9cd8a;0;;;
'2023-11-09';cfbce6c0-9d54-11ec-8487-dbe8a6f96ab0;0;;;
'2023-11-09';83488a20-7f29-11ee-9b19-0ff9ee5c1e6b;0;;;
'2023-11-09';c305d4a0-a915-11ed-94f7-d9cc05d27ce1;0;;;
'2023-11-09';d60c74f0-721e-11ee-a0e8-dbfdcccfc67b;0;;;
'2023-11-09';c510fe80-4728-11e9-935b-a78ce399b5c8;0;;;
'2023-11-09';e066e4d0-16fd-11ed-b7b0-47b2474cb7da;0;;;
'2023-11-09';30f65aa0-e8a6-11ed-bd11-0586791989bd;0;;;
'2023-11-09';4f2f4510-aef2-11ed-861a-c12ce37770ee;0;;;
'2023-11-09';36971410-dda0-11ed-93d1-8d3257353a70;0;;;
'2023-11-09';274ef650-27aa-11e8-a7fb-1d0c61882814;0;;;
'2023-11-09';3bfc6100-268d-11e8-9ee0-b785759a93de;0;;;
'2023-11-09';229f2b80-7ed3-11ee-b8cf-33d990db1491;0;;;
'2023-11-09';47b5f3c0-f3cf-11ed-a05b-c93fa197bb74;0;;;
'2023-11-09';283e38c0-5056-11ee-b6f4-0be50298503c;0;;;
'2023-11-09';105c4b80-7f1c-11ee-bc33-f586bdcfdc18;0;;;
'2023-11-09';5e3a4c80-556c-11eb-a503-8fb56e9680fd;0;;;
'2023-11-09';2d68f5b0-431d-11ee-9245-591babf42179;0;;;
'2023-11-09';83dc6ec0-5dec-11ed-a7f8-43cd2dca137b;0;;;
'2023-11-09';31fc63d0-7ea2-11ee-8957-15fdf1bcd255;0;;;
'2023-11-09';ecc08d50-7eb0-11ee-8ac3-c7378daac015;0;;;
'2023-11-09';00bba140-f587-11ed-8bc0-eb1aead8ceaf;0;;;
'2023-11-09';e1c15380-698e-11ee-aad1-3d54b501aa9e;0;;;
'2023-11-09';f4ace220-7259-11ed-b96e-b57e3cd3ad79;0;;;
'2023-11-09';4beab260-6552-11ee-9102-9fdadfbf24b5;0;;;
'2023-11-09';eddddf00-7c51-11ee-80b5-6dcc752b9cfe;0;;;
'2023-11-09';2603ef60-fe34-11ed-910f-ed4de5f486e7;0;;;
'2023-11-09';b8a22b80-56c2-11e8-b9ae-f5b3fe8881ef;0;;;
'2023-11-09';06bb1330-7ec3-11ee-918e-85c9554a0101;0;;;
'2023-11-09';84ec8fd0-75aa-11ee-95cc-3129598ae327;0;;;
'2023-11-09';31145bd0-ab4e-11ed-bd00-fdde66b73256;0;;;
'2023-11-09';0696c750-4d5f-11ed-b83f-ff06051b980a;0;;;
'2023-11-09';e33a5a30-6874-11ec-a426-d7226eb5ac40;0;;;
'2023-11-09';7bfd9710-7cd1-11ee-9a2d-f9f6322b5d26;0;;;
'2023-11-09';2030f150-4a33-11ee-8e98-eded4ab4bfbe;0;;;
'2023-11-09';02b6e180-7eee-11ee-905a-473c61a0e583;0;;;
'2023-11-09';b140cd70-cb5b-11ed-a307-c39fdf1cb639;0;;;
'2023-11-09';6029cdb0-7eca-11ee-a8b2-2ba9ea615c5b;0;;;
'2023-11-09';e1073e70-7edb-11ee-b060-a155801bda6c;0;;;
'2023-11-09';e7442a70-7ea2-11ee-b6ea-fd490d372218;0;;;
'2023-11-09';bffb95b0-99c3-11ea-ab03-63a4d5a33c6d;0;;;
'2023-11-09';da0b83f0-539e-11ee-a40b-836fca64a650;0;;;
'2023-11-09';8d4a6730-7f0d-11ee-aa75-81d36ce6cb75;0;;;
'2023-11-09';3f69ee50-2c0c-11ed-be50-6fb693743b92;0;;;
'2023-11-09';8695b740-31e3-11ee-848d-819c883f7e7d;0;;;
'2023-11-09';05c38ca0-7eeb-11ee-9199-7da4f6e809b0;0;;;
'2023-11-09';d4ec2690-28e8-11e8-abd7-9123c60d10ed;0;;;
'2023-11-09';246c66c0-0b2a-11ee-a875-8fcd12a907c6;0;;;
'2023-11-09';991cf1f0-7eb7-11ee-b2f5-d950aa794664;0;;;
'2023-11-09';b361aed0-7dda-11ee-a77f-3762c56600bf;0;;;
'2023-11-09';e60ceeb0-251c-11e9-b010-d9cc5aedd935;0;;;
'2023-11-09';17479dc0-7ed4-11ee-bfda-99ed59028a76;0;;;
'2023-11-09';5e6c9a00-53ac-11ee-9180-63c3ed20ef5e;0;;;
'2023-11-09';61aa9be0-586b-11ee-9d78-ed8dd114beb7;0;;;
'2023-11-09';2b6e0e60-79f7-11ee-98b7-7f6278d247a0;0;;;
'2023-11-09';c86f03e0-3f47-11ed-baf8-250f04df4d64;0;;;
'2023-11-09';e4909800-7ef6-11ee-9eec-439e82a86fc6;0;;;
'2023-11-09';222d2fa0-7eae-11ee-8687-bdea556b53cc;0;;;
'2023-11-09';c3301160-6761-11ee-8ab3-7d558c5109c5;0;;;
'2023-11-09';1be40f70-7eb7-11ee-94bc-0b86add6e3d4;0;;;
'2023-11-09';5c6d8840-0906-11ee-b089-054c4d16f351;0;;;
'2023-11-09';605068d0-dc45-11ed-9d44-810786957f5c;0;;;
'2023-11-09';d4ef4750-722d-11ee-93a0-0524a7eaba2b;0;;;
'2023-11-09';6e6ebd10-6fe0-11ea-9b40-19661561fa85;0;;;
'2023-11-09';a398ae80-1f4c-11eb-b3f6-0f3e8981c313;0;;;
'2023-11-09';5edda700-85b6-11ed-89db-791595c6dafe;0;;;
'2023-11-09';62d648d0-7276-11eb-a24e-3b66914edb0e;0;;;
'2023-11-09';c6761df0-6972-11eb-9ef2-71665a8bc098;0;;;
'2023-11-09';a66c38b0-786e-11ee-828b-bb07aba6dcff;0;;;
'2023-11-09';259e9c20-3a5b-11ed-a336-0f3da237cfa7;0;;;
'2023-11-09';fd7a4940-78a9-11ee-8dfc-d1d21794eb4e;0;;;
'2023-11-09';f139f870-1dbf-11ec-a343-3bd737cb851d;0;;;
'2023-11-09';68382aa0-7f1b-11ee-a001-ab822ea5a216;0;;;
'2023-11-09';19c62dd0-56bd-11ee-aac3-7b004e623b5f;0;;;
'2023-11-09';43f67d40-62c9-11ee-9f2c-dd9c8474a1ac;0;;;
'2023-11-09';74d71790-4e10-11ed-9f74-dbf280a39a7f;0;;;
'2023-11-09';74c636d0-dd9b-11ed-8dfe-757255731402;0;;;
'2023-11-09';3c873880-7ded-11ee-b0ce-f9bba974075e;0;;;
'2023-11-09';92ab1b10-e986-11ed-921f-a94224d44004;0;;;
'2023-11-09';d779dc30-d6d1-11ed-93b1-bd6f17ab975f;0;;;
'2023-11-09';29965af0-73d2-11ee-95fa-9fa2eb4ecdbc;0;;;
'2023-11-09';973ddf10-30ad-11e8-94b5-05fb3f125577;0;;;
'2023-11-09';22b3e1b0-9a1b-11ea-b96c-7991fc2207dc;0;;;
'2023-11-09';2524cec0-9a28-11ea-9185-7f8955ba3aa0;0;;;
'2023-11-09';77d26ec0-9a8c-11ea-a2fd-3d9ff5d8d5c2;0;;;
'2023-11-09';74812c30-2c37-11ee-9f84-51b7a86094a3;0;;;
'2023-11-09';b89cb630-6033-11ed-9673-4737c6306aca;0;;;
'2023-11-09';58cbb670-b722-11ed-a98b-85b1ac8519a6;0;;;
'2023-11-09';93c4cd80-dd63-11e9-9d83-31f96b825d5e;0;;;
'2023-11-09';5bc18e10-31b0-11ed-924c-bd3fdbcdf1f0;0;;;
'2023-11-09';9a1bb5a0-2670-11e8-bfc6-df51f8419a76;0;;;
'2023-11-09';5af80cb0-69a5-11ee-90c2-6bf305645d5a;0;;;
'2023-11-09';288227e0-a144-11ed-aad0-ef2c5ff42ca6;0;;;
'2023-11-09';5549f370-eed4-11ec-844a-37590d323efc;0;;;
'2023-11-09';429c6650-c107-11eb-919c-2b8cd2bff7e9;0;;;
'2023-11-09';00302bc0-56cf-11ee-92be-fd7b0d617e4e;0;;;
'2023-11-09';eda506a0-dd9e-11ed-974e-3fd0a1e54769;0;;;
'2023-11-09';fa7b3ed0-212d-11ee-919d-c5fe523c389f;0;;;
'2023-11-09';fbf931c0-7eef-11ee-8caa-1d3d19653052;0;;;
'2023-11-09';42574c50-e4be-11ed-8be5-91dd0ec5cc9c;0;;;
'2023-11-09';d9a9da10-2158-11ee-a2fc-137c94574d32;0;;;
'2023-11-09';dc203380-05c8-11ee-b1f6-d197331af610;0;;;
'2023-11-09';b31f3040-7eda-11ee-a20b-d375cabd1d4d;0;;;
'2023-11-09';58366d20-38fc-11ee-bb33-cd42cd3d7eba;0;;;
'2023-11-09';3f35b8e0-101f-11ee-82db-d9eb8e0d664b;0;;;
'2023-11-09';f2019240-1ff2-11ee-96ae-15e84b88be4e;0;;;
'2023-11-09';bd3cbfd0-993d-11e8-9d6e-cbcaeb3dc927;0;;;
'2023-11-09';218c0de0-6334-11ee-b4cd-7fa6d72bf30a;0;;;
'2023-11-09';4b0bf120-dc58-11ed-a85d-3d94de706e43;0;;;
'2023-11-09';64d828c0-ec87-11eb-8a1b-33d32efbfabc;0;;;
'2023-11-09';74652330-2f6d-11ee-bf3d-7bc14c98ac93;0;;;
'2023-11-09';e7081680-b278-11ed-bc08-8d363ab79373;0;;;
'2023-11-09';c473b310-5e9c-11ee-943f-11a9b1a249d2;0;;;
'2023-11-09';49cbc900-035c-11ed-8058-57ce40d0e90b;0;;;
'2023-11-09';8a45d150-cadc-11ec-91b0-45d5da48b7f1;0;;;
'2023-11-09';c0942410-86b5-11ed-9a09-33cdb4b2dd16;0;;;
'2023-11-09';9c8d4a30-4793-11e8-84c6-8defda07d6b5;0;;;
'2023-11-09';380ac2a0-e8b4-11ed-adbb-23304792261e;0;;;
'2023-11-09';a6beb910-82d7-11ed-8288-f551c6aa951b;0;;;
'2023-11-09';82f23640-7153-11ee-8a0b-3537e5b7d417;0;;;
'2023-11-09';c230e1c0-5ae8-11ee-b386-5de8a6c82938;0;;;
'2023-11-09';4cedb770-1174-11ee-b5d1-5190f485ef48;0;;;
'2023-11-09';18cc8880-7eb2-11ee-9da0-bf9601e68aab;0;;;
'2023-11-09';2470b7f0-e327-11ed-aa55-036dc0739a3e;0;;;
'2023-11-09';4c93cf50-7e9b-11ee-9f84-dfdf2aaad7ed;0;;;
'2023-11-09';309dd140-586e-11ee-af5c-bb89e5600568;0;;;
'2023-11-09';504c5450-6be0-11ee-93b5-7d7f13283415;0;;;
'2023-11-09';c9a682c0-442e-11ec-8af6-63266f901379;0;;;
'2023-11-09';e9820b90-6a61-11ee-abcc-dd75dcdd7e70;0;;;
'2023-11-09';ff51bd80-7eed-11ee-af4f-67ee6f51dcb5;0;;;
'2023-11-09';48fd30e0-68eb-11ee-a3bd-f5cd330e0306;0;;;
'2023-11-09';515665d0-68b5-11ee-9f5d-fb3c047209a7;0;;;
'2023-11-09';df509800-e8e1-11ed-bff7-fff446cf2ada;0;;;
'2023-11-09';6944f4d0-7f1d-11ee-a3f5-b5becda054ab;0;;;
'2023-11-09';74f94f90-7ecf-11ee-b07d-1f5aeb1e162c;0;;;
'2023-11-09';669ec7c0-7c6f-11ee-b1fe-9153a0926baa;0;;;
'2023-11-09';537ccfb0-6a5f-11ee-83f9-3d79d5a1b56e;0;;;
'2023-11-09';2da88de0-7f01-11ee-aaa7-c19a087f447c;0;;;
'2023-11-09';0c1031e0-e4a8-11ed-9e2b-e9731131cca2;0;;;
'2023-11-09';bd60de30-970b-11ed-93bb-ffee1c050103;0;;;
'2023-11-09';27578f90-2ea7-11ee-9fdf-2f0158ff8387;0;;;
'2023-11-09';d94f0b00-4988-11ee-90cb-573c0fdfe79d;0;;;
'2023-11-09';85494dc0-a636-11ea-be08-53e44fc662b9;0;;;
'2023-11-09';b3e538a0-0b17-11ec-a36b-ebb8e5e3746e;0;;;
'2023-11-09';e7ef2120-db05-11eb-9f31-31a82e2956fe;0;;;
'2023-11-09';bb087120-7dfb-11ee-87b0-61a7b81fdb63;0;;;
'2023-11-09';13aabab0-31e2-11ee-80de-f32b7cc1a409;0;;;
'2023-11-09';34061640-095f-11ec-8e63-4b3c41117f08;0;;;
'2023-11-09';5f993750-683a-11ea-96c5-0b4aa9599a94;0;;;
'2023-11-09';de1699a0-52a4-11ec-b0d4-179ac9776270;0;;;
'2023-11-09';7c8ab100-7e33-11ee-99e7-579df17caf91;0;;;
'2023-11-09';a3ba53c0-d50a-11ed-ae81-6dc5b55c4a36;0;;;
'2023-11-09';b8800af0-6dc8-11ee-8ada-c7d2dc4bb73d;0;;;
'2023-11-09';51fc4970-b951-11eb-b18b-e576f0c0802a;0;;;
'2023-11-09';ead9f2c0-731a-11ee-81f7-6725169125a9;0;;;
'2023-11-09';548e6740-50b7-11ee-8f20-6d95d03bf09a;0;;;
'2023-11-09';d8dc7bd0-dadc-11ea-8721-1f75b0088bd3;0;;;
'2023-11-09';8b632b40-9923-11ec-9aad-372b66ef03c9;0;;;
'2023-11-09';55102640-5b7f-11ee-840d-d13ac4f729ae;0;;;
'2023-11-09';ef609f50-0684-11ed-9ca0-f3eca5e64f25;0;;;
'2023-11-09';2418ed40-e322-11ed-a3c3-39019ef4fa21;0;;;
'2023-11-09';9dd4bfd0-b7fc-11ec-8fd3-cd04c81786d9;0;;;
'2023-11-09';4a2e61e0-7283-11ee-9d0a-6bb903e5ef38;0;;;
'2023-11-09';38d27c70-840a-11eb-a430-2f519e1f43ef;0;;;
'2023-11-09';404deb50-e02a-11ed-a4cd-f3fc0d9aa7de;0;;;
'2023-11-09';f483cd90-7eab-11ee-9b7a-8d29d26b7a3b;0;;;
'2023-11-09';e8e24440-3aad-11ee-bb5a-63b84a8b3dca;0;;;
'2023-11-09';7362a740-1c50-11ed-891f-6117da7ddeb2;0;;;
'2023-11-09';79d1b770-5bec-11ed-8c5d-91b880708635;0;;;
'2023-11-09';2d2ed7c0-7f06-11ee-8a47-a90741dc8bca;0;;;
'2023-11-09';c4ef52c0-7f60-11ed-9aa0-53a21cc55ffb;0;;;
'2023-11-09';acb61070-5f87-11ed-b4bf-87d7960d9cdd;0;;;
'2023-11-09';4de341e0-6340-11ee-a3c7-313a824b4975;0;;;
'2023-11-09';2e4d8ea0-6140-11ee-8960-3b1234ea8adc;0;;;
'2023-11-09';aac97a60-9910-11ec-9271-0d32e5e37ef4;0;;;
'2023-11-09';b22be250-2453-11ee-8059-d7d51fe3d480;0;;;
'2023-11-09';feee79f0-8a93-11ec-9a62-494b7a256ca8;0;;;
'2023-11-09';d3e60c70-e319-11ed-bbf3-f136c854888e;0;;;
'2023-11-09';bc8ca130-1167-11ed-ad31-5774aa79874a;0;;;
'2023-11-09';fa04c580-9d85-11eb-b366-5bf28c116536;0;;;
'2023-11-09';de715ba0-0f2d-11ee-a249-e1fba064beb3;0;;;
'2023-11-09';759c5b80-4d39-11ee-93e6-91fddc7b1be5;0;;;
'2023-11-09';4e591e60-974e-11ed-8077-c949c820a581;0;;;
'2023-11-09';a12fd5c0-13d2-11ed-9577-2f98a8ff01ab;0;;;
'2023-11-09';278e29f0-0727-11ec-831d-195eaa84618f;0;;;
'2023-11-09';79bedff0-4ffb-11eb-af7c-350316180a48;0;;;
'2023-11-09';6d7c01d0-2075-11ee-9ec0-6f0b0b812226;0;;;
'2023-11-09';893f8fc0-60d8-11ed-93ac-bdc11d75942e;1;;;
'2023-11-09';90694410-2f24-11ee-82be-ed4d2f30ad09;1;;;
'2023-11-09';25ed1da0-4398-11ed-bdc8-979bbf336cbd;1;;;
'2023-11-09';45152830-f10f-11eb-94d2-3b1b0d61e40d;1;;;
'2023-11-09';f8f17760-87fe-11ec-a736-1f2d4eb86998;1;;;
'2023-11-09';700db350-5b88-11ee-b507-99aa09c53552;1;;;
'2023-11-09';d70dcaa0-0d9b-11ec-9480-19aec6605e49;1;;;
'2023-11-09';07b72fd0-9b9d-11ed-b7f1-ad5503750a0d;1;;;
'2023-11-09';7555c1d0-6480-11ee-9fa7-c706fcdc5297;1;;;
'2023-11-09';aa9b5be0-6f95-11ea-bd4f-81608d74ea67;1;;;
'2023-11-09';cb6907e0-4891-11ee-b541-098293c918f6;1;;;
'2023-11-09';d7852180-23c1-11ed-80b6-75f0d0fa89b6;1;;;
'2023-11-09';1be6af30-389c-11ed-90f1-33a5369ee59b;1;;;
'2023-11-09';0644c1c0-c26b-11ea-9f17-b1f3d24cc1d9;1;;;
'2023-11-09';637af7b0-63f3-11ee-95fe-df5ea84dbbb3;1;;;
'2023-11-09';942b14b0-3740-11ee-9c50-23d848797bb4;1;;;
'2023-11-09';1e8729b0-cc2a-11ec-8b8e-c93ce2ec9f49;1;;;
'2023-11-09';5c5225c0-9870-11ed-ae85-019e14031a0e;1;;;
'2023-11-09';61ae0260-a6a2-11ed-8f7f-7df15ac93c97;1;;;
'2023-11-09';1f1cd160-9298-11ed-8474-7bd963433a2a;1;;;
'2023-11-09';7db17b40-427e-11ee-bb1f-dd823058e1d6;1;;;
'2023-11-09';590cc7d0-7a56-11ee-b1d2-6bddbf4fb2d0;1;;;
'2023-11-09';b1c90ad0-9174-11ed-973f-d9c0d2c30895;1;;;
'2023-11-09';f71b8e40-741b-11ec-93e2-cd9cfeea9364;1;;;
'2023-11-09';e2112e20-5ef4-11eb-949b-6565cf55c004;1;;;
'2023-11-09';e373de90-7c9f-11ee-ae35-e7251dded1ac;1;;;
'2023-11-09';f1a65620-76bd-11ed-99e2-05f96b6f6215;1;;;
'2023-11-09';45efb510-491d-11ed-a9f5-71ca9a1e60a5;1;;;
'2023-11-09';3d0629e0-d7fb-11ec-9cc6-892073864f49;1;;;
'2023-11-09';d72094c0-398e-11ee-8b2b-fbf1b661fbe8;1;;;
'2023-11-09';17e3c5e0-f2d2-11ec-9a9d-15ce92c49139;1;;;
'2023-11-09';15afd5d0-f613-11ed-bf4e-c978868cb8ce;1;;;
'2023-11-09';5f53de40-d41f-11ed-abc9-e395eb253d81;1;;;
'2023-11-09';1e088a30-9e28-11ed-a9a1-25405ca474eb;1;;;
'2023-11-09';07008890-ea42-11ed-9a53-0f6e03e3ccf8;1;;;
'2023-11-09';6774a580-4a6a-11ed-9635-8900724bffbf;1;;;
'2023-11-09';eb725850-f30c-11ed-8ff3-a3f0d6592f1a;1;;;
'2023-11-09';233eba20-f44e-11e8-a33a-bf82697f50e6;1;;;
'2023-11-09';09c2e030-ead6-11ec-96d0-e30420cf06be;1;;;
'2023-11-09';45fedca0-f3c9-11ed-9837-1d2b25ac4617;1;;;
'2023-11-09';0f681a10-c5e7-11eb-819c-f93422509563;1;;;
'2023-11-09';c18e1a60-6cb5-11ee-ae61-bb9b718408d3;1;;;
'2023-11-09';a1b65760-7789-11ed-95c0-235bff74b1bd;1;;;
'2023-11-09';56691d90-c484-11ed-bed3-1d6d8709c9b4;1;;;
'2023-11-09';457ceee0-4945-11ed-a233-89fb73bb1373;1;;;
'2023-11-09';154ae0b0-763f-11ee-86b9-7f40407285b5;1;;;
'2023-11-09';32576a80-a39f-11ec-a680-09fcc5f5cdba;1;;;
'2023-11-09';2f34dbb0-3b27-11ed-a850-53d02a56c426;1;;;
'2023-11-09';e737e280-9931-11ed-ad3e-d7b59d7ffcfa;1;;;
'2023-11-09';a3eb53c0-2b0a-11ee-85b3-a73f060ad271;1;;;
'2023-11-09';88bbce30-5617-11ee-825a-ff1f52bc085d;1;;;
'2023-11-09';2ba1f410-dcb8-11ec-b9af-6dbf6cd09628;1;;;
'2023-11-09';b2f16160-0b8a-11ee-9d7d-6521f736d560;1;;;
'2023-11-09';c69c7a30-2acd-11ee-a714-71d5eca08f3c;1;;;
'2023-11-09';6b57c550-7ec7-11ee-89a5-35a3db9f01f2;1;;;
'2023-11-09';e593c0b0-7eb5-11ee-8c47-b1fbf2a7dce0;1;;;
'2023-11-09';e87afd50-3309-11ed-9a5c-6502a39740b6;1;;;
'2023-11-09';d7d300b0-3821-11ee-a4fe-8fce7922fa62;1;;;
'2023-11-09';60a41f40-0c36-11ee-b57d-09d38bf052a6;1;;;
'2023-11-09';28d24d30-e670-11ed-b58a-6315aaa007e5;1;;;
'2023-11-09';bf07d300-a3e6-11ed-bcd5-cf87783ff67e;1;;;
'2023-11-09';ac798ed0-7a1a-11ee-b648-2fcad97ee7cf;1;;;
'2023-11-09';c6d9df70-56b5-11ed-9474-475865b6547c;1;;;
'2023-11-09';55dd0b50-b8d4-11ec-a5cf-6ff7cfa0bdc8;1;;;
'2023-11-09';93970360-8e0d-11ed-9bfb-59d3cb046dbf;1;;;
'2023-11-09';82d27e80-448b-11ee-90cd-538c962db324;1;;;
'2023-11-09';e67c9a20-4359-11ee-af36-abd1a59c452e;1;;;
'2023-11-09';356ec280-9b21-11ec-a16b-1d4466b83a51;1;;;
'2023-11-09';6a493410-7d1d-11ee-bdb2-8f8b0fa57619;1;;;
'2023-11-09';670f4420-be69-11ec-a654-670e5b0c8b9f;1;;;
'2023-11-09';4a3b2200-fab4-11ed-86ec-fd86f545872b;1;;;
'2023-11-09';57b1cef0-6669-11e8-9c9a-6f7b82138f2a;1;;;
'2023-11-09';ac513e90-7eb5-11ee-8842-c71a8761f0a4;1;;;
'2023-11-09';918ea110-1158-11eb-8ea5-ffa0020a5cb7;1;;;
'2023-11-09';426c0c10-2670-11e8-952c-5397ebbba8bb;1;;;
'2023-11-09';878e2850-1c52-11ed-9ea1-0702a8ee86f9;1;;;
'2023-11-09';07fa5080-9e54-11ed-b36a-c7f4ef4928ce;1;;;
'2023-11-09';b917a620-b433-11ed-a6d7-5d8796b9e59a;1;;;
'2023-11-09';f5c917b0-19f6-11ee-9ff9-bb2aeb994a1d;1;;;
'2023-11-09';7e3d2410-f39b-11ed-a1b9-0b751515adfd;1;;;
'2023-11-09';f1a04520-1103-11ed-9572-c1077b5ec8b3;1;;;
'2023-11-09';8d44a5f0-5ade-11ee-ad64-0fae2ae58d61;1;;;
'2023-11-09';0e54af80-55fa-11ee-8c81-e9c484c51118;1;;;
'2023-11-09';c2ac2d30-7aac-11ec-905b-67086616ca7c;1;;;
'2023-11-09';09637710-68ef-11ee-be1f-afca4911d26e;1;;;
'2023-11-09';9974bbc0-0dfe-11ea-9a12-d919a32875c5;1;;;
'2023-11-09';d5c19190-1774-11eb-9c12-653895f921ae;1;;;
'2023-11-09';4fe75360-b64d-11ec-80f4-bfeb1008dfe6;1;;;
'2023-11-09';b77416c0-9c62-11ed-9490-71b39d2a250f;1;;;
'2023-11-09';74b32710-b817-11ed-b0f3-61697d13745c;1;;;
'2023-11-09';00c19fc0-2e89-11ed-a87c-dd71f0332984;1;;;
'2023-11-09';6e255e80-5ead-11ee-b9ab-514ff5ef01dc;1;;;
'2023-11-09';bd9f8b80-7ca2-11ee-8732-5fdf1b1c749a;1;;;
'2023-11-09';890c45d0-7efd-11ea-a56c-2d7aae197a8b;1;;;
'2023-11-09';1398e090-5fb8-11ec-93d6-a1a3b73757bd;1;;;
'2023-11-09';28af0180-7ef1-11ee-bce2-1bf5f9254db2;1;;;
'2023-11-09';21b1c530-6e33-11ee-9f4f-5757a530fa8b;1;;;
'2023-11-09';03ccde60-46bb-11ed-a45b-b7db8c961393;1;;;
'2023-11-09';317247f0-8c0d-11ed-8392-491ae48fb568;1;;;
'2023-11-09';03394430-4adb-11eb-9caf-7d603f28916d;1;;;
'2023-11-09';704fa250-c082-11ea-bb43-c1bfd3d804d5;1;;;
'2023-11-09';d5073690-76d7-11ee-86bb-a1068cfdd602;1;;;
'2023-11-09';f165b8c0-bffd-11ed-b68b-cb215499e0ad;1;;;
'2023-11-09';61585220-f0ad-11ed-9421-13c7b109f79b;1;;;
'2023-11-09';6cec2fa0-5875-11ee-8f29-3fcdc046f7da;1;;;
'2023-11-09';60355210-28de-11eb-aa02-c3649cfe7f71;1;;;
'2023-11-09';88591d60-acf5-11ed-9ff5-d971c89ebaac;1;;;
'2023-11-09';8dc18290-56b6-11ee-8b82-ff67f92c4dbd;1;;;
'2023-11-09';b00fbe70-57ab-11ee-9ce9-19e03b3377f4;1;;;
'2023-11-09';f3df0da0-baf8-11ec-a7c6-cd1dd79443da;1;;;
'2023-11-09';26483050-8e6f-11e9-84ac-fd9237168d37;1;;;
'2023-11-09';67ab95f0-1f26-11ed-a750-e7f845df33b8;1;;;
'2023-11-09';853b9570-77b3-11ee-aa07-cfda4860cd47;1;;;
'2023-11-09';2453f240-5614-11ee-96cd-2f16c5f8c3ad;2;;;
'2023-11-09';2a4d88a0-e136-11eb-89f8-bbb9b37ee5ab;2;;;
'2023-11-09';50573c90-9412-11ed-bab8-b5c12273e1c5;2;;;
'2023-11-09';ec827590-bb97-11ea-ad9a-ff887af5bee7;2;;;
'2023-11-09';e0acf180-6073-11ee-b76b-df82c49c585e;2;;;
'2023-11-09';3a04c150-214d-11ea-b5fe-69726f78d9f0;2;;;
'2023-11-09';deda8360-1ef4-11ee-b302-f1f56b29558e;2;;;
'2023-11-09';766fcff0-6795-11ec-bc56-dbe773a8e784;2;;;
'2023-11-09';6a43be40-7ebc-11ee-8cba-352ee31d8aeb;2;;;
'2023-11-09';7017a720-2d61-11ee-90ac-75a9a49209d9;2;;;
'2023-11-09';f3307200-5462-11ed-a6ab-2bffa821113a;2;;;
'2023-11-09';dda9fcf0-1a00-11ec-a048-ebe642b40a91;2;;;
'2023-11-09';3fad9220-6398-11ea-9789-39cafe3b86b6;2;;;
'2023-11-09';3d243c70-78b6-11ee-a5f4-9f8adec7905e;2;;;
'2023-11-09';e247acc0-1c7a-11ee-bda5-8961e2ebcb05;2;;;
'2023-11-09';c38883a0-71bf-11ee-93bb-37ac0f1ef747;2;;;
'2023-11-09';6f7d57e0-f3ad-11ec-b407-a5efe1ac634a;2;;;
'2023-11-09';c4034370-eb2c-11ed-994e-cf4e377c5a30;2;;;
'2023-11-09';0d481870-7bc0-11ee-8d07-e935d2e5c93d;2;;;
'2023-11-09';f3812fb0-4589-11ee-bbe2-51028697f07d;2;;;
'2023-11-09';a3571100-31c3-11ee-814a-7d416b5c6a38;2;;;
'2023-11-09';57c8c940-60f3-11ee-be2e-79588e48dd15;2;;;
'2023-11-09';59f75780-e99e-11ed-a7e6-5b79121ad7e4;2;;;
'2023-11-09';e5db6e60-5b92-11ee-81f2-e37ae162a1af;2;;;
'2023-11-09';91af6e30-b97c-11ed-a861-c71ee41ec11e;2;;;
'2023-11-09';54a8dab0-a75e-11ed-962f-b5bac728156f;2;;;
'2023-11-09';15afe630-596d-11ed-89dc-f1f99923ecaa;2;;;
'2023-11-09';91411250-98ca-11ed-9b09-779a683509cb;2;;;
'2023-11-09';1421b740-718f-11ee-ac1d-139f18ab9ae5;2;;;
'2023-11-09';ba06b780-48bb-11ed-991d-5b8619d944dc;2;;;
'2023-11-09';f5112200-b585-11ea-ab00-1b7b7c8dd002;2;;;
'2023-11-09';ef5e2000-c960-11ed-8b65-b533c930a496;2;;;
'2023-11-09';d5c42a80-b101-11ed-afea-75f400d4a3ad;2;;;
'2023-11-09';08d30f50-628b-11ee-bed4-a986e853a4a6;2;;;
'2023-11-09';d92ce3b0-f52b-11ed-9532-9fb2bd6a5840;2;;;
'2023-11-09';2d3755d0-3fe3-11ec-9bd5-55e2e6e796d0;2;;;
'2023-11-09';eff02340-7935-11e8-89fa-c76fb44748d2;2;;;
'2023-11-09';85457e50-3f7d-11ee-b92a-9df35ea71d1f;2;;;
'2023-11-09';1d0195b0-2789-11ee-a468-3bf96cf56455;2;;;
'2023-11-09';0ff816e0-4ae4-11ee-b398-5b4806a4e10c;2;;;
'2023-11-09';f3889090-3cb3-11ee-bd9a-8f80d9664d96;2;;;
'2023-11-09';f6f9db50-1578-11ea-9702-671dbd8ea8e9;2;;;
'2023-11-09';caef5370-7d28-11ee-9b60-4d018ffaf097;2;;;
'2023-11-09';ac2e1fd0-7ead-11ee-af49-51e151726bf0;2;;;
'2023-11-09';60b897a0-7eb3-11ee-953b-258ebc431b50;2;;;
'2023-11-09';aebc5900-7d32-11ee-ad81-a90a6cd195f4;2;;;
'2023-11-09';e18d9c20-7524-11ed-8009-85ebb31c4293;2;;;
'2023-11-09';1da4b160-159f-11ee-a47a-05bf0aa9665f;2;;;
'2023-11-09';3d8322f0-209e-11ee-bdb7-63a16ffb097c;2;;;
'2023-11-09';8f0a6d60-62d7-11ee-a7e5-7552154dd601;2;;;
'2023-11-09';05ad1e80-7945-11ee-8328-7dddc3358f93;2;;;
'2023-11-09';0ad181d0-b39a-11eb-beaa-a93d7b2036b3;2;;;
'2023-11-09';57d9c5d0-0aa7-11ee-b739-4552da4a3de6;2;;;
'2023-11-09';0208e7b0-68c8-11ee-9bc4-59233d326e23;2;;;
'2023-11-09';e94b3f20-6345-11ee-9b1b-7985eb1a6cef;2;;;
'2023-11-09';42329970-19c8-11ee-8ee1-1136e618ebba;2;;;
'2023-11-09';a29aaff0-d2ba-11ed-a048-05978c87e8b6;2;;;
'2023-11-09';e968e150-611e-11eb-948b-a13102fa2732;2;;;
'2023-11-09';15a88c60-3cec-11ee-8cba-312661d0ca06;2;;;
'2023-11-09';d7027f60-8a73-11ec-b5f2-c9a98f660e75;3;;;
'2023-11-09';d42b8590-7192-11ee-9d9a-ed254769b174;3;;;
'2023-11-09';c2bb7050-c085-11ec-a6d6-05fa39c0b5d0;3;;;
'2023-11-09';82c7dcc0-60a5-11ed-9232-f7e80a193ab0;3;;;
'2023-11-09';8be080a0-d1a0-11ea-ad5f-c582ce05da28;3;;;
'2023-11-09';43a7fda0-69a4-11ee-9df6-939923a38d51;3;;;
'2023-11-09';dd5d2fd0-0174-11ee-a202-1f042535d2e8;3;;;
'2023-11-09';c01d9740-2855-11ee-9125-7d26aa400e1b;3;;;
'2023-11-09';0db94550-c3eb-11ed-97dc-45d791b61932;3;;;
'2023-11-09';ad407e90-f3a2-11ed-b7a0-9b67dc10234f;3;;;
'2023-11-09';22f53600-dd49-11ed-9ecf-6b373fb491d5;3;;;
'2023-11-09';8a81dbd0-760e-11ee-9110-b7a57991987e;3;;;
'2023-11-09';2c99d7b0-4d56-11ee-9daf-15c7f27d83e6;3;;;
'2023-11-09';3819d620-3a52-11ed-a56b-b34673c7db57;3;;;
'2023-11-09';b68296a0-68cd-11ee-a0bc-1fe44b38fca8;3;;;
'2023-11-09';8eee72b0-7c7a-11ee-9fbc-2593cf675d8d;3;;;
'2023-11-09';36fda290-7d58-11ee-94bd-9351b8f7ab3e;3;;;
'2023-11-09';6ea4a560-7ed2-11ee-aa6c-f786aaa7f161;3;;;
'2023-11-09';1630ded0-b33a-11ed-9b71-b3b5697b29f6;3;;;
'2023-11-09';48e153d0-e249-11ed-95c5-9f032da39c9a;3;;;
'2023-11-09';61d0de60-2c10-11ec-b1dc-cfc0b680c4e0;3;;;
'2023-11-09';648c2480-c0ab-11ed-9a17-8396e86aa4ff;3;;;
'2023-11-09';123ec1f0-5d00-11ee-840a-45cdebc899b5;3;;;
'2023-11-09';37a88570-4bbc-11ee-a33b-6531b674933d;3;;;
'2023-11-09';e27e4740-5d1f-11ee-8db4-d125209a3586;4;;;
'2023-11-09';3a5bab80-269c-11e8-8319-456ad9d3b8d8;4;;;
'2023-11-09';c7f11650-a380-11ec-9a88-afc70d62cbfc;4;;;
'2023-11-09';dea9d400-d805-11eb-900c-b38b424d9453;4;;;
'2023-11-09';de47f210-7e04-11ee-b1f3-576e30a1b57a;4;;;
'2023-11-09';26294cd0-56df-11ed-9a66-895324db225b;4;;;
'2023-11-09';3f169d70-68da-11ee-929f-856dab6d7fa7;4;;;
'2023-11-09';466fbf60-fa36-11ed-a14a-67347299561e;4;;;
'2023-11-09';950ec9f0-37c9-11ea-943d-55ee5935bdf9;4;;;
'2023-11-09';b64f1a90-6bee-11ee-9b4e-83903ba827c8;4;;;
'2023-11-09';b5dff1e0-7d58-11ed-b8d9-59ec27cbe36c;4;;;
'2023-11-09';49fc15b0-6efe-11ee-ace0-fd5bd1dc1911;4;;;
'2023-11-09';3b100450-8fc8-11ed-a4ee-39bb2f444421;4;;;
'2023-11-09';c7af8560-6287-11ee-958e-3593f0855815;4;;;
'2023-11-09';59929b90-f8ed-11eb-be6a-bdaca425bea2;4;;;
'2023-11-09';b0c4b750-4353-11ea-b71d-9325d41eec6a;4;;;
'2023-11-09';64576d80-6cd1-11ee-accd-db5372e5155d;4;;;
'2023-11-09';c43226c0-3c2d-11ee-9f42-0794c5e31695;4;;;
'2023-11-09';798a8f30-39bd-11ee-afd3-e97cdd17bebe;4;;;
'2023-11-09';56f4c890-3de2-11ee-ad11-db699943eb10;4;;;
'2023-11-09';f488faa0-539e-11ee-b341-cfe3c25e5d51;4;;;
'2023-11-09';e792f090-775e-11eb-aafd-4bb79a92e7d1;4;;;
'2023-11-09';be447250-21d9-11ed-8b0d-59174ad7efb4;5;;;
'2023-11-09';d4634e60-c2e5-11ec-8d98-55a7b6fe357d;5;;;
'2023-11-09';ea4d9220-4634-11ee-bb5e-c53841e2b234;5;;;
'2023-11-09';d96713d0-770f-11ee-a4f0-09f62626fb0e;5;;;
'2023-11-09';4ea9af40-7490-11ee-8d16-35f964d6f9e5;5;;;
'2023-11-09';a5735350-2628-11ee-b66f-9f386dae8656;5;;;
'2023-11-09';75240e80-e44f-11ed-a951-e539fad9f4b9;5;;;
'2023-11-09';82aff070-57bc-11ed-a1f1-d9a024bf871f;5;;;
'2023-11-09';a9c9e540-949d-11ec-9115-c37c08b8c9b3;5;;;
'2023-11-09';95d1e280-25b2-11ed-a86c-8db7d492c068;5;;;
'2023-11-09';a52d9f10-edb7-11ea-aeeb-b1ff445fb03a;5;;;
'2023-11-09';d34245f0-49ef-11ec-b180-e91617ea3976;5;;;
'2023-11-09';319e1310-bf77-11ed-b44d-99db99ff0f87;5;;;
'2023-11-09';f7662ee0-22a5-11ec-8160-0d3fd119ed49;5;;;
'2023-11-09';38739910-bb6e-11ed-a75f-2396de10ccac;5;;;
'2023-11-09';67937bc0-7b21-11ee-b82b-c3aa4f24fb8b;5;;;
'2023-11-09';61fa34e0-546d-11ee-b88f-0371914c623d;5;;;
'2023-11-09';2630a7f0-3a7d-11ee-88b2-d18fd7859087;5;;;
'2023-11-09';260a43f0-994a-11ed-b979-4f4b8bd2e175;5;;;
'2023-11-09';119f18e0-43cd-11ee-b3c7-97dbf58e5c66;5;;;
'2023-11-09';6abb78c0-85d6-11ed-badb-fb3ca258c011;6;;;
'2023-11-09';1d2c2000-2216-11ee-ba9b-d53a8ac4f526;6;;;
'2023-11-09';3266df50-5b74-11ed-9db1-fb9122b43b4b;6;;;
'2023-11-09';22f02860-ba26-11eb-95b4-9bb66a80a2f5;6;;;
'2023-11-09';33864540-382f-11ee-a5a1-cfd5c6784c6b;6;;;
'2023-11-09';9d657c50-6965-11ec-a4a9-912dae094ad1;6;;;
'2023-11-09';a7512ce0-d237-11e9-97d5-9992dabd02e6;6;;;
'2023-11-09';f3b05090-6386-11ee-b738-411998dddbba;6;;;
'2023-11-09';97234a30-7eca-11ee-931f-9723fba3161d;7;;;
'2023-11-09';c89ca050-a691-11ed-ac27-eb96d3d277c6;7;;;
'2023-11-09';bc5f6550-2f7d-11ee-ad48-47cce370a7cd;7;;;
'2023-11-09';4d488370-5ce8-11ee-a1cc-9dc5cd4b1d41;7;;;
'2023-11-09';a6cae220-e5fe-11eb-9cfc-c97848c69fe1;7;;;
'2023-11-09';e4c316d0-8bdc-11ed-8d87-0bd1e42735fc;7;;;
'2023-11-09';90cd6760-d24c-11eb-9cb7-1b5a7ac9a59e;8;;;
'2023-11-09';fcef3f20-2cd4-11ed-b388-ad8033f3b961;8;;;
'2023-11-09';ee3a36b0-2f6c-11ee-84bf-71be87b48a82;8;;;
'2023-11-09';cf733600-e3ea-11ed-a5b9-b3c6a94e0cba;8;;;
'2023-11-09';2b08a830-da71-11ec-aadb-65091b9e5d1e;8;;;
'2023-11-09';94c0d050-4199-11ee-8263-81ad632081e4;8;;;
'2023-11-09';628e5100-2685-11e8-9f3b-3d372b9c352b;9;;;
'2023-11-09';2fe4b4a0-47be-11ee-9248-e7202ff15026;9;;;
'2023-11-10';234a96d0-ad16-11ed-a2e6-793ddfeeba1f;17;;;
'2023-11-10';3e9e2b50-7f92-11ee-8d22-1f2174376fe8;42;;;
'2023-11-10';f389d150-b7e6-11ed-8ad1-455c63298437;12;;;
'2023-11-10';49e06580-758f-11ee-a9e5-3bbf4ec09237;14;;;
'2023-11-10';718ef8a0-1e21-11e9-ba7f-639f3b9a8466;13;;;
'2023-11-10';f3307200-5462-11ed-a6ab-2bffa821113a;10;;;
'2023-11-10';f50658b0-61db-11ee-af07-e1cd75f5ab05;10;;;
'2023-11-10';0707f2d0-456c-11ee-92a1-7b5db46813f3;14;;;
'2023-11-10';1fba7800-18db-11ea-a00b-cf3d2fa771e7;31;;;
'2023-11-10';8313cd60-4303-11ee-b9f7-77e376310446;25;;;
'2023-11-10';d0cbb9e0-e9b8-11ed-97c7-453ac70413b9;19;;;
'2023-11-10';b7e4d4b0-47c5-11ed-9239-2f1acd79db72;10;;;
'2023-11-10';3c2d27c0-4fd6-11eb-b89f-2ffb31b67dd6;26;;;
'2023-11-10';3a162160-6f5b-11ee-b5e3-f9568e742001;0;;;
'2023-11-10';24066cf0-77de-11ee-ad12-b9a99bfd690a;0;;;
'2023-11-10';887dfa90-a2c4-11ec-ada8-b78007a57161;0;;;
'2023-11-10';0fa853a0-6266-11ee-8c7a-bd800c95bce2;0;;;
'2023-11-10';5e45a6b0-0f1b-11ed-8f8f-e7057cff0cb2;0;;;
'2023-11-10';47f95870-7c52-11ee-8980-551126909ef0;0;;;
'2023-11-10';5116df30-7f87-11ee-89d1-81836d59ee87;0;;;
'2023-11-10';18d6bbc0-1a17-11ee-a642-63c85a1cf94e;0;;;
'2023-11-10';9db71170-7d20-11ee-8a91-bd08b4c45239;0;;;
'2023-11-10';76337570-7f4c-11ee-8a76-fbc08eac6195;0;;;
'2023-11-10';75c7a920-bf0e-11ed-abac-4b8edf4e10fa;0;;;
'2023-11-10';74e2ae80-bfff-11ea-a148-57e8a986b438;0;;;
'2023-11-10';2524cec0-9a28-11ea-9185-7f8955ba3aa0;0;;;
'2023-11-10';b91494a0-ee32-11e9-92c5-b7dd5733eb60;0;;;
'2023-11-10';91411250-98ca-11ed-9b09-779a683509cb;0;;;
'2023-11-10';c41758c0-9a7c-11ed-96f8-85c276d49420;0;;;
'2023-11-10';a38d8600-7c90-11ee-a002-d7ad8903aeb9;0;;;
'2023-11-10';3e20ab30-770d-11ea-8ab0-911982cb3ffb;0;;;
'2023-11-10';762b6ef0-5c49-11ee-aa8c-f5134fd2b83d;0;;;
'2023-11-10';b5a79eb0-5a78-11ed-a42a-5739bee2f835;0;;;
'2023-11-10';13d06180-c1f3-11ec-81ec-0ba7d099fa9d;0;;;
'2023-11-10';fd02a250-7f7a-11ee-8794-7931340e1c5d;0;;;
'2023-11-10';fcea3460-85dc-11ed-b72e-47b3298de39e;0;;;
'2023-11-10';d5073690-76d7-11ee-86bb-a1068cfdd602;0;;;
'2023-11-10';9b609040-046c-11ee-bc97-07bb44aa9dbf;0;;;
'2023-11-10';a8fd8040-9683-11eb-8973-573d6025ba81;0;;;
'2023-11-10';ac2e1fd0-7ead-11ee-af49-51e151726bf0;0;;;
'2023-11-10';6716d230-26e1-11ee-8726-d5b75c527547;0;;;
'2023-11-10';c699ec30-f656-11ed-888c-c51c2a7d416d;0;;;
'2023-11-10';29465950-7762-11ed-8e5e-2f8ec4d70a34;0;;;
'2023-11-10';fc1f9de0-6e7a-11ee-bd76-799e13901e22;0;;;
'2023-11-10';6ea4a560-7ed2-11ee-aa6c-f786aaa7f161;0;;;
'2023-11-10';2eaf8570-2f53-11ee-90d0-95b59b0fa3f5;0;;;
'2023-11-10';991cf1f0-7eb7-11ee-b2f5-d950aa794664;0;;;
'2023-11-10';f3b05090-6386-11ee-b738-411998dddbba;0;;;
'2023-11-10';23e5c250-4930-11eb-b14d-bdf3b4908dc7;0;;;
'2023-11-10';96a10ba0-31e2-11ed-baf8-5b2438f16c7e;0;;;
'2023-11-10';75387500-7f8b-11ee-ab72-6779a81c9f16;0;;;
'2023-11-10';7567b670-7f4b-11ee-a1a6-bd3b7e65430d;0;;;
'2023-11-10';7e3361a0-1ff1-11ee-a25a-7de3d9fd9f7f;0;;;
'2023-11-10';2f01f4e0-fa92-11ed-8435-853382b0be17;0;;;
'2023-11-10';bc8fb610-77a8-11ee-a61b-450bbd2688d9;0;;;
'2023-11-10';18554290-dfdd-11ec-bd0b-89a07386757e;0;;;
'2023-11-10';dc637ec0-84b0-11ea-8ca3-f30198b418c8;0;;;
'2023-11-10';4beab260-6552-11ee-9102-9fdadfbf24b5;0;;;
'2023-11-10';7f5ddeb0-7eb6-11ee-ae23-d765613029e7;0;;;
'2023-11-10';1a7ebd00-4e39-11ee-a0c2-156121d66eb0;0;;;
'2023-11-10';322978b0-a7a2-11e9-a76a-a507233a89cd;0;;;
'2023-11-10';daed2f70-6dcb-11ee-a3ed-85faed8b53a2;0;;;
'2023-11-10';475b1090-05f9-11ee-9467-d91149cad168;0;;;
'2023-11-10';90dd5bb0-78f8-11ea-a303-d76acc5d7fdd;0;;;
'2023-11-10';a3ba53c0-d50a-11ed-ae81-6dc5b55c4a36;0;;;
'2023-11-10';ec365110-57d4-11ee-99d9-eb3c2ad887bc;0;;;
'2023-11-10';a05666d0-b0f0-11ed-8338-2fce861bbf0c;0;;;
'2023-11-10';1b06e5f0-aa3c-11ed-9a49-e1cc4e62bc23;0;;;
'2023-11-10';bcb391e0-ecb6-11eb-9faf-6fc2e0ec653b;0;;;
'2023-11-10';15b9df60-0bf5-11ee-aa95-11e8e8cc3e18;0;;;
'2023-11-10';c03b5ee0-2a0a-11ee-aaee-31cdfe3e1e28;0;;;
'2023-11-10';4b15ad00-4ee1-11e8-b599-b986fa6127b8;0;;;
'2023-11-10';6ce2a410-495e-11ee-bff5-61f7975cad61;0;;;
'2023-11-10';37bcafd0-b023-11ed-bbd1-79c2ee53d124;0;;;
'2023-11-10';bb340bd0-c131-11ea-9b5c-0902da7809ae;0;;;
'2023-11-10';d0e78190-561c-11ee-9604-61cab66a9198;0;;;
'2023-11-10';c230e1c0-5ae8-11ee-b386-5de8a6c82938;0;;;
'2023-11-10';d9a53120-5648-11ee-a608-0d3249132a5e;0;;;
'2023-11-10';f3994b10-61a2-11ee-9423-d99073ceab29;0;;;
'2023-11-10';7362a740-1c50-11ed-891f-6117da7ddeb2;0;;;
'2023-11-10';637af7b0-63f3-11ee-95fe-df5ea84dbbb3;0;;;
'2023-11-10';24e30260-ad1c-11ed-bcb2-d785a2c20b51;0;;;
'2023-11-10';4f2f4510-aef2-11ed-861a-c12ce37770ee;0;;;
'2023-11-10';9e1a4ef0-4312-11ed-a712-95d6c68f3b08;0;;;
'2023-11-10';36706280-7a3e-11ee-af94-af40a53e5a6a;0;;;
'2023-11-10';1e8729b0-cc2a-11ec-8b8e-c93ce2ec9f49;0;;;
'2023-11-10';ed821c20-6373-11ee-9e7a-f9371cbf16e1;0;;;
'2023-11-10';0e54af80-55fa-11ee-8c81-e9c484c51118;0;;;
'2023-11-10';c145dc60-6697-11ee-ba74-f71df132660c;0;;;
'2023-11-10';ceb17490-b0b8-11ec-a4d8-ab541cc8082c;0;;;
'2023-11-10';f3df0da0-baf8-11ec-a7c6-cd1dd79443da;0;;;
'2023-11-10';6e0730a0-7f45-11ee-bb3a-e7e5bff6ae5a;0;;;
'2023-11-10';438855d0-67d7-11eb-ba32-55dcd093b535;0;;;
'2023-11-10';8e35bc10-f238-11ed-8344-d34c9e0dec06;0;;;
'2023-11-10';a9130d90-1488-11ee-bf9c-334665fce815;0;;;
'2023-11-10';8d359220-7f7a-11ee-be66-e3309bfa8c63;0;;;
'2023-11-10';dea9d400-d805-11eb-900c-b38b424d9453;0;;;
'2023-11-10';d7660620-5e6c-11ed-b4ca-9fd1b2002159;0;;;
'2023-11-10';58851d80-f39c-11ed-a8e8-0fb5ffe22ca5;0;;;
'2023-11-10';97e07a50-7229-11ed-8f39-a1d7d33859d2;0;;;
'2023-11-10';bb4a0880-733b-11ee-b5dd-292934574f27;0;;;
'2023-11-10';ed4de930-ead2-11eb-9f83-776727a43d48;0;;;
'2023-11-10';96231b40-97c7-11e9-be79-09be5f66dd92;0;;;
'2023-11-10';490963a0-7f99-11ee-800e-45a4352fd3b0;0;;;
'2023-11-10';2392ba70-a509-11ec-9b5a-3dc44283a3e5;0;;;
'2023-11-10';86f1d550-8c66-11ea-b5ed-650a2b17aba6;0;;;
'2023-11-10';cdba1410-ddea-11e8-9dd4-fd158fbdf95b;0;;;
'2023-11-10';c221dd30-6ab8-11ee-bd57-b3ed7453a78e;0;;;
'2023-11-10';26ed7160-bc0f-11ed-964b-c5526ac38b77;0;;;
'2023-11-10';5dcdac70-7f52-11ee-9e49-e1c04af4a25d;0;;;
'2023-11-10';e14dccd0-5aca-11ee-9836-4742abcf55b6;0;;;
'2023-11-10';b7249820-73f3-11ee-b4c5-d528e1db82de;0;;;
'2023-11-10';cd10dcf0-cfb7-11e9-8478-ffd64abf374d;0;;;
'2023-11-10';62d648d0-7276-11eb-a24e-3b66914edb0e;0;;;
'2023-11-10';5140e580-8b43-11ec-8f46-05800956fd3d;0;;;
'2023-11-10';af9a0610-1f7e-11ec-b613-9de6d222c569;0;;;
'2023-11-10';8d4edf20-7f7d-11ee-9c49-cf3f0b4afc62;0;;;
'2023-11-10';fc825680-6275-11ee-a126-ff40476b8939;0;;;
'2023-11-10';8e49c1d0-2805-11ee-a213-d7d02ee803f3;0;;;
'2023-11-10';b1c90ad0-9174-11ed-973f-d9c0d2c30895;0;;;
'2023-11-10';b8800af0-6dc8-11ee-8ada-c7d2dc4bb73d;0;;;
'2023-11-10';48901090-7f7b-11ee-bfaa-79a6c6d3a69f;0;;;
'2023-11-10';c23f6820-f879-11ed-8098-25858aa0cec7;0;;;
'2023-11-10';70fcd9b0-7f34-11ee-8a2a-3fa280a91847;0;;;
'2023-11-10';b5cf6a00-7fc8-11ee-9ac3-69899a83ebe9;0;;;
'2023-11-10';6bcb6000-415b-11e8-bd7f-e98aafce021e;0;;;
'2023-11-10';ddef2360-3147-11ee-9b78-edbe9e3bbef3;0;;;
'2023-11-10';08c5ff40-66cb-11eb-b6fa-6b490a6e2662;0;;;
'2023-11-10';fea09b30-5978-11ee-b8f1-031dd899577e;0;;;
'2023-11-10';af44de40-1e82-11eb-ae0f-d74da888fa08;0;;;
'2023-11-10';8dfeead0-f1c0-11ea-b219-b3397d4cec2c;0;;;
'2023-11-10';cbfd1d70-aeb5-11ed-b277-192553cd6c9f;0;;;
'2023-11-10';195558f0-e0f0-11ed-81f1-03603337f69b;0;;;
'2023-11-10';605068d0-dc45-11ed-9d44-810786957f5c;0;;;
'2023-11-10';cb1e1fd0-b27c-11eb-9667-6788449ff7f7;0;;;
'2023-11-10';09b47660-7b3c-11ee-ad92-d334d229835c;0;;;
'2023-11-10';ccac0c50-6fa0-11eb-a091-fb24c25ff594;0;;;
'2023-11-10';baa08c00-0cae-11ed-abd7-9551a9945f96;0;;;
'2023-11-10';02de2640-c3ba-11ed-bd14-bfbc2fc74273;0;;;
'2023-11-10';5d120860-d482-11e8-84cb-3b32700906f9;0;;;
'2023-11-10';cdf179a0-7877-11ee-a52b-ab3bd49014ba;0;;;
'2023-11-10';bb657a80-35fd-11eb-a49f-31417088f34b;0;;;
'2023-11-10';77614a10-5cfd-11ee-9fae-6fe9b43efebe;0;;;
'2023-11-10';b322ea40-33ae-11ee-8975-1dbaaffcfb54;0;;;
'2023-11-10';ce145430-2e33-11ea-bd06-f3e06f7024be;0;;;
'2023-11-10';bfb84fc0-b958-11eb-b3b5-714825858d67;0;;;
'2023-11-10';2b9acd30-7fa9-11ee-bd00-bf482fdf5c8a;0;;;
'2023-11-10';df985510-c2f2-11ed-acfb-fd18a64a4691;0;;;
'2023-11-10';a29aaff0-d2ba-11ed-a048-05978c87e8b6;0;;;
'2023-11-10';aa9b5be0-6f95-11ea-bd4f-81608d74ea67;0;;;
'2023-11-10';19bf88c0-7235-11ee-9ed0-af286b198d73;0;;;
'2023-11-10';c6fd40e0-9248-11ed-b456-33262e2d98fa;0;;;
'2023-11-10';fda734c0-0364-11ed-b7db-1911160c2710;0;;;
'2023-11-10';e2bb8070-3319-11eb-901a-b97201ed249a;0;;;
'2023-11-10';b1dc2150-b9bb-11ed-85a9-cfe1d16addbc;0;;;
'2023-11-10';6f08d990-fc10-11ec-8341-09d7e81d59e5;0;;;
'2023-11-10';1df476e0-2690-11ed-8eb2-69bcd41a490f;0;;;
'2023-11-10';8a4d7a50-307e-11ee-b878-9ba82c8ee509;0;;;
'2023-11-10';18a80130-d909-11ed-8bb7-a722cfcf3c65;0;;;
'2023-11-10';4b966d00-5062-11ed-8405-55e4c838df6b;0;;;
'2023-11-10';31f0e400-7971-11ee-bcd5-a7b1139883f8;0;;;
'2023-11-10';22e46c90-6ce5-11ee-842c-f9b529df2073;0;;;
'2023-11-10';3816d050-5e83-11ee-b787-016174f78978;0;;;
'2023-11-10';30873ef0-7875-11ed-b201-29b2b3a1b32c;0;;;
'2023-11-10';12715b80-7fae-11ee-a4ca-4f427cf824a7;0;;;
'2023-11-10';2603ef60-fe34-11ed-910f-ed4de5f486e7;0;;;
'2023-11-10';df4dc750-fa44-11ed-a614-5769c1c44db7;0;;;
'2023-11-10';2bbc0ee0-1fc4-11ee-aacf-4b00821eb4fb;0;;;
'2023-11-10';b36ee130-b266-11ed-98ae-6bcee419f29b;0;;;
'2023-11-10';3354d130-63c0-11ec-9b04-3d5bb5028baf;0;;;
'2023-11-10';792c7070-6755-11ed-84a7-1df592e4f58a;0;;;
'2023-11-10';8ba2ae90-9be6-11eb-9d8f-4f71aa2d7fda;0;;;
'2023-11-10';1ed58d90-7fc9-11ee-a1a8-fd020735f2c2;0;;;
'2023-11-10';36c29df0-671d-11ed-ab42-bbabc5baae44;0;;;
'2023-11-10';ae7a1b50-8337-11eb-a24f-f5b770ce9946;0;;;
'2023-11-10';1e1157a0-61d7-11ee-9479-7f5f7ee96b0d;0;;;
'2023-11-10';a929f740-451d-11eb-9e9f-7d0f877c552b;0;;;
'2023-11-10';e64e9970-106a-11ea-a81f-2d486e26c435;0;;;
'2023-11-10';0dd23d90-65a7-11ee-a3c8-0993c856471f;0;;;
'2023-11-10';35872100-7198-11ee-b9ad-6965e9bd5a02;0;;;
'2023-11-10';429d9e50-04e2-11ee-b099-437be4de5b8b;0;;;
'2023-11-10';b16f0a70-7f36-11ee-a2a5-e1a1c8907994;0;;;
'2023-11-10';f58bbfa0-675d-11ee-9595-f1ab993f860d;0;;;
'2023-11-10';b1de8170-5e99-11ed-b9ef-2b7d8c4da9f3;0;;;
'2023-11-10';9c717ef0-7937-11ee-ab82-3fed6061a5cd;0;;;
'2023-11-10';ec8a1590-7ca3-11ee-b2a1-7589113f514e;0;;;
'2023-11-10';d40b35f0-7f80-11ee-a141-cf96d23f2b05;0;;;
'2023-11-10';26314fa0-7ef3-11ea-b44d-3d097d6aa3f6;0;;;
'2023-11-10';1d163400-daba-11ed-8061-c7d15b5ea257;0;;;
'2023-11-10';8c872250-e7c6-11ec-9f40-85aa0c6c93ff;0;;;
'2023-11-10';9009c090-7f55-11ee-b570-c980f2db7790;0;;;
'2023-11-10';4b20fc90-7894-11ee-89f3-45da51b3a2cd;0;;;
'2023-11-10';9be84cc0-3e24-11ec-8ef7-cd23da4d5ef5;0;;;
'2023-11-10';c833e280-b264-11ec-9cfc-d1b2afac792e;0;;;
'2023-11-10';a15aaac0-69a8-11ee-8726-4d61742a23fd;0;;;
'2023-11-10';bba25a10-6efb-11ee-9350-5d92af506643;0;;;
'2023-11-10';5f993750-683a-11ea-96c5-0b4aa9599a94;0;;;
'2023-11-10';a262d200-baf2-11ec-8f5a-77dc8568248f;0;;;
'2023-11-10';580b1600-5aeb-11ee-a31a-718c9cb74cd4;0;;;
'2023-11-10';b8d8b100-7f89-11ee-8b91-ab0039b064d8;0;;;
'2023-11-10';84eca120-53cf-11ee-ad0f-7177a4c629f9;0;;;
'2023-11-10';3c873880-7ded-11ee-b0ce-f9bba974075e;0;;;
'2023-11-10';b3632fa0-76ee-11ee-abea-278a7b06a21e;0;;;
'2023-11-10';17106bb0-b3d9-11ec-8539-4f93fa6e64e3;0;;;
'2023-11-10';bf1041c0-a486-11ed-bd97-e5359bb4d375;0;;;
'2023-11-10';dae92d50-fcb8-11ed-aaf3-df6001e93b43;0;;;
'2023-11-10';82f23640-7153-11ee-8a0b-3537e5b7d417;0;;;
'2023-11-10';9a847de0-7f8b-11ee-b2b4-310c361a4b11;0;;;
'2023-11-10';6743cfe0-3048-11ee-b220-791bbb201f29;0;;;
'2023-11-10';0285c1b0-5db8-11ee-91a0-bd8641dc8912;0;;;
'2023-11-10';aac97a60-9910-11ec-9271-0d32e5e37ef4;0;;;
'2023-11-10';4e528570-650b-11ed-acb1-9736b5e6c1f1;0;;;
'2023-11-10';8d0ab060-1a95-11ec-816e-8f7ee8f5edd1;0;;;
'2023-11-10';a8d576e0-c15b-11ed-b6ec-1b02e3f3b701;0;;;
'2023-11-10';a86e4c00-63b2-11e9-aa6c-3795c8f95f19;0;;;
'2023-11-10';0db88440-422a-11ee-80bb-6b6ca2c813b6;0;;;
'2023-11-10';e9394e30-9c5a-11ed-b8fa-d77392adceaf;0;;;
'2023-11-10';e7081680-b278-11ed-bc08-8d363ab79373;0;;;
'2023-11-10';c3dfc8e0-cf80-11ed-8508-2b894098691e;0;;;
'2023-11-10';c38883a0-71bf-11ee-93bb-37ac0f1ef747;0;;;
'2023-11-10';22c5a160-4c08-11ed-94ed-abda373bdceb;0;;;
'2023-11-10';62480b80-7221-11ee-afa6-5d251983dd30;0;;;
'2023-11-10';0c5ff7e0-7fdd-11ee-962a-2b80764c3063;0;;;
'2023-11-10';987a1860-043f-11e9-b29a-657a90787be9;0;;;
'2023-11-10';8dc2ff60-7977-11ee-9c9d-4729a8879c55;0;;;
'2023-11-10';c12d8140-0ab4-11ee-a26e-9bd3c5130ece;0;;;
'2023-11-10';a1d64a20-73be-11ee-8622-439ead9471c7;0;;;
'2023-11-10';d1346b20-246e-11ee-ab0d-ff3a6eb35f54;0;;;
'2023-11-10';f5912b00-0c51-11ee-82b4-47d4a006bbc9;0;;;
'2023-11-10';57646160-f4f3-11ed-836f-b9fc40cf18da;0;;;
'2023-11-10';02f2df70-3cb2-11ed-a8bb-c1c49be73825;0;;;
'2023-11-10';83488a20-7f29-11ee-9b19-0ff9ee5c1e6b;0;;;
'2023-11-10';908f8470-7f2b-11ee-b572-8918035fad65;0;;;
'2023-11-10';601d66a0-63b6-11ec-8a00-81f651d0b14a;0;;;
'2023-11-10';8489b6b0-240b-11eb-a132-5f30b4abcdf6;0;;;
'2023-11-10';91c4ef20-3beb-11ee-ac75-a3300f1b00f0;0;;;
'2023-11-10';f1e54a80-3da8-11ee-b023-35391fda87f5;0;;;
'2023-11-10';bbea2310-a937-11e9-9977-43c3fc02d5ef;0;;;
'2023-11-10';200dc970-cf93-11ed-9a46-cf1e3e2e9030;0;;;
'2023-11-10';b5d0ac20-3ab4-11ee-9e73-07e0fbd281e7;0;;;
'2023-11-10';9b490c60-e57a-11ed-897f-a5f857ba1522;0;;;
'2023-11-10';2c4ca150-b4b2-11eb-bceb-c907bb5088fb;0;;;
'2023-11-10';7b3d2810-e585-11ed-a524-d983167b6653;0;;;
'2023-11-10';424d1220-63bd-11ee-bf5c-2915cf679904;0;;;
'2023-11-10';3a8fc3b0-557c-11ee-9343-b31e3ab30159;0;;;
'2023-11-10';3f935ca0-c549-11ed-96f3-8950da6cb5ee;0;;;
'2023-11-10';cbb2af70-a51a-11eb-bc9a-9b8287359b8f;0;;;
'2023-11-10';2813c690-7f2b-11ee-ba4f-55cd4af9bb9e;0;;;
'2023-11-10';a919ef70-bd1a-11ea-85ce-cf416d028477;0;;;
'2023-11-10';2bd27670-b91f-11eb-be4e-4745f1237f5d;0;;;
'2023-11-10';339ebd80-6077-11ee-b58d-494ef973954d;0;;;
'2023-11-10';81612e50-7690-11eb-80da-c9831175f4e0;0;;;
'2023-11-10';8a4d7320-7ec6-11ee-9dd9-8d0b135c4bf1;0;;;
'2023-11-10';8feb04b0-3f24-11ed-8171-1f7c83b1803c;0;;;
'2023-11-10';1d265690-099d-11ec-8c1f-279bde56d3d4;0;;;
'2023-11-10';10f2fbd0-6f3a-11ee-ad3d-7bd9b95bcd1c;0;;;
'2023-11-10';4c749bc0-1ac6-11ec-b507-6d3180b60d38;0;;;
'2023-11-10';2a3e75a0-2777-11eb-a5c7-c3e2e3534623;0;;;
'2023-11-10';51a99410-488d-11ed-8c5d-b395892ac4e6;0;;;
'2023-11-10';1c4a5160-90e0-11ed-bb38-47496bab1f09;0;;;
'2023-11-10';c6f23560-515b-11ee-8a4c-cb1e90b4915a;0;;;
'2023-11-10';a5d74440-c21a-11ed-b8c8-cbc0ed21c148;0;;;
'2023-11-10';5549f370-eed4-11ec-844a-37590d323efc;0;;;
'2023-11-10';3b02fd60-05e7-11ee-b7c3-c1e25f9f5ba4;0;;;
'2023-11-10';7e3d2410-f39b-11ed-a1b9-0b751515adfd;0;;;
'2023-11-10';0e3bdc20-54f8-11ed-8f77-ef958babac1e;0;;;
'2023-11-10';ad7dafc0-7fa9-11ee-9e21-19623b916733;0;;;
'2023-11-10';bffad1d0-7fdd-11ee-9c68-fd3d1b4c1972;0;;;
'2023-11-10';5c7c8370-1801-11eb-82e0-ed19cabbae5b;0;;;
'2023-11-10';bfc86270-4534-11ed-abc1-2f36eceb6f67;0;;;
'2023-11-10';c2bb7050-c085-11ec-a6d6-05fa39c0b5d0;0;;;
'2023-11-10';cb760790-7e44-11ee-adba-f378340ee1ce;0;;;
'2023-11-10';cb32a2b0-0dad-11ed-a42f-05a2744f0219;0;;;
'2023-11-10';6656ec70-3dbd-11ee-9a85-317acb3fac31;0;;;
'2023-11-10';82a90c80-2641-11ed-8887-296375942269;0;;;
'2023-11-10';e1c15380-698e-11ee-aad1-3d54b501aa9e;0;;;
'2023-11-10';754ef710-78e4-11ee-99e7-43f8c9f9d529;0;;;
'2023-11-10';6ec227e0-cdeb-11ed-aa1c-cd311a7a6603;0;;;
'2023-11-10';184340f0-5876-11ee-a52e-85098761ee58;0;;;
'2023-11-10';2d3755d0-3fe3-11ec-9bd5-55e2e6e796d0;0;;;
'2023-11-10';48fd30e0-68eb-11ee-a3bd-f5cd330e0306;0;;;
'2023-11-10';537d0520-0867-11ee-a535-b74fbee6929e;0;;;
'2023-11-10';2da88de0-7f01-11ee-aaa7-c19a087f447c;0;;;
'2023-11-10';e8975ce0-2e4f-11eb-92b4-dbbfe0532c6e;0;;;
'2023-11-10';fdc82db0-7fa5-11ee-a050-7f30d58e8aa2;0;;;
'2023-11-10';fdb8d8b0-7d66-11ee-a194-a32661f94751;0;;;
'2023-11-10';a17ba780-19ea-11ec-928f-6970f3109f1f;0;;;
'2023-11-10';d16211e0-10e2-11ea-a091-8b5f374162b1;0;;;
'2023-11-10';e8678560-4305-11ee-961f-956a0d4c4678;0;;;
'2023-11-10';01f9ff10-7f7b-11ee-85f4-51d433b4706c;0;;;
'2023-11-10';da5f0c20-63fa-11ee-92b8-f727e9fc6388;0;;;
'2023-11-10';86983ac0-3d21-11ea-ad65-45326c515cfa;0;;;
'2023-11-10';301a06f0-56dc-11ee-b60a-657ba7d69b11;0;;;
'2023-11-10';2e4d8ea0-6140-11ee-8960-3b1234ea8adc;0;;;
'2023-11-10';1fb9de00-73df-11ee-975e-d5b423a4ca52;0;;;
'2023-11-10';c0591830-0118-11ec-842a-05afb4ef64a0;0;;;
'2023-11-10';cc7c4210-f0ac-11ed-8480-053da4f023ad;0;;;
'2023-11-10';7f3e7730-9ba6-11ed-9261-6d23e0da3c3f;0;;;
'2023-11-10';fa5489e0-a486-11ec-b32c-7d6732c83eec;0;;;
'2023-11-10';73713dc0-56b3-11ee-8897-1d8a2edf766a;0;;;
'2023-11-10';58cbb670-b722-11ed-a98b-85b1ac8519a6;0;;;
'2023-11-10';9ea21d90-266f-11e8-bdcc-8bfb8cd4ee41;0;;;
'2023-11-10';5f2afc00-78cf-11ee-b854-b99a46e8257e;0;;;
'2023-11-10';28402750-3222-11e8-bf18-af6030bd73a2;0;;;
'2023-11-10';13d713a0-68d1-11ee-945b-b162051111e9;0;;;
'2023-11-10';708a37d0-7ede-11ee-b0ae-e1384650e32d;0;;;
'2023-11-10';2f0526b0-7fbc-11ee-9012-9736d421197f;0;;;
'2023-11-10';b98b6460-ca1b-11eb-a705-71a6025fdfd6;0;;;
'2023-11-10';d5c42a80-b101-11ed-afea-75f400d4a3ad;0;;;
'2023-11-10';766fcff0-6795-11ec-bc56-dbe773a8e784;0;;;
'2023-11-10';68ed0b70-61be-11ee-b2fd-e12dd0a0af8a;0;;;
'2023-11-10';0ff816e0-4ae4-11ee-b398-5b4806a4e10c;0;;;
'2023-11-10';c473b310-5e9c-11ee-943f-11a9b1a249d2;0;;;
'2023-11-10';802a49c0-2d51-11ee-90f9-6dee938dcaf7;0;;;
'2023-11-10';480952b0-1c86-11ee-b8c0-2739316f7c37;0;;;
'2023-11-10';89597de0-3422-11ee-911e-49bbcf40ce0c;0;;;
'2023-11-10';ca00d4c0-7f99-11ee-bd5e-fd43e00f704c;0;;;
'2023-11-10';7048a140-e582-11ec-8d0e-f78e45bdf7d6;0;;;
'2023-11-10';b3d201b0-7f2b-11ee-823f-3dcd1d307381;0;;;
'2023-11-10';f71b8e40-741b-11ec-93e2-cd9cfeea9364;0;;;
'2023-11-10';f6fa51f0-b720-11ed-bf6b-393d4015692c;0;;;
'2023-11-10';34912370-285d-11ed-8d4b-993efffd718f;0;;;
'2023-11-10';ae31e280-90e8-11ec-8c53-fdf282f8892b;0;;;
'2023-11-10';ed8a18c0-6cf2-11ee-81e4-01efd140a51b;0;;;
'2023-11-10';345f5d00-7a63-11ee-a1b5-f58531d08700;0;;;
'2023-11-10';2418ed40-e322-11ed-a3c3-39019ef4fa21;0;;;
'2023-11-10';e8370690-2237-11ee-9633-8f40abc9355c;0;;;
'2023-11-10';65f0d690-af35-11e8-928d-3d9e5d054343;0;;;
'2023-11-10';f0ab81b0-422c-11ee-9124-a9d720e8084c;0;;;
'2023-11-10';e73d1f50-ffdd-11eb-a49c-814d99123145;0;;;
'2023-11-10';55936400-3d55-11ec-9bd6-4fb242224625;0;;;
'2023-11-10';48cba160-1c66-11ed-aece-d1b2f5e6b2f9;0;;;
'2023-11-10';24552c60-7f35-11ee-8fbc-49cf075e4394;0;;;
'2023-11-10';a04241a0-7d4b-11ee-b1ea-0b655b4206b3;0;;;
'2023-11-10';0635f530-2ada-11ed-8e4e-cbf1096e5bcc;0;;;
'2023-11-10';b77416c0-9c62-11ed-9490-71b39d2a250f;0;;;
'2023-11-10';4a4b0cb0-f302-11ed-9814-e75cfbfa6ff7;0;;;
'2023-11-10';639ca380-61b8-11ed-af53-a19d7f85c09b;0;;;
'2023-11-10';9f0635a0-7fb0-11ee-b609-2f5abc04cde7;0;;;
'2023-11-10';fa9af510-626d-11ed-a7b7-f5dafc740361;0;;;
'2023-11-10';45152830-f10f-11eb-94d2-3b1b0d61e40d;0;;;
'2023-11-10';43f67d40-62c9-11ee-9f2c-dd9c8474a1ac;0;;;
'2023-11-10';803897a0-1ec0-11ed-a2d6-ffd3af03f0ab;0;;;
'2023-11-10';55349dd0-7fd4-11ee-bce2-3ba74109b360;0;;;
'2023-11-10';38d27c70-840a-11eb-a430-2f519e1f43ef;0;;;
'2023-11-10';d1077880-3bf8-11ee-a703-73f148986f88;0;;;
'2023-11-10';83dc6ec0-5dec-11ed-a7f8-43cd2dca137b;0;;;
'2023-11-10';cae78bc0-0449-11ee-a68c-d7482786be21;0;;;
'2023-11-10';cb981500-0c76-11ee-9540-39e818b214fc;0;;;
'2023-11-10';948285f0-7fee-11ee-9119-1d1997fbba96;0;;;
'2023-11-10';5401bc60-7f82-11ee-8eb4-53c718bbd893;0;;;
'2023-11-10';2e73f200-7ef2-11ee-9404-7777debf3753;0;;;
'2023-11-10';df8509f0-0ffb-11ee-bfe1-2d837d4cc7df;0;;;
'2023-11-10';de5cb0d0-7fec-11ee-9bc0-7f13c7c9997d;0;;;
'2023-11-10';e8688800-65a4-11ed-98b1-4da3c954f707;0;;;
'2023-11-10';eb895250-cd26-11ed-9f57-7b4b0cea3da8;0;;;
'2023-11-10';1a802c70-454d-11ee-b1e5-0b5d0ddfa2e7;0;;;
'2023-11-10';10efec50-7e95-11ee-b506-3b0dc8943061;0;;;
'2023-11-10';42574c50-e4be-11ed-8be5-91dd0ec5cc9c;0;;;
'2023-11-10';b3e538a0-0b17-11ec-a36b-ebb8e5e3746e;0;;;
'2023-11-10';7ea52780-1d86-11ee-a31e-7b03cc8df464;0;;;
'2023-11-10';d8d590d0-d28d-11ed-a57d-0b22774f26fd;0;;;
'2023-11-10';aa2778f0-0a02-11ee-a4da-99f26d505302;0;;;
'2023-11-10';ed1be950-e83a-11ed-9360-37da3f957511;1;;;
'2023-11-10';51fc4970-b951-11eb-b18b-e576f0c0802a;1;;;
'2023-11-10';76339f10-7fa5-11ee-a56d-47e4284fded6;1;;;
'2023-11-10';f3e2cbd0-c750-11eb-971f-3165d32cea3f;1;;;
'2023-11-10';60355210-28de-11eb-aa02-c3649cfe7f71;1;;;
'2023-11-10';b4e62bb0-7244-11ee-b968-05e647b4bf8a;1;;;
'2023-11-10';d6760620-e7a2-11ec-948d-e5e8244cc44d;1;;;
'2023-11-10';704fa250-c082-11ea-bb43-c1bfd3d804d5;1;;;
'2023-11-10';dee3e080-e206-11ec-9d9b-a70eaafe4e55;1;;;
'2023-11-10';caa53790-b0c3-11ed-a37e-9339d748ffdd;1;;;
'2023-11-10';6150ead0-4d41-11ee-a270-a5dd1989bfb7;1;;;
'2023-11-10';1f1cd160-9298-11ed-8474-7bd963433a2a;1;;;
'2023-11-10';e18cc570-99f1-11ec-8c9e-39505038d73c;1;;;
'2023-11-10';a527e980-4313-11ee-9162-4dffe92543c4;1;;;
'2023-11-10';4f4711e0-0cbe-11ec-883d-e7a2284ae673;1;;;
'2023-11-10';22f53600-dd49-11ed-9ecf-6b373fb491d5;1;;;
'2023-11-10';974047e0-52b3-11ee-8f8b-23b9d0977d42;1;;;
'2023-11-10';fc9cae40-b8ed-11ed-b782-8bde94f978cd;1;;;
'2023-11-10';74b32710-b817-11ed-b0f3-61697d13745c;1;;;
'2023-11-10';20af8960-6303-11ed-9966-0ffca1243203;1;;;
'2023-11-10';56afbba0-be72-11ed-afa2-7da40c3e2ab5;1;;;
'2023-11-10';05bf3030-f092-11ec-8780-971cccad7163;1;;;
'2023-11-10';53acd930-babf-11ed-a05e-d5df4e4fc73c;1;;;
'2023-11-10';609db050-7e29-11ee-978b-fd4657345088;1;;;
'2023-11-10';37c5c020-dffd-11ed-ae8d-132864e3858b;1;;;
'2023-11-10';7e54c250-7f96-11ee-bae2-bbc7b4cece95;1;;;
'2023-11-10';4518eae0-7b4a-11ec-92be-75f368d831de;1;;;
'2023-11-10';1f1eb8c0-76fb-11ee-9f7a-33951bad1da7;1;;;
'2023-11-10';da3039c0-b4d8-11e9-96e5-9114763194d9;1;;;
'2023-11-10';9e3de950-7fc0-11ee-96e5-69907fe16c34;1;;;
'2023-11-10';23f194a0-d2ae-11ec-b8f4-3d3ee5b5f629;1;;;
'2023-11-10';61585220-f0ad-11ed-9421-13c7b109f79b;1;;;
'2023-11-10';207a00e0-7899-11ee-aaba-e1a7dc5fcc81;1;;;
'2023-11-10';3f35b8e0-101f-11ee-82db-d9eb8e0d664b;1;;;
'2023-11-10';364354f0-e4d6-11ed-857b-f11dd0dac507;1;;;
'2023-11-10';a1b65760-7789-11ed-95c0-235bff74b1bd;1;;;
'2023-11-10';3f69ee50-2c0c-11ed-be50-6fb693743b92;1;;;
'2023-11-10';d7027f60-8a73-11ec-b5f2-c9a98f660e75;1;;;
'2023-11-10';90694410-2f24-11ee-82be-ed4d2f30ad09;1;;;
'2023-11-10';9a1bb5a0-2670-11e8-bfc6-df51f8419a76;1;;;
'2023-11-10';17449bb0-0d80-11ec-aebc-71bd723eb1f8;1;;;
'2023-11-10';203be690-722f-11ee-97b6-7f12c3bb1264;1;;;
'2023-11-10';437dfe90-a747-11ec-9464-375ab0c04404;1;;;
'2023-11-10';0bdfee10-6273-11ee-a421-db240b17fc32;1;;;
'2023-11-10';19467e90-7cb1-11ee-b2eb-f7c99ea7b502;1;;;
'2023-11-10';a37b0d40-270e-11ee-8e44-d51a412c3f36;1;;;
'2023-11-10';d79adb30-9827-11ed-9f51-2dc11cef17af;1;;;
'2023-11-10';3aa5e760-d3a1-11ed-b6d4-25cf9788359e;1;;;
'2023-11-10';6286a5f0-3d33-11eb-9277-2b4bedfdf8ad;1;;;
'2023-11-10';bd27f410-d6aa-11ed-b10e-ff3b2a9f7a5a;1;;;
'2023-11-10';b64f1a90-6bee-11ee-9b4e-83903ba827c8;1;;;
'2023-11-10';3a04c150-214d-11ea-b5fe-69726f78d9f0;1;;;
'2023-11-10';a315d110-a5d0-11ed-b8df-d5ae0d370852;1;;;
'2023-11-10';429c6650-c107-11eb-919c-2b8cd2bff7e9;1;;;
'2023-11-10';b5770f30-bcd8-11ed-beb9-83c8a7a24d15;1;;;
'2023-11-10';3b9de6d0-7361-11ee-aa1b-19a11dfbbdeb;1;;;
'2023-11-10';bf07d300-a3e6-11ed-bcd5-cf87783ff67e;1;;;
'2023-11-10';480d5b50-7891-11ee-b23f-d5beac5b0f89;1;;;
'2023-11-10';3d8322f0-209e-11ee-bdb7-63a16ffb097c;1;;;
'2023-11-10';2a841d70-d241-11ea-ada3-9dca90d0a109;1;;;
'2023-11-10';be04fd80-6dcf-11ee-ba64-fba538629632;1;;;
'2023-11-10';a23f1d60-7266-11ee-be39-194e4f7db56a;1;;;
'2023-11-10';02a6a090-6652-11ee-9586-e5eb3b3de661;1;;;
'2023-11-10';14f7e540-4a7a-11ee-a446-0313d3100b61;1;;;
'2023-11-10';15afe630-596d-11ed-89dc-f1f99923ecaa;1;;;
'2023-11-10';df3bceb0-5e99-11ee-88e1-9ba78e205adb;1;;;
'2023-11-10';85132d00-8b7e-11ed-aec5-d7ba92563db5;1;;;
'2023-11-10';7a09ad50-d1f5-11ec-9d95-adee3068ff25;1;;;
'2023-11-10';8779d950-512a-11ee-9144-756327530259;1;;;
'2023-11-10';6b59cff0-18d9-11eb-a819-bdd94c6f9988;1;;;
'2023-11-10';22ec1c80-7fa3-11ee-bdc8-1bb81f9b0599;1;;;
'2023-11-10';2ca4dc30-1748-11ee-8f40-e19906ae1db2;1;;;
'2023-11-10';4f800ee0-4dd7-11e8-a50f-d716909fa36c;1;;;
'2023-11-10';1dca2ef0-21cb-11ec-885e-6703ed07e631;1;;;
'2023-11-10';73c1dec0-7f84-11ee-aacf-ebea3c6605ba;1;;;
'2023-11-10';466fbf60-fa36-11ed-a14a-67347299561e;1;;;
'2023-11-10';36a5e6d0-97f4-11ed-b3b4-a386ff42818d;1;;;
'2023-11-10';76de5f00-97ab-11ed-bf7d-79900a3923bc;1;;;
'2023-11-10';a030c1a0-7f5d-11ee-a4d1-596770adf802;1;;;
'2023-11-10';02a1d900-a64c-11ed-a3c5-4da84c18504e;1;;;
'2023-11-10';f0918d10-74eb-11ec-9d29-b5a5384eb65b;1;;;
'2023-11-10';e0feabf0-4be3-11ee-a29d-03b12bc9e56c;1;;;
'2023-11-10';191c9110-9087-11ec-ace4-d10f5b687971;1;;;
'2023-11-10';f136c220-60cd-11e8-8ebd-45fc1d9c550a;1;;;
'2023-11-10';20bf7300-c039-11ed-a2a2-cd53326df3c6;1;;;
'2023-11-10';ff52b590-2297-11ed-8cb9-e5dc54b353b6;1;;;
'2023-11-10';f4c64cc0-ca6b-11eb-bda8-3372efbee7a2;1;;;
'2023-11-10';70a47890-3ef5-11ed-9cc0-af411206ec4b;1;;;
'2023-11-10';03ccde60-46bb-11ed-a45b-b7db8c961393;1;;;
'2023-11-10';98fdc920-2f42-11ee-b545-d74f27f763ba;1;;;
'2023-11-10';91af6e30-b97c-11ed-a861-c71ee41ec11e;1;;;
'2023-11-10';0031c230-5a83-11ed-b044-2537b3c5e956;1;;;
'2023-11-10';f43b07b0-6e37-11ee-9cbc-c91be27dc09e;1;;;
'2023-11-10';c1a28c20-ba1f-11eb-98a9-ffa5882c14df;1;;;
'2023-11-10';01064990-9089-11ea-bceb-5747a3151995;1;;;
'2023-11-10';b1ea3b50-c712-11ed-88f6-8b88f55add17;1;;;
'2023-11-10';2a4d88a0-e136-11eb-89f8-bbb9b37ee5ab;2;;;
'2023-11-10';96da14b0-7fa5-11ee-b746-99a0e83cc81c;2;;;
'2023-11-10';210ca360-55fc-11ee-915f-d9ba7fe6e9cf;2;;;
'2023-11-10';26b74bc0-7f97-11ee-9c57-8ff52b96063f;2;;;
'2023-11-10';aafa9760-dd13-11ed-b9c7-67fccc4223ef;2;;;
'2023-11-10';6ff64ff0-c739-11ed-b55b-2d1221318693;2;;;
'2023-11-10';9039c900-6571-11ee-b29d-57ac5b8050b8;2;;;
'2023-11-10';ba0b4520-080a-11ee-b26f-356151662bfe;2;;;
'2023-11-10';f488faa0-539e-11ee-b341-cfe3c25e5d51;2;;;
'2023-11-10';c71bead0-7f79-11ee-aff6-83b8a3efc827;2;;;
'2023-11-10';46fdd5b0-3f2e-11ee-98d6-b34bfcc77257;2;;;
'2023-11-10';b361aed0-7dda-11ee-a77f-3762c56600bf;2;;;
'2023-11-10';a5febcf0-7fd9-11ee-8c48-1990cc8318c6;2;;;
'2023-11-10';bae11bf0-6110-11ee-be48-e9d5848c2ade;2;;;
'2023-11-10';ddf8c040-0137-11ee-8849-2bdad338d0bd;2;;;
'2023-11-10';3902c360-f48a-11ed-9f94-cd16651a249b;2;;;
'2023-11-10';2fe4b4a0-47be-11ee-9248-e7202ff15026;2;;;
'2023-11-10';721aa1f0-6e6e-11ee-bd4a-d957ed9a2f86;2;;;
'2023-11-10';72c62ff0-6736-11ee-a087-71aee36879e5;2;;;
'2023-11-10';1c4000b0-7fec-11ee-ac1d-eb66eafb6a7f;2;;;
'2023-11-10';d4067c10-0e63-11ee-a911-1136d3822e60;2;;;
'2023-11-10';ac513e90-7eb5-11ee-8842-c71a8761f0a4;2;;;
'2023-11-10';bca39490-6683-11ee-992d-69dc3ee71800;2;;;
'2023-11-10';0cec3930-3cbc-11ee-9bec-2317dd92f7e7;2;;;
'2023-11-10';c89ca050-a691-11ed-ac27-eb96d3d277c6;2;;;
'2023-11-10';d70dcaa0-0d9b-11ec-9480-19aec6605e49;2;;;
'2023-11-10';6dd0c5d0-7fde-11ee-b07f-c54c9f6241e8;2;;;
'2023-11-10';426c0c10-2670-11e8-952c-5397ebbba8bb;2;;;
'2023-11-10';f5c917b0-19f6-11ee-9ff9-bb2aeb994a1d;2;;;
'2023-11-10';58ffa430-5dd5-11ee-b9e9-41c6a6adc77d;2;;;
'2023-11-10';670f6420-6ab9-11ee-bef1-f7db6a7c742f;2;;;
'2023-11-10';33864540-382f-11ee-a5a1-cfd5c6784c6b;2;;;
'2023-11-10';c5212440-67c2-11e8-a4d6-f99da50c4b43;2;;;
'2023-11-10';c261f230-1807-11ed-a049-f1d566687b36;2;;;
'2023-11-10';f09a5ce0-ec6d-11ea-87a9-ef965f094656;2;;;
'2023-11-10';03ec7180-7f81-11ee-bb1e-41095469a7a7;2;;;
'2023-11-10';e8cc7d40-5844-11ee-a340-996a4b5e9a34;2;;;
'2023-11-10';64e8fe60-7fc5-11ee-b7a7-37ee0565a86e;2;;;
'2023-11-10';fbaeb4c0-23a9-11ee-a5e0-63597bbc5fd5;2;;;
'2023-11-10';397fdaf0-34b8-11ec-9b79-0bc2295b5ed8;2;;;
'2023-11-10';3d441430-7f7f-11ee-93a0-6da32563740f;2;;;
'2023-11-10';098b6020-91c4-11ed-8b56-bd130d123d3f;2;;;
'2023-11-10';77d26ec0-9a8c-11ea-a2fd-3d9ff5d8d5c2;2;;;
'2023-11-10';fcdeee90-79a4-11ee-a91d-99e785e1452f;2;;;
'2023-11-10';81760d80-5522-11ed-9db6-4be11884d44f;2;;;
'2023-11-10';b4d28780-046b-11eb-a7aa-2f3d29bb7930;2;;;
'2023-11-10';b09c1ef0-faf0-11ed-a355-f13440dde293;2;;;
'2023-11-10';3d6a5bc0-f886-11ed-b624-3d92a4179f96;2;;;
'2023-11-10';4d07c180-644f-11eb-879c-b7c02edf4f37;2;;;
'2023-11-10';48e153d0-e249-11ed-95c5-9f032da39c9a;2;;;
'2023-11-10';ba966bc0-2a04-11ee-b771-e5f0ac2dcdbf;2;;;
'2023-11-10';303ac730-680f-11ed-bc64-e162e43d294c;3;;;
'2023-11-10';880f6dd0-416c-11ee-8820-d973c8eded16;3;;;
'2023-11-10';84ac4220-0ed4-11ec-90ba-bf9440b194e7;3;;;
'2023-11-10';3b100450-8fc8-11ed-a4ee-39bb2f444421;3;;;
'2023-11-10';4ea9af40-7490-11ee-8d16-35f964d6f9e5;3;;;
'2023-11-10';7e220550-f31e-11ec-8e07-4b0945ab8457;3;;;
'2023-11-10';71d06080-f633-11ed-b525-0f6a37bdae54;3;;;
'2023-11-10';211e4810-69af-11ee-a0a3-b729bba99f49;3;;;
'2023-11-10';fe36e2c0-584d-11ee-b79d-efb699114297;3;;;
'2023-11-10';25b50bd0-3648-11ec-91a6-553b203f380b;3;;;
'2023-11-10';8efe84d0-7c65-11ee-9a25-4dd5b8a909bb;3;;;
'2023-11-10';3a5bab80-269c-11e8-8319-456ad9d3b8d8;3;;;
'2023-11-10';56f4c890-3de2-11ee-ad11-db699943eb10;3;;;
'2023-11-10';893f8fc0-60d8-11ed-93ac-bdc11d75942e;3;;;
'2023-11-10';57ed8560-1706-11ed-b41c-a524b2e501a4;3;;;
'2023-11-10';0ff969e0-93de-11ed-b7e3-25b6974d03e8;3;;;
'2023-11-10';1630ded0-b33a-11ed-9b71-b3b5697b29f6;3;;;
'2023-11-10';319d60c0-d4b5-11ed-b3f1-075c94612de9;3;;;
'2023-11-10';9d657c50-6965-11ec-a4a9-912dae094ad1;3;;;
'2023-11-10';6bd56a10-692c-11ee-9b6e-6f349daf814e;3;;;
'2023-11-10';6cdd5260-6053-11ee-b746-fbba1ec1a36a;3;;;
'2023-11-10';37346470-1ac6-11ec-98f9-e912f416724e;4;;;
'2023-11-10';6fc39270-57e7-11e8-b8eb-5dd751d2ca2c;4;;;
'2023-11-10';32430120-b98e-11ed-8676-bb88dee690e2;4;;;
'2023-11-10';e94b3f20-6345-11ee-9b1b-7985eb1a6cef;4;;;
'2023-11-10';fcef3f20-2cd4-11ed-b388-ad8033f3b961;4;;;
'2023-11-10';f856abf0-7e05-11ee-83e0-8dcfbc8ee1fc;4;;;
'2023-11-10';e3aa2b10-57a3-11ee-bd5a-f72794fcf488;4;;;
'2023-11-10';6fc1bf90-1e66-11ee-bd8f-d52ab30b5049;4;;;
'2023-11-10';ccf41470-9163-11eb-81d9-1daa2227a896;4;;;
'2023-11-10';62101f10-f600-11ed-a96e-3f4ed4d0abe4;4;;;
'2023-11-10';59929b90-f8ed-11eb-be6a-bdaca425bea2;4;;;
'2023-11-10';4c80f380-8338-11ed-90c1-f9a436dd9936;4;;;
'2023-11-10';648c2480-c0ab-11ed-9a17-8396e86aa4ff;4;;;
'2023-11-10';9f81ea30-4237-11ee-a734-371854eed0d0;4;;;
'2023-11-10';8ff31860-6e4b-11ee-9196-0d7a410ed115;4;;;
'2023-11-10';42f29140-e8f8-11ed-8df4-9f605a86269a;4;;;
'2023-11-10';1a8a1fd0-7fe9-11ec-a572-bb92cc341c6b;4;;;
'2023-11-10';18a383a0-61dd-11ee-8b9f-f332f895c2a4;5;;;
'2023-11-10';6f1b7320-6b36-11ee-8860-0da6f7ca6901;5;;;
'2023-11-10';d14fd7c0-5f17-11ec-bbb6-499c26bd2da2;5;;;
'2023-11-10';510bba50-5c56-11ee-bcee-c9f46ad93bee;5;;;
'2023-11-10';8440d590-e6fc-11ea-a842-65029eedd4ca;5;;;
'2023-11-10';37a88570-4bbc-11ee-a33b-6531b674933d;5;;;
'2023-11-10';b0c4b750-4353-11ea-b71d-9325d41eec6a;5;;;
'2023-11-10';681cee20-7fa2-11ee-b823-afa195ffca23;5;;;
'2023-11-10';6f7d57e0-f3ad-11ec-b407-a5efe1ac634a;5;;;
'2023-11-10';259492f0-92a0-11ed-8d69-77f942ede16f;5;;;
'2023-11-10';92ab7560-c488-11ed-87d3-178c5d3d04d2;5;;;
'2023-11-10';8c1e2440-5ab8-11eb-9877-2f9b543fd058;5;;;
'2023-11-10';da2c7810-aaea-11ed-bd34-83c7ebe4979d;6;;;
'2023-11-10';5a4cd2c0-62b9-11ee-865c-df3295653ca0;6;;;
'2023-11-10';de1699a0-52a4-11ec-b0d4-179ac9776270;6;;;
'2023-11-10';983d8cf0-a446-11ed-b562-9b66e7ce413f;6;;;
'2023-11-10';6abb78c0-85d6-11ed-badb-fb3ca258c011;6;;;
'2023-11-10';9e0be540-cc03-11eb-9507-67a53040da9e;6;;;
'2023-11-10';50fcca20-be3d-11ed-9af1-9b56df3f3f93;6;;;
'2023-11-10';ee3a36b0-2f6c-11ee-84bf-71be87b48a82;6;;;
'2023-11-10';8f0a6d60-62d7-11ee-a7e5-7552154dd601;6;;;
'2023-11-10';0d481870-7bc0-11ee-8d07-e935d2e5c93d;6;;;
'2023-11-10';43a7fda0-69a4-11ee-9df6-939923a38d51;6;;;
'2023-11-10';eb1dfca0-7f7b-11ee-9e39-91879ce3bafd;6;;;
'2023-11-10';c43859a0-2576-11ee-95c0-f3a8eb36e260;6;;;
'2023-11-10';0208e7b0-68c8-11ee-9bc4-59233d326e23;7;;;
'2023-11-10';08d30f50-628b-11ee-bed4-a986e853a4a6;7;;;
'2023-11-10';cf733600-e3ea-11ed-a5b9-b3c6a94e0cba;7;;;
'2023-11-10';be447250-21d9-11ed-8b0d-59174ad7efb4;7;;;
'2023-11-10';e4c316d0-8bdc-11ed-8d87-0bd1e42735fc;7;;;
'2023-11-10';4eb5a590-355d-11eb-8a71-a1b2c17da083;8;;;
'2023-11-10';53180ba0-468a-11ee-9ac5-7bbaf6e4289a;8;;;
'2023-11-10';7dcf0010-097e-11ec-b32f-71281354a61e;8;;;
'2023-11-10';5936da40-a152-11ec-846b-29464bde82fe;8;;;
'2023-11-10';f9c53570-9f94-11ec-8730-a55ca8d2fabe;8;;;
'2023-11-11';8c020470-8461-11ed-83d0-552e8cc749d6;13;;;
'2023-11-11';56a3e9b0-21b6-11ec-8c7d-59f4a3904d36;21;;;
'2023-11-11';3629cac0-721d-11ed-8fc7-4fd9990e1e38;65;;;
'2023-11-11';f500b590-c06f-11ec-8b2f-e9f5deb0405e;10;;;
'2023-11-11';826d9470-6925-11ee-b128-59d24bb83ac7;10;;;
'2023-11-11';3c2d27c0-4fd6-11eb-b89f-2ffb31b67dd6;24;;;
'2023-11-11';9d58ed50-a834-11ed-8edb-0723378eb0df;20;;;
'2023-11-11';c5c3f8e0-805e-11ee-b828-4b47cdbdd931;0;;;
'2023-11-11';5f2afc00-78cf-11ee-b854-b99a46e8257e;0;;;
'2023-11-11';580b1600-5aeb-11ee-a31a-718c9cb74cd4;0;;;
'2023-11-11';fbaeb4c0-23a9-11ee-a5e0-63597bbc5fd5;0;;;
'2023-11-11';ccddf9f0-faef-11ec-a6ac-a31df73dcb6b;0;;;
'2023-11-11';3e6fc9e0-7ff6-11ee-bfa1-4fd2ee1b9ed0;0;;;
'2023-11-11';640d3710-18bc-11ee-891f-27adaae9838f;0;;;
'2023-11-11';609db050-7e29-11ee-978b-fd4657345088;0;;;
'2023-11-11';c6f23560-515b-11ee-8a4c-cb1e90b4915a;0;;;
'2023-11-11';d0ebd920-5961-11ec-bc4e-51a04504afc6;0;;;
'2023-11-11';24b50db0-8048-11ee-bc89-7bd6425613b7;0;;;
'2023-11-11';f136c220-60cd-11e8-8ebd-45fc1d9c550a;0;;;
'2023-11-11';34804670-5b95-11ed-a84f-ef575c8f954e;0;;;
'2023-11-11';3f69ee50-2c0c-11ed-be50-6fb693743b92;0;;;
'2023-11-11';b919eba0-ca20-11eb-b368-69bb43c71b4d;0;;;
'2023-11-11';57ea5550-7301-11ed-a0bd-59135520ad19;0;;;
'2023-11-11';9c8d4a30-4793-11e8-84c6-8defda07d6b5;0;;;
'2023-11-11';10efec50-7e95-11ee-b506-3b0dc8943061;0;;;
'2023-11-11';40f9ffc0-8be9-11ed-9c70-a504e22f4403;0;;;
'2023-11-11';e4fe6880-80b8-11ee-83c1-49f47de37059;0;;;
'2023-11-11';c4e6b1e0-8056-11ee-a51c-176e3a0c406d;0;;;
'2023-11-11';19c69e50-fca2-11ea-8e1f-0b2f1f358f1b;0;;;
'2023-11-11';bc7c2490-809c-11ee-b2a0-ebca1dbbb2c8;0;;;
'2023-11-11';b2be1e20-fafc-11ed-9a9d-b7cfc0948799;0;;;
'2023-11-11';51dc3c40-69f3-11ec-848c-2714b3b1ce53;0;;;
'2023-11-11';fa727670-e4e2-11ec-83cd-8380cea435db;0;;;
'2023-11-11';7b112b50-f3ac-11ec-87d6-33c02175078d;0;;;
'2023-11-11';687339b0-549b-11ee-bae8-8b7a04a5bb59;0;;;
'2023-11-11';1d386db0-7086-11ee-bfd0-cf943b9be06f;0;;;
'2023-11-11';a95bc430-8095-11ee-b048-fd0267665fbe;0;;;
'2023-11-11';02b6e180-7eee-11ee-905a-473c61a0e583;0;;;
'2023-11-11';d79adb30-9827-11ed-9f51-2dc11cef17af;0;;;
'2023-11-11';c4034370-eb2c-11ed-994e-cf4e377c5a30;0;;;
'2023-11-11';c7fd57a0-6c95-11ee-996e-a1c336dc0de5;0;;;
'2023-11-11';22ae8370-5782-11ec-b75d-4920e7945dbe;0;;;
'2023-11-11';1b06e5f0-aa3c-11ed-9a49-e1cc4e62bc23;0;;;
'2023-11-11';1991b3e0-60cf-11ee-b11f-cbfae50f1fab;0;;;
'2023-11-11';bd1fb920-2388-11ec-b18e-4700a275e16b;0;;;
'2023-11-11';fdf74580-7a2a-11ee-a504-4d6a0d72d60c;0;;;
'2023-11-11';dea9d400-d805-11eb-900c-b38b424d9453;0;;;
'2023-11-11';9dde1af0-1cf8-11ee-8354-3144bbe083d7;0;;;
'2023-11-11';c230e1c0-5ae8-11ee-b386-5de8a6c82938;0;;;
'2023-11-11';b8e9d0e0-80ae-11ee-998b-db86e1677816;0;;;
'2023-11-11';5e45a6b0-0f1b-11ed-8f8f-e7057cff0cb2;0;;;
'2023-11-11';975bf190-ebfa-11ed-b35e-21b0aedbdd36;0;;;
'2023-11-11';11cdac60-7ff9-11ee-9924-7f2f42ec9caa;0;;;
'2023-11-11';f0261ff0-65c0-11ed-b8ec-79c229c6a66c;0;;;
'2023-11-11';32b3ba10-33a2-11eb-8aee-8751efd2dc63;0;;;
'2023-11-11';a5f4fc40-3517-11ee-838e-e51c7695bc85;0;;;
'2023-11-11';ce79df20-e0fb-11ed-ae6e-e9ce17e234c0;0;;;
'2023-11-11';90694410-2f24-11ee-82be-ed4d2f30ad09;0;;;
'2023-11-11';036c87b0-267a-11e8-8408-f9f917206103;0;;;
'2023-11-11';77614a10-5cfd-11ee-9fae-6fe9b43efebe;0;;;
'2023-11-11';1c4000b0-7fec-11ee-ac1d-eb66eafb6a7f;0;;;
'2023-11-11';14798ab0-56f5-11ee-89c0-8b393ab6fd44;0;;;
'2023-11-11';426c0c10-2670-11e8-952c-5397ebbba8bb;0;;;
'2023-11-11';33070ed0-7d6a-11ee-a952-599179402cb4;0;;;
'2023-11-11';38e36d90-b9da-11eb-a386-99254fc8580c;0;;;
'2023-11-11';14f7e540-4a7a-11ee-a446-0313d3100b61;0;;;
'2023-11-11';3da4b2e0-f9c9-11ed-a89d-f92e57a11b82;0;;;
'2023-11-11';01f9ff10-7f7b-11ee-85f4-51d433b4706c;0;;;
'2023-11-11';fef78f70-8075-11ee-ba16-a9675fdfddde;0;;;
'2023-11-11';00eeb420-c05c-11eb-afb9-4b421e3ad594;0;;;
'2023-11-11';f0e012a0-c13b-11eb-9077-a9ada671c5ba;0;;;
'2023-11-11';63794e10-77f1-11eb-88fd-2532911a2400;0;;;
'2023-11-11';b0379640-f1cf-11ec-8053-7de1b4ed170b;0;;;
'2023-11-11';e8ef2010-81d6-11e8-82b4-0ff3ffcd5726;0;;;
'2023-11-11';cfb82910-8684-11eb-ad11-c55277b87840;0;;;
'2023-11-11';d95c01c0-3279-11ec-a24c-fde3eaad75e3;0;;;
'2023-11-11';e066e4d0-16fd-11ed-b7b0-47b2474cb7da;0;;;
'2023-11-11';e0cc9900-72fd-11ec-ad9b-51bca48b8aa6;0;;;
'2023-11-11';2924c910-0f36-11ec-8ca7-cd28027e7440;0;;;
'2023-11-11';f3b11250-45d6-11ee-85a3-a91eabaffb34;0;;;
'2023-11-11';e94b3f20-6345-11ee-9b1b-7985eb1a6cef;0;;;
'2023-11-11';471ce260-d992-11eb-84ff-3996f8d7ffc8;0;;;
'2023-11-11';987a1860-043f-11e9-b29a-657a90787be9;0;;;
'2023-11-11';33ed52e0-fc83-11ed-9ac0-2709ae3c77ce;0;;;
'2023-11-11';4b29d4d0-2e0c-11eb-bdcb-f373866a326f;0;;;
'2023-11-11';afd60a50-7406-11ee-bb47-bf571cc653cf;0;;;
'2023-11-11';62bfe730-6e8a-11ee-ac29-9f6e169b060e;0;;;
'2023-11-11';bc9da250-24b2-11ee-b905-0511b6c94b04;0;;;
'2023-11-11';2bef85b0-cc36-11eb-af29-fd7390c56884;0;;;
'2023-11-11';dae92d50-fcb8-11ed-aaf3-df6001e93b43;0;;;
'2023-11-11';2524cec0-9a28-11ea-9185-7f8955ba3aa0;0;;;
'2023-11-11';26314fa0-7ef3-11ea-b44d-3d097d6aa3f6;0;;;
'2023-11-11';f3307200-5462-11ed-a6ab-2bffa821113a;0;;;
'2023-11-11';0c97ce60-7103-11ee-b9df-7738e9e57271;0;;;
'2023-11-11';bc5e8da0-80a0-11ee-9e62-9d73ddfbfc62;0;;;
'2023-11-11';28b382d0-387b-11ee-be78-39889ce96ff7;0;;;
'2023-11-11';607ca5c0-0833-11ee-bbdb-ff31b80fde43;0;;;
'2023-11-11';b691c7e0-7f81-11ee-9080-6d8604be1b10;0;;;
'2023-11-11';41920000-5eaa-11ea-b0b7-85d150c6b781;0;;;
'2023-11-11';13d713a0-68d1-11ee-945b-b162051111e9;0;;;
'2023-11-11';15afe630-596d-11ed-89dc-f1f99923ecaa;0;;;
'2023-11-11';4949b870-11f2-11ee-9be8-e581638ccd96;0;;;
'2023-11-11';842ad690-54c2-11ea-83c6-573663176efa;0;;;
'2023-11-11';4b9b50b0-84f4-11ed-88d0-1d4b3c7225b7;0;;;
'2023-11-11';8279aaa0-682e-11ee-ac77-09b1e75b521e;0;;;
'2023-11-11';53e23290-7d76-11ee-b7fc-555902481ffd;0;;;
'2023-11-11';a12f0dd0-78c5-11ee-b9ab-c73848c5cc7f;0;;;
'2023-11-11';6b3d8040-2672-11e8-a7ed-f1fd67684f98;0;;;
'2023-11-11';3f641480-5d37-11eb-8dac-3d1747340271;0;;;
'2023-11-11';d1c69c90-6436-11ee-8073-4978abb456d2;0;;;
'2023-11-11';caa608d0-738b-11ec-9bd3-4d9c9c0c7fec;0;;;
'2023-11-11';f4621b40-6e85-11ee-b7a8-ed9cd8b9dc6f;0;;;
'2023-11-11';b7249820-73f3-11ee-b4c5-d528e1db82de;0;;;
'2023-11-11';cb77ea80-eafa-11ec-815a-913545fe7734;0;;;
'2023-11-11';fc825680-6275-11ee-a126-ff40476b8939;0;;;
'2023-11-11';467d74d0-809a-11ee-80c3-6bfb6228c48b;0;;;
'2023-11-11';0d245ff0-17b1-11eb-a2ef-a90bf9c69765;0;;;
'2023-11-11';bfd1ee20-7f0e-11ee-95e7-e1d9ff7a94dd;0;;;
'2023-11-11';c7ce4660-7990-11ee-98c9-19fc457d7760;0;;;
'2023-11-11';f04fd080-46de-11ed-a238-d97d489e7b07;0;;;
'2023-11-11';1d265690-099d-11ec-8c1f-279bde56d3d4;0;;;
'2023-11-11';ca015b40-58dc-11ee-94ed-ff7c8c3013ef;0;;;
'2023-11-11';d6e11b10-7a16-11ee-8587-897dfc9f3dd2;0;;;
'2023-11-11';23f194a0-d2ae-11ec-b8f4-3d3ee5b5f629;0;;;
'2023-11-11';fae701b0-80a0-11ee-9518-695f5cfdd88e;0;;;
'2023-11-11';4e528570-650b-11ed-acb1-9736b5e6c1f1;0;;;
'2023-11-11';17ef2390-d33f-11ea-8923-e9987a7d3c58;0;;;
'2023-11-11';483895f0-74fc-11ea-bc6d-857809c5e39f;0;;;
'2023-11-11';7b293560-8bf5-11ed-a8b5-8971a181d712;0;;;
'2023-11-11';0ca54730-803e-11ee-b2b8-ff2b023a64fc;0;;;
'2023-11-11';bf1041c0-a486-11ed-bd97-e5359bb4d375;0;;;
'2023-11-11';232f5840-b571-11ec-ae58-b103a3df11d6;0;;;
'2023-11-11';887dfa90-a2c4-11ec-ada8-b78007a57161;0;;;
'2023-11-11';db87a6d0-e2ae-11ec-966f-ed775432d314;0;;;
'2023-11-11';73197f80-38bf-11e8-a894-8bc4c809902c;0;;;
'2023-11-11';9455be20-5871-11ee-816f-1b5675ba5882;0;;;
'2023-11-11';4bf3f010-eb12-11ed-9592-871b2d8f3c57;0;;;
'2023-11-11';e86059c0-2c04-11e8-bd0a-5f6627e8c0d4;0;;;
'2023-11-11';44e872d0-d751-11ec-9564-4bb8272d04aa;0;;;
'2023-11-11';f357b570-23ad-11ee-a388-3fc1c5d97efd;0;;;
'2023-11-11';3c109b60-807e-11ee-9b53-0956633cffbc;0;;;
'2023-11-11';db32c840-ad75-11ec-88a1-99b5ac686d55;0;;;
'2023-11-11';8dd2e4d0-3216-11eb-86fe-7358d7053928;0;;;
'2023-11-11';2e68efd0-783d-11ec-b4ec-5f5219cd1611;0;;;
'2023-11-11';ae343e30-805c-11ee-981c-c73e2ec24828;0;;;
'2023-11-11';3a04c150-214d-11ea-b5fe-69726f78d9f0;0;;;
'2023-11-11';cd76de70-852f-11ed-910b-433855f96c00;0;;;
'2023-11-11';0b1c78d0-48c3-11eb-87fc-2d8207e1c857;0;;;
'2023-11-11';58766c50-d9c9-11e8-98c5-99eabb5403cb;0;;;
'2023-11-11';9b490c60-e57a-11ed-897f-a5f857ba1522;0;;;
'2023-11-11';2a4d88a0-e136-11eb-89f8-bbb9b37ee5ab;0;;;
'2023-11-11';3a08b630-76f4-11ec-bb69-1d4a77eb4a20;0;;;
'2023-11-11';2da88de0-7f01-11ee-aaa7-c19a087f447c;0;;;
'2023-11-11';eba0aff0-48ae-11ee-abfb-cb003cc868e4;0;;;
'2023-11-11';faf8deb0-5d43-11ee-98ac-8dc8e31f92cc;0;;;
'2023-11-11';b5cf6a00-7fc8-11ee-9ac3-69899a83ebe9;0;;;
'2023-11-11';585e7c80-7a00-11ee-b087-29e498874938;0;;;
'2023-11-11';27578f90-2ea7-11ee-9fdf-2f0158ff8387;0;;;
'2023-11-11';1e99c590-80a4-11ee-a60b-bd54304e90e1;0;;;
'2023-11-11';5559b200-bc2b-11ec-94d7-d5cdeb7721e6;0;;;
'2023-11-11';8ba2ae90-9be6-11eb-9d8f-4f71aa2d7fda;0;;;
'2023-11-11';b8a22b80-56c2-11e8-b9ae-f5b3fe8881ef;0;;;
'2023-11-11';303ac730-680f-11ed-bc64-e162e43d294c;0;;;
'2023-11-11';5c5225c0-9870-11ed-ae85-019e14031a0e;0;;;
'2023-11-11';2930c930-abdc-11eb-8df9-8965a0e5a92b;0;;;
'2023-11-11';ed1be950-e83a-11ed-9360-37da3f957511;0;;;
'2023-11-11';49a35f10-69b3-11ee-a772-af92d68a47cb;0;;;
'2023-11-11';aa9b5be0-6f95-11ea-bd4f-81608d74ea67;0;;;
'2023-11-11';e9725eb0-8273-11ed-afe9-d5dc9fa7c7fc;0;;;
'2023-11-11';2c4ca150-b4b2-11eb-bceb-c907bb5088fb;0;;;
'2023-11-11';5e6c9a00-53ac-11ee-9180-63c3ed20ef5e;0;;;
'2023-11-11';9f8e3380-c857-11ed-84d1-c9f435ee51cd;0;;;
'2023-11-11';8ff31860-6e4b-11ee-9196-0d7a410ed115;0;;;
'2023-11-11';5549f370-eed4-11ec-844a-37590d323efc;0;;;
'2023-11-11';3944e020-809d-11ee-ae2b-1d6d938f2ac2;0;;;
'2023-11-11';bd9f8b80-7ca2-11ee-8732-5fdf1b1c749a;0;;;
'2023-11-11';8a2ed430-2e10-11e9-8b85-733612b647ec;0;;;
'2023-11-11';b2d9b190-a47a-11ed-8800-7f0b6be9ce29;0;;;
'2023-11-11';be3bdb40-6909-11ee-9908-39a6d8011575;0;;;
'2023-11-11';8440d590-e6fc-11ea-a842-65029eedd4ca;0;;;
'2023-11-11';5a4427d0-fb8d-11ed-8e66-0f8b3a7c8486;0;;;
'2023-11-11';d31ced60-8088-11ee-85fc-1df5b0d466ec;0;;;
'2023-11-11';27b6b3e0-1cfe-11ee-8159-5da94c1f3069;0;;;
'2023-11-11';33b1a6a0-c984-11ed-8b44-d11783d4f57a;0;;;
'2023-11-11';b91cbb20-db83-11ed-b2fe-e36082a9bff6;0;;;
'2023-11-11';678eeea0-51f2-11ee-84f0-539bab5a3b1e;0;;;
'2023-11-11';05ba7920-ab7a-11ed-8248-43775c487bcc;0;;;
'2023-11-11';c36ffe60-f704-11ed-9788-a7dab0d07a3d;0;;;
'2023-11-11';347ec390-4668-11ee-ac8f-6f0bae53d3e5;0;;;
'2023-11-11';f61df2a0-373b-11ee-9e19-7b698ff07f0f;0;;;
'2023-11-11';fcef3f20-2cd4-11ed-b388-ad8033f3b961;0;;;
'2023-11-11';0c564110-2f3d-11e8-86fe-192b553f9733;0;;;
'2023-11-11';b7f86290-7ca9-11ee-a484-1d73fb337cd4;0;;;
'2023-11-11';5af38ab0-032b-11ec-89e1-b93a5cd18a5c;0;;;
'2023-11-11';2ac83a20-9308-11ed-8a3d-39c2bbe89a6f;0;;;
'2023-11-11';42574c50-e4be-11ed-8be5-91dd0ec5cc9c;0;;;
'2023-11-11';f3ed1290-35bf-11ee-aeb5-4fa137f466f4;0;;;
'2023-11-11';38739910-bb6e-11ed-a75f-2396de10ccac;0;;;
'2023-11-11';1221dd10-3966-11ed-86da-6fb52a508554;0;;;
'2023-11-11';c606a400-805a-11ee-8ee3-87dbd58fa888;0;;;
'2023-11-11';ec827590-bb97-11ea-ad9a-ff887af5bee7;0;;;
'2023-11-11';f1990070-7fad-11ee-8e25-e94575af5235;0;;;
'2023-11-11';3d441430-7f7f-11ee-93a0-6da32563740f;0;;;
'2023-11-11';472949a0-7ff4-11ee-b016-d7105f5600ae;0;;;
'2023-11-11';491848d0-0086-11ee-af2c-ab4d4b149261;0;;;
'2023-11-11';8109f4b0-7ccc-11ee-b510-1bdcfa9ff04c;0;;;
'2023-11-11';37cf69f0-7fa7-11ee-8c9d-b9f3324ccc33;0;;;
'2023-11-11';59df66c0-dc79-11ed-aaa7-9de3299dc8d1;0;;;
'2023-11-11';1feeccf0-a2dc-11ea-9ef4-592a9cc500fb;0;;;
'2023-11-11';595c21a0-c920-11ed-a8f1-a7ac79d09f67;0;;;
'2023-11-11';3e90dd70-8059-11ee-8d22-0388998cd996;0;;;
'2023-11-11';68382aa0-7f1b-11ee-a001-ab822ea5a216;0;;;
'2023-11-11';153a8ef0-80b1-11ee-89d3-ed381b5c7829;0;;;
'2023-11-11';40789010-af9e-11ed-9828-afcc87d7db05;0;;;
'2023-11-11';0e54af80-55fa-11ee-8c81-e9c484c51118;0;;;
'2023-11-11';82d27e80-448b-11ee-90cd-538c962db324;0;;;
'2023-11-11';428b60a0-807a-11ee-9617-0b0665eb2f2c;0;;;
'2023-11-11';29465950-7762-11ed-8e5e-2f8ec4d70a34;0;;;
'2023-11-11';1cd5f5c0-8005-11ee-ba50-41a4cd6fc76a;0;;;
'2023-11-11';e67c9a20-4359-11ee-af36-abd1a59c452e;0;;;
'2023-11-11';8dc2ff60-7977-11ee-9c9d-4729a8879c55;0;;;
'2023-11-11';bcff7fb0-e018-11eb-8a3f-77d784591bed;0;;;
'2023-11-11';9d01a210-2671-11e8-92f4-65a7e7cd4ad4;0;;;
'2023-11-11';77d26ec0-9a8c-11ea-a2fd-3d9ff5d8d5c2;0;;;
'2023-11-11';caef5370-7d28-11ee-9b60-4d018ffaf097;0;;;
'2023-11-11';3ec34b00-fc1d-11ec-8c2b-a7c42781e7e7;0;;;
'2023-11-11';741e77c0-7f02-11ee-aae9-f5e5f983b007;0;;;
'2023-11-11';09b47660-7b3c-11ee-ad92-d334d229835c;0;;;
'2023-11-11';9464b700-b064-11ed-bfde-dd78e8837d29;0;;;
'2023-11-11';7ca71aa0-e67d-11ed-b52f-730afe4cbf5d;1;;;
'2023-11-11';3b02fd60-05e7-11ee-b7c3-c1e25f9f5ba4;1;;;
'2023-11-11';fdc08050-39fb-11ee-83f1-131a93e1e5b1;1;;;
'2023-11-11';6286a5f0-3d33-11eb-9277-2b4bedfdf8ad;1;;;
'2023-11-11';66b05050-4947-11ed-855d-8bbcf07e0196;1;;;
'2023-11-11';459bbe90-26cd-11ee-bcbd-5f91d6430230;1;;;
'2023-11-11';43f67d40-62c9-11ee-9f2c-dd9c8474a1ac;1;;;
'2023-11-11';7663b820-3b3b-11ee-891f-55166c6e0905;1;;;
'2023-11-11';17106bb0-b3d9-11ec-8539-4f93fa6e64e3;1;;;
'2023-11-11';2ff4d180-7ff6-11ee-bcf2-51ed6c4a610a;1;;;
'2023-11-11';aa2778f0-0a02-11ee-a4da-99f26d505302;1;;;
'2023-11-11';8a744ff0-06c0-11ee-b20c-af9647ebed8d;1;;;
'2023-11-11';5e907a90-d398-11ed-a15e-e153446eacbf;1;;;
'2023-11-11';ff52b590-2297-11ed-8cb9-e5dc54b353b6;1;;;
'2023-11-11';2a3e75a0-2777-11eb-a5c7-c3e2e3534623;1;;;
'2023-11-11';c12d8140-0ab4-11ee-a26e-9bd3c5130ece;1;;;
'2023-11-11';34061640-095f-11ec-8e63-4b3c41117f08;1;;;
'2023-11-11';bfb84fc0-b958-11eb-b3b5-714825858d67;1;;;
'2023-11-11';d70dcaa0-0d9b-11ec-9480-19aec6605e49;1;;;
'2023-11-11';2a841d70-d241-11ea-ada3-9dca90d0a109;1;;;
'2023-11-11';ecd25d10-adc6-11e9-96d6-edb0fb92cb92;1;;;
'2023-11-11';b0892120-e628-11ec-a33b-c549cd2a3add;1;;;
'2023-11-11';93af8230-ca0a-11ed-865d-dfd86b5a53f4;1;;;
'2023-11-11';3aa5e760-d3a1-11ed-b6d4-25cf9788359e;1;;;
'2023-11-11';fdb8d8b0-7d66-11ee-a194-a32661f94751;1;;;
'2023-11-11';26730a30-a4b6-11ed-8051-3d9519e665ca;1;;;
'2023-11-11';55349dd0-7fd4-11ee-bce2-3ba74109b360;1;;;
'2023-11-11';8ae4e200-5130-11ee-b66f-a3ecfdd39dc8;1;;;
'2023-11-11';5749c1c0-7b6c-11ee-b1fc-9dc7bbed32ae;1;;;
'2023-11-11';6a532810-7fef-11ee-b974-fffafec1b3df;1;;;
'2023-11-11';32143ee0-7f21-11ee-b276-71d69df11a58;1;;;
'2023-11-11';950ec9f0-37c9-11ea-943d-55ee5935bdf9;1;;;
'2023-11-11';8ff373b0-b614-11eb-b9e3-3f50a3531611;1;;;
'2023-11-11';b1c90ad0-9174-11ed-973f-d9c0d2c30895;1;;;
'2023-11-11';fb33dd10-d7c6-11ed-ae6e-9366dd88ece0;1;;;
'2023-11-11';dee3e080-e206-11ec-9d9b-a70eaafe4e55;1;;;
'2023-11-11';8ba73fb0-4e53-11ee-8bbb-539eea3dd82b;1;;;
'2023-11-11';f15f9790-7fc6-11ee-9216-fdf6d1e8a2d5;1;;;
'2023-11-11';4c74dbc0-2494-11ed-a524-e5c8fdfa1659;1;;;
'2023-11-11';79ca9bb0-f530-11ed-bf94-01f8d4e82ef2;1;;;
'2023-11-11';bb6d9e30-73cc-11ee-890e-3521b9595ff8;1;;;
'2023-11-11';bf7a2d50-5df5-11ee-832a-37e0ed135bb2;1;;;
'2023-11-11';cfbce6c0-9d54-11ec-8487-dbe8a6f96ab0;1;;;
'2023-11-11';e8975ce0-2e4f-11eb-92b4-dbbfe0532c6e;1;;;
'2023-11-11';4f2f4510-aef2-11ed-861a-c12ce37770ee;1;;;
'2023-11-11';f6239300-9640-11e8-81c1-6993c8857928;1;;;
'2023-11-11';ddef2360-3147-11ee-9b78-edbe9e3bbef3;1;;;
'2023-11-11';51499010-7fbf-11ed-b03d-e56356c0d27a;1;;;
'2023-11-11';939e5ea0-7294-11ee-ae35-8959cbf69894;1;;;
'2023-11-11';d4634e60-c2e5-11ec-8d98-55a7b6fe357d;1;;;
'2023-11-11';f939ef20-7e49-11ee-a2f0-c70af55cdf4f;1;;;
'2023-11-11';e96299d0-7ef3-11ee-8e57-3d90478831bf;1;;;
'2023-11-11';339ff8f0-5c38-11ee-83e3-030b54ab2ead;1;;;
'2023-11-11';017c27d0-20d9-11ee-b8fc-2d1f0384914e;1;;;
'2023-11-11';62480b80-7221-11ee-afa6-5d251983dd30;1;;;
'2023-11-11';be447250-21d9-11ed-8b0d-59174ad7efb4;1;;;
'2023-11-11';bffad1d0-7fdd-11ee-9c68-fd3d1b4c1972;1;;;
'2023-11-11';60355210-28de-11eb-aa02-c3649cfe7f71;1;;;
'2023-11-11';a3203bb0-7c84-11ee-b5af-a183d65d26ac;1;;;
'2023-11-11';0d34ad90-73be-11ed-9da1-c3fa5a194f09;1;;;
'2023-11-11';1da4b160-159f-11ee-a47a-05bf0aa9665f;1;;;
'2023-11-11';5398ee20-7950-11ee-879a-b55d649dd876;1;;;
'2023-11-11';b58dc670-5c84-11ee-8875-5f7c984bfb1f;1;;;
'2023-11-11';8c6b2e70-8044-11ee-983a-6d07f72e7864;1;;;
'2023-11-11';6ff64ff0-c739-11ed-b55b-2d1221318693;2;;;
'2023-11-11';5ee69af0-5eef-11ee-a0ce-534053dee6bb;2;;;
'2023-11-11';fd5c08a0-614c-11ee-9ce0-e14fc61820da;2;;;
'2023-11-11';f57c1b00-d339-11eb-9be7-f7128e456267;2;;;
'2023-11-11';373961c0-35df-11ed-8206-bd519374e178;2;;;
'2023-11-11';a29aaff0-d2ba-11ed-a048-05978c87e8b6;2;;;
'2023-11-11';9d657c50-6965-11ec-a4a9-912dae094ad1;2;;;
'2023-11-11';27bcbb20-5101-11ec-891e-9b7b6489f94e;2;;;
'2023-11-11';cd4fbce0-7b5e-11ec-88c0-bd4911290554;2;;;
'2023-11-11';e416e210-7caf-11ee-b5b0-470b4c205b92;2;;;
'2023-11-11';d14fd7c0-5f17-11ec-bbb6-499c26bd2da2;2;;;
'2023-11-11';ba1f3c10-1520-11ee-97f2-d9709144aabc;2;;;
'2023-11-11';c89ca050-a691-11ed-ac27-eb96d3d277c6;2;;;
'2023-11-11';1932f3e0-8ac9-11e9-a814-a3f58c338313;2;;;
'2023-11-11';8f0a6d60-62d7-11ee-a7e5-7552154dd601;2;;;
'2023-11-11';2603ef60-fe34-11ed-910f-ed4de5f486e7;2;;;
'2023-11-11';61ae0260-a6a2-11ed-8f7f-7df15ac93c97;2;;;
'2023-11-11';bb9fbc00-8054-11ee-8ef4-9f177767f73f;2;;;
'2023-11-11';cdcfdb30-e957-11eb-ab83-ddcbf56d3e85;2;;;
'2023-11-11';1fba7800-18db-11ea-a00b-cf3d2fa771e7;2;;;
'2023-11-11';ad7c3ca0-4a55-11ee-af7f-751830de72d9;2;;;
'2023-11-11';56f4c890-3de2-11ee-ad11-db699943eb10;2;;;
'2023-11-11';f0267c10-b5b7-11ed-b90a-a702f5d99920;2;;;
'2023-11-11';5906bfa0-511d-11ee-9520-57772194dda1;2;;;
'2023-11-11';2d3755d0-3fe3-11ec-9bd5-55e2e6e796d0;3;;;
'2023-11-11';22c5ddc0-787a-11ee-9465-dde7561db16a;3;;;
'2023-11-11';893f8fc0-60d8-11ed-93ac-bdc11d75942e;3;;;
'2023-11-11';74333ec0-7ff3-11ee-a25e-79019b1bb7d3;3;;;
'2023-11-11';18b2f7d0-3e4d-11ee-9816-ffc7dd8b910e;3;;;
'2023-11-11';7b0a2900-7e7c-11eb-9693-21f318cd4c1c;3;;;
'2023-11-11';b0c4b750-4353-11ea-b71d-9325d41eec6a;3;;;
'2023-11-11';8da790f0-8042-11ee-a292-ab1bac1fc39e;3;;;
'2023-11-11';695c5ef0-25e2-11eb-a938-6bff07fe5479;3;;;
'2023-11-11';f3442640-28b7-11ee-8bfc-2f2d398b3974;3;;;
'2023-11-11';037c87b0-7f8a-11ec-be47-a350885bb599;3;;;
'2023-11-11';c6fa9b80-1c99-11ed-9a10-89b27c7c554c;3;;;
'2023-11-11';22d058e0-78d9-11ee-a149-07e894ba782f;3;;;
'2023-11-11';5dcdffe0-3d8c-11ec-8e10-b9d79986c2ab;3;;;
'2023-11-11';c44efdd0-2bdd-11eb-a6a8-374e84e5cb57;4;;;
'2023-11-11';3fad9220-6398-11ea-9789-39cafe3b86b6;4;;;
'2023-11-11';e70e26c0-2f56-11ec-a64d-5102c2fc7f3b;4;;;
'2023-11-11';e3aa2b10-57a3-11ee-bd5a-f72794fcf488;4;;;
'2023-11-11';74b32710-b817-11ed-b0f3-61697d13745c;4;;;
'2023-11-11';c5709e30-1498-11ed-8f53-03f8049e3b9c;4;;;
'2023-11-11';53180ba0-468a-11ee-9ac5-7bbaf6e4289a;4;;;
'2023-11-11';33864540-382f-11ee-a5a1-cfd5c6784c6b;4;;;
'2023-11-11';f8c189c0-463f-11ec-a6f6-71fd9fec3f4a;4;;;
'2023-11-11';9e8f1cf0-7fc8-11ee-89a9-550cbc988a19;4;;;
'2023-11-11';c62be960-7e64-11ee-9ec3-d3fce62405ab;4;;;
'2023-11-11';a527e980-4313-11ee-9162-4dffe92543c4;5;;;
'2023-11-11';a7512ce0-d237-11e9-97d5-9992dabd02e6;5;;;
'2023-11-11';648c2480-c0ab-11ed-9a17-8396e86aa4ff;5;;;
'2023-11-11';3b100450-8fc8-11ed-a4ee-39bb2f444421;5;;;
'2023-11-11';7dcf0010-097e-11ec-b32f-71281354a61e;6;;;
'2023-11-11';c43859a0-2576-11ee-95c0-f3a8eb36e260;6;;;
'2023-11-11';853b9570-77b3-11ee-aa07-cfda4860cd47;6;;;
'2023-11-11';ea9bbfc0-7fe8-11ee-aa33-d3e24bf8de07;6;;;
'2023-11-11';259492f0-92a0-11ed-8d69-77f942ede16f;7;;;
'2023-11-11';35901350-77d7-11ea-9dd0-73baf10c8c3a;7;;;
'2023-11-11';e4c316d0-8bdc-11ed-8d87-0bd1e42735fc;7;;;
'2023-11-11';cfd16520-38b7-11ec-a94b-872edd467cbb;9;;;
'2023-11-12';059ec300-810e-11ee-b433-b1c037ab56d3;12;;;
'2023-11-12';cd52c640-4ec2-11ee-8c82-d949aeea4d5b;10;;;
'2023-11-12';49fc15b0-6efe-11ee-ace0-fd5bd1dc1911;10;;;
'2023-11-12';9c7a8cd0-717a-11ee-9234-33b2e85f510c;10;;;
'2023-11-12';8440d590-e6fc-11ea-a842-65029eedd4ca;12;;;
'2023-11-12';1fba7800-18db-11ea-a00b-cf3d2fa771e7;24;;;
'2023-11-12';aa9b5be0-6f95-11ea-bd4f-81608d74ea67;0;;;
'2023-11-12';4b9cea70-f667-11e9-85bf-232af0490b00;0;;;
'2023-11-12';bd27f410-d6aa-11ed-b10e-ff3b2a9f7a5a;0;;;
'2023-11-12';88591d60-acf5-11ed-9ff5-d971c89ebaac;0;;;
'2023-11-12';580b1600-5aeb-11ee-a31a-718c9cb74cd4;0;;;
'2023-11-12';a854ba50-a6d5-11e8-9c00-352d24c632a4;0;;;
'2023-11-12';3944e020-809d-11ee-ae2b-1d6d938f2ac2;0;;;
'2023-11-12';4bf24150-80ce-11ee-aa14-45c44d727710;0;;;
'2023-11-12';37251e40-5a01-11ed-97c6-d9c7dbbc979b;0;;;
'2023-11-12';c6ffe040-64ff-11ee-b739-917c20951f92;0;;;
'2023-11-12';8c1900c0-18ff-11ee-b3c8-89750e6b01d2;0;;;
'2023-11-12';8a2ed430-2e10-11e9-8b85-733612b647ec;0;;;
'2023-11-12';57646160-f4f3-11ed-836f-b9fc40cf18da;0;;;
'2023-11-12';af9ace40-80b8-11ee-afa8-f7e24fc971b6;0;;;
'2023-11-12';015e7040-6e41-11ee-b1dc-6119ce6cae0b;0;;;
'2023-11-12';e64cc4f0-817d-11ee-9a43-8f823ac9d595;0;;;
'2023-11-12';54aa6040-8176-11ee-a885-bfcb82cbee8b;0;;;
'2023-11-12';6b765430-e9b6-11ed-ae1c-43b9f0b4649c;0;;;
'2023-11-12';40e947c0-80da-11ee-8a54-cbbcf17263a9;0;;;
'2023-11-12';49ee1a00-7eb7-11ee-9abc-39485587ce8c;0;;;
'2023-11-12';8373a4c0-5b1f-11eb-976b-2f5849efa7b2;0;;;
'2023-11-12';75b20420-0d69-11eb-8c71-d7addfc31ca7;0;;;
'2023-11-12';e17f7c20-80d2-11ee-9fc7-299946e47bfe;0;;;
'2023-11-12';b47b73f0-fd19-11e9-9212-df9b4ba3b518;0;;;
'2023-11-12';ec2530d0-eaf9-11ed-8633-41d5bf1dd80d;0;;;
'2023-11-12';21a769c0-815f-11ee-b1ab-bd91e27de2cd;0;;;
'2023-11-12';81269880-816e-11ee-9965-2580a696c0e1;0;;;
'2023-11-12';95fb2b20-9a36-11ec-b7e9-9f5f51750c14;0;;;
'2023-11-12';9fe3b5f0-80c4-11ee-8f94-e19b081fff6d;0;;;
'2023-11-12';b1c90ad0-9174-11ed-973f-d9c0d2c30895;0;;;
'2023-11-12';6eea3ee0-810c-11ee-8e06-87564eb3d1f1;0;;;
'2023-11-12';d6b15c60-2a88-11ed-8eca-73b802288a92;0;;;
'2023-11-12';20835dc0-80ff-11ee-9ad8-7f62a799180a;0;;;
'2023-11-12';369bb660-627a-11ed-9783-415677af7f4a;0;;;
'2023-11-12';9b297d10-8123-11ee-902e-5ff2a648edb5;0;;;
'2023-11-12';fbc5be20-9e31-11ed-8c42-3b0f13604470;0;;;
'2023-11-12';e03f6190-69a2-11ea-a9a5-51de07e8ae4e;0;;;
'2023-11-12';a5f4fc40-3517-11ee-838e-e51c7695bc85;0;;;
'2023-11-12';5214a400-80e3-11ee-9c80-1917c04d704e;0;;;
'2023-11-12';a0afe380-815c-11ee-a105-25c5804fdb74;0;;;
'2023-11-12';63794e10-77f1-11eb-88fd-2532911a2400;0;;;
'2023-11-12';3c109b60-807e-11ee-9b53-0956633cffbc;0;;;
'2023-11-12';c95fb8d0-8964-11ea-b89e-3f51e5d57844;0;;;
'2023-11-12';339ebd80-6077-11ee-b58d-494ef973954d;0;;;
'2023-11-12';c123a4b0-a411-11eb-810e-bbd6b780b0c9;0;;;
'2023-11-12';7a2ea320-d29c-11eb-aba0-cba9b7b0b7ed;0;;;
'2023-11-12';7610bc90-814c-11ee-8469-258c6e5c4eb5;0;;;
'2023-11-12';a04241a0-7d4b-11ee-b1ea-0b655b4206b3;0;;;
'2023-11-12';20e030b0-8134-11ee-8b07-f38d9ee2c055;0;;;
'2023-11-12';37346470-1ac6-11ec-98f9-e912f416724e;0;;;
'2023-11-12';20979750-0662-11ec-b3f7-2b9654d4e0d8;0;;;
'2023-11-12';989e56f0-b4ca-11ec-afc9-7f63059dcb21;0;;;
'2023-11-12';84ec8fd0-75aa-11ee-95cc-3129598ae327;0;;;
'2023-11-12';d94f0b00-4988-11ee-90cb-573c0fdfe79d;0;;;
'2023-11-12';55349dd0-7fd4-11ee-bce2-3ba74109b360;0;;;
'2023-11-12';3a04c150-214d-11ea-b5fe-69726f78d9f0;0;;;
'2023-11-12';9f81ea30-4237-11ee-a734-371854eed0d0;0;;;
'2023-11-12';cbf91d20-0a7b-11ee-bb56-397485387683;0;;;
'2023-11-12';14b5faf0-553d-11ed-a0bc-855179dbd9bf;0;;;
'2023-11-12';67937bc0-7b21-11ee-b82b-c3aa4f24fb8b;0;;;
'2023-11-12';4759db30-3524-11ee-85c1-01a2aa7eea1d;0;;;
'2023-11-12';ccf1b180-47d2-11ee-8d0b-7dee74962c28;0;;;
'2023-11-12';4f7373a0-6394-11ee-b68f-77d17e9aee9a;0;;;
'2023-11-12';c2c84f20-7cbb-11ee-992a-1d8f3dd35596;0;;;
'2023-11-12';806ef620-cd0c-11ec-a8f2-512c62c44680;0;;;
'2023-11-12';721e91e0-9368-11eb-924e-cd44b1ab7510;0;;;
'2023-11-12';15afe630-596d-11ed-89dc-f1f99923ecaa;0;;;
'2023-11-12';0434e800-aac8-11ec-a5c9-37194ffbda37;0;;;
'2023-11-12';125c2220-80e8-11ee-af95-7dc5f4f9d55f;0;;;
'2023-11-12';45ed8030-e0e8-11ec-bb76-1b093211eebe;0;;;
'2023-11-12';45ca3480-6d8d-11ee-b891-d9bf99cb053b;0;;;
'2023-11-12';989d4c30-80dc-11ee-9013-a7f6d205ed58;0;;;
'2023-11-12';c230e1c0-5ae8-11ee-b386-5de8a6c82938;0;;;
'2023-11-12';27578f90-2ea7-11ee-9fdf-2f0158ff8387;0;;;
'2023-11-12';2524cec0-9a28-11ea-9185-7f8955ba3aa0;0;;;
'2023-11-12';2930c930-abdc-11eb-8df9-8965a0e5a92b;0;;;
'2023-11-12';973ddf10-30ad-11e8-94b5-05fb3f125577;0;;;
'2023-11-12';fdf74580-7a2a-11ee-a504-4d6a0d72d60c;0;;;
'2023-11-12';34804670-5b95-11ed-a84f-ef575c8f954e;0;;;
'2023-11-12';447b2170-6d9c-11ee-b6ab-0d6b1772159a;0;;;
'2023-11-12';b00fbe70-57ab-11ee-9ce9-19e03b3377f4;0;;;
'2023-11-12';4eabb280-5e84-11e9-80b3-093a3ec356a3;0;;;
'2023-11-12';ea488240-5eb7-11ed-ba8f-3b622a1ddc8a;0;;;
'2023-11-12';17ef2390-d33f-11ea-8923-e9987a7d3c58;0;;;
'2023-11-12';1d265690-099d-11ec-8c1f-279bde56d3d4;0;;;
'2023-11-12';590cc7d0-7a56-11ee-b1d2-6bddbf4fb2d0;0;;;
'2023-11-12';cb585220-80d0-11ee-8c64-2121ae5bf2c1;0;;;
'2023-11-12';ed3c06e0-80c9-11ee-b32e-73897fda5b91;0;;;
'2023-11-12';33b1a6a0-c984-11ed-8b44-d11783d4f57a;0;;;
'2023-11-12';e7430f50-f013-11ed-9e31-ff2057682a14;0;;;
'2023-11-12';68382aa0-7f1b-11ee-a001-ab822ea5a216;0;;;
'2023-11-12';0848cde0-6007-11ed-9e3e-a15ade71966b;0;;;
'2023-11-12';46c4f450-817a-11ee-acde-71ca98bed892;0;;;
'2023-11-12';f38d00a0-322f-11ee-824b-77d6e91cc48f;0;;;
'2023-11-12';5edda700-85b6-11ed-89db-791595c6dafe;0;;;
'2023-11-12';ddf8c040-0137-11ee-8849-2bdad338d0bd;0;;;
'2023-11-12';494503c0-6684-11ee-acc2-952e3fda76ce;0;;;
'2023-11-12';afb68e30-6de1-11ee-bd08-79d953c2a86e;0;;;
'2023-11-12';d70dcaa0-0d9b-11ec-9480-19aec6605e49;0;;;
'2023-11-12';2924c910-0f36-11ec-8ca7-cd28027e7440;0;;;
'2023-11-12';e066e4d0-16fd-11ed-b7b0-47b2474cb7da;0;;;
'2023-11-12';01064990-9089-11ea-bceb-5747a3151995;0;;;
'2023-11-12';11f73af0-7d68-11ee-b849-cdf8186da536;0;;;
'2023-11-12';6b798e80-9831-11eb-b8f4-f93ef2fd59a6;0;;;
'2023-11-12';5549f370-eed4-11ec-844a-37590d323efc;0;;;
'2023-11-12';ea9bbfc0-7fe8-11ee-aa33-d3e24bf8de07;0;;;
'2023-11-12';d58b4c20-6592-11ed-8a72-579e315f1804;0;;;
'2023-11-12';1408b3b0-b463-11ed-8268-87fe7b590bc2;0;;;
'2023-11-12';a2490cc0-b3cf-11ea-ba28-7d06b168a520;0;;;
'2023-11-12';09b47660-7b3c-11ee-ad92-d334d229835c;0;;;
'2023-11-12';4f65f7e0-53b6-11ee-b0eb-819c5edf8f39;0;;;
'2023-11-12';9974bbc0-0dfe-11ea-9a12-d919a32875c5;0;;;
'2023-11-12';37187e70-8146-11ee-8043-4d9ef7d88cde;0;;;
'2023-11-12';cdf179a0-7877-11ee-a52b-ab3bd49014ba;0;;;
'2023-11-12';f0976000-c768-11ea-aa38-0b146f4a044e;0;;;
'2023-11-12';6b3cb780-bb5c-11ed-a7a5-65f93e2c6d45;0;;;
'2023-11-12';294a2340-7ac3-11ee-b449-fdc1c2cfebf6;0;;;
'2023-11-12';cce7c020-83b6-11ed-8ed5-8bab46b1bbe5;0;;;
'2023-11-12';d61cec30-5c79-11eb-b3d1-df3602a6518f;0;;;
'2023-11-12';daed2f70-6dcb-11ee-a3ed-85faed8b53a2;0;;;
'2023-11-12';09488aa0-2d1b-11ee-b221-61a7cada0497;0;;;
'2023-11-12';98495ad0-8113-11ee-9928-b1a406e7e251;0;;;
'2023-11-12';319d60c0-d4b5-11ed-b3f1-075c94612de9;0;;;
'2023-11-12';b2be1e20-fafc-11ed-9a9d-b7cfc0948799;0;;;
'2023-11-12';ffbd5660-80f7-11ee-857a-7be49059dd10;0;;;
'2023-11-12';f2d58270-671f-11ee-8889-f5e4734c6f32;0;;;
'2023-11-12';60355210-28de-11eb-aa02-c3649cfe7f71;0;;;
'2023-11-12';987a1860-043f-11e9-b29a-657a90787be9;0;;;
'2023-11-12';5b1ff660-8167-11ee-a6fd-55f485776723;0;;;
'2023-11-12';ddef2360-3147-11ee-9b78-edbe9e3bbef3;0;;;
'2023-11-12';e247acc0-1c7a-11ee-bda5-8961e2ebcb05;0;;;
'2023-11-12';4d18a6a0-80d3-11ee-bf6e-d9d66cc267d1;0;;;
'2023-11-12';cdde2780-8171-11ee-aa93-7d7dacb5c132;0;;;
'2023-11-12';c69fb290-77fd-11ee-9102-2937b23c052b;0;;;
'2023-11-12';e8975ce0-2e4f-11eb-92b4-dbbfe0532c6e;0;;;
'2023-11-12';a3549cf0-1ec7-11ed-adc7-a9d3b5d972bf;0;;;
'2023-11-12';f0613350-80d7-11ee-b1c9-6dd32b4043f1;0;;;
'2023-11-12';8f5bd650-8163-11ee-a460-a757eeb14efd;0;;;
'2023-11-12';8ff18020-9af4-11ed-bce4-291f2429c555;0;;;
'2023-11-12';f0261ff0-65c0-11ed-b8ec-79c229c6a66c;0;;;
'2023-11-12';b7249820-73f3-11ee-b4c5-d528e1db82de;0;;;
'2023-11-12';3edd2e10-2672-11e8-bca5-c1ae80f7fd6c;0;;;
'2023-11-12';e9646bd0-80e6-11ee-996f-7f2b6eeca65c;0;;;
'2023-11-12';13207790-7c31-11ed-b433-87162629a6d7;0;;;
'2023-11-12';c5709e30-1498-11ed-8f53-03f8049e3b9c;0;;;
'2023-11-12';d9d84a90-8133-11ee-a19b-95bae66e02d7;0;;;
'2023-11-12';b6554b10-80f5-11ee-8862-897b3b11dce6;0;;;
'2023-11-12';21f8b720-51d3-11ec-9fe6-67ab3d637a5c;0;;;
'2023-11-12';fb8c3040-102f-11ee-aad9-2fc8fed20cce;0;;;
'2023-11-12';b0dcae50-3786-11eb-aeff-a3ff3a4100a5;0;;;
'2023-11-12';9acbc190-7e42-11ee-a1d7-9b490c26fb11;0;;;
'2023-11-12';347b5250-658f-11ee-8934-034263963805;0;;;
'2023-11-12';9dde1af0-1cf8-11ee-8354-3144bbe083d7;0;;;
'2023-11-12';893f8fc0-60d8-11ed-93ac-bdc11d75942e;0;;;
'2023-11-12';27a07150-815a-11ee-8c66-2f0fba69144b;0;;;
'2023-11-12';3bf764e0-80bc-11ee-826a-a78b7db25786;0;;;
'2023-11-12';22f53600-dd49-11ed-9ecf-6b373fb491d5;0;;;
'2023-11-12';22c5a160-4c08-11ed-94ed-abda373bdceb;0;;;
'2023-11-12';c9d56d60-5aff-11eb-8724-55f2d3e634ff;0;;;
'2023-11-12';9d01a210-2671-11e8-92f4-65a7e7cd4ad4;0;;;
'2023-11-12';ab944000-332c-11ec-a9f7-d1f8e28e447e;0;;;
'2023-11-12';a7f34190-f144-11ec-98e2-ef54bd049b19;0;;;
'2023-11-12';3f935ca0-c549-11ed-96f3-8950da6cb5ee;0;;;
'2023-11-12';69458520-814e-11ee-9c3b-69c685a462f3;0;;;
'2023-11-12';6df6dbe0-f27a-11ed-a5f6-ffd2ed495d4f;0;;;
'2023-11-12';b2d9b190-a47a-11ed-8800-7f0b6be9ce29;0;;;
'2023-11-12';dbb87ce0-80de-11ee-899b-2b10549180d6;0;;;
'2023-11-12';f09a5ce0-ec6d-11ea-87a9-ef965f094656;0;;;
'2023-11-12';788e7d50-80c9-11ee-b5e0-873426a19623;0;;;
'2023-11-12';558a0ad0-e7ad-11ea-a29f-7bdd9372cc29;0;;;
'2023-11-12';29465950-7762-11ed-8e5e-2f8ec4d70a34;0;;;
'2023-11-12';e5dc43c0-52b5-11ee-b799-9d28c72ab945;0;;;
'2023-11-12';98631cd0-27a9-11ea-a9a2-fdbc93cc1a8c;0;;;
'2023-11-12';110b2320-4dd8-11ec-b91d-e17ea5d2f6d3;0;;;
'2023-11-12';b8665770-9efe-11ed-b5b7-9fb672114acd;0;;;
'2023-11-12';0e7a9110-4b04-11ee-95ae-474bd0bb7789;0;;;
'2023-11-12';52402140-51ad-11ed-912d-616d25abf7c8;0;;;
'2023-11-12';ab31b1e0-0e74-11ee-81ba-afb6a81473e4;0;;;
'2023-11-12';73b8a040-c069-11ea-8f6e-73b4bc9df9ed;0;;;
'2023-11-12';ce79df20-e0fb-11ed-ae6e-e9ce17e234c0;0;;;
'2023-11-12';eb2df890-2ac0-11ee-8946-edd9e5bad179;0;;;
'2023-11-12';9d377d60-1bc9-11ee-92b8-63e019d86f55;0;;;
'2023-11-12';2de06210-e677-11ed-b097-15e20e6db3bd;0;;;
'2023-11-12';480d5b50-7891-11ee-b23f-d5beac5b0f89;0;;;
'2023-11-12';b58dc670-5c84-11ee-8875-5f7c984bfb1f;0;;;
'2023-11-12';f1990070-7fad-11ee-8e25-e94575af5235;0;;;
'2023-11-12';036c87b0-267a-11e8-8408-f9f917206103;0;;;
'2023-11-12';6b17b840-80fa-11ee-b6da-213f2697062c;0;;;
'2023-11-12';425f5490-6510-11ee-bc9b-c79e712f19a9;0;;;
'2023-11-12';d6514a50-80bd-11ee-85fa-f1c398599d61;0;;;
'2023-11-12';557e2960-7be9-11eb-9af0-53c356a4eb1a;0;;;
'2023-11-12';db4581e0-8101-11ee-bccf-abdf47fe4bcb;0;;;
'2023-11-12';8c627ff0-2ec3-11ee-978d-bb5568488925;0;;;
'2023-11-12';0b9247c0-80c6-11ee-b2c5-596e3fd8cacc;0;;;
'2023-11-12';2f78f230-bf04-11e8-8fff-a94a1da4991b;0;;;
'2023-11-12';01fb3cc0-f5ff-11eb-8455-b58be4645cbb;0;;;
'2023-11-12';3d725710-5d16-11ec-92a5-d55bf1f546e2;0;;;
'2023-11-12';9a1bb5a0-2670-11e8-bfc6-df51f8419a76;0;;;
'2023-11-12';71e9e640-d60b-11ea-93ae-4d37c0232071;0;;;
'2023-11-12';303ac730-680f-11ed-bc64-e162e43d294c;0;;;
'2023-11-12';83dc6ec0-5dec-11ed-a7f8-43cd2dca137b;0;;;
'2023-11-12';0c97ce60-7103-11ee-b9df-7738e9e57271;0;;;
'2023-11-12';c24826b0-7e3c-11ee-a8d5-bfbc81fe4095;0;;;
'2023-11-12';cfbce6c0-9d54-11ec-8487-dbe8a6f96ab0;0;;;
'2023-11-12';28e92540-38dd-11ee-b183-6927510f5aee;0;;;
'2023-11-12';e4d08a20-498a-11ed-a2c9-d599f1443b68;0;;;
'2023-11-12';a254f4e0-443b-11ee-a9e1-7d768719c111;0;;;
'2023-11-12';e0931c20-80d9-11ee-8e69-a3635d883af4;0;;;
'2023-11-12';08cf7980-3299-11e8-a5cb-d91595f436ff;0;;;
'2023-11-12';5a658050-0c93-11ec-ab65-cb67d5fe8127;0;;;
'2023-11-12';235e2240-74ad-11ee-ae3b-9f257d27af08;0;;;
'2023-11-12';5f57f7a0-2d44-11ed-9e3a-d1e5100235ee;0;;;
'2023-11-12';438855d0-67d7-11eb-ba32-55dcd093b535;0;;;
'2023-11-12';461e0400-80cc-11ee-9751-3b32426591a4;0;;;
'2023-11-12';0ab697c0-ab98-11ec-a64a-2156c6248c1b;0;;;
'2023-11-12';ff52b590-2297-11ed-8cb9-e5dc54b353b6;0;;;
'2023-11-12';e2c41360-af2e-11ec-a79f-33c5a6212867;0;;;
'2023-11-12';71ba2530-d039-11eb-96f0-9fad9d985c73;0;;;
'2023-11-12';5bb5d6c0-3ca8-11ee-a061-51e7a79d61f1;0;;;
'2023-11-12';3fb74e40-10ca-11ee-965b-812790c3f32d;0;;;
'2023-11-12';90dd5bb0-78f8-11ea-a303-d76acc5d7fdd;0;;;
'2023-11-12';0ad74710-80c4-11ee-81fa-1b45edca26ff;0;;;
'2023-11-12';e64e9970-106a-11ea-a81f-2d486e26c435;0;;;
'2023-11-12';0fe2a480-2c0a-11ed-b6f0-0f6e4060d1d6;0;;;
'2023-11-12';f7c16bf0-448d-11ee-9152-5d2cf8d23c8d;0;;;
'2023-11-12';7ec506a0-3f27-11ee-a87e-431d85c705e5;0;;;
'2023-11-12';bbdb4c70-8167-11ee-8d66-0fbe0c993acc;0;;;
'2023-11-12';88a9c9e0-8166-11ee-8e6f-b95187b85215;0;;;
'2023-11-12';cc0cb6a0-de4f-11eb-aac7-3d305af6d418;0;;;
'2023-11-12';91874180-2f6b-11ed-805d-7b0e83d9bca5;1;;;
'2023-11-12';339ff8f0-5c38-11ee-83e3-030b54ab2ead;1;;;
'2023-11-12';62c59a50-8153-11ee-bc5e-d5435c432032;1;;;
'2023-11-12';cdba1410-ddea-11e8-9dd4-fd158fbdf95b;1;;;
'2023-11-12';8315bf00-8055-11ee-8ce7-a7a4aa6cc19b;1;;;
'2023-11-12';b8e0ba00-5318-11ee-8eb4-25763af78b07;1;;;
'2023-11-12';992701c0-1735-11ee-ad5d-1bef77e372cd;1;;;
'2023-11-12';48011bc0-9312-11ed-bde6-f7e2fbdc8414;1;;;
'2023-11-12';cf7f8010-6c5d-11eb-a86f-97bd20503bcf;1;;;
'2023-11-12';d0cbb9e0-e9b8-11ed-97c7-453ac70413b9;1;;;
'2023-11-12';8a45d150-cadc-11ec-91b0-45d5da48b7f1;1;;;
'2023-11-12';f487ad20-51bb-11ed-8b5d-790907ccf4e0;1;;;
'2023-11-12';a90425e0-8167-11ee-8d92-2f4f81ade027;1;;;
'2023-11-12';62480b80-7221-11ee-afa6-5d251983dd30;1;;;
'2023-11-12';dee3e080-e206-11ec-9d9b-a70eaafe4e55;1;;;
'2023-11-12';dae92d50-fcb8-11ed-aaf3-df6001e93b43;1;;;
'2023-11-12';177d5680-b66e-11eb-b3c0-9d91e2a22b87;1;;;
'2023-11-12';466fbf60-fa36-11ed-a14a-67347299561e;1;;;
'2023-11-12';a106ecf0-7e16-11ee-bd96-71aea76e0842;1;;;
'2023-11-12';38e36d90-b9da-11eb-a386-99254fc8580c;1;;;
'2023-11-12';d22b8670-8162-11ee-829a-99c57ad86a3c;1;;;
'2023-11-12';835c0630-667f-11ee-8760-c1980ef296da;1;;;
'2023-11-12';71112ab0-2ae2-11ee-a396-c555c4a69e17;1;;;
'2023-11-12';fc825680-6275-11ee-a126-ff40476b8939;1;;;
'2023-11-12';1f801510-f9e8-11ed-8cb8-d54e9d932102;1;;;
'2023-11-12';424d1220-63bd-11ee-bf5c-2915cf679904;1;;;
'2023-11-12';4c74dbc0-2494-11ed-a524-e5c8fdfa1659;1;;;
'2023-11-12';36196f90-0aad-11ed-8e2f-f99c0bfe0551;1;;;
'2023-11-12';82d27e80-448b-11ee-90cd-538c962db324;1;;;
'2023-11-12';5b3a9be0-4cc5-11ee-b1d4-b7b165ce00b9;1;;;
'2023-11-12';0fe63830-431a-11ed-80d7-51ded4165a9f;1;;;
'2023-11-12';a114b100-8c45-11e8-84f1-254085ec8ce1;1;;;
'2023-11-12';f678c650-8149-11ee-8c5b-73ede3d318cb;1;;;
'2023-11-12';95c9d630-7b10-11ee-8de6-2ff99034e6dc;1;;;
'2023-11-12';483895f0-74fc-11ea-bc6d-857809c5e39f;1;;;
'2023-11-12';a315d110-a5d0-11ed-b8df-d5ae0d370852;1;;;
'2023-11-12';cb168780-7867-11ee-87a3-b5644a728782;1;;;
'2023-11-12';70b39370-c1bd-11ed-b290-a1a120fcbe4b;1;;;
'2023-11-12';f136c220-60cd-11e8-8ebd-45fc1d9c550a;1;;;
'2023-11-12';03ccde60-46bb-11ed-a45b-b7db8c961393;1;;;
'2023-11-12';f57c1b00-d339-11eb-9be7-f7128e456267;1;;;
'2023-11-12';a6713a50-8088-11ee-be3a-595d7a79ed2b;1;;;
'2023-11-12';4b15ad00-4ee1-11e8-b599-b986fa6127b8;1;;;
'2023-11-12';ec2666a0-4edd-11ea-9a99-7582f3fe173b;1;;;
'2023-11-12';33864540-382f-11ee-a5a1-cfd5c6784c6b;1;;;
'2023-11-12';5f993750-683a-11ea-96c5-0b4aa9599a94;1;;;
'2023-11-12';dea9d400-d805-11eb-900c-b38b424d9453;1;;;
'2023-11-12';2603ef60-fe34-11ed-910f-ed4de5f486e7;1;;;
'2023-11-12';02a1d900-a64c-11ed-a3c5-4da84c18504e;1;;;
'2023-11-12';d3b275f0-f3ae-11ec-bd18-8d8fdfd27dd2;1;;;
'2023-11-12';f3b05090-6386-11ee-b738-411998dddbba;1;;;
'2023-11-12';905354b0-816e-11ee-aaf4-a3bd3eeabd9f;1;;;
'2023-11-12';88e90b80-06a8-11ed-bb8b-bbfd4aa03ca3;1;;;
'2023-11-12';34061640-095f-11ec-8e63-4b3c41117f08;1;;;
'2023-11-12';6d71d490-c878-11ec-8387-ef5df63721a6;1;;;
'2023-11-12';e1c0fe60-0d15-11ee-962d-ddeed848e659;1;;;
'2023-11-12';4fd3e0d0-3ada-11ec-963a-e1d7ea58d6d3;1;;;
'2023-11-12';70a47890-3ef5-11ed-9cc0-af411206ec4b;1;;;
'2023-11-12';8e1efe20-73a4-11ed-ab01-7d24a7432a65;1;;;
'2023-11-12';00c32be0-baae-11ed-8ea5-a38625aae9b4;1;;;
'2023-11-12';2809fbe0-6cfe-11ee-9cf1-9f839b808b64;1;;;
'2023-11-12';939e5ea0-7294-11ee-ae35-8959cbf69894;1;;;
'2023-11-12';e3bf09c0-0594-11ed-8dbb-a31ef1c633ab;1;;;
'2023-11-12';3b9de6d0-7361-11ee-aa1b-19a11dfbbdeb;1;;;
'2023-11-12';e0867e60-7d6a-11ee-8cbe-d3b63801f01a;2;;;
'2023-11-12';e8cc7d40-5844-11ee-a340-996a4b5e9a34;2;;;
'2023-11-12';be50c1e0-80ba-11ee-8299-df4e18e82aa8;2;;;
'2023-11-12';8695b740-31e3-11ee-848d-819c883f7e7d;2;;;
'2023-11-12';609db050-7e29-11ee-978b-fd4657345088;2;;;
'2023-11-12';92bae100-817d-11ee-9213-b9c18ccb264f;2;;;
'2023-11-12';ba9af910-0968-11ec-a515-8d4a30fa5a2d;2;;;
'2023-11-12';c43859a0-2576-11ee-95c0-f3a8eb36e260;2;;;
'2023-11-12';94c0d050-4199-11ee-8263-81ad632081e4;2;;;
'2023-11-12';eba0aff0-48ae-11ee-abfb-cb003cc868e4;2;;;
'2023-11-12';cb17c970-814e-11ee-bfbf-79620b1ab2af;2;;;
'2023-11-12';b4f31820-1e3e-11ee-bfa8-630db6971db8;2;;;
'2023-11-12';812cfdf0-816a-11ee-88a4-8da86ff3f0c0;2;;;
'2023-11-12';c7a2a740-7e28-11ec-91e0-9d5062ed501b;2;;;
'2023-11-12';8fb25600-7255-11ee-998b-67ca29ea254a;2;;;
'2023-11-12';eac394a0-67e2-11ee-8b31-1fd51f308c89;2;;;
'2023-11-12';3e20ab30-770d-11ea-8ab0-911982cb3ffb;2;;;
'2023-11-12';09a9a4b0-6d09-11ee-ae6d-7773abbf8b63;2;;;
'2023-11-12';6c3b5da0-57ae-11ee-8354-d77ee1a0b9a0;2;;;
'2023-11-12';4e4485a0-8095-11ee-be46-1fbfe22e7dcb;2;;;
'2023-11-12';1f8ba1c0-1aed-11ee-8d66-8f0521673ea6;2;;;
'2023-11-12';e94b3f20-6345-11ee-9b1b-7985eb1a6cef;2;;;
'2023-11-12';8b50bc00-3fe8-11ed-9dd9-c3f5fc25180d;2;;;
'2023-11-12';eae84e10-8125-11ee-8f8d-fb62a141560f;2;;;
'2023-11-12';50028a60-2789-11ed-8648-0b1ad6a81155;2;;;
'2023-11-12';d14fd7c0-5f17-11ec-bbb6-499c26bd2da2;2;;;
'2023-11-12';7995de60-7e5c-11ee-9904-0939d871dc4d;2;;;
'2023-11-12';b5b60160-3a76-11ee-b6fe-4b90a5474901;2;;;
'2023-11-12';825bb820-68e2-11ed-a57d-a1986253a8a5;2;;;
'2023-11-12';ecd25d10-adc6-11e9-96d6-edb0fb92cb92;2;;;
'2023-11-12';426c0c10-2670-11e8-952c-5397ebbba8bb;2;;;
'2023-11-12';f7872f90-627d-11ee-b706-57462acbe98b;2;;;
'2023-11-12';26f91f80-1a50-11ed-911c-f58e922c5ffe;2;;;
'2023-11-12';30d09420-ad53-11ed-a6aa-d7f1e63f2704;2;;;
'2023-11-12';5cadd100-3d17-11ec-8fe3-975ff41ee3ba;2;;;
'2023-11-12';d79adb30-9827-11ed-9f51-2dc11cef17af;3;;;
'2023-11-12';3da4b2e0-f9c9-11ed-a89d-f92e57a11b82;3;;;
'2023-11-12';43f67d40-62c9-11ee-9f2c-dd9c8474a1ac;3;;;
'2023-11-12';3b100450-8fc8-11ed-a4ee-39bb2f444421;3;;;
'2023-11-12';92f985c0-f3e5-11ed-85d8-b9ce144446ac;3;;;
'2023-11-12';3f69ee50-2c0c-11ed-be50-6fb693743b92;3;;;
'2023-11-12';648c2480-c0ab-11ed-9a17-8396e86aa4ff;3;;;
'2023-11-12';32627570-810f-11ee-b260-297bbb892c03;3;;;
'2023-11-12';4d07c180-644f-11eb-879c-b7c02edf4f37;3;;;
'2023-11-12';f986b560-e8f5-11ed-93d0-1bd6b1ffc5fd;3;;;
'2023-11-12';9d657c50-6965-11ec-a4a9-912dae094ad1;3;;;
'2023-11-12';f6a54150-2111-11ee-85a5-790a6ba26da1;3;;;
'2023-11-12';bf07d300-a3e6-11ed-bcd5-cf87783ff67e;3;;;
'2023-11-12';8b632b40-9923-11ec-9aad-372b66ef03c9;3;;;
'2023-11-12';ab6ac5d0-a7ea-11ec-a675-798b005bf57f;4;;;
'2023-11-12';a7512ce0-d237-11e9-97d5-9992dabd02e6;4;;;
'2023-11-12';c8690910-7559-11ee-a4ef-712f9263ffb4;4;;;
'2023-11-12';bf7a2d50-5df5-11ee-832a-37e0ed135bb2;4;;;
'2023-11-12';10efec50-7e95-11ee-b506-3b0dc8943061;4;;;
'2023-11-12';639ca380-61b8-11ed-af53-a19d7f85c09b;4;;;
'2023-11-12';3d8322f0-209e-11ee-bdb7-63a16ffb097c;4;;;
'2023-11-12';6ff64ff0-c739-11ed-b55b-2d1221318693;4;;;
'2023-11-12';ee5c7f00-1e45-11ee-a58a-87e4f4c6d963;4;;;
'2023-11-12';b0c4b750-4353-11ea-b71d-9325d41eec6a;5;;;
'2023-11-12';5ec59970-dfcd-11eb-998e-5d1131edd14b;5;;;
'2023-11-12';4949b870-11f2-11ee-9be8-e581638ccd96;5;;;
'2023-11-12';27b6b3e0-1cfe-11ee-8159-5da94c1f3069;5;;;
'2023-11-12';b4d28780-046b-11eb-a7aa-2f3d29bb7930;5;;;
'2023-11-12';458a6740-47e3-11ed-9583-afe03a540b17;5;;;
'2023-11-12';5169a490-bcaf-11ed-ad2b-45300437d63e;5;;;
'2023-11-12';3be98d80-f628-11ed-aa74-a38597842c24;5;;;
'2023-11-12';bffad1d0-7fdd-11ee-9c68-fd3d1b4c1972;6;;;
'2023-11-12';f5c917b0-19f6-11ee-9ff9-bb2aeb994a1d;6;;;
'2023-11-12';3a5bab80-269c-11e8-8319-456ad9d3b8d8;6;;;
'2023-11-12';f8c189c0-463f-11ec-a6f6-71fd9fec3f4a;6;;;
'2023-11-12';8f0a6d60-62d7-11ee-a7e5-7552154dd601;7;;;
'2023-11-12';10724990-793f-11ee-a8bc-a7929dc7f7c7;7;;;
'2023-11-12';e4c316d0-8bdc-11ed-8d87-0bd1e42735fc;7;;;
'2023-11-12';32430120-b98e-11ed-8676-bb88dee690e2;7;;;
'2023-11-12';ec827590-bb97-11ea-ad9a-ff887af5bee7;8;;;
'2023-11-12';6261b740-7872-11ee-961f-5517ccf7abcc;9;;;
'2023-11-12';aafa9760-dd13-11ed-b9c7-67fccc4223ef;9;;;
'2023-11-12';2d3755d0-3fe3-11ec-9bd5-55e2e6e796d0;9;;;
'2023-11-13';82712da0-6656-11ee-8ec4-1512b411dbd9;10;;;
'2023-11-13';09a9a4b0-6d09-11ee-ae6d-7773abbf8b63;35;;;
'2023-11-13';dbc86e20-7abf-11eb-ba73-5d5f69ff243f;20;;;
'2023-11-13';26294cd0-56df-11ed-9a66-895324db225b;10;;;
'2023-11-13';87b83df0-fb1f-11ed-a7d0-91e1f7cf1912;10;;;
'2023-11-13';b8d8b100-7f89-11ee-8b91-ab0039b064d8;14;;;
'2023-11-13';d8157db0-2b95-11ea-880c-9179c07bc858;15;;;
'2023-11-13';983d8cf0-a446-11ed-b562-9b66e7ce413f;10;;;
'2023-11-13';7ca71aa0-e67d-11ed-b52f-730afe4cbf5d;11;;;
'2023-11-13';597f9710-3bfe-11ee-afc8-51d6e1280476;11;;;
'2023-11-13';cd52c640-4ec2-11ee-8c82-d949aeea4d5b;13;;;
'2023-11-13';b37c7bb0-4564-11ee-88c8-614141e4c1ed;20;;;
'2023-11-13';d9019820-62bf-11ee-8b61-21253dd65b02;11;;;
'2023-11-13';cbd6ed70-770b-11ee-943f-fbd14b23e8fb;15;;;
'2023-11-13';3c2d27c0-4fd6-11eb-b89f-2ffb31b67dd6;26;;;
'2023-11-13';7dcf0010-097e-11ec-b32f-71281354a61e;19;;;
'2023-11-13';49fc15b0-6efe-11ee-ace0-fd5bd1dc1911;11;;;
'2023-11-13';71f374a0-f48d-11ed-872d-cf5f396d1867;0;;;
'2023-11-13';b322ea40-33ae-11ee-8975-1dbaaffcfb54;0;;;
'2023-11-13';aa9b5be0-6f95-11ea-bd4f-81608d74ea67;0;;;
'2023-11-13';b58ec0f0-7c21-11ed-be10-df9f3b474d59;0;;;
'2023-11-13';06766600-8219-11ee-b419-f93afd79219e;0;;;
'2023-11-13';393f19e0-aef5-11ec-940d-4be6bc1d5bb1;0;;;
'2023-11-13';10efec50-7e95-11ee-b506-3b0dc8943061;0;;;
'2023-11-13';091fb740-821d-11ee-b035-153667c6e2c3;0;;;
'2023-11-13';655f8620-6351-11e8-95e6-ef158563952c;0;;;
'2023-11-13';d4067c10-0e63-11ee-a911-1136d3822e60;0;;;
'2023-11-13';d5581630-81ce-11ee-92c8-3dacf8fff84d;0;;;
'2023-11-13';f8800300-24ba-11ee-8700-b13caacb7ec8;0;;;
'2023-11-13';3d8322f0-209e-11ee-bdb7-63a16ffb097c;0;;;
'2023-11-13';586c47a0-81e1-11ee-9ff8-a9f794fad158;0;;;
'2023-11-13';aec70e50-73e5-11ee-9117-b3ea6e077d21;0;;;
'2023-11-13';a4675300-2b90-11e8-bffa-693397e24dc7;0;;;
'2023-11-13';2930c930-abdc-11eb-8df9-8965a0e5a92b;0;;;
'2023-11-13';9fddcac0-823e-11ee-a72c-b1b87af5aad7;0;;;
'2023-11-13';bba25a10-6efb-11ee-9350-5d92af506643;0;;;
'2023-11-13';196409e0-cd5a-11ec-9226-415204a6b1eb;0;;;
'2023-11-13';91042120-81fd-11ee-b48b-0f8e7358eaf0;0;;;
'2023-11-13';08ddc5f0-7682-11eb-b3b0-9b3ec16d43f0;0;;;
'2023-11-13';7a7b7f60-a121-11ed-b8d1-a38eeb668368;0;;;
'2023-11-13';71c40260-8236-11ee-a2c1-65e673439be3;0;;;
'2023-11-13';324c6390-a69f-11eb-817c-a5f1ed6fc628;0;;;
'2023-11-13';21572cd0-7a35-11ed-9571-09754883eb48;0;;;
'2023-11-13';2ca4dc30-1748-11ee-8f40-e19906ae1db2;0;;;
'2023-11-13';2f485580-e78f-11e9-a1c8-afa649b29b44;0;;;
'2023-11-13';5559b200-bc2b-11ec-94d7-d5cdeb7721e6;0;;;
'2023-11-13';37065da0-264f-11ee-b190-5df699522d40;0;;;
'2023-11-13';e220bd80-30f5-11ec-a411-b5c2a34f90e2;0;;;
'2023-11-13';9210c4e0-d935-11ed-9211-ddde7dbeb340;0;;;
'2023-11-13';d79adb30-9827-11ed-9f51-2dc11cef17af;0;;;
'2023-11-13';904969c0-5db8-11ee-9185-e5270066a2d3;0;;;
'2023-11-13';fcade360-76fa-11ee-a39d-c921273fa59f;0;;;
'2023-11-13';696c90a0-71a1-11ee-b655-19b0e9feb130;0;;;
'2023-11-13';3abf1020-7e44-11ee-9496-9fa9340f1972;0;;;
'2023-11-13';6c3384c0-0f87-11ec-a27f-794aeacde2d3;0;;;
'2023-11-13';55dd0b50-b8d4-11ec-a5cf-6ff7cfa0bdc8;0;;;
'2023-11-13';a58c6590-5b5a-11ee-bb87-fbf26cdf7421;0;;;
'2023-11-13';54632b40-7d90-11eb-adec-7d89419005c1;0;;;
'2023-11-13';d1e5d5c0-22e1-11ed-ba7c-87d029128182;0;;;
'2023-11-13';558a0ad0-e7ad-11ea-a29f-7bdd9372cc29;0;;;
'2023-11-13';59929b90-f8ed-11eb-be6a-bdaca425bea2;0;;;
'2023-11-13';442c4cd0-75ad-11ee-ba81-dfa01e423654;0;;;
'2023-11-13';c4056850-1979-11ee-b149-89758b73b4d7;0;;;
'2023-11-13';74698b40-8207-11ee-a05b-9167b24fd7aa;0;;;
'2023-11-13';3354d130-63c0-11ec-9b04-3d5bb5028baf;0;;;
'2023-11-13';51bda230-7ea5-11ee-8e75-351103c287c0;0;;;
'2023-11-13';c5ba0ae0-822c-11ee-b24c-d52eee4745e5;0;;;
'2023-11-13';58a60ec0-61eb-11ed-a6f9-59de3c322c54;0;;;
'2023-11-13';8c81def0-0411-11ed-99fa-3722f70332f6;0;;;
'2023-11-13';36196f90-0aad-11ed-8e2f-f99c0bfe0551;0;;;
'2023-11-13';860aeb40-5e5f-11ed-a0f7-5fae6603b9c2;0;;;
'2023-11-13';b754e900-d518-11ed-8868-cd898fdafb2d;0;;;
'2023-11-13';11473490-145c-11ee-8e09-f12176e67b99;0;;;
'2023-11-13';4e528570-650b-11ed-acb1-9736b5e6c1f1;0;;;
'2023-11-13';8f868c50-5941-11ee-b38b-03e43b522cae;0;;;
'2023-11-13';3d0629e0-d7fb-11ec-9cc6-892073864f49;0;;;
'2023-11-13';695b5e40-3ee2-11ed-828c-9f25d521384a;0;;;
'2023-11-13';8dc2ff60-7977-11ee-9c9d-4729a8879c55;0;;;
'2023-11-13';d55c3cf0-8059-11ed-8a59-ff913c2d93fc;0;;;
'2023-11-13';6b6e6e60-fed2-11ed-b03a-ad09574e8c8a;0;;;
'2023-11-13';c6121340-37ac-11ee-9043-b3cc44e31ca7;0;;;
'2023-11-13';fcf72e90-6a5b-11ee-be5d-e1fec9356dd2;0;;;
'2023-11-13';3d725710-5d16-11ec-92a5-d55bf1f546e2;0;;;
'2023-11-13';0a54b9f0-6a65-11ee-bf89-77b46f9d2e7f;0;;;
'2023-11-13';515665d0-68b5-11ee-9f5d-fb3c047209a7;0;;;
'2023-11-13';a86e4c00-63b2-11e9-aa6c-3795c8f95f19;0;;;
'2023-11-13';bd1fb920-2388-11ec-b18e-4700a275e16b;0;;;
'2023-11-13';d5073690-76d7-11ee-86bb-a1068cfdd602;0;;;
'2023-11-13';397fdaf0-34b8-11ec-9b79-0bc2295b5ed8;0;;;
'2023-11-13';d5c42a80-b101-11ed-afea-75f400d4a3ad;0;;;
'2023-11-13';c230e1c0-5ae8-11ee-b386-5de8a6c82938;0;;;
'2023-11-13';e1dcdaa0-51fc-11ee-9635-5d1eaad89030;0;;;
'2023-11-13';d9a53120-5648-11ee-a608-0d3249132a5e;0;;;
'2023-11-13';d16211e0-10e2-11ea-a091-8b5f374162b1;0;;;
'2023-11-13';b91cbb20-db83-11ed-b2fe-e36082a9bff6;0;;;
'2023-11-13';daed2f70-6dcb-11ee-a3ed-85faed8b53a2;0;;;
'2023-11-13';0e25a120-7573-11ee-ab81-0d9ecb8f0609;0;;;
'2023-11-13';d7224ef0-2b3e-11ed-aec3-ddd311fdaf51;0;;;
'2023-11-13';991cf1f0-7eb7-11ee-b2f5-d950aa794664;0;;;
'2023-11-13';9d8e6ee0-48e9-11ec-9ed7-9dad8ce12472;0;;;
'2023-11-13';ea37dbe0-0b19-11ec-9803-ff529780dc0c;0;;;
'2023-11-13';60355210-28de-11eb-aa02-c3649cfe7f71;0;;;
'2023-11-13';289bc360-afde-11ec-a882-df5bc25920ab;0;;;
'2023-11-13';d7fb2a10-32f9-11ec-a696-299c69031487;0;;;
'2023-11-13';1cb792a0-142c-11e9-a8ea-df434196c21e;0;;;
'2023-11-13';b8a22b80-56c2-11e8-b9ae-f5b3fe8881ef;0;;;
'2023-11-13';d7660620-5e6c-11ed-b4ca-9fd1b2002159;0;;;
'2023-11-13';41b27e60-5cef-11ee-a1f6-8f78675c51e6;0;;;
'2023-11-13';f0976000-c768-11ea-aa38-0b146f4a044e;0;;;
'2023-11-13';dea9d400-d805-11eb-900c-b38b424d9453;0;;;
'2023-11-13';c26d3200-5125-11ee-9a0f-c3816d7eb1e0;0;;;
'2023-11-13';290d0520-429a-11ee-8803-1550ce7afdb2;0;;;
'2023-11-13';198d8a50-586d-11ee-96ca-67b84d8a3eba;0;;;
'2023-11-13';d8628fe0-7d14-11ee-8235-97a37f3409f4;0;;;
'2023-11-13';7017a720-2d61-11ee-90ac-75a9a49209d9;0;;;
'2023-11-13';dac363f0-712c-11eb-8fab-71c02a61d0b3;0;;;
'2023-11-13';2f0a6820-1985-11ee-aa32-8bc1afd5ce8e;0;;;
'2023-11-13';e0b79a10-5234-11ee-9d1b-6918a76d6e9b;0;;;
'2023-11-13';11c0a930-acf4-11ed-9fb1-5fbb02c2397b;0;;;
'2023-11-13';151b55f0-8417-11ec-a8e8-23782606c013;0;;;
'2023-11-13';58af5680-58df-11ec-b145-a7577f3da465;0;;;
'2023-11-13';9da404e0-41a7-11ee-8019-6bd6f11f1f97;0;;;
'2023-11-13';9e545010-7e16-11ee-b2b0-831f8b3d4ae0;0;;;
'2023-11-13';b48dd110-04ec-11ee-b834-1982e788b36c;0;;;
'2023-11-13';4cafd660-70f3-11ee-96e5-17ddff515be3;0;;;
'2023-11-13';e14dccd0-5aca-11ee-9836-4742abcf55b6;0;;;
'2023-11-13';b0955a40-bfd5-11ec-b304-5d01fbd69d8c;0;;;
'2023-11-13';005ebfb0-1282-11eb-90a2-a960d07fa591;0;;;
'2023-11-13';be15e530-bc8d-11ed-816a-9730c29b7391;0;;;
'2023-11-13';7cb269b0-f5e3-11ea-9dd4-31c66fbb672d;0;;;
'2023-11-13';4b065740-f8b1-11ed-a0ea-43015548e4d6;0;;;
'2023-11-13';bb77a1c0-0a4a-11ec-acae-85f4c5ca042b;0;;;
'2023-11-13';6e255e80-5ead-11ee-b9ab-514ff5ef01dc;0;;;
'2023-11-13';d94f0b00-4988-11ee-90cb-573c0fdfe79d;0;;;
'2023-11-13';38d27c70-840a-11eb-a430-2f519e1f43ef;0;;;
'2023-11-13';00a77190-7c68-11ed-882c-995e0a8bf029;0;;;
'2023-11-13';0e6aa800-76f5-11ee-8572-efd0656c8abe;0;;;
'2023-11-13';2bd27670-b91f-11eb-be4e-4745f1237f5d;0;;;
'2023-11-13';74b32710-b817-11ed-b0f3-61697d13745c;0;;;
'2023-11-13';e02aa2d0-ea2a-11ed-8260-2da4303d0a76;0;;;
'2023-11-13';c858e090-9098-11ed-b7e1-4120ad641f1d;0;;;
'2023-11-13';42e04cd0-818a-11ee-bfab-0fade111b8f5;0;;;
'2023-11-13';22f02860-ba26-11eb-95b4-9bb66a80a2f5;0;;;
'2023-11-13';08d35bc0-d0da-11ec-bd1e-11aebb7d009c;0;;;
'2023-11-13';ad037630-8edb-11ec-b14e-ad0027903dd7;0;;;
'2023-11-13';df509800-e8e1-11ed-bff7-fff446cf2ada;0;;;
'2023-11-13';5edda700-85b6-11ed-89db-791595c6dafe;0;;;
'2023-11-13';74e2ae80-bfff-11ea-a148-57e8a986b438;0;;;
'2023-11-13';76fda270-e5ad-11ed-ac9e-417b67ea4362;0;;;
'2023-11-13';7ec506a0-3f27-11ee-a87e-431d85c705e5;0;;;
'2023-11-13';74c1a840-5613-11ee-967e-2bec9fcda431;0;;;
'2023-11-13';8373a4c0-5b1f-11eb-976b-2f5849efa7b2;0;;;
'2023-11-13';5f993750-683a-11ea-96c5-0b4aa9599a94;0;;;
'2023-11-13';f36fc7d0-8214-11ee-b3bf-3b7e22faa355;0;;;
'2023-11-13';dfbcb770-4958-11ed-a1f5-4f697baada95;0;;;
'2023-11-13';3d05e520-6ab7-11ee-99f8-79e7a9903764;0;;;
'2023-11-13';6fa46350-572a-11ec-bfe5-9582e798492c;0;;;
'2023-11-13';3ec45d80-2c22-11ed-944e-0bf5ee0674e6;0;;;
'2023-11-13';f3442640-28b7-11ee-8bfc-2f2d398b3974;0;;;
'2023-11-13';69098740-8994-11ec-ab8a-910b1ec86f60;0;;;
'2023-11-13';0b148130-7f92-11ee-9e8c-2dd347df6e50;0;;;
'2023-11-13';3b8bf330-820c-11ee-9785-85ad07c60dd2;0;;;
'2023-11-13';466fbf60-fa36-11ed-a14a-67347299561e;0;;;
'2023-11-13';6f4ba810-5901-11ea-9b53-85a695007b59;0;;;
'2023-11-13';b2be1e20-fafc-11ed-9a9d-b7cfc0948799;0;;;
'2023-11-13';0359b7b0-d877-11e9-b504-7d2eaa863066;0;;;
'2023-11-13';c0a920d0-7c88-11ee-b6cd-7f9c44b3bede;0;;;
'2023-11-13';f7396900-4785-11ec-8aaf-3182e40824ab;0;;;
'2023-11-13';61b38c80-aef9-11ed-a320-f197f6f5b37f;0;;;
'2023-11-13';160fee00-b6d7-11ed-9117-23038039da22;0;;;
'2023-11-13';71ade4e0-f3ea-11ea-8811-35b85ca99cf8;0;;;
'2023-11-13';6aaeefc0-2f76-11ee-ad04-6fe2f46fe6bc;0;;;
'2023-11-13';c473b310-5e9c-11ee-943f-11a9b1a249d2;0;;;
'2023-11-13';2b640450-c1c0-11ed-8dad-0b2fd862ba3d;0;;;
'2023-11-13';669ec7c0-7c6f-11ee-b1fe-9153a0926baa;0;;;
'2023-11-13';08c1e5c0-4807-11ee-90fe-41792bb2c819;0;;;
'2023-11-13';0c97ce60-7103-11ee-b9df-7738e9e57271;0;;;
'2023-11-13';533caae0-5438-11ed-a578-014dc2293f1a;0;;;
'2023-11-13';5549f370-eed4-11ec-844a-37590d323efc;0;;;
'2023-11-13';deab7270-4567-11ee-b3f7-49eb5e759b8e;0;;;
'2023-11-13';53878a10-7af2-11ee-ad5f-dd031c40c386;0;;;
'2023-11-13';31145bd0-ab4e-11ed-bd00-fdde66b73256;0;;;
'2023-11-13';bee38260-77ae-11ee-9e03-19b7cb09f8fa;0;;;
'2023-11-13';c8f8bfa0-80c2-11ee-9c77-254d475428ff;0;;;
'2023-11-13';4c749bc0-1ac6-11ec-b507-6d3180b60d38;0;;;
'2023-11-13';279f54b0-7c73-11ed-9dea-291260eb7d8b;0;;;
'2023-11-13';6abcdda0-b781-11ed-880e-0f44eb1dd736;0;;;
'2023-11-13';480d5b50-7891-11ee-b23f-d5beac5b0f89;0;;;
'2023-11-13';af93f820-382c-11ed-a117-3b30535ae14e;0;;;
'2023-11-13';6332f660-d32f-11eb-88eb-c5cdbbd699ec;0;;;
'2023-11-13';b91494a0-ee32-11e9-92c5-b7dd5733eb60;0;;;
'2023-11-13';9406e7e0-7e2e-11ee-908a-2982c9e35ced;0;;;
'2023-11-13';e2aa48f0-9811-11ed-8e91-45829fd1c2b4;0;;;
'2023-11-13';f2875df0-4179-11ee-9444-c3da1e4b7d08;0;;;
'2023-11-13';b2beaed0-6672-11ee-8d4d-a14385acaab4;0;;;
'2023-11-13';8695b740-31e3-11ee-848d-819c883f7e7d;0;;;
'2023-11-13';13593560-821d-11ee-83a8-8dcc11bc74b4;0;;;
'2023-11-13';29fc9ba0-16b0-11ee-a15b-f5d1bb5307e7;0;;;
'2023-11-13';d0e78190-561c-11ee-9604-61cab66a9198;0;;;
'2023-11-13';887dfa90-a2c4-11ec-ada8-b78007a57161;0;;;
'2023-11-13';480952b0-1c86-11ee-b8c0-2739316f7c37;0;;;
'2023-11-13';942b14b0-3740-11ee-9c50-23d848797bb4;0;;;
'2023-11-13';461c2c30-619b-11ed-b7d9-03a7976cdd4b;0;;;
'2023-11-13';00398b60-bc20-11ed-89ad-9dabec8fb796;0;;;
'2023-11-13';2a6601f0-da4c-11eb-91a9-4d0f343bc699;0;;;
'2023-11-13';cbb2af70-a51a-11eb-bc9a-9b8287359b8f;0;;;
'2023-11-13';de415580-5fbf-11ee-82d1-47522680704d;0;;;
'2023-11-13';14ccb210-3803-11ed-b7f7-03b832d8f9c6;0;;;
'2023-11-13';34804670-5b95-11ed-a84f-ef575c8f954e;0;;;
'2023-11-13';fdb8d8b0-7d66-11ee-a194-a32661f94751;0;;;
'2023-11-13';70b39370-c1bd-11ed-b290-a1a120fcbe4b;0;;;
'2023-11-13';59ef0be0-58b4-11ee-a904-f7b36b4c4eab;0;;;
'2023-11-13';ef72a610-76e5-11ed-afe3-152fbe044967;0;;;
'2023-11-13';b54111b0-8202-11ee-ba6b-0946d7681e69;0;;;
'2023-11-13';af02a890-7e29-11ee-8203-cd315a2e1a83;0;;;
'2023-11-13';ba06b780-48bb-11ed-991d-5b8619d944dc;0;;;
'2023-11-13';77001d20-2677-11e8-8d3c-6b24158d6b30;0;;;
'2023-11-13';8440d590-e6fc-11ea-a842-65029eedd4ca;0;;;
'2023-11-13';655d16c0-afab-11eb-a339-8bb15b1d478d;0;;;
'2023-11-13';373961c0-35df-11ed-8206-bd519374e178;0;;;
'2023-11-13';be20b560-f2c0-11ec-a2f8-a954672d131c;0;;;
'2023-11-13';e1c15380-698e-11ee-aad1-3d54b501aa9e;0;;;
'2023-11-13';191c9110-9087-11ec-ace4-d10f5b687971;0;;;
'2023-11-13';75240e80-e44f-11ed-a951-e539fad9f4b9;0;;;
'2023-11-13';9464b700-b064-11ed-bfde-dd78e8837d29;0;;;
'2023-11-13';f5c917b0-19f6-11ee-9ff9-bb2aeb994a1d;0;;;
'2023-11-13';3c873880-7ded-11ee-b0ce-f9bba974075e;0;;;
'2023-11-13';2924c910-0f36-11ec-8ca7-cd28027e7440;0;;;
'2023-11-13';33f55730-4f40-11eb-bbcc-8ff9da76cf40;0;;;
'2023-11-13';a1ccf390-6e95-11ee-a59e-056d5eb775c2;0;;;
'2023-11-13';fdc08050-39fb-11ee-83f1-131a93e1e5b1;0;;;
'2023-11-13';b4a7ecd0-744a-11ee-a966-a70fa2b1cb8b;0;;;
'2023-11-13';648c2480-c0ab-11ed-9a17-8396e86aa4ff;0;;;
'2023-11-13';cdcfdb30-e957-11eb-ab83-ddcbf56d3e85;0;;;
'2023-11-13';22101090-05e2-11ee-a093-033aa6bb674c;0;;;
'2023-11-13';ed814c00-223c-11ee-b892-13192efe75f9;0;;;
'2023-11-13';08a8b590-cea6-11ec-bf64-95f41d7673fb;0;;;
'2023-11-13';dcb922f0-61f0-11ee-8c03-2deb997c6e4f;0;;;
'2023-11-13';d3935090-8222-11ee-a839-4fba0f7b49d9;0;;;
'2023-11-13';4c042230-2b88-11ee-bdf7-6906aef4394c;0;;;
'2023-11-13';f165b8c0-bffd-11ed-b68b-cb215499e0ad;0;;;
'2023-11-13';c9e98950-7ab8-11ed-b207-b9bc134d0d65;0;;;
'2023-11-13';91c4ef20-3beb-11ee-ac75-a3300f1b00f0;0;;;
'2023-11-13';ef609f50-0684-11ed-9ca0-f3eca5e64f25;0;;;
'2023-11-13';00ca2a50-a518-11ec-adf1-d3d8949cd1bb;0;;;
'2023-11-13';fcdeee90-79a4-11ee-a91d-99e785e1452f;0;;;
'2023-11-13';679cf1a0-49f4-11ed-9ceb-d17b883f8cc3;0;;;
'2023-11-13';2eaf8570-2f53-11ee-90d0-95b59b0fa3f5;0;;;
'2023-11-13';ccf1b180-47d2-11ee-8d0b-7dee74962c28;0;;;
'2023-11-13';c20da6b0-869f-11ed-856b-552ee580d74a;0;;;
'2023-11-13';2d48ad60-e878-11ec-89e6-f50bb0107659;0;;;
'2023-11-13';fdc82db0-7fa5-11ee-a050-7f30d58e8aa2;0;;;
'2023-11-13';070c6bf0-6824-11ee-9a79-cf2b93166549;0;;;
'2023-11-13';eee91bd0-2b70-11ee-b7fe-496ab46d5a9a;0;;;
'2023-11-13';9d01a210-2671-11e8-92f4-65a7e7cd4ad4;0;;;
'2023-11-13';3ec34b00-fc1d-11ec-8c2b-a7c42781e7e7;0;;;
'2023-11-13';88ff2e40-454c-11ee-9116-d5ef5942770b;0;;;
'2023-11-13';3a8fc3b0-557c-11ee-9343-b31e3ab30159;0;;;
'2023-11-13';4abe8b10-715e-11ee-abb2-b3eb1a4b6a07;0;;;
'2023-11-13';04a6ec00-7b03-11ed-b2f4-ef0f89c44325;0;;;
'2023-11-13';311f7c30-16b6-11ee-bc59-d9805df1360c;0;;;
'2023-11-13';e679f6c0-7d03-11ed-83df-d3809e4b153d;0;;;
'2023-11-13';e593c0b0-7eb5-11ee-8c47-b1fbf2a7dce0;0;;;
'2023-11-13';d89defd0-7c93-11ee-b494-ad3808dea606;0;;;
'2023-11-13';eac394a0-67e2-11ee-8b31-1fd51f308c89;0;;;
'2023-11-13';57c8c940-60f3-11ee-be2e-79588e48dd15;0;;;
'2023-11-13';823fa620-6a63-11ee-a621-53985e61effe;0;;;
'2023-11-13';97ead230-21ff-11ee-8498-3f2560560247;0;;;
'2023-11-13';c44efdd0-2bdd-11eb-a6a8-374e84e5cb57;0;;;
'2023-11-13';95ebd870-2953-11ee-88e5-57e0106319cb;0;;;
'2023-11-13';8380b140-9341-11ed-9810-87420a46fe8b;0;;;
'2023-11-13';1bdc8f50-822e-11ee-b9ad-2b322249efb3;0;;;
'2023-11-13';580b1600-5aeb-11ee-a31a-718c9cb74cd4;0;;;
'2023-11-13';425f5490-6510-11ee-bc9b-c79e712f19a9;0;;;
'2023-11-13';4de341e0-6340-11ee-a3c7-313a824b4975;0;;;
'2023-11-13';d1cc5080-6829-11ee-8aa3-3d2a71afccad;0;;;
'2023-11-13';7e494e20-3271-11ed-946e-d7c82c1c13ae;0;;;
'2023-11-13';7a3898f0-5c2c-11ee-8bd4-3bb5d20d9ca0;0;;;
'2023-11-13';22789940-7956-11ec-b3ac-e1d07d943ada;0;;;
'2023-11-13';9e71c280-19f9-11ed-9bc9-8f173657187d;0;;;
'2023-11-13';69211710-c612-11ec-a993-b35eed708481;0;;;
'2023-11-13';474218c0-1fc0-11ee-9277-c71cabf691c3;0;;;
'2023-11-13';b1f48aa0-4fc1-11ee-bf9a-1d4656b9541a;0;;;
'2023-11-13';110b2320-4dd8-11ec-b91d-e17ea5d2f6d3;0;;;
'2023-11-13';bd7faf90-32ea-11eb-b5e1-8b401b78b276;0;;;
'2023-11-13';f50658b0-61db-11ee-af07-e1cd75f5ab05;0;;;
'2023-11-13';5f53de40-d41f-11ed-abc9-e395eb253d81;0;;;
'2023-11-13';68e5bed0-8183-11ee-a582-b70cc6b2d57a;0;;;
'2023-11-13';6c3b5da0-57ae-11ee-8354-d77ee1a0b9a0;0;;;
'2023-11-13';92bae100-817d-11ee-9213-b9c18ccb264f;0;;;
'2023-11-13';48d21a70-821f-11ee-94cc-93e3e1db0497;0;;;
'2023-11-13';ed1be950-e83a-11ed-9360-37da3f957511;0;;;
'2023-11-13';79bedff0-4ffb-11eb-af7c-350316180a48;0;;;
'2023-11-13';c7a2a740-7e28-11ec-91e0-9d5062ed501b;0;;;
'2023-11-13';e4e718a0-f0fb-11eb-8d45-432b4d19022a;0;;;
'2023-11-13';681908c0-4082-11ec-977d-59d90fc925c1;0;;;
'2023-11-13';cb6907e0-4891-11ee-b541-098293c918f6;0;;;
'2023-11-13';b44a5690-4c53-11ec-862d-e5d15938cf5a;0;;;
'2023-11-13';c9b469a0-81e2-11ee-9150-d71029e584ce;0;;;
'2023-11-13';2a872270-77d6-11ee-910f-8ffbb53dae26;0;;;
'2023-11-13';048fd210-8cf2-11ea-b30c-819ea46d5b8c;0;;;
'2023-11-13';6407adc0-71dd-11ee-8dfc-25340a5abfbc;0;;;
'2023-11-13';362356b0-820f-11ee-9b97-1f7f74698b0b;0;;;
'2023-11-13';50a2a430-b3c8-11ec-a31c-9321469530ad;0;;;
'2023-11-13';04aa4b00-7d57-11ee-ab09-15405c574e24;0;;;
'2023-11-13';2da88de0-7f01-11ee-aaa7-c19a087f447c;0;;;
'2023-11-13';7934c600-6e1e-11ee-9e79-25f6a303b552;0;;;
'2023-11-13';557e2960-7be9-11eb-9af0-53c356a4eb1a;0;;;
'2023-11-13';3efd24f0-81e7-11ee-b528-bf134a51af62;0;;;
'2023-11-13';3e962930-6400-11ee-9b99-638a5af6a6eb;0;;;
'2023-11-13';7222b130-269c-11e8-bb4b-a36ae7d0938b;0;;;
'2023-11-13';fd4cb7c0-6612-11eb-97ee-5db44afc6f77;0;;;
'2023-11-13';0684be60-f7ca-11ec-8359-9fcf1c8f718a;0;;;
'2023-11-13';5f95b3f0-6403-11ee-a947-d7e42f925c95;0;;;
'2023-11-13';940d52c0-7fea-11ee-8cdd-c531869b4da4;0;;;
'2023-11-13';a05ca900-717a-11ee-9d64-e7ef46b569ef;0;;;
'2023-11-13';a5f4fc40-3517-11ee-838e-e51c7695bc85;0;;;
'2023-11-13';119473c0-9cc7-11ed-aa4f-3377a204a16b;0;;;
'2023-11-13';1da90f60-8d58-11ec-8446-41eb5caac821;0;;;
'2023-11-13';0176d5d0-eff3-11ed-8ea5-5f4c473eaf0a;0;;;
'2023-11-13';0c564110-2f3d-11e8-86fe-192b553f9733;0;;;
'2023-11-13';992701c0-1735-11ee-ad5d-1bef77e372cd;0;;;
'2023-11-13';83dc6ec0-5dec-11ed-a7f8-43cd2dca137b;0;;;
'2023-11-13';961f4f00-faaa-11ea-82d5-f1e3bddb7f7c;0;;;
'2023-11-13';ec2530d0-eaf9-11ed-8633-41d5bf1dd80d;0;;;
'2023-11-13';c6f23560-515b-11ee-8a4c-cb1e90b4915a;0;;;
'2023-11-13';06156c60-564a-11ee-9e42-b3913ca46edc;0;;;
'2023-11-13';d6867650-2c56-11ee-9dd0-fd921a55214e;0;;;
'2023-11-13';e9394e30-9c5a-11ed-b8fa-d77392adceaf;0;;;
'2023-11-13';38745000-7c87-11ee-bff4-f31e650bae05;0;;;
'2023-11-13';5e45a6b0-0f1b-11ed-8f8f-e7057cff0cb2;0;;;
'2023-11-13';96e70a60-47e9-11ee-964e-c94b1b46ac53;0;;;
'2023-11-13';e7e25f50-40c9-11ed-a6cc-1982ba349f55;0;;;
'2023-11-13';78e674f0-8214-11ee-9a95-4f8b8511fedd;0;;;
'2023-11-13';b1c90ad0-9174-11ed-973f-d9c0d2c30895;0;;;
'2023-11-13';718ef8a0-1e21-11e9-ba7f-639f3b9a8466;0;;;
'2023-11-13';328d1c30-8141-11ee-8f37-59e6179fd5b0;0;;;
'2023-11-13';bf1041c0-a486-11ed-bd97-e5359bb4d375;0;;;
'2023-11-13';71e9e640-d60b-11ea-93ae-4d37c0232071;0;;;
'2023-11-13';3db5def0-5755-11ee-ae76-279051658c1b;0;;;
'2023-11-13';dd2ffdf0-2671-11e8-b53c-c18ebfb7a046;0;;;
'2023-11-13';f65363c0-0724-11ec-bd81-49e1f86f6eaa;0;;;
'2023-11-13';197b5440-51fe-11ee-be2f-8db71362e005;0;;;
'2023-11-13';883fe6f0-b2b7-11ea-9a9c-fdcc6a097aff;0;;;
'2023-11-13';42b69040-97e0-11e9-9225-bff8ae1f87f7;0;;;
'2023-11-13';bb087120-7dfb-11ee-87b0-61a7b81fdb63;0;;;
'2023-11-13';ee4fd9c0-b57e-11ec-8ef1-e763c87d7838;0;;;
'2023-11-13';ec944420-8248-11ee-b647-f54f8dc89351;0;;;
'2023-11-13';f6cd42f0-81cd-11ee-8c92-cfaf4f552344;0;;;
'2023-11-13';fa04c580-9d85-11eb-b366-5bf28c116536;0;;;
'2023-11-13';ce145430-2e33-11ea-bd06-f3e06f7024be;0;;;
'2023-11-13';548e6740-50b7-11ee-8f20-6d95d03bf09a;0;;;
'2023-11-13';6821b6b0-b633-11ec-a133-33dd7f11b118;0;;;
'2023-11-13';50573c90-9412-11ed-bab8-b5c12273e1c5;0;;;
'2023-11-13';b3913ed0-8202-11ee-b881-e3b77e5c040a;0;;;
'2023-11-13';f3b05090-6386-11ee-b738-411998dddbba;0;;;
'2023-11-13';bd6af2b0-1633-11ee-bd50-6def4a4b0398;0;;;
'2023-11-13';00bba140-f587-11ed-8bc0-eb1aead8ceaf;0;;;
'2023-11-13';d8d590d0-d28d-11ed-a57d-0b22774f26fd;0;;;
'2023-11-13';c2aec470-9d63-11ed-b4c2-039bf3d2679a;0;;;
'2023-11-13';090dd4f0-715e-11ee-95ba-af3da24eb125;0;;;
'2023-11-13';e8678560-4305-11ee-961f-956a0d4c4678;0;;;
'2023-11-13';329f1420-6743-11ee-9a6b-413a7f65a248;0;;;
'2023-11-13';aa687b50-57f9-11ec-8daa-e56655ea343f;0;;;
'2023-11-13';443cc080-214b-11ee-b198-4fddd179d52a;0;;;
'2023-11-13';10923af0-10c3-11ee-9d93-c7331a233ca5;0;;;
'2023-11-13';bc38dc50-6448-11ee-86ff-3164fdcfe050;0;;;
'2023-11-13';bfb84fc0-b958-11eb-b3b5-714825858d67;0;;;
'2023-11-13';ce8a3680-0196-11ed-981f-dfd23e80faf6;0;;;
'2023-11-13';f0261ff0-65c0-11ed-b8ec-79c229c6a66c;0;;;
'2023-11-13';8c1900c0-18ff-11ee-b3c8-89750e6b01d2;0;;;
'2023-11-13';2bf44560-634a-11ea-ba91-bbf1a9c101ff;0;;;
'2023-11-13';ca847a80-7d66-11ee-b0bc-2710d412ced6;0;;;
'2023-11-13';99d20780-81e0-11ee-ad26-f95f3077ac25;0;;;
'2023-11-13';40db92d0-4005-11ee-9834-c3c3f51e9d0b;0;;;
'2023-11-13';5f58c470-2450-11ed-8855-659049a85b12;0;;;
'2023-11-13';a7e208c0-c746-11ed-ad83-f3a9ba1fd18a;0;;;
'2023-11-13';1408b3b0-b463-11ed-8268-87fe7b590bc2;0;;;
'2023-11-13';5e3a4c80-556c-11eb-a503-8fb56e9680fd;0;;;
'2023-11-13';11c672c0-c54b-11ec-aede-ad7f7a9297be;0;;;
'2023-11-13';f09a5ce0-ec6d-11ea-87a9-ef965f094656;0;;;
'2023-11-13';1559c0f0-af20-11eb-941f-457e68285bd9;0;;;
'2023-11-13';5a658050-0c93-11ec-ab65-cb67d5fe8127;0;;;
'2023-11-13';37346470-1ac6-11ec-98f9-e912f416724e;1;;;
'2023-11-13';e8975ce0-2e4f-11eb-92b4-dbbfe0532c6e;1;;;
'2023-11-13';f67f43c0-b05f-11ec-b910-cbb0b23ba974;1;;;
'2023-11-13';424d1220-63bd-11ee-bf5c-2915cf679904;1;;;
'2023-11-13';4bf71620-ebf2-11ec-b444-07a501e96ff6;1;;;
'2023-11-13';00c32be0-baae-11ed-8ea5-a38625aae9b4;1;;;
'2023-11-13';38273ba0-81d0-11ee-b908-0f19795613b2;1;;;
'2023-11-13';53e23290-7d76-11ee-b7fc-555902481ffd;1;;;
'2023-11-13';4c74dbc0-2494-11ed-a524-e5c8fdfa1659;1;;;
'2023-11-13';cea01360-fae7-11ed-8723-2909bffa50a5;1;;;
'2023-11-13';6d25a680-7c61-11ee-b709-4fd3d26fd1af;1;;;
'2023-11-13';6663f4a0-08df-11ee-81cb-8be2005d9c9c;1;;;
'2023-11-13';3693bed0-81da-11ee-83a2-07064ac65f8a;1;;;
'2023-11-13';4cedb770-1174-11ee-b5d1-5190f485ef48;1;;;
'2023-11-13';5aeab5d0-7704-11ee-8b55-bb8a98d90e90;1;;;
'2023-11-13';ddef2360-3147-11ee-9b78-edbe9e3bbef3;1;;;
'2023-11-13';609db050-7e29-11ee-978b-fd4657345088;1;;;
'2023-11-13';015e7040-6e41-11ee-b1dc-6119ce6cae0b;1;;;
'2023-11-13';1f8ba1c0-1aed-11ee-8d66-8f0521673ea6;1;;;
'2023-11-13';28a70d20-916e-11ed-b4cc-134d52c5124a;1;;;
'2023-11-13';987a1860-043f-11e9-b29a-657a90787be9;1;;;
'2023-11-13';6743cfe0-3048-11ee-b220-791bbb201f29;1;;;
'2023-11-13';e2862ff0-2201-11ed-87cc-abce8777f441;1;;;
'2023-11-13';c1a28c20-ba1f-11eb-98a9-ffa5882c14df;1;;;
'2023-11-13';a32784b0-81d4-11ee-a933-8d0143ed00b4;1;;;
'2023-11-13';ec81ba10-0722-11ec-8bf6-e3167904ebd3;1;;;
'2023-11-13';53180ba0-468a-11ee-9ac5-7bbaf6e4289a;1;;;
'2023-11-13';b23d8d40-260e-11ee-a6b5-77bde00d412b;1;;;
'2023-11-13';e9e87970-683b-11ee-9a01-ebe9a7ac0e13;1;;;
'2023-11-13';4bd97800-270f-11ee-9573-87f3c31eb515;1;;;
'2023-11-13';dfd28e40-3564-11e8-90ef-29a56fdbcd4d;1;;;
'2023-11-13';e0acf180-6073-11ee-b76b-df82c49c585e;1;;;
'2023-11-13';e08e20c0-7a4f-11ee-b245-330a4518fa71;1;;;
'2023-11-13';82d27e80-448b-11ee-90cd-538c962db324;1;;;
'2023-11-13';80049fe0-9d73-11ed-b238-7943571b17a9;1;;;
'2023-11-13';96a10ba0-31e2-11ed-baf8-5b2438f16c7e;1;;;
'2023-11-13';88591d60-acf5-11ed-9ff5-d971c89ebaac;1;;;
'2023-11-13';7d39f780-d2c3-11ed-9c58-a332570b451d;1;;;
'2023-11-13';c6ffe040-64ff-11ee-b739-917c20951f92;1;;;
'2023-11-13';9a1bb5a0-2670-11e8-bfc6-df51f8419a76;1;;;
'2023-11-13';77bfa0b0-4425-11ee-afee-1bf80aa57045;1;;;
'2023-11-13';77b61800-d1aa-11eb-a78f-99557b0657db;1;;;
'2023-11-13';d7027f60-8a73-11ec-b5f2-c9a98f660e75;1;;;
'2023-11-13';abcb7360-c492-11ed-903d-8f88c32aba88;1;;;
'2023-11-13';7b293560-8bf5-11ed-a8b5-8971a181d712;1;;;
'2023-11-13';1f3c6290-3834-11ee-a224-f71005c0db0a;1;;;
'2023-11-13';0fd0e7c0-2922-11ee-8211-f399b92b8525;1;;;
'2023-11-13';c10c3b00-cba5-11ed-b79c-315b473f5fe7;1;;;
'2023-11-13';bfec2190-7244-11ee-a63b-7b6801fba1a9;1;;;
'2023-11-13';61adaa40-0b29-11ee-86e5-e9d6363b32fa;1;;;
'2023-11-13';b09c1ef0-faf0-11ed-a355-f13440dde293;1;;;
'2023-11-13';9d657c50-6965-11ec-a4a9-912dae094ad1;1;;;
'2023-11-13';e247acc0-1c7a-11ee-bda5-8961e2ebcb05;1;;;
'2023-11-13';4fe65510-7ef0-11ee-914e-8bc55df746d7;1;;;
'2023-11-13';14e106b0-e123-11ed-85de-81596f74af19;1;;;
'2023-11-13';2c4ca150-b4b2-11eb-bceb-c907bb5088fb;1;;;
'2023-11-13';db26e4b0-f588-11ed-a8ca-71e5c8648649;1;;;
'2023-11-13';47c95f60-db9d-11eb-a70d-adf0d6378f86;1;;;
'2023-11-13';eb8c0040-c023-11e9-8c44-1bbbbcd7c7af;1;;;
'2023-11-13';a315d110-a5d0-11ed-b8df-d5ae0d370852;1;;;
'2023-11-13';9801ace0-a6ed-11ed-9d0e-4907b16db0f7;1;;;
'2023-11-13';d1c0b340-7f8c-11ee-b01b-bbb6572a253e;1;;;
'2023-11-13';0d7460f0-34e5-11ee-b176-d12671d3ad6a;1;;;
'2023-11-13';feefcff0-8175-11ee-9c84-0f1a66c122b1;1;;;
'2023-11-13';b0c4b750-4353-11ea-b71d-9325d41eec6a;1;;;
'2023-11-13';7432e020-81e1-11ee-a051-cdbb3be609b6;1;;;
'2023-11-13';f9c53570-9f94-11ec-8730-a55ca8d2fabe;1;;;
'2023-11-13';fc825680-6275-11ee-a126-ff40476b8939;1;;;
'2023-11-13';97f2b2a0-8200-11ee-8c66-93aa07d9a2ab;1;;;
'2023-11-13';8f85d970-e183-11e9-bac7-99e9f956b230;1;;;
'2023-11-13';cf663520-10d2-11ea-ac1d-5de874b1ee74;1;;;
'2023-11-13';7422d5f0-4559-11ee-8887-55aa3a8ef55d;1;;;
'2023-11-13';1b4d8e70-baa1-11ea-a3b0-ad9b975d5fe0;1;;;
'2023-11-13';fd00a680-81eb-11ee-938a-df8905d7fdc6;1;;;
'2023-11-13';b102e250-b46b-11ed-9e46-b1e2925e9c5c;1;;;
'2023-11-13';06784370-60eb-11ee-996e-c55f541c5c22;1;;;
'2023-11-13';68029c70-b724-11ec-a158-8f4165382316;1;;;
'2023-11-13';ad7f78c0-1852-11ec-aef1-dbdeefe77f33;1;;;
'2023-11-13';f30e5c70-337c-11ee-ace1-3bd82e738a77;1;;;
'2023-11-13';dea12cb0-2f83-11ee-8873-799208d195b5;1;;;
'2023-11-13';dba24cc0-47ba-11ee-acd2-4b7d0b980f26;1;;;
'2023-11-13';1a61ed80-823f-11ee-b5e6-7777b78e08f0;1;;;
'2023-11-13';c505a1b0-4233-11ee-ac34-89eaa9476a64;1;;;
'2023-11-13';87590de0-81dd-11ee-88e3-df2845c795d7;1;;;
'2023-11-13';339ff8f0-5c38-11ee-83e3-030b54ab2ead;1;;;
'2023-11-13';b5dd4350-7d17-11ed-b777-db7c4dd0f97a;1;;;
'2023-11-13';81760d80-5522-11ed-9db6-4be11884d44f;1;;;
'2023-11-13';df3bceb0-5e99-11ee-88e1-9ba78e205adb;1;;;
'2023-11-13';d7d300b0-3821-11ee-a4fe-8fce7922fa62;1;;;
'2023-11-13';c14bf210-ec88-11ec-9b58-a97dbd538fb9;1;;;
'2023-11-13';fda734c0-0364-11ed-b7db-1911160c2710;1;;;
'2023-11-13';a5f920b0-68b9-11ee-a1e7-0fc2123c04d3;1;;;
'2023-11-13';5b6e24c0-12e1-11ed-bb7a-819582b3bcb0;1;;;
'2023-11-13';8095bc70-0eaa-11ee-9a12-935e6ff83431;1;;;
'2023-11-13';2b4164e0-cdb6-11eb-a82a-3f23ca40e8ab;1;;;
'2023-11-13';37b6f3b0-7495-11ee-8be1-85d7071ff3f5;1;;;
'2023-11-13';4a2c70c0-8213-11ee-bbf1-7b6dd072cfaa;1;;;
'2023-11-13';721943a0-995d-11ed-b7c8-dfdca2a50f52;1;;;
'2023-11-13';890c45d0-7efd-11ea-a56c-2d7aae197a8b;1;;;
'2023-11-13';af99deb0-7be8-11ee-8a12-a5c8acd7d774;1;;;
'2023-11-13';c305d4a0-a915-11ed-94f7-d9cc05d27ce1;1;;;
'2023-11-13';b6b0ae80-e265-11ed-9ccc-4fec7f32ddfe;1;;;
'2023-11-13';8a9441e0-5304-11ed-9690-6f8e93489711;1;;;
'2023-11-13';9f6e07b0-c37d-11ed-807c-4f1763a9d08a;1;;;
'2023-11-13';9bf86b60-bb41-11ec-afcb-f90acb5011da;1;;;
'2023-11-13';b1de8170-5e99-11ed-b9ef-2b7d8c4da9f3;1;;;
'2023-11-13';687339b0-549b-11ee-bae8-8b7a04a5bb59;1;;;
'2023-11-13';db0fa0d0-f875-11ed-b396-0f9c6f97c435;1;;;
'2023-11-13';f7662ee0-22a5-11ec-8160-0d3fd119ed49;1;;;
'2023-11-13';51c2c5c0-f602-11ed-93b1-ef731aa119e7;1;;;
'2023-11-13';390074a0-6b7c-11eb-8ef9-73f675c1c29c;1;;;
'2023-11-13';d14fd7c0-5f17-11ec-bbb6-499c26bd2da2;1;;;
'2023-11-13';e253ad90-6f22-11ee-a197-bb8297171c91;1;;;
'2023-11-13';b1678b10-f97e-11ea-a664-63c2b710d406;1;;;
'2023-11-13';5b641fe0-e5c1-11ec-8cf9-09f4936236ef;1;;;
'2023-11-13';b691c7e0-7f81-11ee-9080-6d8604be1b10;1;;;
'2023-11-13';8547c4a0-81de-11ee-8665-1f86cc80f3e6;1;;;
'2023-11-13';26b74bc0-7f97-11ee-9c57-8ff52b96063f;1;;;
'2023-11-13';0d0a4c80-74b7-11ee-8951-b730d3a131d2;1;;;
'2023-11-13';f3aeb1c0-77f1-11ee-9d52-d72317ee723e;1;;;
'2023-11-13';8aca5ab0-4c2d-11ed-ba4f-3339b0969613;1;;;
'2023-11-13';7c174d50-fd47-11ec-b3a2-d76258c674ee;1;;;
'2023-11-13';a1b65760-7789-11ed-95c0-235bff74b1bd;1;;;
'2023-11-13';5e4f8120-9f20-11ea-95a0-856084d6f360;1;;;
'2023-11-13';1da4b160-159f-11ee-a47a-05bf0aa9665f;1;;;
'2023-11-13';cbfd1d70-aeb5-11ed-b277-192553cd6c9f;1;;;
'2023-11-13';6ba2e370-1cf0-11ee-9303-13199d0b58c5;1;;;
'2023-11-13';b9e6c290-cd83-11eb-8c20-33f34c371fbf;1;;;
'2023-11-13';77d26ec0-9a8c-11ea-a2fd-3d9ff5d8d5c2;2;;;
'2023-11-13';2418ed40-e322-11ed-a3c3-39019ef4fa21;2;;;
'2023-11-13';caa524f0-f3c9-11ed-85ac-3ddcab99fad3;2;;;
'2023-11-13';42574c50-e4be-11ed-8be5-91dd0ec5cc9c;2;;;
'2023-11-13';02a6a090-6652-11ee-9586-e5eb3b3de661;2;;;
'2023-11-13';4ed09280-3db9-11ee-939a-5b4439777233;2;;;
'2023-11-13';d6ebc9b0-dac6-11ed-8b15-7f00f78a4888;2;;;
'2023-11-13';27bcbb20-5101-11ec-891e-9b7b6489f94e;2;;;
'2023-11-13';659653f0-56c9-11ee-a851-55239a1bd78c;2;;;
'2023-11-13';3da4b2e0-f9c9-11ed-a89d-f92e57a11b82;2;;;
'2023-11-13';45152830-f10f-11eb-94d2-3b1b0d61e40d;2;;;
'2023-11-13';05ad1e80-7945-11ee-8328-7dddc3358f93;2;;;
'2023-11-13';02a1d900-a64c-11ed-a3c5-4da84c18504e;2;;;
'2023-11-13';1d1d0590-2c6e-11ee-89bc-57ca4e0a6d04;2;;;
'2023-11-13';595c21a0-c920-11ed-a8f1-a7ac79d09f67;2;;;
'2023-11-13';52264f60-181e-11eb-affc-6f8ace5a5268;2;;;
'2023-11-13';369bb660-627a-11ed-9783-415677af7f4a;2;;;
'2023-11-13';42f1a1d0-8151-11ee-bae8-8b76e9329d89;2;;;
'2023-11-13';e6df3950-695c-11ed-a7e9-cf336c0b4975;2;;;
'2023-11-13';a5ad2250-fb86-11ed-9389-fb3ae8cc6873;2;;;
'2023-11-13';826d9470-6925-11ee-b128-59d24bb83ac7;2;;;
'2023-11-13';0cec3930-3cbc-11ee-9bec-2317dd92f7e7;2;;;
'2023-11-13';0ab697c0-ab98-11ec-a64a-2156c6248c1b;2;;;
'2023-11-13';0ff969e0-93de-11ed-b7e3-25b6974d03e8;2;;;
'2023-11-13';7a2b9ca0-78f2-11ec-9aa1-85872a83291e;2;;;
'2023-11-13';3248b330-1f1d-11eb-b0e1-474294dd53b3;2;;;
'2023-11-13';c89ca050-a691-11ed-ac27-eb96d3d277c6;2;;;
'2023-11-13';a3571100-31c3-11ee-814a-7d416b5c6a38;2;;;
'2023-11-13';2edf6720-55f7-11ee-b738-9bfc20b487c6;2;;;
'2023-11-13';510bba50-5c56-11ee-bcee-c9f46ad93bee;2;;;
'2023-11-13';426c0c10-2670-11e8-952c-5397ebbba8bb;2;;;
'2023-11-13';34061640-095f-11ec-8e63-4b3c41117f08;2;;;
'2023-11-13';bfbfdb80-266e-11e8-ab85-0f16b71fdeec;2;;;
'2023-11-13';1297a180-689f-11ee-83db-693882983005;2;;;
'2023-11-13';62480b80-7221-11ee-afa6-5d251983dd30;2;;;
'2023-11-13';07008890-ea42-11ed-9a53-0f6e03e3ccf8;2;;;
'2023-11-13';c2bb7050-c085-11ec-a6d6-05fa39c0b5d0;2;;;
'2023-11-13';c0591830-0118-11ec-842a-05afb4ef64a0;2;;;
'2023-11-13';2809fbe0-6cfe-11ee-9cf1-9f839b808b64;2;;;
'2023-11-13';9ddda6e0-1412-11ee-8d7e-0594fc8b8a60;2;;;
'2023-11-13';3d34d200-6651-11ee-bb42-879a73c6e773;2;;;
'2023-11-13';43a7fda0-69a4-11ee-9df6-939923a38d51;2;;;
'2023-11-13';f620d8c0-f3a3-11ed-8fe3-a3b441e03faa;2;;;
'2023-11-13';bd955030-b503-11ea-b6f3-fba4ff5122e6;2;;;
'2023-11-13';28366360-ef18-11ed-b830-c7d4cc6da48f;2;;;
'2023-11-13';bd27f410-d6aa-11ed-b10e-ff3b2a9f7a5a;2;;;
'2023-11-13';9f8e3380-c857-11ed-84d1-c9f435ee51cd;2;;;
'2023-11-13';f136c220-60cd-11e8-8ebd-45fc1d9c550a;2;;;
'2023-11-13';e272c0a0-007c-11ee-80cb-2d8486c656e2;2;;;
'2023-11-13';8a45d150-cadc-11ec-91b0-45d5da48b7f1;2;;;
'2023-11-13';47d74d70-8224-11ee-910e-d7383a9c6fea;2;;;
'2023-11-13';083c1a60-ea85-11ed-bc55-af3584f79c31;2;;;
'2023-11-13';d4634e60-c2e5-11ec-8d98-55a7b6fe357d;3;;;
'2023-11-13';6ff64ff0-c739-11ed-b55b-2d1221318693;3;;;
'2023-11-13';17a48cf0-7fa7-11ee-9bd9-dba9f1dd6ef4;3;;;
'2023-11-13';f09efc10-013c-11ed-82ff-dd3bbc9b8006;3;;;
'2023-11-13';07b72fd0-9b9d-11ed-b7f1-ad5503750a0d;3;;;
'2023-11-13';b1388660-c79c-11ec-8e2a-4b23ad5c4d11;3;;;
'2023-11-13';0208e7b0-68c8-11ee-9bc4-59233d326e23;3;;;
'2023-11-13';007a83a0-511b-11ee-baa2-efae3ab8a7ea;3;;;
'2023-11-13';c7ce4660-7990-11ee-98c9-19fc457d7760;3;;;
'2023-11-13';ec827590-bb97-11ea-ad9a-ff887af5bee7;3;;;
'2023-11-13';2d3755d0-3fe3-11ec-9bd5-55e2e6e796d0;3;;;
'2023-11-13';c62be960-7e64-11ee-9ec3-d3fce62405ab;3;;;
'2023-11-13';e4b39950-76f3-11ee-a76c-337f1b3c3c4d;3;;;
'2023-11-13';0f93f2a0-095f-11ec-acf6-93af4540e368;3;;;
'2023-11-13';f1b1d3e0-5a9a-11ed-9bc9-8f1cf05ea07d;3;;;
'2023-11-13';a2bc6340-e064-11ed-84a1-1951054b9c93;3;;;
'2023-11-13';77c14e90-35a4-11ee-a82b-91e23bb8b131;3;;;
'2023-11-13';f8b3d780-8170-11ee-92f8-2b496e82aac4;3;;;
'2023-11-13';438855d0-67d7-11eb-ba32-55dcd093b535;3;;;
'2023-11-13';1630ded0-b33a-11ed-9b71-b3b5697b29f6;3;;;
'2023-11-13';65a76ce0-93ce-11ec-b4a5-99d500c079e4;3;;;
'2023-11-13';c6d9df70-56b5-11ed-9474-475865b6547c;3;;;
'2023-11-13';0031c230-5a83-11ed-b044-2537b3c5e956;3;;;
'2023-11-13';b4acb000-81f9-11ee-b991-81838299985b;3;;;
'2023-11-13';3b4e0700-81e4-11ee-bef5-f1f4aafacbab;3;;;
'2023-11-13';f4c86840-251c-11ed-942b-0da5406e8edb;3;;;
'2023-11-13';185f2f30-927a-11ed-bdb1-6b88d94025e0;3;;;
'2023-11-13';be447250-21d9-11ed-8b0d-59174ad7efb4;3;;;
'2023-11-13';71aa0370-bc01-11ed-b475-112ce88e695c;3;;;
'2023-11-13';2442c3f0-a371-11ec-88d5-1798e4119bc7;3;;;
'2023-11-13';9ea21d90-266f-11e8-bdcc-8bfb8cd4ee41;3;;;
'2023-11-13';36dec390-e7f3-11eb-8e18-27db60c274f3;4;;;
'2023-11-13';4d07c180-644f-11eb-879c-b7c02edf4f37;4;;;
'2023-11-13';c261f230-1807-11ed-a049-f1d566687b36;4;;;
'2023-11-13';c82de980-0ef2-11ed-b678-a752ad9d0f5d;4;;;
'2023-11-13';00302bc0-56cf-11ee-92be-fd7b0d617e4e;4;;;
'2023-11-13';8f0a6d60-62d7-11ee-a7e5-7552154dd601;4;;;
'2023-11-13';2af1b840-6397-11ee-82df-99d88cefe653;4;;;
'2023-11-13';a1b5fc40-d74f-11ed-bbb1-bbf6f5f07761;4;;;
'2023-11-13';893f8fc0-60d8-11ed-93ac-bdc11d75942e;4;;;
'2023-11-13';e2444b40-9533-11ec-8b01-5f754ff2f423;4;;;
'2023-11-13';5f57f7a0-2d44-11ed-9e3a-d1e5100235ee;4;;;
'2023-11-13';0020a4c0-7402-11ee-b7d6-418bdd68d3fb;4;;;
'2023-11-13';22f53600-dd49-11ed-9ecf-6b373fb491d5;4;;;
'2023-11-13';4c36f810-196b-11ee-b04a-d95f5c6b4c7f;4;;;
'2023-11-13';6b7cb6f0-c3d1-11ed-afd4-47ab15a9bd9f;4;;;
'2023-11-13';fae8adc0-6ede-11eb-9e19-47088db49aac;4;;;
'2023-11-13';ba11f3a0-54b0-11ee-9d6c-819adef067fe;4;;;
'2023-11-13';5906bfa0-511d-11ee-9520-57772194dda1;4;;;
'2023-11-13';30430f60-432b-11ee-b55c-e9ffb31188a5;4;;;
'2023-11-13';4d38f3d0-d412-11eb-bb62-cf30999db924;4;;;
'2023-11-13';adbdffd0-f5b4-11ea-9ba2-c9a2de53aa70;4;;;
'2023-11-13';81c318b0-3f59-11ee-9d2c-f3f3f0e8b4bc;4;;;
'2023-11-13';bca39490-6683-11ee-992d-69dc3ee71800;4;;;
'2023-11-13';411a79c0-f3bf-11ec-9daf-c3af1e1d9a35;4;;;
'2023-11-13';2c536b40-7597-11ee-99e1-013434177365;5;;;
'2023-11-13';5a217b80-ca33-11ed-8375-59adbbd44177;5;;;
'2023-11-13';64b239c0-e33f-11ed-9e8a-0720496d6e5a;5;;;
'2023-11-13';ab6ac5d0-a7ea-11ec-a675-798b005bf57f;5;;;
'2023-11-13';2f918760-6c0b-11ed-a646-bda712554fd6;5;;;
'2023-11-13';cfb82910-8684-11eb-ad11-c55277b87840;5;;;
'2023-11-13';33864540-382f-11ee-a5a1-cfd5c6784c6b;5;;;
'2023-11-13';6d6bef70-6ef0-11ed-9e19-fbb8a7554281;5;;;
'2023-11-13';944c2660-ec41-11eb-8e30-0914e0049081;5;;;
'2023-11-13';de1699a0-52a4-11ec-b0d4-179ac9776270;5;;;
'2023-11-13';c7009ad0-588e-11ee-a06c-a9386e6b1b1b;5;;;
'2023-11-13';97455b80-17c3-11ed-9cd0-0d1d5f48109a;6;;;
'2023-11-13';aafa9760-dd13-11ed-b9c7-67fccc4223ef;6;;;
'2023-11-13';aad063e0-d751-11ed-976c-63442f8ae23d;6;;;
'2023-11-13';32430120-b98e-11ed-8676-bb88dee690e2;6;;;
'2023-11-13';e4c316d0-8bdc-11ed-8d87-0bd1e42735fc;7;;;
'2023-11-13';2ed18790-6f29-11ee-a559-05362580e27f;7;;;
'2023-11-13';a28ccf10-0cbe-11ed-8c23-e134ba0737ea;7;;;
'2023-11-13';71470b40-3f23-11ed-b7f3-d3b47fe3c9a8;7;;;
'2023-11-13';119f18e0-43cd-11ee-b3c7-97dbf58e5c66;7;;;
'2023-11-13';0db94550-c3eb-11ed-97dc-45d791b61932;7;;;
'2023-11-13';6fc1bf90-1e66-11ee-bd8f-d52ab30b5049;7;;;
'2023-11-13';d234f070-2821-11ed-9ce0-b7a9dd423e66;8;;;
'2023-11-13';94c0d050-4199-11ee-8263-81ad632081e4;8;;;
'2023-11-13';247a3390-c156-11ed-bd3b-35d93f1cca26;9;;;
'2023-11-13';d16fc810-7446-11ed-8c5a-81e98a4f2eed;9;;;
'2023-11-13';cf733600-e3ea-11ed-a5b9-b3c6a94e0cba;9;;;
'2023-11-13';7b3d2810-e585-11ed-a524-d983167b6653;9;;;
'2023-11-14';0db94550-c3eb-11ed-97dc-45d791b61932;13;;;
'2023-11-14';e96a1ad0-2c68-11ee-aba4-c539aad2d016;10;;;
'2023-11-14';9d657c50-6965-11ec-a4a9-912dae094ad1;11;;;
'2023-11-14';f3307200-5462-11ed-a6ab-2bffa821113a;10;;;
'2023-11-14';c62be960-7e64-11ee-9ec3-d3fce62405ab;14;;;
'2023-11-14';82712da0-6656-11ee-8ec4-1512b411dbd9;24;;;
'2023-11-14';7dcf0010-097e-11ec-b32f-71281354a61e;33;;;
'2023-11-14';237a4050-dcf7-11ec-bda5-3546ee54f633;13;;;
'2023-11-14';302e5940-bcc0-11ed-bf87-9f2337527fae;12;;;
'2023-11-14';ab6ac5d0-a7ea-11ec-a675-798b005bf57f;10;;;
'2023-11-14';be6f88e0-1afe-11ee-8c6f-c92ebf08d732;12;;;
'2023-11-14';cd52c640-4ec2-11ee-8c82-d949aeea4d5b;12;;;
'2023-11-14';94c556e0-1740-11ed-846f-699093c68f77;25;;;
'2023-11-14';ceae6d50-b0cf-11ed-af2e-71ad053d2cdd;12;;;
'2023-11-14';d5314390-670f-11ee-b543-4b3b1ed7b37f;32;;;
'2023-11-14';6fc1bf90-1e66-11ee-bd8f-d52ab30b5049;13;;;
'2023-11-14';aa9b5be0-6f95-11ea-bd4f-81608d74ea67;0;;;
'2023-11-14';74ccfd80-5a32-11ee-8897-1d746f19b32a;0;;;
'2023-11-14';481c81e0-7fb5-11ee-a2c2-69a793bfe014;0;;;
'2023-11-14';66e69d50-829d-11ee-afdb-63b5b0cf5a8b;0;;;
'2023-11-14';3b900540-39a7-11ee-a40b-6ded584140e5;0;;;
'2023-11-14';df3bceb0-5e99-11ee-88e1-9ba78e205adb;0;;;
'2023-11-14';262fe3d0-35cb-11ee-bf75-5ba290ef6734;0;;;
'2023-11-14';3f35b8e0-101f-11ee-82db-d9eb8e0d664b;0;;;
'2023-11-14';911f08b0-7f77-11ee-a493-afcf784a5208;0;;;
'2023-11-14';f65363c0-0724-11ec-bd81-49e1f86f6eaa;0;;;
'2023-11-14';22f53600-dd49-11ed-9ecf-6b373fb491d5;0;;;
'2023-11-14';142b4bb0-a611-11ed-8266-116108d57945;0;;;
'2023-11-14';942b14b0-3740-11ee-9c50-23d848797bb4;0;;;
'2023-11-14';090dd4f0-715e-11ee-95ba-af3da24eb125;0;;;
'2023-11-14';a2257260-82a2-11ee-a499-9d57df7753b5;0;;;
'2023-11-14';df985510-c2f2-11ed-acfb-fd18a64a4691;0;;;
'2023-11-14';20ee5dd0-7639-11ee-a6e0-2dd39cae1ff3;0;;;
'2023-11-14';2c079400-5aa2-11ee-9d24-49e9e7fab6ba;0;;;
'2023-11-14';77d15330-bfbb-11ed-9595-234d0952a141;0;;;
'2023-11-14';ff279b20-26b2-11e8-9c52-576cfffc5817;0;;;
'2023-11-14';31214450-2690-11e8-b8fd-0b549d32ed37;0;;;
'2023-11-14';46c4f450-817a-11ee-acde-71ca98bed892;0;;;
'2023-11-14';6b411710-c80d-11eb-af0c-9f123757464e;0;;;
'2023-11-14';3e962930-6400-11ee-9b99-638a5af6a6eb;0;;;
'2023-11-14';c20ba830-76b7-11ed-8fa7-796aca3c36db;0;;;
'2023-11-14';b2be1e20-fafc-11ed-9a9d-b7cfc0948799;0;;;
'2023-11-14';11c0a930-acf4-11ed-9fb1-5fbb02c2397b;0;;;
'2023-11-14';dbb43930-8275-11ee-8805-4f1bec8dc0bd;0;;;
'2023-11-14';17a48cf0-7fa7-11ee-9bd9-dba9f1dd6ef4;0;;;
'2023-11-14';2372df60-80b9-11ee-ab84-438684d07e0f;0;;;
'2023-11-14';5205e7f0-8299-11ee-877e-23bd3e9cd3fa;0;;;
'2023-11-14';fc825680-6275-11ee-a126-ff40476b8939;0;;;
'2023-11-14';d41eb680-82b8-11ee-9023-c766cd40761d;0;;;
'2023-11-14';c55bb0e0-8271-11ee-994e-939bbb3b79ec;0;;;
'2023-11-14';8ac42b20-0bed-11ed-b758-891a863d3d72;0;;;
'2023-11-14';5e45a6b0-0f1b-11ed-8f8f-e7057cff0cb2;0;;;
'2023-11-14';d61a63c0-b415-11ed-9d72-e903075bafd8;0;;;
'2023-11-14';c9a73c70-82a1-11ee-ae9e-316a7a00cd52;0;;;
'2023-11-14';b2a22080-3d7d-11ee-a298-2dc0e0cd14dc;0;;;
'2023-11-14';57bad1b0-4306-11ee-93f5-d5ac32d5ea3f;0;;;
'2023-11-14';4b9cea70-f667-11e9-85bf-232af0490b00;0;;;
'2023-11-14';2d48ad60-e878-11ec-89e6-f50bb0107659;0;;;
'2023-11-14';9cc06570-df6c-11ed-91f8-57aa3e661379;0;;;
'2023-11-14';497c32f0-8268-11ee-9a01-518751e33b28;0;;;
'2023-11-14';5884b700-1417-11ee-8315-db8c7657c3aa;0;;;
'2023-11-14';18cc8880-7eb2-11ee-9da0-bf9601e68aab;0;;;
'2023-11-14';cdba1410-ddea-11e8-9dd4-fd158fbdf95b;0;;;
'2023-11-14';d8657e30-8287-11ee-b63c-7fde3c710b8c;0;;;
'2023-11-14';48e34e70-4d9b-11ee-b6aa-61ece6cd1113;0;;;
'2023-11-14';4b065740-f8b1-11ed-a0ea-43015548e4d6;0;;;
'2023-11-14';2f94c6f0-9e38-11ed-b06a-7987044cd00d;0;;;
'2023-11-14';afe913b0-71c0-11ec-a39a-1d0894f5a843;0;;;
'2023-11-14';494fd8b0-829d-11ee-a494-df1612c84823;0;;;
'2023-11-14';0a3a5d60-5d2e-11ee-9230-8ba7f1561ede;0;;;
'2023-11-14';5edda700-85b6-11ed-89db-791595c6dafe;0;;;
'2023-11-14';fdb8d8b0-7d66-11ee-a194-a32661f94751;0;;;
'2023-11-14';7dbd5330-0bf7-11ec-96e0-cf75c628c1b0;0;;;
'2023-11-14';bfcf0090-62d2-11ea-9afe-d31ca25f791a;0;;;
'2023-11-14';5bc48b40-aa6c-11ec-a4bf-f96e6c4dd787;0;;;
'2023-11-14';95d1e280-25b2-11ed-a86c-8db7d492c068;0;;;
'2023-11-14';ce7a96e0-7d45-11ee-86bf-e73ab80cb4fb;0;;;
'2023-11-14';54a90df0-7684-11ee-8422-3dcc08be0966;0;;;
'2023-11-14';e3b73680-68d2-11ee-94f8-e74144b3dd83;0;;;
'2023-11-14';4cae9da0-82a9-11ee-8555-3b40ff5e4e6d;0;;;
'2023-11-14';cd9be0a0-3f28-11ed-9329-1f955f70f5b6;0;;;
'2023-11-14';bbe82330-7f99-11ed-b788-03a83d95748b;0;;;
'2023-11-14';6e902aa0-7c6f-11ee-b59a-5fc6b55b0078;0;;;
'2023-11-14';708a37d0-7ede-11ee-b0ae-e1384650e32d;0;;;
'2023-11-14';47b5f3c0-f3cf-11ed-a05b-c93fa197bb74;0;;;
'2023-11-14';cbb2af70-a51a-11eb-bc9a-9b8287359b8f;0;;;
'2023-11-14';d025a9e0-2588-11e9-b5f5-7f1828f89663;0;;;
'2023-11-14';32a373b0-e5a8-11e9-8cdd-e7846b49ea12;0;;;
'2023-11-14';537ccfb0-6a5f-11ee-83f9-3d79d5a1b56e;0;;;
'2023-11-14';f7712990-82c9-11ee-ae58-7dd980e52968;0;;;
'2023-11-14';2c4ca150-b4b2-11eb-bceb-c907bb5088fb;0;;;
'2023-11-14';9ea21d90-266f-11e8-bdcc-8bfb8cd4ee41;0;;;
'2023-11-14';cc2c6540-82e4-11ee-9da3-b74ada4fcad7;0;;;
'2023-11-14';5963ea30-82f6-11ee-8bd0-c5a350209305;0;;;
'2023-11-14';dd2ffdf0-2671-11e8-b53c-c18ebfb7a046;0;;;
'2023-11-14';3ad41370-8291-11ee-874f-f7025842333c;0;;;
'2023-11-14';ec2530d0-eaf9-11ed-8633-41d5bf1dd80d;0;;;
'2023-11-14';1a9fee30-82be-11ee-b054-d1cc1e946078;0;;;
'2023-11-14';0bf336b0-822a-11ee-96b9-b7eb5535a403;0;;;
'2023-11-14';3b7f4ab0-3969-11ec-9ba7-317fd43cdaad;0;;;
'2023-11-14';27578f90-2ea7-11ee-9fdf-2f0158ff8387;0;;;
'2023-11-14';7aba86a0-a302-11ed-91da-b943f50e8463;0;;;
'2023-11-14';ffedd7a0-79cc-11ed-9423-aba39d31dac6;0;;;
'2023-11-14';9f5d8ce0-82af-11ee-b9ac-0f819fc53857;0;;;
'2023-11-14';d7c78550-2615-11ee-b184-073b02fe7a4c;0;;;
'2023-11-14';2673e5a0-407e-11ed-9964-1720ad6508fb;0;;;
'2023-11-14';c6fd40e0-9248-11ed-b456-33262e2d98fa;0;;;
'2023-11-14';59df66c0-dc79-11ed-aaa7-9de3299dc8d1;0;;;
'2023-11-14';42574c50-e4be-11ed-8be5-91dd0ec5cc9c;0;;;
'2023-11-14';438855d0-67d7-11eb-ba32-55dcd093b535;0;;;
'2023-11-14';b98c1910-e7fd-11ea-a276-6b686dcf4deb;0;;;
'2023-11-14';9430d5f0-827f-11ee-939f-552ef90fbe0b;0;;;
'2023-11-14';2d3542a0-3c66-11ee-99ab-f1375795c717;0;;;
'2023-11-14';3b6d9670-dd07-11ec-98cd-3179528cee05;0;;;
'2023-11-14';58383280-8295-11ee-b96f-854a4c0ce435;0;;;
'2023-11-14';2809fbe0-6cfe-11ee-9cf1-9f839b808b64;0;;;
'2023-11-14';45152830-f10f-11eb-94d2-3b1b0d61e40d;0;;;
'2023-11-14';527b0230-82ec-11ee-9bf0-d12c4cb2b2bc;0;;;
'2023-11-14';4f65f7e0-53b6-11ee-b0eb-819c5edf8f39;0;;;
'2023-11-14';a1909640-ec11-11ed-b269-a9b3a0fa4b40;0;;;
'2023-11-14';82c7dcc0-60a5-11ed-9232-f7e80a193ab0;0;;;
'2023-11-14';9fddcac0-823e-11ee-a72c-b1b87af5aad7;0;;;
'2023-11-14';669acb00-8310-11ee-adf7-e52bdf9a4e24;0;;;
'2023-11-14';e229cba0-68c5-11ee-8852-478014742045;0;;;
'2023-11-14';2be1fd10-f3df-11ec-bc49-47658d3aab89;0;;;
'2023-11-14';84d63ce0-8288-11ee-87be-7178b11596c8;0;;;
'2023-11-14';efdd9800-6747-11ee-8700-07a9e0f4b90b;0;;;
'2023-11-14';9dea2d30-d22b-11ed-96a7-798b7ae1333b;0;;;
'2023-11-14';512a0d40-013c-11ee-8bb3-35f1b0792c87;0;;;
'2023-11-14';9204b820-1658-11ee-bc39-8349cecc3070;0;;;
'2023-11-14';4789edb0-aea2-11ed-bb08-e3e8d4b65fee;0;;;
'2023-11-14';62d20c00-bcc7-11ed-bd6f-a7b50e1ae7a6;0;;;
'2023-11-14';678eeea0-51f2-11ee-84f0-539bab5a3b1e;0;;;
'2023-11-14';0707f2d0-456c-11ee-92a1-7b5db46813f3;0;;;
'2023-11-14';5f95b3f0-6403-11ee-a947-d7e42f925c95;0;;;
'2023-11-14';975bf190-ebfa-11ed-b35e-21b0aedbdd36;0;;;
'2023-11-14';24f31130-b0fc-11ed-ab7c-8b922823340b;0;;;
'2023-11-14';bd69a690-82c5-11ee-a6b4-25d556bd8dcf;0;;;
'2023-11-14';6987a3b0-8d27-11eb-857e-252d57d3a29f;0;;;
'2023-11-14';294a2340-7ac3-11ee-b449-fdc1c2cfebf6;0;;;
'2023-11-14';eed069b0-0b71-11ee-a780-25a3947b5de9;0;;;
'2023-11-14';f5912b00-0c51-11ee-82b4-47d4a006bbc9;0;;;
'2023-11-14';1787c200-1eaa-11ed-984f-410e77d79358;0;;;
'2023-11-14';66080350-bcbf-11ed-b71f-f7e7728c0b20;0;;;
'2023-11-14';02f2df70-3cb2-11ed-a8bb-c1c49be73825;0;;;
'2023-11-14';d8dc7bd0-dadc-11ea-8721-1f75b0088bd3;0;;;
'2023-11-14';55dd0b50-b8d4-11ec-a5cf-6ff7cfa0bdc8;0;;;
'2023-11-14';afb68e30-6de1-11ee-bd08-79d953c2a86e;0;;;
'2023-11-14';6bb0c070-7d77-11ee-90e1-5dd519000223;0;;;
'2023-11-14';0fb05030-82a2-11ee-85e1-ab5e77c9be32;0;;;
'2023-11-14';924bb0b0-51f7-11ee-aeb3-a95802000a8e;0;;;
'2023-11-14';dea12cb0-2f83-11ee-8873-799208d195b5;0;;;
'2023-11-14';3ce8b090-645e-11ee-8b84-4f43e40666d2;0;;;
'2023-11-14';84427a20-f3b6-11ed-a748-1d97c1fa57bb;0;;;
'2023-11-14';0fe2a480-2c0a-11ed-b6f0-0f6e4060d1d6;0;;;
'2023-11-14';c7976240-7219-11ee-a860-63947d289127;0;;;
'2023-11-14';77bfa0b0-4425-11ee-afee-1bf80aa57045;0;;;
'2023-11-14';223faf80-9447-11eb-84a8-972957c4e828;0;;;
'2023-11-14';ac25a8b0-7939-11ee-844d-c97f903509c5;0;;;
'2023-11-14';a2daeaa0-82ed-11ee-83e6-b51670ead04a;0;;;
'2023-11-14';5f089140-3fde-11ed-8a99-5121a16b14dd;0;;;
'2023-11-14';309dd140-586e-11ee-af5c-bb89e5600568;0;;;
'2023-11-14';f3b11250-45d6-11ee-85a3-a91eabaffb34;0;;;
'2023-11-14';aa441a40-82b7-11ee-9e75-c929953562a1;0;;;
'2023-11-14';6716d230-26e1-11ee-8726-d5b75c527547;0;;;
'2023-11-14';ec8a1590-7ca3-11ee-b2a1-7589113f514e;0;;;
'2023-11-14';5bb5d6c0-3ca8-11ee-a061-51e7a79d61f1;0;;;
'2023-11-14';fcffb3b0-82bd-11ee-beee-81f1b0ae4106;0;;;
'2023-11-14';61f97a30-8223-11ee-9ac9-83c9bba8c9b2;0;;;
'2023-11-14';b7929d90-82d8-11ee-bee1-a153b5c3db8a;0;;;
'2023-11-14';1621c780-7e2e-11eb-ba52-e5282d8ef37f;0;;;
'2023-11-14';fd7cc650-3cc9-11ee-b02a-a36d8802e803;0;;;
'2023-11-14';7ff57b50-830a-11ee-b24e-bb87af4f3390;0;;;
'2023-11-14';8635d8d0-82c8-11ee-af0f-5beb9e5538a3;0;;;
'2023-11-14';6407adc0-71dd-11ee-8dfc-25340a5abfbc;0;;;
'2023-11-14';424d1220-63bd-11ee-bf5c-2915cf679904;0;;;
'2023-11-14';efd58a00-82d8-11ee-a954-99ee65650b71;0;;;
'2023-11-14';ffed3710-8307-11ee-9186-0dae1aaef99c;0;;;
'2023-11-14';6a1a5bd0-6a59-11ee-89f2-35ca1796d5cd;0;;;
'2023-11-14';2eb5dae0-8301-11ee-a9a8-2b17d40bb7d5;0;;;
'2023-11-14';a1f91c60-e40f-11e8-bfd9-d3896a99c8f1;0;;;
'2023-11-14';02b2e700-8269-11ee-a9f0-4fadf49d7b0d;0;;;
'2023-11-14';1f8f3e60-792b-11ee-9199-6b2d90842bbf;0;;;
'2023-11-14';c84d4580-4b9d-11ee-b8d1-8f49424ec588;0;;;
'2023-11-14';a28ccf10-0cbe-11ed-8c23-e134ba0737ea;0;;;
'2023-11-14';f765bf90-0ea4-11ee-bd36-edf492686eda;0;;;
'2023-11-14';1d903250-a20c-11ed-b434-11cf8087d6c5;0;;;
'2023-11-14';84eca120-53cf-11ee-ad0f-7177a4c629f9;0;;;
'2023-11-14';6ff64ff0-c739-11ed-b55b-2d1221318693;0;;;
'2023-11-14';125c1050-5852-11ee-ae2e-03ffb80d1e3e;0;;;
'2023-11-14';c9c89c50-c41f-11eb-a457-159d80414679;0;;;
'2023-11-14';07008890-ea42-11ed-9a53-0f6e03e3ccf8;0;;;
'2023-11-14';31083280-76d0-11ee-be07-f578360cd477;0;;;
'2023-11-14';a1e99220-4ebc-11ec-ba3d-9f7c4274a45b;0;;;
'2023-11-14';97f2b2a0-8200-11ee-8c66-93aa07d9a2ab;0;;;
'2023-11-14';07fe3600-7c5c-11ee-876a-f1c8093a3f45;0;;;
'2023-11-14';cfbce6c0-9d54-11ec-8487-dbe8a6f96ab0;0;;;
'2023-11-14';4c749bc0-1ac6-11ec-b507-6d3180b60d38;0;;;
'2023-11-14';3d05e520-6ab7-11ee-99f8-79e7a9903764;0;;;
'2023-11-14';fa7b3ed0-212d-11ee-919d-c5fe523c389f;0;;;
'2023-11-14';a849f420-8308-11ee-8366-47bd53445a0a;0;;;
'2023-11-14';6743cfe0-3048-11ee-b220-791bbb201f29;0;;;
'2023-11-14';0a391aa0-82da-11ee-a97f-e9b08fa25ac5;0;;;
'2023-11-14';e7cef900-60cc-11ee-b04b-a3aed0f56f86;0;;;
'2023-11-14';bee20700-82cb-11ee-aebb-27c2fc66a7f0;0;;;
'2023-11-14';07690c10-84d8-11ec-a5ec-659f78a8acae;0;;;
'2023-11-14';49cbc900-035c-11ed-8058-57ce40d0e90b;0;;;
'2023-11-14';9a510fb0-ff12-11eb-8763-9b4d03f6dbb3;0;;;
'2023-11-14';2c97c010-aa11-11ea-b260-43a005eb00ce;0;;;
'2023-11-14';00ca2a50-a518-11ec-adf1-d3d8949cd1bb;0;;;
'2023-11-14';3dab67b0-3142-11ee-bb6a-b3a3e4978204;0;;;
'2023-11-14';1f1c6560-98fb-11eb-8ead-3b64428ed669;0;;;
'2023-11-14';cf97d600-8290-11ee-92e4-653747fd0123;0;;;
'2023-11-14';730eea80-ff74-11ed-a67f-df95ff5e8c7b;0;;;
'2023-11-14';f7662ee0-22a5-11ec-8160-0d3fd119ed49;0;;;
'2023-11-14';2e921d50-82a0-11ee-9d97-c1e87f0feca5;0;;;
'2023-11-14';37b6f3b0-7495-11ee-8be1-85d7071ff3f5;0;;;
'2023-11-14';2a5753d0-82e2-11ee-9897-2fdc490bc25b;0;;;
'2023-11-14';d86d2de0-825c-11ee-96ad-efc01a64108e;0;;;
'2023-11-14';29446630-827f-11ee-85ea-db6bce61a526;0;;;
'2023-11-14';70b39370-c1bd-11ed-b290-a1a120fcbe4b;0;;;
'2023-11-14';5afa2da0-5034-11ed-b769-612e1f2f35b3;0;;;
'2023-11-14';2418ed40-e322-11ed-a3c3-39019ef4fa21;0;;;
'2023-11-14';9a1ebd50-82a3-11ee-8824-4b82ee5e196f;0;;;
'2023-11-14';feefcff0-8175-11ee-9c84-0f1a66c122b1;0;;;
'2023-11-14';bce4b280-2dd2-11ed-a35f-97afa545b3df;0;;;
'2023-11-14';e08e20c0-7a4f-11ee-b245-330a4518fa71;0;;;
'2023-11-14';f3994b10-61a2-11ee-9423-d99073ceab29;0;;;
'2023-11-14';c230e1c0-5ae8-11ee-b386-5de8a6c82938;0;;;
'2023-11-14';c4056850-1979-11ee-b149-89758b73b4d7;0;;;
'2023-11-14';2a9dbc70-f468-11ed-9a00-c5d3b845c5f7;0;;;
'2023-11-14';12f3f080-cf0b-11ed-bf98-fbd9f4eba815;0;;;
'2023-11-14';2127f480-82a7-11ee-ba05-cbcbe2e796ea;0;;;
'2023-11-14';a43122f0-bc07-11ed-a410-d781d743a63f;0;;;
'2023-11-14';e9394e30-9c5a-11ed-b8fa-d77392adceaf;0;;;
'2023-11-14';58af5680-58df-11ec-b145-a7577f3da465;0;;;
'2023-11-14';d4aecc60-550b-11ed-9dae-09316eb83e07;0;;;
'2023-11-14';b0e2e2a0-82fd-11ee-a0ad-41269133fba5;0;;;
'2023-11-14';f939ef20-7e49-11ee-a2f0-c70af55cdf4f;0;;;
'2023-11-14';1ae17460-8688-11ec-98a1-c398c03cb8d0;0;;;
'2023-11-14';5549f370-eed4-11ec-844a-37590d323efc;0;;;
'2023-11-14';ac8f8440-32a6-11ed-81d8-77a9ca24d3c7;0;;;
'2023-11-14';00bba140-f587-11ed-8bc0-eb1aead8ceaf;0;;;
'2023-11-14';be3b92d0-8294-11ee-bade-251fd45d8971;0;;;
'2023-11-14';ea1f6460-82c8-11ee-bc3e-1f6ba8975b5e;0;;;
'2023-11-14';455443b0-05af-11ee-b51a-2d408a019f8c;0;;;
'2023-11-14';04aa4b00-7d57-11ee-ab09-15405c574e24;0;;;
'2023-11-14';9c8b8a50-7531-11eb-9d56-ad5d73c2050d;0;;;
'2023-11-14';57ea5550-7301-11ed-a0bd-59135520ad19;0;;;
'2023-11-14';c0942410-86b5-11ed-9a09-33cdb4b2dd16;0;;;
'2023-11-14';e9e87970-683b-11ee-9a01-ebe9a7ac0e13;0;;;
'2023-11-14';3edd2e10-2672-11e8-bca5-c1ae80f7fd6c;0;;;
'2023-11-14';a385d070-6041-11ed-bacb-d1f97776f19c;0;;;
'2023-11-14';a2002b70-2ec1-11ee-bda9-dffeb60c28e9;0;;;
'2023-11-14';d436d5a0-6883-11eb-9e21-a745138e8f44;0;;;
'2023-11-14';2a6601f0-da4c-11eb-91a9-4d0f343bc699;0;;;
'2023-11-14';8291ea70-034d-11ee-9054-7fc03ecf3de4;0;;;
'2023-11-14';01aff8d0-3a92-11ee-a608-5b3bf8dbad9e;0;;;
'2023-11-14';3b9de6d0-7361-11ee-aa1b-19a11dfbbdeb;0;;;
'2023-11-14';ea07d6e0-d212-11ed-96ce-5ba969681ef6;0;;;
'2023-11-14';527c7eb0-8271-11ee-9f7b-7599eb234eb6;0;;;
'2023-11-14';0c1031e0-e4a8-11ed-9e2b-e9731131cca2;0;;;
'2023-11-14';972caa40-8252-11ee-b44e-09d5180e3d79;0;;;
'2023-11-14';4fe65510-7ef0-11ee-914e-8bc55df746d7;0;;;
'2023-11-14';dea9d400-d805-11eb-900c-b38b424d9453;0;;;
'2023-11-14';4cedb770-1174-11ee-b5d1-5190f485ef48;0;;;
'2023-11-14';5accaf10-fdbd-11e8-8c64-e7d3aff776c1;0;;;
'2023-11-14';61fb3bf0-82f4-11ee-afe6-97810ce3a557;0;;;
'2023-11-14';c305d4a0-a915-11ed-94f7-d9cc05d27ce1;0;;;
'2023-11-14';9012fd00-183c-11eb-8283-c9d1f9529648;0;;;
'2023-11-14';c858e090-9098-11ed-b7e1-4120ad641f1d;0;;;
'2023-11-14';97eddc80-3df6-11ec-8968-315368755a67;0;;;
'2023-11-14';d1c0b340-7f8c-11ee-b01b-bbb6572a253e;0;;;
'2023-11-14';0c97ce60-7103-11ee-b9df-7738e9e57271;0;;;
'2023-11-14';e5437880-82c0-11ee-b2fa-ed467c51a432;0;;;
'2023-11-14';13542d30-7eb8-11ee-b4cc-dd8b3a56475d;0;;;
'2023-11-14';0020a4c0-7402-11ee-b7d6-418bdd68d3fb;0;;;
'2023-11-14';ae8bbe00-adab-11ed-a4c3-636a911ba4cd;0;;;
'2023-11-14';a08a56a0-82bb-11ee-9f8d-f9a232aae3ec;0;;;
'2023-11-14';33f92100-26d3-11e8-aaf0-43521b84df22;0;;;
'2023-11-14';61adaa40-0b29-11ee-86e5-e9d6363b32fa;0;;;
'2023-11-14';c5709e30-1498-11ed-8f53-03f8049e3b9c;0;;;
'2023-11-14';bf1041c0-a486-11ed-bd97-e5359bb4d375;0;;;
'2023-11-14';00a77190-7c68-11ed-882c-995e0a8bf029;0;;;
'2023-11-14';bd27f410-d6aa-11ed-b10e-ff3b2a9f7a5a;0;;;
'2023-11-14';33fded20-82a8-11ee-9dbe-d550fede8b75;0;;;
'2023-11-14';e6679ec0-2ebc-11e8-a277-534c066c029e;0;;;
'2023-11-14';31145bd0-ab4e-11ed-bd00-fdde66b73256;0;;;
'2023-11-14';2310ba10-8299-11ee-88b7-aba5827372a7;0;;;
'2023-11-14';02150440-82b4-11ee-a437-932d9a1ae554;0;;;
'2023-11-14';e94b3f20-6345-11ee-9b1b-7985eb1a6cef;0;;;
'2023-11-14';1c19cc30-d1b2-11ed-9a6f-41394e99a8d5;0;;;
'2023-11-14';caa524f0-f3c9-11ed-85ac-3ddcab99fad3;0;;;
'2023-11-14';a7f34190-f144-11ec-98e2-ef54bd049b19;0;;;
'2023-11-14';08bf8e10-829a-11ee-878a-cd5f47f6c3e7;0;;;
'2023-11-14';ab31b1e0-0e74-11ee-81ba-afb6a81473e4;0;;;
'2023-11-14';2050bbc0-1a15-11ec-ba07-f334599e7950;0;;;
'2023-11-14';311f7c30-16b6-11ee-bc59-d9805df1360c;0;;;
'2023-11-14';72cde9a0-37e1-11ed-80e9-6d78b0b0ed08;0;;;
'2023-11-14';85ad07e0-98b7-11ed-aa52-115bcfd572dd;0;;;
'2023-11-14';f05e2c80-828c-11ee-bba9-bba9c7f606ad;0;;;
'2023-11-14';38e36d90-b9da-11eb-a386-99254fc8580c;0;;;
'2023-11-14';e9208850-55e1-11ee-8570-a1a3128fa652;0;;;
'2023-11-14';a4db9460-d7f3-11ea-a881-d576d1a06d25;0;;;
'2023-11-14';4caafbb0-b0d5-11ed-b29a-9588069690b5;0;;;
'2023-11-14';686cbef0-6efa-11ed-8565-6d9221d88c32;0;;;
'2023-11-14';fe5375e0-7993-11ee-8b10-8d1f5553f521;0;;;
'2023-11-14';b5d74ee0-a6a3-11ed-8386-8baca65acc23;0;;;
'2023-11-14';51971430-e422-11ed-959f-8d3d8fbc3f4c;0;;;
'2023-11-14';ca3c2300-7e7b-11ee-bda3-9b4e8a25b1ac;0;;;
'2023-11-14';26b74bc0-7f97-11ee-9c57-8ff52b96063f;0;;;
'2023-11-14';6afeb1c0-6e11-11ee-a843-2bb41ff2e0f6;0;;;
'2023-11-14';8a45d150-cadc-11ec-91b0-45d5da48b7f1;0;;;
'2023-11-14';e066e4d0-16fd-11ed-b7b0-47b2474cb7da;0;;;
'2023-11-14';28b382d0-387b-11ee-be78-39889ce96ff7;0;;;
'2023-11-14';51fc4970-b951-11eb-b18b-e576f0c0802a;0;;;
'2023-11-14';015e7040-6e41-11ee-b1dc-6119ce6cae0b;0;;;
'2023-11-14';674ebfb0-8276-11ee-a98b-a5a120eba4e3;0;;;
'2023-11-14';dd4705d0-8283-11ee-8f58-3b529ff74729;0;;;
'2023-11-14';177d5680-b66e-11eb-b3c0-9d91e2a22b87;0;;;
'2023-11-14';d6170e60-6824-11ed-acb8-2b0dae2010cc;0;;;
'2023-11-14';f9b9bd20-52bd-11ee-a84a-fd0560ab8389;0;;;
'2023-11-14';a9f1bea0-80c1-11ee-864b-1ffbdb502174;0;;;
'2023-11-14';76c0c040-828c-11ee-a4d1-59e7fc377728;0;;;
'2023-11-14';1dca2ef0-21cb-11ec-885e-6703ed07e631;0;;;
'2023-11-14';3bc09a70-23be-11ed-8dea-0f1ed162a786;0;;;
'2023-11-14';548fda30-418a-11ee-93bc-9334c67fe5a5;0;;;
'2023-11-14';ffdc9fa0-6f5b-11ee-b5d7-6d91c10c04f1;0;;;
'2023-11-14';74e2ae80-bfff-11ea-a148-57e8a986b438;0;;;
'2023-11-14';f1e54a80-3da8-11ee-b023-35391fda87f5;0;;;
'2023-11-14';3ff47080-e915-11e9-b66f-0f4f2fd4ee10;0;;;
'2023-11-14';b160a330-02b5-11ed-88b9-4f848b09bf10;0;;;
'2023-11-14';5fc32f70-7681-11ee-8fa2-793b952c8942;0;;;
'2023-11-14';b8c26a00-82e3-11ee-8413-eb8532af1f64;0;;;
'2023-11-14';d7852180-23c1-11ed-80b6-75f0d0fa89b6;0;;;
'2023-11-14';2524cec0-9a28-11ea-9185-7f8955ba3aa0;0;;;
'2023-11-14';82f23640-7153-11ee-8a0b-3537e5b7d417;0;;;
'2023-11-14';fcd3b500-6e61-11ee-8a32-596792dfe63e;0;;;
'2023-11-14';48901090-7f7b-11ee-bfaa-79a6c6d3a69f;0;;;
'2023-11-14';082c92e0-e887-11eb-a971-d544105477fa;0;;;
'2023-11-14';3d594ad0-82a9-11ee-8955-1164ec6a8819;0;;;
'2023-11-14';d6867650-2c56-11ee-9dd0-fd921a55214e;0;;;
'2023-11-14';31a16260-61e1-11ee-becb-f15e72ce40dd;0;;;
'2023-11-14';27bcbb20-5101-11ec-891e-9b7b6489f94e;0;;;
'2023-11-14';26172180-758e-11ee-854a-37cae4ff0ab9;0;;;
'2023-11-14';a5f4fc40-3517-11ee-838e-e51c7695bc85;0;;;
'2023-11-14';f1cd3690-7d8e-11ee-a79a-07ef7082200b;0;;;
'2023-11-14';2946cd60-8312-11ee-807d-c54cba635a48;0;;;
'2023-11-14';c7c865c0-825e-11ee-a09e-8152f004b8fa;0;;;
'2023-11-14';5f993750-683a-11ea-96c5-0b4aa9599a94;0;;;
'2023-11-14';681908c0-4082-11ec-977d-59d90fc925c1;0;;;
'2023-11-14';71f0f750-61e0-11ee-ba29-f55e6377a17b;0;;;
'2023-11-14';f58bbfa0-675d-11ee-9595-f1ab993f860d;0;;;
'2023-11-14';7fa77fd0-82b1-11ee-b2f4-21db65208420;0;;;
'2023-11-14';c2f189a0-b335-11eb-8afe-8b116aff9ee9;0;;;
'2023-11-14';9d01a210-2671-11e8-92f4-65a7e7cd4ad4;0;;;
'2023-11-14';3e90dd70-8059-11ee-8d22-0388998cd996;0;;;
'2023-11-14';bf81a150-87ca-11ec-a5de-b520f140c1dc;0;;;
'2023-11-14';580b1600-5aeb-11ee-a31a-718c9cb74cd4;0;;;
'2023-11-14';b1c90ad0-9174-11ed-973f-d9c0d2c30895;0;;;
'2023-11-14';de531fd0-829d-11ee-9fe2-0b783070f71a;0;;;
'2023-11-14';442c4cd0-75ad-11ee-ba81-dfa01e423654;0;;;
'2023-11-14';2c573d20-82cf-11ee-be56-9fda1ba81a7b;0;;;
'2023-11-14';590cc7d0-7a56-11ee-b1d2-6bddbf4fb2d0;0;;;
'2023-11-14';21966000-b7ff-11ed-ac4f-3357bd77f2bf;0;;;
'2023-11-14';6734d920-1eea-11ec-a797-b508d2ee995d;0;;;
'2023-11-14';61aa9be0-586b-11ee-9d78-ed8dd114beb7;0;;;
'2023-11-14';8aca5ab0-4c2d-11ed-ba4f-3339b0969613;0;;;
'2023-11-14';62480b80-7221-11ee-afa6-5d251983dd30;0;;;
'2023-11-14';de6f8890-7be6-11ee-b1b3-2b2c0fbdedce;0;;;
'2023-11-14';1ca99660-4497-11ed-8c00-6dbd1f8cf431;0;;;
'2023-11-14';2879b0d0-b5e7-11ed-97c4-9bdb37838dbc;0;;;
'2023-11-14';0c0e1bb0-a120-11ed-a7ae-7170c3514852;0;;;
'2023-11-14';18554290-dfdd-11ec-bd0b-89a07386757e;0;;;
'2023-11-14';48fd30e0-68eb-11ee-a3bd-f5cd330e0306;0;;;
'2023-11-14';d4c83a20-82fe-11ee-a1c7-c77f74e78e49;0;;;
'2023-11-14';087de8d0-459f-11ee-bf6b-d720eb502621;0;;;
'2023-11-14';2fd545e0-7e25-11ee-aeee-af985fea0a59;0;;;
'2023-11-14';0c75d060-827b-11ee-9ef7-a199bd72ce58;0;;;
'2023-11-14';11ad1180-635c-11ee-86ec-df414b7ae8f4;0;;;
'2023-11-14';af142b30-4114-11ee-a7af-95b819bc48f9;0;;;
'2023-11-14';a8e85340-4a15-11ed-a7da-7dec499336d3;0;;;
'2023-11-14';e8e24440-3aad-11ee-bb5a-63b84a8b3dca;0;;;
'2023-11-14';61e30030-82cc-11ee-bfd7-eff1c77dff3e;0;;;
'2023-11-14';d3510020-254b-11ee-841e-3590bf2ce428;0;;;
'2023-11-14';657ffd60-eeed-11ed-a3f2-95075062a87c;0;;;
'2023-11-14';762b6ef0-5c49-11ee-aa8c-f5134fd2b83d;0;;;
'2023-11-14';a0ad6970-6537-11ee-aba1-a34840e2b589;0;;;
'2023-11-14';4f2f4510-aef2-11ed-861a-c12ce37770ee;0;;;
'2023-11-14';e5acedd0-651b-11eb-89c0-835602f0c542;0;;;
'2023-11-14';73b8a040-c069-11ea-8f6e-73b4bc9df9ed;0;;;
'2023-11-14';d1e5d5c0-22e1-11ed-ba7c-87d029128182;0;;;
'2023-11-14';dddca340-81cc-11ee-9968-214f18acd723;0;;;
'2023-11-14';a068ae60-827a-11ee-8bf5-4b50a1336ae3;0;;;
'2023-11-14';2bf44560-634a-11ea-ba91-bbf1a9c101ff;0;;;
'2023-11-14';bfbfdb80-266e-11e8-ab85-0f16b71fdeec;0;;;
'2023-11-14';648c2480-c0ab-11ed-9a17-8396e86aa4ff;0;;;
'2023-11-14';cee853e0-68ac-11ee-b2c3-3303654196bc;0;;;
'2023-11-14';0dc6bda0-8d97-11ed-96a9-cd531692ac6a;0;;;
'2023-11-14';bf7a2d50-5df5-11ee-832a-37e0ed135bb2;0;;;
'2023-11-14';4b2e4020-a2c6-11ed-8d08-c74148ef9273;0;;;
'2023-11-14';ef609f50-0684-11ed-9ca0-f3eca5e64f25;0;;;
'2023-11-14';7371e4a0-384b-11ed-bc56-b53a69e3b162;0;;;
'2023-11-14';18a80130-d909-11ed-8bb7-a722cfcf3c65;0;;;
'2023-11-14';e0867e60-7d6a-11ee-8cbe-d3b63801f01a;0;;;
'2023-11-14';57c8c940-60f3-11ee-be2e-79588e48dd15;0;;;
'2023-11-14';d7660620-5e6c-11ed-b4ca-9fd1b2002159;0;;;
'2023-11-14';60355210-28de-11eb-aa02-c3649cfe7f71;0;;;
'2023-11-14';66cf4be0-6c35-11eb-aed1-cf21f77d034d;0;;;
'2023-11-14';5fe8b810-de8f-11ed-bc14-09c6d4257093;0;;;
'2023-11-14';73f5fca0-817d-11ee-a7e5-8d7f5f49a064;0;;;
'2023-11-14';5a23bbf0-82ef-11ee-bfd3-bf73e2433cbc;0;;;
'2023-11-14';dcd2d9e0-5465-11ee-a4e9-4b2d29c69e0e;1;;;
'2023-11-14';ca015b40-58dc-11ee-94ed-ff7c8c3013ef;1;;;
'2023-11-14';5b6e24c0-12e1-11ed-bb7a-819582b3bcb0;1;;;
'2023-11-14';3035d9e0-82ae-11ee-9b09-e39f12c9fa85;1;;;
'2023-11-14';4d15b420-82ba-11ee-9b8a-c3de62f3bada;1;;;
'2023-11-14';7ec506a0-3f27-11ee-a87e-431d85c705e5;1;;;
'2023-11-14';bfb84fc0-b958-11eb-b3b5-714825858d67;1;;;
'2023-11-14';88ae1240-6356-11ed-9a4b-850fa1923ec5;1;;;
'2023-11-14';2d3755d0-3fe3-11ec-9bd5-55e2e6e796d0;1;;;
'2023-11-14';57646160-f4f3-11ed-836f-b9fc40cf18da;1;;;
'2023-11-14';b6cc7270-09fa-11ee-b472-6b87a0e1e329;1;;;
'2023-11-14';c3eba830-0032-11ee-889f-9b6be5728cc8;1;;;
'2023-11-14';c3dfc8e0-cf80-11ed-8508-2b894098691e;1;;;
'2023-11-14';8ddda020-4bc0-11ee-8cba-ffe64abbfa3e;1;;;
'2023-11-14';dfbcb770-4958-11ed-a1f5-4f697baada95;1;;;
'2023-11-14';d464b0c0-8ce9-11ec-919b-bb5c673b6789;1;;;
'2023-11-14';41929e00-ed7f-11ec-9312-0d11536d0b37;1;;;
'2023-11-14';c3d63e60-cbcf-11ed-8fde-2327ee768298;1;;;
'2023-11-14';f7396900-4785-11ec-8aaf-3182e40824ab;1;;;
'2023-11-14';77b61800-d1aa-11eb-a78f-99557b0657db;1;;;
'2023-11-14';74c1a840-5613-11ee-967e-2bec9fcda431;1;;;
'2023-11-14';65f5e180-6bf0-11ee-802f-d96f1f1f622f;1;;;
'2023-11-14';eccc18c0-dd0f-11ed-ac14-f174b049b2e2;1;;;
'2023-11-14';6eb2a6a0-82d9-11ee-b011-8739b6ee1a52;1;;;
'2023-11-14';df04f070-7291-11ec-94d2-cfab47949307;1;;;
'2023-11-14';2930c930-abdc-11eb-8df9-8965a0e5a92b;1;;;
'2023-11-14';9e71c280-19f9-11ed-9bc9-8f173657187d;1;;;
'2023-11-14';02a6a090-6652-11ee-9586-e5eb3b3de661;1;;;
'2023-11-14';6690f520-1366-11eb-9216-07267a609c2a;1;;;
'2023-11-14';695c5ef0-25e2-11eb-a938-6bff07fe5479;1;;;
'2023-11-14';609db050-7e29-11ee-978b-fd4657345088;1;;;
'2023-11-14';3cf54420-fc51-11ec-8210-35bea32bdb53;1;;;
'2023-11-14';12ea88e0-9447-11e9-852f-e38d1bd534f7;1;;;
'2023-11-14';eb8c0040-c023-11e9-8c44-1bbbbcd7c7af;1;;;
'2023-11-14';42b182e0-3820-11ea-976f-cdfdf33cea70;1;;;
'2023-11-14';66b05050-4947-11ed-855d-8bbcf07e0196;1;;;
'2023-11-14';bf07d300-a3e6-11ed-bcd5-cf87783ff67e;1;;;
'2023-11-14';9a5174a0-0a25-11ec-9fc5-1721c7e726b7;1;;;
'2023-11-14';803897a0-1ec0-11ed-a2d6-ffd3af03f0ab;1;;;
'2023-11-14';cfe3dae0-82d7-11ee-a88d-d1f1bdc3951c;1;;;
'2023-11-14';92c829a0-f60a-11ec-b9a6-ef95b8b731ba;1;;;
'2023-11-14';debc0c10-e4ff-11e9-ae89-21fc33adff6f;1;;;
'2023-11-14';9a1bb5a0-2670-11e8-bfc6-df51f8419a76;1;;;
'2023-11-14';56f4c890-3de2-11ee-ad11-db699943eb10;1;;;
'2023-11-14';0fe63830-431a-11ed-80d7-51ded4165a9f;1;;;
'2023-11-14';8eee72b0-7c7a-11ee-9fbc-2593cf675d8d;1;;;
'2023-11-14';6792dcb0-c3f3-11ec-958f-33fa01cac1c8;1;;;
'2023-11-14';6b848100-63f4-11ee-94c1-cd564f70789a;1;;;
'2023-11-14';ff52b590-2297-11ed-8cb9-e5dc54b353b6;1;;;
'2023-11-14';77e6af10-3315-11ed-bf3c-4731475095de;1;;;
'2023-11-14';8eaa10e0-ef47-11ed-b7e3-4d33c7b89e7c;1;;;
'2023-11-14';d14fd7c0-5f17-11ec-bbb6-499c26bd2da2;1;;;
'2023-11-14';9309ec90-4be1-11ee-977c-01abbd1208ef;1;;;
'2023-11-14';ddef2360-3147-11ee-9b78-edbe9e3bbef3;1;;;
'2023-11-14';38273ba0-81d0-11ee-b908-0f19795613b2;1;;;
'2023-11-14';15818fc0-4ab2-11ed-b078-f5b99b9b0613;1;;;
'2023-11-14';0e6ee940-69b9-11ee-937c-831cdced5e38;1;;;
'2023-11-14';4f6727a0-fe07-11ed-b35e-f787d44e86f6;1;;;
'2023-11-14';a27a86f0-34d8-11e9-8258-696d3399f0c8;1;;;
'2023-11-14';b68160c0-0449-11ee-9d50-3bc9f4d14e8b;1;;;
'2023-11-14';2b66ecd0-85af-11ed-9027-eb7fa12512d8;1;;;
'2023-11-14';e272c0a0-007c-11ee-80cb-2d8486c656e2;1;;;
'2023-11-14';ad6ed090-b754-11ed-b67e-e9336234b845;1;;;
'2023-11-14';9fd78280-19ec-11ec-9d93-7d3e2daf87d5;1;;;
'2023-11-14';20cb8630-d07a-11ed-b1b6-0d35c09a6a4c;1;;;
'2023-11-14';3efd24f0-81e7-11ee-b528-bf134a51af62;1;;;
'2023-11-14';5fba6860-b069-11ed-9b03-79f0458f6240;1;;;
'2023-11-14';3c873880-7ded-11ee-b0ce-f9bba974075e;1;;;
'2023-11-14';90694410-2f24-11ee-82be-ed4d2f30ad09;1;;;
'2023-11-14';6a306b40-f89f-11ed-9078-cfaad71884b2;1;;;
'2023-11-14';99e522c0-baf4-11ec-8156-6dca9d20caaf;1;;;
'2023-11-14';e64e9970-106a-11ea-a81f-2d486e26c435;1;;;
'2023-11-14';b37c7bb0-4564-11ee-88c8-614141e4c1ed;1;;;
'2023-11-14';38bea320-82a0-11ee-ad1e-910e622cef36;1;;;
'2023-11-14';515665d0-68b5-11ee-9f5d-fb3c047209a7;1;;;
'2023-11-14';afcf63d0-acf6-11ed-862e-d53056731300;1;;;
'2023-11-14';03730d20-5ce2-11ee-9006-b178b960a5f1;1;;;
'2023-11-14';5f58c470-2450-11ed-8855-659049a85b12;1;;;
'2023-11-14';2535ea40-7312-11ee-b1e8-85d2d0ad383e;1;;;
'2023-11-14';9ddda6e0-1412-11ee-8d7e-0594fc8b8a60;1;;;
'2023-11-14';601d66a0-63b6-11ec-8a00-81f651d0b14a;1;;;
'2023-11-14';00b344d0-5948-11ee-ac3a-81092af8ca2c;1;;;
'2023-11-14';1de63420-52dd-11ee-b150-a96fc18a5bdc;1;;;
'2023-11-14';ea447630-765f-11ee-bc50-6d662907eaa5;1;;;
'2023-11-14';64db2f60-3bf0-11ee-a37c-e77524c8892b;1;;;
'2023-11-14';c18d2f30-7dfc-11ee-bd8f-d7c363082d84;1;;;
'2023-11-14';955a9c30-82bc-11ee-804a-030563bfcc7c;1;;;
'2023-11-14';ede27bf0-1711-11ee-a06e-39c2f627ea93;1;;;
'2023-11-14';91d03de0-5aa8-11e9-8950-bf92d487a3a9;1;;;
'2023-11-14';257e8ad0-4a2b-11e9-a878-bba614bcdd39;1;;;
'2023-11-14';42934850-82c9-11ee-8976-bf712c8f781f;1;;;
'2023-11-14';e117c480-7f70-11ee-8541-9f288bd0f5d0;1;;;
'2023-11-14';55673820-1ccf-11ee-ac8c-ebb928fbdfd3;1;;;
'2023-11-14';17106bb0-b3d9-11ec-8539-4f93fa6e64e3;1;;;
'2023-11-14';4b9a53e0-d454-11ed-a82e-599b767e5041;1;;;
'2023-11-14';93ee1810-82b5-11ee-9af1-f55b36ac4f8e;1;;;
'2023-11-14';d86796f0-5afc-11ee-8881-d56f5f6a9182;1;;;
'2023-11-14';fdc08050-39fb-11ee-83f1-131a93e1e5b1;1;;;
'2023-11-14';05d4cfc0-b34d-11ed-9f47-873b46db793b;1;;;
'2023-11-14';b8490a40-3378-11ed-ae76-3fb834826ea2;1;;;
'2023-11-14';4e3daf80-50cc-11ee-9ebe-591999f6a7a6;1;;;
'2023-11-14';da3ece30-2a54-11ea-a884-270c7ceeb146;1;;;
'2023-11-14';b322ea40-33ae-11ee-8975-1dbaaffcfb54;1;;;
'2023-11-14';b5daa2f0-18a1-11ee-b446-4751c85527d2;1;;;
'2023-11-14';f3cfb9a0-e9db-11ed-bab5-830b2578a139;1;;;
'2023-11-14';cdcfdb30-e957-11eb-ab83-ddcbf56d3e85;1;;;
'2023-11-14';74b32710-b817-11ed-b0f3-61697d13745c;1;;;
'2023-11-14';a6cd5c00-a486-11e9-9e7a-09edaa178626;1;;;
'2023-11-14';77d26ec0-9a8c-11ea-a2fd-3d9ff5d8d5c2;1;;;
'2023-11-14';c5ba0ae0-822c-11ee-b24c-d52eee4745e5;1;;;
'2023-11-14';3f69ee50-2c0c-11ed-be50-6fb693743b92;1;;;
'2023-11-14';491848d0-0086-11ee-af2c-ab4d4b149261;1;;;
'2023-11-14';adbdffd0-f5b4-11ea-9ba2-c9a2de53aa70;1;;;
'2023-11-14';3b00f3d0-90b2-11ed-8fda-779eed28f386;1;;;
'2023-11-14';5be259d0-7a05-11ee-b440-477a79b36e5f;1;;;
'2023-11-14';0ef203b0-561f-11ed-b3e7-85c742d8b5bd;1;;;
'2023-11-14';53acd930-babf-11ed-a05e-d5df4e4fc73c;1;;;
'2023-11-14';fd37ba60-830f-11ee-95b6-a9e11eb9a354;1;;;
'2023-11-14';ed1244a0-b71f-11ed-b859-7f234622b326;1;;;
'2023-11-14';db26e4b0-f588-11ed-a8ca-71e5c8648649;1;;;
'2023-11-14';6e6ebd10-6fe0-11ea-9b40-19661561fa85;1;;;
'2023-11-14';efb4d960-57e8-11ee-ad1b-6f0d5e8d1dee;1;;;
'2023-11-14';74d3b9a0-667a-11ee-abff-1502f1b87e97;1;;;
'2023-11-14';0208e7b0-68c8-11ee-9bc4-59233d326e23;1;;;
'2023-11-14';1657d180-05bb-11ec-97e6-2b84c1fb3496;1;;;
'2023-11-14';cbfd1d70-aeb5-11ed-b277-192553cd6c9f;1;;;
'2023-11-14';47d74d70-8224-11ee-910e-d7383a9c6fea;1;;;
'2023-11-14';987a1860-043f-11e9-b29a-657a90787be9;2;;;
'2023-11-14';d6901c10-4650-11ed-891f-69031b73122d;2;;;
'2023-11-14';205b7560-82aa-11ee-8261-13031fae67b7;2;;;
'2023-11-14';0031c230-5a83-11ed-b044-2537b3c5e956;2;;;
'2023-11-14';f504e7a0-cc76-11ed-b0a2-d1fd1b5324c1;2;;;
'2023-11-14';af0bf330-3870-11ea-933b-1dfe53e32035;2;;;
'2023-11-14';616c5140-ffa8-11ec-8176-2b307e306f56;2;;;
'2023-11-14';278e29f0-0727-11ec-831d-195eaa84618f;2;;;
'2023-11-14';5e6e8fa0-cd82-11ed-8d60-4f9cb5fbbe69;2;;;
'2023-11-14';0b7e3220-a8ff-11ed-ac6e-2b8b3b227614;2;;;
'2023-11-14';e87c7600-7471-11ec-989a-356c562fbf27;2;;;
'2023-11-14';a05ca900-717a-11ee-9d64-e7ef46b569ef;2;;;
'2023-11-14';a9c9e540-949d-11ec-9115-c37c08b8c9b3;2;;;
'2023-11-14';598ac140-5107-11ed-9cdd-198dce05ff02;2;;;
'2023-11-14';a8e3dd10-4334-11ee-95fe-076e2b8d0f7f;2;;;
'2023-11-14';015f60d0-0529-11ee-8894-35c927d4f1a0;2;;;
'2023-11-14';1b144350-ff76-11ed-b151-fb668579721f;2;;;
'2023-11-14';0913e980-b3d4-11ea-9ee1-8361b1f4da3a;2;;;
'2023-11-14';07fa5080-9e54-11ed-b36a-c7f4ef4928ce;2;;;
'2023-11-14';8d882410-4323-11ee-819c-0bb34dbb2013;2;;;
'2023-11-14';f2dbafe0-2527-11ee-800d-9b44bacbb02c;2;;;
'2023-11-14';af644210-ca4c-11ea-b33c-899b23d99b7b;2;;;
'2023-11-14';9b676690-8651-11eb-9248-119991b39ad4;2;;;
'2023-11-14';82d27e80-448b-11ee-90cd-538c962db324;2;;;
'2023-11-14';e96829f0-1e0d-11ee-b410-971c3acb9cd9;2;;;
'2023-11-14';55dca340-6dd8-11ed-9ca8-0d57bf265a8f;2;;;
'2023-11-14';41b27e60-5cef-11ee-a1f6-8f78675c51e6;2;;;
'2023-11-14';b5bd35e0-6626-11ed-b435-c129cdf841ec;2;;;
'2023-11-14';e8975ce0-2e4f-11eb-92b4-dbbfe0532c6e;2;;;
'2023-11-14';6c3b5da0-57ae-11ee-8354-d77ee1a0b9a0;2;;;
'2023-11-14';bdd813d0-2b65-11ee-90dc-b3b8e3925412;2;;;
'2023-11-14';3aa5e760-d3a1-11ed-b6d4-25cf9788359e;2;;;
'2023-11-14';f136c220-60cd-11e8-8ebd-45fc1d9c550a;2;;;
'2023-11-14';51c36d40-5903-11ee-9188-dbac2215c37d;2;;;
'2023-11-14';c44efdd0-2bdd-11eb-a6a8-374e84e5cb57;2;;;
'2023-11-14';b11fb800-65c6-11ee-a44c-8feab167daf2;2;;;
'2023-11-14';e247acc0-1c7a-11ee-bda5-8961e2ebcb05;2;;;
'2023-11-14';185f2f30-927a-11ed-bdb1-6b88d94025e0;2;;;
'2023-11-14';bf395920-debb-11ec-9d13-bd991bc9510d;2;;;
'2023-11-14';429d9e50-04e2-11ee-b099-437be4de5b8b;2;;;
'2023-11-14';d16211e0-10e2-11ea-a091-8b5f374162b1;2;;;
'2023-11-14';42b69040-97e0-11e9-9225-bff8ae1f87f7;2;;;
'2023-11-14';a527e980-4313-11ee-9162-4dffe92543c4;2;;;
'2023-11-14';7b3d2810-e585-11ed-a524-d983167b6653;2;;;
'2023-11-14';4b15ad00-4ee1-11e8-b599-b986fa6127b8;2;;;
'2023-11-14';ea1bed90-27a5-11ee-aa07-79dd18555b8e;2;;;
'2023-11-14';22da2940-7ff2-11ee-a87f-199d5cdb283f;2;;;
'2023-11-14';a652e520-6727-11ee-a5a8-27ed8fc0fd65;2;;;
'2023-11-14';e4de1be0-fbb0-11ec-97e6-09c581443073;2;;;
'2023-11-14';00398b60-bc20-11ed-89ad-9dabec8fb796;2;;;
'2023-11-14';802e4a00-46cd-11ec-b182-0123b788ccc1;2;;;
'2023-11-14';2cb47a50-82b9-11ee-9ee6-71525abf61cc;2;;;
'2023-11-14';616bdf90-69b5-11ed-b8be-8fed9651f41a;2;;;
'2023-11-14';037c71a0-6988-11ee-acaf-e38f797e3f74;2;;;
'2023-11-14';4b61b290-79a6-11ee-b05a-47691cd46eaa;2;;;
'2023-11-14';3d8322f0-209e-11ee-bdb7-63a16ffb097c;2;;;
'2023-11-14';03ccde60-46bb-11ed-a45b-b7db8c961393;2;;;
'2023-11-14';7abbb2a0-7e0d-11ee-9c0f-d582c0cbde2c;2;;;
'2023-11-14';b62cb320-7ff2-11ee-b82c-4bd094178e81;2;;;
'2023-11-14';8c81def0-0411-11ed-99fa-3722f70332f6;2;;;
'2023-11-14';5c5225c0-9870-11ed-ae85-019e14031a0e;3;;;
'2023-11-14';9e545010-7e16-11ee-b2b0-831f8b3d4ae0;3;;;
'2023-11-14';de1699a0-52a4-11ec-b0d4-179ac9776270;3;;;
'2023-11-14';b3c1e8d0-a6b2-11e9-8cb9-b55ee8a1a6c2;3;;;
'2023-11-14';552a7810-142a-11ea-993f-7bdafe2debcd;3;;;
'2023-11-14';fcffa940-1516-11ec-bed8-eb6c42b4a6bd;3;;;
'2023-11-14';02a1d900-a64c-11ed-a3c5-4da84c18504e;3;;;
'2023-11-14';be447250-21d9-11ed-8b0d-59174ad7efb4;3;;;
'2023-11-14';51dc3c40-69f3-11ec-848c-2714b3b1ce53;3;;;
'2023-11-14';c67358d0-6abf-11ee-ae03-3fe2db14c003;3;;;
'2023-11-14';33f55730-4f40-11eb-bbcc-8ff9da76cf40;3;;;
'2023-11-14';a1b5fc40-d74f-11ed-bbb1-bbf6f5f07761;3;;;
'2023-11-14';364354f0-e4d6-11ed-857b-f11dd0dac507;3;;;
'2023-11-14';71a8f420-4640-11e9-9d1e-f1d80a3e0aeb;3;;;
'2023-11-14';c5f9f670-82a2-11ee-8a17-4dd75f9f6c85;3;;;
'2023-11-14';0ab697c0-ab98-11ec-a64a-2156c6248c1b;3;;;
'2023-11-14';21af9600-701a-11ee-83b2-458fb7e3c214;3;;;
'2023-11-14';c644a110-52ec-11ee-8760-3390bfa49891;3;;;
'2023-11-14';e26a3770-82d9-11ee-a560-bbfb1103bf04;3;;;
'2023-11-14';c69fb290-77fd-11ee-9102-2937b23c052b;3;;;
'2023-11-14';05ad1e80-7945-11ee-8328-7dddc3358f93;3;;;
'2023-11-14';dcecebe0-9265-11ed-b63b-5f99b692759f;3;;;
'2023-11-14';7db17b40-427e-11ee-bb1f-dd823058e1d6;4;;;
'2023-11-14';1ebea360-364b-11ec-af49-31a7c6444ca3;4;;;
'2023-11-14';38739910-bb6e-11ed-a75f-2396de10ccac;4;;;
'2023-11-14';00302bc0-56cf-11ee-92be-fd7b0d617e4e;4;;;
'2023-11-14';7995de60-7e5c-11ee-9904-0939d871dc4d;4;;;
'2023-11-14';df6d3cb0-817c-11ee-b5c8-d9af689c6162;4;;;
'2023-11-14';6f1b7320-6b36-11ee-8860-0da6f7ca6901;4;;;
'2023-11-14';3762f2d0-8c4f-11ed-a01d-b96922b4e812;4;;;
'2023-11-14';4c80f380-8338-11ed-90c1-f9a436dd9936;4;;;
'2023-11-14';5875f070-7b92-11ee-a6fb-8b298e83f4f7;4;;;
'2023-11-14';89c64b40-8207-11ee-b617-4df3ff61b1ea;4;;;
'2023-11-14';041fd630-7f84-11ee-a93b-7d451eee4a88;4;;;
'2023-11-14';4c74dbc0-2494-11ed-a524-e5c8fdfa1659;4;;;
'2023-11-14';f5c917b0-19f6-11ee-9ff9-bb2aeb994a1d;4;;;
'2023-11-14';7b293560-8bf5-11ed-a8b5-8971a181d712;4;;;
'2023-11-14';1bf39300-a3b1-11ed-99fe-611fdde1c810;4;;;
'2023-11-14';083c1a60-ea85-11ed-bc55-af3584f79c31;4;;;
'2023-11-14';e1626450-b689-11ed-9b96-7b01cb02c780;4;;;
'2023-11-14';f9c53570-9f94-11ec-8730-a55ca8d2fabe;4;;;
'2023-11-14';33864540-382f-11ee-a5a1-cfd5c6784c6b;4;;;
'2023-11-14';8440d590-e6fc-11ea-a842-65029eedd4ca;4;;;
'2023-11-14';2f0a6820-1985-11ee-aa32-8bc1afd5ce8e;4;;;
'2023-11-14';88e21690-6d9f-11ee-90f9-339a7dd7e957;4;;;
'2023-11-14';2f0bdca0-825d-11ee-990d-c329df447346;4;;;
'2023-11-14';2af1b840-6397-11ee-82df-99d88cefe653;4;;;
'2023-11-14';2edf6720-55f7-11ee-b738-9bfc20b487c6;4;;;
'2023-11-14';8547c4a0-81de-11ee-8665-1f86cc80f3e6;4;;;
'2023-11-14';2a841d70-d241-11ea-ada3-9dca90d0a109;4;;;
'2023-11-14';38224a00-8059-11ee-83b8-abefcf9c65b2;4;;;
'2023-11-14';ca6c94b0-be53-11ed-bce5-092c263e36d8;5;;;
'2023-11-14';036c87b0-267a-11e8-8408-f9f917206103;5;;;
'2023-11-14';1d46abf0-8305-11ee-85e9-595f4cab2040;5;;;
'2023-11-14';aa843860-690c-11ee-8eb2-498587a8d067;5;;;
'2023-11-14';38d42440-09bd-11ee-9c8f-79e04d85822e;5;;;
'2023-11-14';a63da2d0-82db-11ee-b7b6-318a8f9f484a;5;;;
'2023-11-14';510bba50-5c56-11ee-bcee-c9f46ad93bee;5;;;
'2023-11-14';31f0e400-7971-11ee-bcd5-a7b1139883f8;5;;;
'2023-11-14';d96713d0-770f-11ee-a4f0-09f62626fb0e;5;;;
'2023-11-14';426c0c10-2670-11e8-952c-5397ebbba8bb;5;;;
'2023-11-14';e3aa2b10-57a3-11ee-bd5a-f72794fcf488;5;;;
'2023-11-14';766fcff0-6795-11ec-bc56-dbe773a8e784;5;;;
'2023-11-14';b4d28780-046b-11eb-a7aa-2f3d29bb7930;6;;;
'2023-11-14';a1b65760-7789-11ed-95c0-235bff74b1bd;6;;;
'2023-11-14';c2bb7050-c085-11ec-a6d6-05fa39c0b5d0;6;;;
'2023-11-14';c43859a0-2576-11ee-95c0-f3a8eb36e260;6;;;
'2023-11-14';77f72080-7455-11ed-ac63-3bfb55653da5;6;;;
'2023-11-14';cd286f10-4e0b-11ee-a125-c5cfda23e91b;6;;;
'2023-11-14';090caed0-7f88-11ee-85bb-c9e6425c94b9;6;;;
'2023-11-14';119f18e0-43cd-11ee-b3c7-97dbf58e5c66;6;;;
'2023-11-14';f488faa0-539e-11ee-b341-cfe3c25e5d51;6;;;
'2023-11-14';a12f0dd0-78c5-11ee-b9ab-c73848c5cc7f;7;;;
'2023-11-14';ec827590-bb97-11ea-ad9a-ff887af5bee7;7;;;
'2023-11-14';d234f070-2821-11ed-9ce0-b7a9dd423e66;7;;;
'2023-11-14';cf449570-7fe9-11ee-9eaa-bd6071c04a66;7;;;
'2023-11-14';25b50bd0-3648-11ec-91a6-553b203f380b;7;;;
'2023-11-14';0f8d1600-48f3-11ec-8ec6-bd44dfcb57d3;7;;;
'2023-11-14';3a5bab80-269c-11e8-8319-456ad9d3b8d8;7;;;
'2023-11-14';8d4bfe80-6bd4-11ed-a27c-d9dff1b1c074;7;;;
'2023-11-14';efbdc0c0-816e-11ee-9cc3-0739fd02c351;8;;;
'2023-11-14';d50d0810-3b8d-11ea-a330-1b21087edd85;9;;;
'2023-11-14';cf733600-e3ea-11ed-a5b9-b3c6a94e0cba;9;;;
'2023-11-14';57a3f160-61de-11ee-9b3a-9d912da0e8e1;9;;;
'2023-11-14';8f85d970-e183-11e9-bac7-99e9f956b230;9;;;
'2023-11-14';234a96d0-ad16-11ed-a2e6-793ddfeeba1f;9;;;
'2023-11-14';e4c316d0-8bdc-11ed-8d87-0bd1e42735fc;9;;;
'2023-11-14';81760d80-5522-11ed-9db6-4be11884d44f;9;;;
'2023-11-15';bcc5ecb0-6975-11eb-a992-33d2db365ac3;10;;;
'2023-11-15';8313cd60-4303-11ee-b9f7-77e376310446;11;;;
'2023-11-15';56a3e9b0-21b6-11ec-8c7d-59f4a3904d36;16;;;
'2023-11-15';7c837bf0-9083-11ec-8241-378d87b72b08;11;;;
'2023-11-15';3c2d27c0-4fd6-11eb-b89f-2ffb31b67dd6;17;;;
'2023-11-15';7a9495f0-1e02-11ee-b492-7b27e0502d45;36;;;
'2023-11-15';adefd2f0-576d-11ec-840f-2d59d966b0b2;13;;;
'2023-11-15';dcd2d9e0-5465-11ee-a4e9-4b2d29c69e0e;21;;;
'2023-11-15';ef54cfc0-1c35-11ec-8bb1-c51a0727a6f0;42;;;
'2023-11-15';27a5a0f0-8298-11ee-bd59-db7f72c8967d;66;;;
'2023-11-15';cbd6ed70-770b-11ee-943f-fbd14b23e8fb;19;;;
'2023-11-15';c9641e20-40a4-11ee-b484-0550c5552af3;20;;;
'2023-11-15';f23f1740-2bb5-11ee-81d7-b54225b7a4b3;11;;;
'2023-11-15';d234f070-2821-11ed-9ce0-b7a9dd423e66;11;;;
'2023-11-15';9e1dc8c0-8392-11ee-a439-8d3023979dbc;0;;;
'2023-11-15';ad60fdb0-8393-11ee-8b77-65c394a0a7c6;0;;;
'2023-11-15';d5314390-670f-11ee-b543-4b3b1ed7b37f;0;;;
'2023-11-15';bf428e30-5252-11ee-b952-8575d1aa13d2;0;;;
'2023-11-15';55ea2fb0-8399-11ee-a829-db9224c5a23b;0;;;
'2023-11-15';3c873880-7ded-11ee-b0ce-f9bba974075e;0;;;
'2023-11-15';08791280-8387-11ee-92a4-e57e1aece6c9;0;;;
'2023-11-15';fdb8d8b0-7d66-11ee-a194-a32661f94751;0;;;
'2023-11-15';3a8fc3b0-557c-11ee-9343-b31e3ab30159;0;;;
'2023-11-15';1f1cd160-9298-11ed-8474-7bd963433a2a;0;;;
'2023-11-15';b322ea40-33ae-11ee-8975-1dbaaffcfb54;0;;;
'2023-11-15';e3325060-7c52-11eb-a43d-49f95f282812;0;;;
'2023-11-15';cd3e3900-61eb-11ee-bb70-cf2f544e2228;0;;;
'2023-11-15';ecbd42b0-8376-11ee-ba4f-7f5574425e02;0;;;
'2023-11-15';37346470-1ac6-11ec-98f9-e912f416724e;0;;;
'2023-11-15';88d7a300-835b-11ee-a2ee-610bc182037a;0;;;
'2023-11-15';c4631e30-8370-11ee-8623-09fcd028d083;0;;;
'2023-11-15';ce8a3680-0196-11ed-981f-dfd23e80faf6;0;;;
'2023-11-15';505fd910-5b30-11ed-a291-25a477b51728;0;;;
'2023-11-15';32a373b0-e5a8-11e9-8cdd-e7846b49ea12;0;;;
'2023-11-15';3aca7b90-5cf7-11ee-a4fc-13229e19c4ca;0;;;
'2023-11-15';da0b83f0-539e-11ee-a40b-836fca64a650;0;;;
'2023-11-15';ea7f5230-7480-11ea-8b6e-f7306252aba2;0;;;
'2023-11-15';bf89cd40-47c6-11ee-aedd-ef5f5f776ccd;0;;;
'2023-11-15';da8fa1c0-83a6-11ee-89f7-370e5e290e63;0;;;
'2023-11-15';4511ac60-83a6-11ee-affd-6bb193c75d52;0;;;
'2023-11-15';ddc657d0-835b-11ee-b2c3-9770fb4cd152;0;;;
'2023-11-15';c18d2f30-7dfc-11ee-bd8f-d7c363082d84;0;;;
'2023-11-15';908d34c0-2745-11e8-81c5-4d43ea858062;0;;;
'2023-11-15';5f95b3f0-6403-11ee-a947-d7e42f925c95;0;;;
'2023-11-15';24619050-5202-11ee-aaf0-057b47c3b0c5;0;;;
'2023-11-15';8b9758c0-a3e6-11ec-ba08-bdfbba009f42;0;;;
'2023-11-15';a0089b70-83d7-11ee-bc5f-d1627241ee45;0;;;
'2023-11-15';34b212c0-0916-11ee-8863-ad6e37c40110;0;;;
'2023-11-15';56260770-f9f5-11ed-ba22-237a26ac4286;0;;;
'2023-11-15';7e3d2410-f39b-11ed-a1b9-0b751515adfd;0;;;
'2023-11-15';c24826b0-7e3c-11ee-a8d5-bfbc81fe4095;0;;;
'2023-11-15';9dea2d30-d22b-11ed-96a7-798b7ae1333b;0;;;
'2023-11-15';e272c0a0-007c-11ee-80cb-2d8486c656e2;0;;;
'2023-11-15';8a2ed430-2e10-11e9-8b85-733612b647ec;0;;;
'2023-11-15';80cc2df0-cfad-11ed-bf37-e3157b31fdc1;0;;;
'2023-11-15';515665d0-68b5-11ee-9f5d-fb3c047209a7;0;;;
'2023-11-15';cc10c5e0-83b3-11ee-850a-87a728e15345;0;;;
'2023-11-15';6743cfe0-3048-11ee-b220-791bbb201f29;0;;;
'2023-11-15';ff6cba70-e843-11ea-a89f-d140844e6425;0;;;
'2023-11-15';5215f4f0-cd28-11ed-8301-5b0a799af48b;0;;;
'2023-11-15';debc0c10-e4ff-11e9-ae89-21fc33adff6f;0;;;
'2023-11-15';0ef07700-8370-11ee-a395-bbaff3ab00d0;0;;;
'2023-11-15';139359e0-836a-11ee-b4d9-af1e77f8a1ab;0;;;
'2023-11-15';c7976240-7219-11ee-a860-63947d289127;0;;;
'2023-11-15';bbd7a580-f374-11eb-a78e-2399daca6db8;0;;;
'2023-11-15';6716d230-26e1-11ee-8726-d5b75c527547;0;;;
'2023-11-15';7aba86a0-a302-11ed-91da-b943f50e8463;0;;;
'2023-11-15';fae84480-83b1-11ee-a031-a9961a3188c5;0;;;
'2023-11-15';cdba1410-ddea-11e8-9dd4-fd158fbdf95b;0;;;
'2023-11-15';471c7bf0-8c1e-11ed-b705-a5072fb9271e;0;;;
'2023-11-15';d0777600-83a0-11ee-a89d-7fb9fe6b902b;0;;;
'2023-11-15';0f898ec0-7f5e-11ed-bafe-51d717cab8bd;0;;;
'2023-11-15';88d729a0-5ec3-11ee-a04e-b334b319be7c;0;;;
'2023-11-15';36196f90-0aad-11ed-8e2f-f99c0bfe0551;0;;;
'2023-11-15';cd23ea30-4fd7-11ee-8a55-6bde9caf122e;0;;;
'2023-11-15';70f10d90-7a23-11e8-b476-29defa5a917d;0;;;
'2023-11-15';152d7400-bcbb-11ed-a0af-3f0f438fc3d5;0;;;
'2023-11-15';425de0e0-36a0-11ee-a249-7f5db458bd2b;0;;;
'2023-11-15';9464b700-b064-11ed-bfde-dd78e8837d29;0;;;
'2023-11-15';110b2320-4dd8-11ec-b91d-e17ea5d2f6d3;0;;;
'2023-11-15';76c33e00-4593-11ee-8532-c9231bf558ee;0;;;
'2023-11-15';893f8fc0-60d8-11ed-93ac-bdc11d75942e;0;;;
'2023-11-15';e8975ce0-2e4f-11eb-92b4-dbbfe0532c6e;0;;;
'2023-11-15';616c5140-ffa8-11ec-8176-2b307e306f56;0;;;
'2023-11-15';e9a65d90-4f59-11eb-881a-2945cc0f5a52;0;;;
'2023-11-15';987a1860-043f-11e9-b29a-657a90787be9;0;;;
'2023-11-15';c9a682c0-442e-11ec-8af6-63266f901379;0;;;
'2023-11-15';087de8d0-459f-11ee-bf6b-d720eb502621;0;;;
'2023-11-15';125a98e0-83c4-11ee-bbd2-83ef24726169;0;;;
'2023-11-15';29465950-7762-11ed-8e5e-2f8ec4d70a34;0;;;
'2023-11-15';addcb100-7a09-11ee-b4b3-35c8803c08b4;0;;;
'2023-11-15';7b5d7b00-ec0c-11ed-b9bd-49caa2eec547;0;;;
'2023-11-15';cb1ee610-26eb-11e8-b934-6bbbc6fca064;0;;;
'2023-11-15';afa58eb0-5d00-11ee-a63c-4113f14ffc1f;0;;;
'2023-11-15';973ddf10-30ad-11e8-94b5-05fb3f125577;0;;;
'2023-11-15';6ef373c0-b611-11eb-a7fb-a35219566047;0;;;
'2023-11-15';c021e050-57a5-11ee-addb-0b08dd9bd9a6;0;;;
'2023-11-15';7ee9f640-5102-11ed-8b59-ada41d7a6470;0;;;
'2023-11-15';dd3d9ad0-8392-11ee-a950-1d4e3845c67a;0;;;
'2023-11-15';5f089140-3fde-11ed-8a99-5121a16b14dd;0;;;
'2023-11-15';0fe63830-431a-11ed-80d7-51ded4165a9f;0;;;
'2023-11-15';2dbd3810-83c7-11ee-b36c-fb9f863dbd8a;0;;;
'2023-11-15';47b5f3c0-f3cf-11ed-a05b-c93fa197bb74;0;;;
'2023-11-15';0020a4c0-7402-11ee-b7d6-418bdd68d3fb;0;;;
'2023-11-15';9f9ebe70-2221-11ee-a8a3-7b9385a8b996;0;;;
'2023-11-15';7e575140-db24-11ec-953b-693c0be4f0d8;0;;;
'2023-11-15';9965d080-fa35-11ec-a881-a1fef97fa787;0;;;
'2023-11-15';05ee4690-8353-11ee-b622-356716e161e2;0;;;
'2023-11-15';1e705180-834a-11ee-889b-27861fbd0423;0;;;
'2023-11-15';bee38260-77ae-11ee-9e03-19b7cb09f8fa;0;;;
'2023-11-15';88591d60-acf5-11ed-9ff5-d971c89ebaac;0;;;
'2023-11-15';7b7ddac0-5869-11ee-b84e-4b6de69f7d13;0;;;
'2023-11-15';2edf6720-55f7-11ee-b738-9bfc20b487c6;0;;;
'2023-11-15';76523250-53ad-11ee-b682-7f0ad3132fc5;0;;;
'2023-11-15';17ef2390-d33f-11ea-8923-e9987a7d3c58;0;;;
'2023-11-15';80121bb0-8365-11ee-8363-719662d2b0a8;0;;;
'2023-11-15';9e71c280-19f9-11ed-9bc9-8f173657187d;0;;;
'2023-11-15';b1c99210-68da-11ed-a25c-8160d569c0a6;0;;;
'2023-11-15';5f5f9580-83d0-11ee-a782-7798f92342a2;0;;;
'2023-11-15';d3dac9e0-ae5f-11ec-aebe-19d9307a1da2;0;;;
'2023-11-15';0b253c30-8386-11ee-b33e-8d5f72594461;0;;;
'2023-11-15';20bf7300-c039-11ed-a2a2-cd53326df3c6;0;;;
'2023-11-15';3d032190-83c7-11ee-8490-a72ac47c4ecd;0;;;
'2023-11-15';06830130-7b6b-11ee-b51d-4b090c6cf1d3;0;;;
'2023-11-15';099df800-831a-11ee-8422-af8f0773534d;0;;;
'2023-11-15';e200b690-c3c3-11ed-a968-71198b08969d;0;;;
'2023-11-15';eaaafbf0-835f-11ee-8dd1-a1cf453a958f;0;;;
'2023-11-15';c89ca050-a691-11ed-ac27-eb96d3d277c6;0;;;
'2023-11-15';bd976810-839b-11ee-9c1d-bd43bd6242d0;0;;;
'2023-11-15';3d8322f0-209e-11ee-bdb7-63a16ffb097c;0;;;
'2023-11-15';81399df0-d8e5-11ec-9e1d-cb581073550a;0;;;
'2023-11-15';9924c2e0-83d5-11ee-a618-b964cee70706;0;;;
'2023-11-15';46c4f450-817a-11ee-acde-71ca98bed892;0;;;
'2023-11-15';aafa9760-dd13-11ed-b9c7-67fccc4223ef;0;;;
'2023-11-15';657ffd60-eeed-11ed-a3f2-95075062a87c;0;;;
'2023-11-15';036c87b0-267a-11e8-8408-f9f917206103;0;;;
'2023-11-15';9f261370-1bc6-11ec-9fce-59b8d7fe4e22;0;;;
'2023-11-15';229cd960-a459-11e9-8a27-37377f465d27;0;;;
'2023-11-15';8d656190-82e4-11ee-a59f-5dfead7cec50;0;;;
'2023-11-15';45152830-f10f-11eb-94d2-3b1b0d61e40d;0;;;
'2023-11-15';6955e360-83c0-11ee-a5d9-99b30c1190c7;0;;;
'2023-11-15';ba4e5e80-77dd-11ee-9d32-c760f1ba32b2;0;;;
'2023-11-15';6b765430-e9b6-11ed-ae1c-43b9f0b4649c;0;;;
'2023-11-15';781de240-7d89-11ee-b25c-bb4071c05883;0;;;
'2023-11-15';e9394e30-9c5a-11ed-b8fa-d77392adceaf;0;;;
'2023-11-15';a5623b20-8eb0-11ed-aabd-01b51f03cf9b;0;;;
'2023-11-15';09488aa0-2d1b-11ee-b221-61a7cada0497;0;;;
'2023-11-15';47c38990-b2f9-11eb-a296-41ebfd879584;0;;;
'2023-11-15';5549f370-eed4-11ec-844a-37590d323efc;0;;;
'2023-11-15';ee2f06a0-fcde-11ea-8348-cd88965626d2;0;;;
'2023-11-15';ddf3b230-f539-11ed-aef6-6df9e07d600b;0;;;
'2023-11-15';5fe8bac0-f24e-11ea-91de-9bcd6787c566;0;;;
'2023-11-15';290d0520-429a-11ee-8803-1550ce7afdb2;0;;;
'2023-11-15';a373e6f0-d10f-11ed-9936-f71cce234ed2;0;;;
'2023-11-15';f4621b40-6e85-11ee-b7a8-ed9cd8b9dc6f;0;;;
'2023-11-15';015f60d0-0529-11ee-8894-35c927d4f1a0;0;;;
'2023-11-15';3f69ee50-2c0c-11ed-be50-6fb693743b92;0;;;
'2023-11-15';f5072b20-b1a5-11eb-a765-1f1a013f4417;0;;;
'2023-11-15';5c064620-3822-11ea-9e14-7dd8641a84eb;0;;;
'2023-11-15';45efb510-491d-11ed-a9f5-71ca9a1e60a5;0;;;
'2023-11-15';44e7a6f0-6b75-11eb-81b9-e13b91a3882f;0;;;
'2023-11-15';993f96d0-1709-11ee-b19c-b1f4cc173b94;0;;;
'2023-11-15';d94f0b00-4988-11ee-90cb-573c0fdfe79d;0;;;
'2023-11-15';a9620a50-2578-11eb-bae8-cbcdbfe22f4c;0;;;
'2023-11-15';7cc442e0-b3cc-11ec-af34-29f0e4596d7a;0;;;
'2023-11-15';04aa4b00-7d57-11ee-ab09-15405c574e24;0;;;
'2023-11-15';4b9a53e0-d454-11ed-a82e-599b767e5041;0;;;
'2023-11-15';5a4cd2c0-62b9-11ee-865c-df3295653ca0;0;;;
'2023-11-15';e117c480-7f70-11ee-8541-9f288bd0f5d0;0;;;
'2023-11-15';d5c39fd0-56b9-11ee-a43f-fb7b62bd6318;0;;;
'2023-11-15';91e0c9d0-82df-11ee-9582-fdd2b45a1b13;0;;;
'2023-11-15';ac1c6df0-83ce-11ee-9f5f-41b21e15a60a;0;;;
'2023-11-15';a20dd8d0-570a-11ee-b0e9-5befd482f94b;0;;;
'2023-11-15';bd6af2b0-1633-11ee-bd50-6def4a4b0398;0;;;
'2023-11-15';4c3d4a40-c7d5-11ed-a47c-112a3ea758d4;0;;;
'2023-11-15';f1e54a80-3da8-11ee-b023-35391fda87f5;0;;;
'2023-11-15';ee4fd9c0-b57e-11ec-8ef1-e763c87d7838;0;;;
'2023-11-15';ac25a8b0-7939-11ee-844d-c97f903509c5;0;;;
'2023-11-15';a9bc1180-7f75-11ee-8987-5f5d8121d9f5;0;;;
'2023-11-15';34061640-095f-11ec-8e63-4b3c41117f08;0;;;
'2023-11-15';25d0fd90-8380-11ee-8667-0baad12282b3;0;;;
'2023-11-15';30118230-8320-11ee-8a94-db457925763b;0;;;
'2023-11-15';e9820b90-6a61-11ee-abcc-dd75dcdd7e70;0;;;
'2023-11-15';766fcff0-6795-11ec-bc56-dbe773a8e784;0;;;
'2023-11-15';5aeab5d0-7704-11ee-8b55-bb8a98d90e90;0;;;
'2023-11-15';37ca8f00-8378-11ee-b7e8-1bba930b9901;0;;;
'2023-11-15';fc1f9de0-6e7a-11ee-bd76-799e13901e22;0;;;
'2023-11-15';c6fd40e0-9248-11ed-b456-33262e2d98fa;0;;;
'2023-11-15';5b24b250-83cd-11ee-b409-35dad7018628;0;;;
'2023-11-15';3816d050-5e83-11ee-b787-016174f78978;0;;;
'2023-11-15';d366e3e0-10d8-11ee-934b-3f2393365380;0;;;
'2023-11-15';8b847610-83b4-11ee-922e-717f3ab2665f;0;;;
'2023-11-15';4bba2950-56a8-11ee-8a34-93031a050fa2;0;;;
'2023-11-15';83d911b0-61da-11ee-8b03-af38a446cc04;0;;;
'2023-11-15';5ca17180-6f38-11ee-a0d8-250f1703d8df;0;;;
'2023-11-15';38745000-7c87-11ee-bff4-f31e650bae05;0;;;
'2023-11-15';6a1a5bd0-6a59-11ee-89f2-35ca1796d5cd;0;;;
'2023-11-15';f39248c0-7cd6-11ee-a7e2-07607652b2e3;0;;;
'2023-11-15';0c42a5a0-832f-11ee-bfad-5590e07cd51c;0;;;
'2023-11-15';17e3c5e0-f2d2-11ec-9a9d-15ce92c49139;0;;;
'2023-11-15';e1463b80-0ce2-11ea-8ae8-11adc122e66e;0;;;
'2023-11-15';c305d4a0-a915-11ed-94f7-d9cc05d27ce1;0;;;
'2023-11-15';f4026f20-83ba-11ee-b9bf-7bdbb0b818b9;0;;;
'2023-11-15';278e29f0-0727-11ec-831d-195eaa84618f;0;;;
'2023-11-15';80cd91c0-838c-11ee-8a89-c76486731385;0;;;
'2023-11-15';91117d60-8357-11ee-b111-63a88c01655d;0;;;
'2023-11-15';cdc6ddb0-7c89-11ee-a658-c588495bd9ef;0;;;
'2023-11-15';e76b8130-419c-11ee-b426-27f40cc4bac3;0;;;
'2023-11-15';c03e96e0-8325-11ee-8200-93d84ab4069f;0;;;
'2023-11-15';d36e4090-69b1-11ee-8475-d584d5188dee;0;;;
'2023-11-15';483895f0-74fc-11ea-bc6d-857809c5e39f;0;;;
'2023-11-15';ce79df20-e0fb-11ed-ae6e-e9ce17e234c0;0;;;
'2023-11-15';cd286f10-4e0b-11ee-a125-c5cfda23e91b;0;;;
'2023-11-15';88cd7030-8363-11ee-9edb-592de79becd1;0;;;
'2023-11-15';ff279b20-26b2-11e8-9c52-576cfffc5817;0;;;
'2023-11-15';0dcffea0-8be5-11ed-87b6-dba975db96c0;0;;;
'2023-11-15';17a48cf0-7fa7-11ee-9bd9-dba9f1dd6ef4;0;;;
'2023-11-15';3d725710-5d16-11ec-92a5-d55bf1f546e2;0;;;
'2023-11-15';d03b9df0-7697-11ec-8479-c173b1dbb223;0;;;
'2023-11-15';0766ce70-83a3-11ee-a27a-bdf3a33bf670;0;;;
'2023-11-15';8b4814a0-81d8-11ee-8508-33e2d3e0e4fc;0;;;
'2023-11-15';ebb903a0-832a-11ee-a9a1-ddcb97493c89;0;;;
'2023-11-15';2c4846f0-83a9-11ee-90b5-a740d3d6ace5;0;;;
'2023-11-15';1de76a40-837d-11ee-92ac-336bc5c0f0b0;0;;;
'2023-11-15';c20ba830-76b7-11ed-8fa7-796aca3c36db;0;;;
'2023-11-15';957e9c00-7373-11ee-8c1d-4b0db34a2e41;0;;;
'2023-11-15';ed16fed0-10e0-11ee-b7f4-1f97e2db98c4;0;;;
'2023-11-15';999b7400-82d9-11ee-bc2f-690f4d2d70e2;0;;;
'2023-11-15';a2f82fd0-835f-11ee-99e1-3bef4a059bea;0;;;
'2023-11-15';71364170-831f-11ee-850e-5df3d132fb81;0;;;
'2023-11-15';96ad67d0-6dbc-11ee-8638-772045218934;0;;;
'2023-11-15';74e2ae80-bfff-11ea-a148-57e8a986b438;0;;;
'2023-11-15';975bf190-ebfa-11ed-b35e-21b0aedbdd36;0;;;
'2023-11-15';cdb45d60-f3a0-11ed-b8e3-3df02c926c2e;0;;;
'2023-11-15';d7fb2a10-32f9-11ec-a696-299c69031487;0;;;
'2023-11-15';0684be60-f7ca-11ec-8359-9fcf1c8f718a;0;;;
'2023-11-15';34db3180-8210-11eb-9579-4bb3dde773a4;0;;;
'2023-11-15';3dab67b0-3142-11ee-bb6a-b3a3e4978204;0;;;
'2023-11-15';5f180c40-43f9-11e9-82ab-7f306415c96d;0;;;
'2023-11-15';91d03de0-5aa8-11e9-8950-bf92d487a3a9;0;;;
'2023-11-15';5be259d0-7a05-11ee-b440-477a79b36e5f;0;;;
'2023-11-15';0c089b80-837f-11ee-8c9b-cb4667e4d2e3;0;;;
'2023-11-15';11a82050-41ae-11ee-9175-7d03ae926415;0;;;
'2023-11-15';cbb2af70-a51a-11eb-bc9a-9b8287359b8f;0;;;
'2023-11-15';32576a80-a39f-11ec-a680-09fcc5f5cdba;0;;;
'2023-11-15';2879b0d0-b5e7-11ed-97c4-9bdb37838dbc;0;;;
'2023-11-15';6a306b40-f89f-11ed-9078-cfaad71884b2;0;;;
'2023-11-15';bf1041c0-a486-11ed-bd97-e5359bb4d375;0;;;
'2023-11-15';28a70d20-916e-11ed-b4cc-134d52c5124a;0;;;
'2023-11-15';2bd27670-b91f-11eb-be4e-4745f1237f5d;0;;;
'2023-11-15';06156c60-564a-11ee-9e42-b3913ca46edc;0;;;
'2023-11-15';2946cd60-8312-11ee-807d-c54cba635a48;0;;;
'2023-11-15';efa1c890-83c4-11ee-b030-5983efa979fb;0;;;
'2023-11-15';8c62e0e0-60b9-11ed-ab17-0ff66cc30d5e;0;;;
'2023-11-15';437372f0-6b74-11eb-8240-c7194d1df6c1;0;;;
'2023-11-15';84e961e0-a89e-11ed-b31f-cbd9c0ac0f46;0;;;
'2023-11-15';7c9df360-6d9e-11ed-8854-f1450e968f9b;0;;;
'2023-11-15';4fe65510-7ef0-11ee-914e-8bc55df746d7;0;;;
'2023-11-15';687339b0-549b-11ee-bae8-8b7a04a5bb59;0;;;
'2023-11-15';9d01a210-2671-11e8-92f4-65a7e7cd4ad4;0;;;
'2023-11-15';438855d0-67d7-11eb-ba32-55dcd093b535;0;;;
'2023-11-15';29f352e0-8387-11ee-95d5-4d679863f34a;0;;;
'2023-11-15';07690c10-84d8-11ec-a5ec-659f78a8acae;0;;;
'2023-11-15';b03b1680-cd21-11ec-938b-95be0d442497;0;;;
'2023-11-15';2a9dbc70-f468-11ed-9a00-c5d3b845c5f7;0;;;
'2023-11-15';1034ae10-8334-11ee-bf68-33bbeceac97e;0;;;
'2023-11-15';8ed167e0-8398-11ee-8fe4-3d05b584c117;0;;;
'2023-11-15';580b1600-5aeb-11ee-a31a-718c9cb74cd4;0;;;
'2023-11-15';d025a9e0-2588-11e9-b5f5-7f1828f89663;0;;;
'2023-11-15';9f82d680-7842-11ed-a17f-97a24b30a5a7;0;;;
'2023-11-15';78148710-342c-11ed-9e20-b7bdd5b95642;0;;;
'2023-11-15';6f4ba810-5901-11ea-9b53-85a695007b59;0;;;
'2023-11-15';aaeac1a0-0941-11ee-8782-cb56425db2b6;0;;;
'2023-11-15';0ab697c0-ab98-11ec-a64a-2156c6248c1b;0;;;
'2023-11-15';40a7a5b0-835d-11ee-8e56-bb0ef9ef6d76;0;;;
'2023-11-15';3ebbd500-aaf5-11ed-9d01-b9a6335134db;0;;;
'2023-11-15';5c281b00-39ff-11ee-915c-8d2b0f08048d;0;;;
'2023-11-15';f39a3740-4369-11ec-bf0d-c921ab91a834;0;;;
'2023-11-15';d61a63c0-b415-11ed-9d72-e903075bafd8;0;;;
'2023-11-15';4f20c230-a6ae-11ec-92cd-45a1847fa247;0;;;
'2023-11-15';51fc4970-b951-11eb-b18b-e576f0c0802a;0;;;
'2023-11-15';1657d180-05bb-11ec-97e6-2b84c1fb3496;0;;;
'2023-11-15';fb33dd10-d7c6-11ed-ae6e-9366dd88ece0;0;;;
'2023-11-15';b0dbdc30-da24-11ed-aaac-850d54592c58;0;;;
'2023-11-15';1d3ae8b0-83a0-11ee-9783-79cf6b4b1689;0;;;
'2023-11-15';98a193e0-ee03-11ea-8c07-fbbc88f8a544;0;;;
'2023-11-15';a27c0180-838c-11ee-b033-4f692abed9bb;0;;;
'2023-11-15';f3ed1290-35bf-11ee-aeb5-4fa137f466f4;0;;;
'2023-11-15';66eb5190-5324-11ee-9173-e3c312d89393;0;;;
'2023-11-15';5bb5d6c0-3ca8-11ee-a061-51e7a79d61f1;0;;;
'2023-11-15';a0ad6970-6537-11ee-aba1-a34840e2b589;0;;;
'2023-11-15';05440ac0-0d9b-11ec-b863-9bcfa89d9478;0;;;
'2023-11-15';609db050-7e29-11ee-978b-fd4657345088;0;;;
'2023-11-15';2336b130-0684-11ed-b5dd-5b5544ceefa5;0;;;
'2023-11-15';142b4bb0-a611-11ed-8266-116108d57945;0;;;
'2023-11-15';6d6bef70-6ef0-11ed-9e19-fbb8a7554281;0;;;
'2023-11-15';bd27f410-d6aa-11ed-b10e-ff3b2a9f7a5a;0;;;
'2023-11-15';42b182e0-3820-11ea-976f-cdfdf33cea70;0;;;
'2023-11-15';956905f0-d5ce-11ec-af16-13a38daa0a74;0;;;
'2023-11-15';23180990-5324-11ee-b103-033e85224a2e;0;;;
'2023-11-15';30d09420-ad53-11ed-a6aa-d7f1e63f2704;0;;;
'2023-11-15';166c5090-ca38-11ed-96bd-cb02ed9db606;0;;;
'2023-11-15';5559b200-bc2b-11ec-94d7-d5cdeb7721e6;0;;;
'2023-11-15';404deb50-e02a-11ed-a4cd-f3fc0d9aa7de;0;;;
'2023-11-15';c09a4df0-ece4-11ed-a54f-a7bdb138f3d0;0;;;
'2023-11-15';f9c4f200-8762-11ea-9fab-1f1f99a0d79e;0;;;
'2023-11-15';a32d89f0-3c34-11ed-89d0-617aa7aa0df8;0;;;
'2023-11-15';58cbb670-b722-11ed-a98b-85b1ac8519a6;0;;;
'2023-11-15';07008890-ea42-11ed-9a53-0f6e03e3ccf8;0;;;
'2023-11-15';20c59e40-06ea-11ee-a772-edfb1574a08e;0;;;
'2023-11-15';a2409ea0-836a-11ee-b415-c79d48fe04c7;0;;;
'2023-11-15';3ec45d80-2c22-11ed-944e-0bf5ee0674e6;0;;;
'2023-11-15';d0e78190-561c-11ee-9604-61cab66a9198;0;;;
'2023-11-15';466fbf60-fa36-11ed-a14a-67347299561e;0;;;
'2023-11-15';bafb8570-e353-11ed-9753-edccc786c976;0;;;
'2023-11-15';e5437880-82c0-11ee-b2fa-ed467c51a432;0;;;
'2023-11-15';273e5350-72e4-11ee-bdb9-e3efef118a92;0;;;
'2023-11-15';c2bb7050-c085-11ec-a6d6-05fa39c0b5d0;0;;;
'2023-11-15';2603ef60-fe34-11ed-910f-ed4de5f486e7;0;;;
'2023-11-15';b77416c0-9c62-11ed-9490-71b39d2a250f;0;;;
'2023-11-15';7422d5f0-4559-11ee-8887-55aa3a8ef55d;0;;;
'2023-11-15';246c66c0-0b2a-11ee-a875-8fcd12a907c6;0;;;
'2023-11-15';48d4a270-8393-11ee-bdb4-e3740d0a871e;0;;;
'2023-11-15';7e513f30-8320-11ee-b2de-bbfe2f46c7f6;0;;;
'2023-11-15';e1c15380-698e-11ee-aad1-3d54b501aa9e;0;;;
'2023-11-15';b54cc370-8360-11ee-a661-f770076a1579;0;;;
'2023-11-15';d4067c10-0e63-11ee-a911-1136d3822e60;0;;;
'2023-11-15';95b456e0-836a-11ee-bf82-e3ec84b92476;0;;;
'2023-11-15';fa04c580-9d85-11eb-b366-5bf28c116536;0;;;
'2023-11-15';eb8c0040-c023-11e9-8c44-1bbbbcd7c7af;0;;;
'2023-11-15';a7f34190-f144-11ec-98e2-ef54bd049b19;0;;;
'2023-11-15';ca9a72e0-829d-11ee-8118-89306161f89a;0;;;
'2023-11-15';bf94c6c0-64da-11ed-9615-db13cf3c7073;0;;;
'2023-11-15';545925e0-4843-11ec-a74e-53fc9bec83d1;0;;;
'2023-11-15';470235b0-80c2-11eb-a8c5-b1679e82f09d;0;;;
'2023-11-15';c2aec470-9d63-11ed-b4c2-039bf3d2679a;0;;;
'2023-11-15';216c6f10-7326-11ee-87d3-2137ecf2a19c;0;;;
'2023-11-15';762c1c60-736b-11ec-a4a7-93b99e007de6;0;;;
'2023-11-15';30d98f50-b0e0-11ec-aa87-3f9655d1883a;0;;;
'2023-11-15';51c36d40-5903-11ee-9188-dbac2215c37d;0;;;
'2023-11-15';8e49c1d0-2805-11ee-a213-d7d02ee803f3;0;;;
'2023-11-15';c5212440-67c2-11e8-a4d6-f99da50c4b43;0;;;
'2023-11-15';a854ba50-a6d5-11e8-9c00-352d24c632a4;0;;;
'2023-11-15';99d9e680-832f-11ee-adce-87de85234392;0;;;
'2023-11-15';dee3e080-e206-11ec-9d9b-a70eaafe4e55;0;;;
'2023-11-15';1d265690-099d-11ec-8c1f-279bde56d3d4;0;;;
'2023-11-15';883a8720-e6a9-11ea-a364-0556a5a6c04f;0;;;
'2023-11-15';b02d4e80-69f4-11ee-badd-013d2e747127;0;;;
'2023-11-15';280fdec0-8338-11ee-bbab-431c5c9f0296;0;;;
'2023-11-15';1a633e20-6745-11ee-ad73-95d1cc768655;0;;;
'2023-11-15';240e28a0-8364-11ee-8a72-73552f7ebe3b;0;;;
'2023-11-15';e7f35030-6198-11ee-aa7d-e3a7337ba5f1;0;;;
'2023-11-15';d7660620-5e6c-11ed-b4ca-9fd1b2002159;0;;;
'2023-11-15';612732f0-1bde-11ea-8b40-5717de2b039d;0;;;
'2023-11-15';369bb660-627a-11ed-9783-415677af7f4a;0;;;
'2023-11-15';f0976000-c768-11ea-aa38-0b146f4a044e;0;;;
'2023-11-15';d92ce3b0-f52b-11ed-9532-9fb2bd6a5840;0;;;
'2023-11-15';bd3ad220-8338-11ee-9df6-057fc6ad2d7c;0;;;
'2023-11-15';a1909640-ec11-11ed-b269-a9b3a0fa4b40;0;;;
'2023-11-15';d8794430-1630-11ec-a0c4-7f1baca0befb;0;;;
'2023-11-15';d65ec060-8345-11ee-9f87-1de21f6c8189;0;;;
'2023-11-15';68ed0b70-61be-11ee-b2fd-e12dd0a0af8a;0;;;
'2023-11-15';d14176e0-73b4-11ee-8a52-850b196fb67f;0;;;
'2023-11-15';51dc3c40-69f3-11ec-848c-2714b3b1ce53;0;;;
'2023-11-15';9b800160-2a6e-11ed-81ea-cfde6d3ab0f3;0;;;
'2023-11-15';bc9da250-24b2-11ee-b905-0511b6c94b04;0;;;
'2023-11-15';7e4aa3e0-dfa9-11eb-99b7-a763101d299e;0;;;
'2023-11-15';de5ab750-6fcd-11ee-be21-f7aab8a55c03;0;;;
'2023-11-15';d64a01e0-7489-11ee-9ac9-edbcb318dc4f;0;;;
'2023-11-15';3f9dc870-83ad-11ee-9a07-a3681ff653ca;0;;;
'2023-11-15';8fe46310-83db-11ee-be06-1dc0f4f5e85b;0;;;
'2023-11-15';d95bdd20-c72f-11ed-81b4-cf76f2b5da25;0;;;
'2023-11-15';ac999730-8360-11ee-93ea-bdce63adecbb;0;;;
'2023-11-15';8815d520-1959-11ee-a22b-fdf30c15a85e;0;;;
'2023-11-15';f71e9ff0-7698-11ee-ba46-e3464bf649a1;0;;;
'2023-11-15';a23f1d60-7266-11ee-be39-194e4f7db56a;0;;;
'2023-11-15';d9a53120-5648-11ee-a608-0d3249132a5e;0;;;
'2023-11-15';bf7a2d50-5df5-11ee-832a-37e0ed135bb2;0;;;
'2023-11-15';77bfa0b0-4425-11ee-afee-1bf80aa57045;0;;;
'2023-11-15';22f53600-dd49-11ed-9ecf-6b373fb491d5;0;;;
'2023-11-15';6390bef0-b823-11ed-a059-0395ecf4e39a;0;;;
'2023-11-15';18554290-dfdd-11ec-bd0b-89a07386757e;0;;;
'2023-11-15';3e43e850-83ae-11ee-a483-ab978d4bfe76;0;;;
'2023-11-15';3101f6b0-8362-11ee-9d2b-455a856f6cff;0;;;
'2023-11-15';a4ed4420-ce28-11ed-b2be-33e433f3e31a;0;;;
'2023-11-15';f0a2e730-390d-11ee-ab44-4d4c5f4a70f7;0;;;
'2023-11-15';c7dee710-9334-11ed-ae85-631294a0b875;0;;;
'2023-11-15';ec81ba10-0722-11ec-8bf6-e3167904ebd3;0;;;
'2023-11-15';0dc52390-8254-11ec-8f65-6784a8d46ba5;0;;;
'2023-11-15';71d9ca70-838d-11ee-806a-338328b2b973;0;;;
'2023-11-15';0848cde0-6007-11ed-9e3e-a15ade71966b;0;;;
'2023-11-15';019dabf0-8365-11ee-acd0-5751e939e14b;0;;;
'2023-11-15';7d80f4c0-6bfb-11ed-b6f7-d7c8e7df8f22;0;;;
'2023-11-15';de92c680-5aa8-11ed-b1c0-377152e45442;0;;;
'2023-11-15';db2b47e0-6f47-11eb-afef-2581d874e7f9;0;;;
'2023-11-15';62670ed0-a6c6-11ed-988d-fd7a27b7ec39;0;;;
'2023-11-15';27e7f050-2b94-11ee-a05f-bb6a4517466c;0;;;
'2023-11-15';a8b43450-83dc-11ee-8fac-e7ea56778ff4;0;;;
'2023-11-15';a55293d0-7949-11ee-92ff-873f1517e3a9;0;;;
'2023-11-15';57c8c940-60f3-11ee-be2e-79588e48dd15;0;;;
'2023-11-15';b2813510-8318-11ee-a255-e9d2670f56aa;0;;;
'2023-11-15';736aec90-839f-11ee-a80e-f58f4182af0c;0;;;
'2023-11-15';04a6ec00-7b03-11ed-b2f4-ef0f89c44325;0;;;
'2023-11-15';429d9e50-04e2-11ee-b099-437be4de5b8b;0;;;
'2023-11-15';9c717ef0-7937-11ee-ab82-3fed6061a5cd;0;;;
'2023-11-15';08c1e5c0-4807-11ee-90fe-41792bb2c819;0;;;
'2023-11-15';e5a26ca0-5934-11ea-8d94-3d1f76608ce2;0;;;
'2023-11-15';022677c0-f259-11ed-922b-d13c6db8a544;0;;;
'2023-11-15';753d0060-52be-11ee-8e74-5b685345f5a2;0;;;
'2023-11-15';aa7203b0-5b30-11ed-970d-a557df1ffb6d;0;;;
'2023-11-15';38bea320-82a0-11ee-ad1e-910e622cef36;0;;;
'2023-11-15';4c749bc0-1ac6-11ec-b507-6d3180b60d38;0;;;
'2023-11-15';8c1900c0-18ff-11ee-b3c8-89750e6b01d2;0;;;
'2023-11-15';c1a28c20-ba1f-11eb-98a9-ffa5882c14df;0;;;
'2023-11-15';7abbb2a0-7e0d-11ee-9c0f-d582c0cbde2c;0;;;
'2023-11-15';cfcde5a0-834a-11ee-8734-ed20a5b958f7;0;;;
'2023-11-15';2bfade40-7a69-11ee-bf05-5dc84db0ed4a;0;;;
'2023-11-15';72b9d6a0-53d3-11ed-a5e9-bfeab3a36287;0;;;
'2023-11-15';ef609f50-0684-11ed-9ca0-f3eca5e64f25;0;;;
'2023-11-15';4a4b54f0-65e1-11eb-8ef4-0344a67f1f47;0;;;
'2023-11-15';e4b39950-76f3-11ee-a76c-337f1b3c3c4d;0;;;
'2023-11-15';23a572c0-83c7-11ee-abf6-23d5182594b6;0;;;
'2023-11-15';4870ef50-832a-11ee-865f-23f146306cca;0;;;
'2023-11-15';860aeb40-5e5f-11ed-a0f7-5fae6603b9c2;0;;;
'2023-11-15';43a208b0-8357-11ee-ac24-39fe5187aa13;0;;;
'2023-11-15';47a13ff0-e9d4-11ea-b2a3-ebc87957b0a1;0;;;
'2023-11-15';d6cf4590-6ff6-11ee-a207-a7a98ca00dde;0;;;
'2023-11-15';44ed40d0-cec2-11ed-8c39-dd68a1c2bd1b;0;;;
'2023-11-15';e64e9970-106a-11ea-a81f-2d486e26c435;0;;;
'2023-11-15';bba25a10-6efb-11ee-9350-5d92af506643;0;;;
'2023-11-15';30a30da0-833d-11ee-9f8a-9b2d0e7116d9;0;;;
'2023-11-15';aa687b50-57f9-11ec-8daa-e56655ea343f;0;;;
'2023-11-15';abdda0a0-734c-11ec-89dd-4f6164320d3f;0;;;
'2023-11-15';8b142ef0-0cf5-11ed-8af1-63871af601f1;0;;;
'2023-11-15';9a319ec0-1fa9-11ec-be36-83539b7c3b62;0;;;
'2023-11-15';a315d110-a5d0-11ed-b8df-d5ae0d370852;1;;;
'2023-11-15';17106bb0-b3d9-11ec-8539-4f93fa6e64e3;1;;;
'2023-11-15';90694410-2f24-11ee-82be-ed4d2f30ad09;1;;;
'2023-11-15';e87c7600-7471-11ec-989a-356c562fbf27;1;;;
'2023-11-15';dd2ffdf0-2671-11e8-b53c-c18ebfb7a046;1;;;
'2023-11-15';942b14b0-3740-11ee-9c50-23d848797bb4;1;;;
'2023-11-15';f3b05090-6386-11ee-b738-411998dddbba;1;;;
'2023-11-15';a7e208c0-c746-11ed-ad83-f3a9ba1fd18a;1;;;
'2023-11-15';01543c30-ab4a-11ec-b5cd-0506b02d5071;1;;;
'2023-11-15';59929b90-f8ed-11eb-be6a-bdaca425bea2;1;;;
'2023-11-15';73b8a040-c069-11ea-8f6e-73b4bc9df9ed;1;;;
'2023-11-15';8f868c50-5941-11ee-b38b-03e43b522cae;1;;;
'2023-11-15';bea6d1b0-3a5c-11ee-a014-61f80b641ba5;1;;;
'2023-11-15';bfb84fc0-b958-11eb-b3b5-714825858d67;1;;;
'2023-11-15';37cf69f0-7fa7-11ee-8c9d-b9f3324ccc33;1;;;
'2023-11-15';18d6bbc0-1a17-11ee-a642-63c85a1cf94e;1;;;
'2023-11-15';2c4ca150-b4b2-11eb-bceb-c907bb5088fb;1;;;
'2023-11-15';f36243b0-745c-11ed-95d1-dd87d160039b;1;;;
'2023-11-15';18a80130-d909-11ed-8bb7-a722cfcf3c65;1;;;
'2023-11-15';f136c220-60cd-11e8-8ebd-45fc1d9c550a;1;;;
'2023-11-15';1d386db0-7086-11ee-bfd0-cf943b9be06f;1;;;
'2023-11-15';caa524f0-f3c9-11ed-85ac-3ddcab99fad3;1;;;
'2023-11-15';f0e6fa00-4576-11ed-8dd2-35b6cc47c672;1;;;
'2023-11-15';d5073690-76d7-11ee-86bb-a1068cfdd602;1;;;
'2023-11-15';234a96d0-ad16-11ed-a2e6-793ddfeeba1f;1;;;
'2023-11-15';02a6a090-6652-11ee-9586-e5eb3b3de661;1;;;
'2023-11-15';cae78bc0-0449-11ee-a68c-d7482786be21;1;;;
'2023-11-15';2418ed40-e322-11ed-a3c3-39019ef4fa21;1;;;
'2023-11-15';c3eba830-0032-11ee-889f-9b6be5728cc8;1;;;
'2023-11-15';51c2c5c0-f602-11ed-93b1-ef731aa119e7;1;;;
'2023-11-15';0a785400-7749-11ee-81dc-d10bff479dd5;1;;;
'2023-11-15';44392430-eb2b-11ed-a3dd-479498d8820c;1;;;
'2023-11-15';2f0a6820-1985-11ee-aa32-8bc1afd5ce8e;1;;;
'2023-11-15';77001d20-2677-11e8-8d3c-6b24158d6b30;1;;;
'2023-11-15';690bec60-6985-11ee-b3fa-c10b9f74107e;1;;;
'2023-11-15';17140810-835d-11ee-b3b5-7fcabb8ea3a9;1;;;
'2023-11-15';bb087120-7dfb-11ee-87b0-61a7b81fdb63;1;;;
'2023-11-15';74306570-87e6-11ed-9073-39f12a19b426;1;;;
'2023-11-15';a58c6590-5b5a-11ee-bb87-fbf26cdf7421;1;;;
'2023-11-15';1c6aaa70-4565-11ee-baca-8f74df89fbbd;1;;;
'2023-11-15';83dc6ec0-5dec-11ed-a7f8-43cd2dca137b;1;;;
'2023-11-15';dea9d400-d805-11eb-900c-b38b424d9453;1;;;
'2023-11-15';adf4c550-83ab-11ee-b291-77f3da13d9c4;1;;;
'2023-11-15';5c5225c0-9870-11ed-ae85-019e14031a0e;1;;;
'2023-11-15';f488faa0-539e-11ee-b341-cfe3c25e5d51;1;;;
'2023-11-15';ab6ac5d0-a7ea-11ec-a675-798b005bf57f;1;;;
'2023-11-15';0a35d6a0-5153-11ee-94b3-9bc0fa21e11d;1;;;
'2023-11-15';dfbcb770-4958-11ed-a1f5-4f697baada95;1;;;
'2023-11-15';1ba9e110-469a-11ee-9c02-9dfad94217be;1;;;
'2023-11-15';f60bb310-82fe-11ee-a86f-1122f468b3b4;1;;;
'2023-11-15';6b848100-63f4-11ee-94c1-cd564f70789a;1;;;
'2023-11-15';2f34dbb0-3b27-11ed-a850-53d02a56c426;1;;;
'2023-11-15';ba8a4fb0-777c-11ed-9907-f54eddb3c738;1;;;
'2023-11-15';4f28ab70-54a0-11ee-b7db-b7d922f517f0;1;;;
'2023-11-15';4f4711e0-0cbe-11ec-883d-e7a2284ae673;1;;;
'2023-11-15';9d657c50-6965-11ec-a4a9-912dae094ad1;1;;;
'2023-11-15';0c8940e0-8834-11ea-893b-49d09994661a;1;;;
'2023-11-15';803897a0-1ec0-11ed-a2d6-ffd3af03f0ab;1;;;
'2023-11-15';2329a600-6a3f-11ee-9d9b-7bbcfec349bb;1;;;
'2023-11-15';afd60a50-7406-11ee-bb47-bf571cc653cf;1;;;
'2023-11-15';3b100450-8fc8-11ed-a4ee-39bb2f444421;1;;;
'2023-11-15';2f63ed90-45e8-11ec-9b13-cf52be1c93f4;1;;;
'2023-11-15';15afe630-596d-11ed-89dc-f1f99923ecaa;1;;;
'2023-11-15';1a819fb0-2d6a-11ee-9678-ef9892894928;1;;;
'2023-11-15';35a57600-5a00-11ee-9c1a-af1fe4122f19;1;;;
'2023-11-15';259e9c20-3a5b-11ed-a336-0f3da237cfa7;1;;;
'2023-11-15';e483ce40-97ed-11ed-95dc-9b86d9e4f3f5;1;;;
'2023-11-15';2eaf8570-2f53-11ee-90d0-95b59b0fa3f5;1;;;
'2023-11-15';2400a120-70a1-11ed-948a-d18e97ec1d4b;1;;;
'2023-11-15';fd37ba60-830f-11ee-95b6-a9e11eb9a354;1;;;
'2023-11-15';a89957f0-52c9-11ee-ab89-9f49151b6d41;1;;;
'2023-11-15';f7396900-4785-11ec-8aaf-3182e40824ab;1;;;
'2023-11-15';a1f91c60-e40f-11e8-bfd9-d3896a99c8f1;1;;;
'2023-11-15';c24bcd00-d5c3-11ed-9b63-3571d2168a7d;1;;;
'2023-11-15';d2da7270-5791-11ee-9e14-4b6a993aa252;1;;;
'2023-11-15';63004590-a69a-11ed-b2cc-69c85e552aed;1;;;
'2023-11-15';91af6e30-b97c-11ed-a861-c71ee41ec11e;1;;;
'2023-11-15';328931c0-7449-11ed-a181-59c6eee7180f;1;;;
'2023-11-15';083c1a60-ea85-11ed-bc55-af3584f79c31;1;;;
'2023-11-15';d7852180-23c1-11ed-80b6-75f0d0fa89b6;1;;;
'2023-11-15';ddef2360-3147-11ee-9b78-edbe9e3bbef3;1;;;
'2023-11-15';52c09ed0-837d-11ee-98ca-9bb7a4af72bb;1;;;
'2023-11-15';2f544180-8374-11ee-a935-511a360bf934;1;;;
'2023-11-15';af2c2ae0-491d-11ed-95e0-a3289a0b9edc;1;;;
'2023-11-15';de1699a0-52a4-11ec-b0d4-179ac9776270;1;;;
'2023-11-15';8f890250-73e5-11ee-a279-5b741b4c1a97;1;;;
'2023-11-15';183c0c50-10a9-11ee-b622-73af196ed606;1;;;
'2023-11-15';7934c600-6e1e-11ee-9e79-25f6a303b552;1;;;
'2023-11-15';6338f140-b575-11ec-ba2a-4528f3e3c1bd;1;;;
'2023-11-15';db32c840-ad75-11ec-88a1-99b5ac686d55;1;;;
'2023-11-15';0ac5a330-4360-11ee-9fc8-c384813304ab;1;;;
'2023-11-15';61adaa40-0b29-11ee-86e5-e9d6363b32fa;1;;;
'2023-11-15';4cedb770-1174-11ee-b5d1-5190f485ef48;1;;;
'2023-11-15';e0def1a0-c94f-11ed-9b0b-e73c99dc459e;1;;;
'2023-11-15';5cbc6ac0-0af5-11ec-9017-8b49c5d8352f;1;;;
'2023-11-15';1d305a50-d75a-11ed-a037-adabf39bc1e0;1;;;
'2023-11-15';31f0e400-7971-11ee-bcd5-a7b1139883f8;1;;;
'2023-11-15';be447250-21d9-11ed-8b0d-59174ad7efb4;1;;;
'2023-11-15';22cef3f0-198f-11ee-afd9-6f9713c013c6;1;;;
'2023-11-15';d1e5d5c0-22e1-11ed-ba7c-87d029128182;1;;;
'2023-11-15';ee3a36b0-2f6c-11ee-84bf-71be87b48a82;1;;;
'2023-11-15';a173e720-831a-11ee-873f-dda4ce3dc948;1;;;
'2023-11-15';648c2480-c0ab-11ed-9a17-8396e86aa4ff;1;;;
'2023-11-15';f856abf0-7e05-11ee-83e0-8dcfbc8ee1fc;1;;;
'2023-11-15';ea2a85b0-837d-11ee-9231-9b7d23ced8fc;1;;;
'2023-11-15';af142b30-4114-11ee-a7af-95b819bc48f9;1;;;
'2023-11-15';cb77ea80-eafa-11ec-815a-913545fe7734;1;;;
'2023-11-15';c858e090-9098-11ed-b7e1-4120ad641f1d;1;;;
'2023-11-15';01bfd440-284a-11e8-9b9e-1db8181a6676;1;;;
'2023-11-15';4c1ac6c0-d8ef-11ed-902b-374a18e74844;1;;;
'2023-11-15';e3c5ee40-8386-11ee-ad03-89a31f093258;1;;;
'2023-11-15';679cf1a0-49f4-11ed-9ceb-d17b883f8cc3;1;;;
'2023-11-15';e1c0fe60-0d15-11ee-962d-ddeed848e659;1;;;
'2023-11-15';2af1b840-6397-11ee-82df-99d88cefe653;1;;;
'2023-11-15';48901090-7f7b-11ee-bfaa-79a6c6d3a69f;1;;;
'2023-11-15';747d6e10-101c-11ee-81f0-d7465ed299a3;1;;;
'2023-11-15';27578f90-2ea7-11ee-9fdf-2f0158ff8387;1;;;
'2023-11-15';efd73b80-7cf3-11ec-be49-277e3f6a3657;1;;;
'2023-11-15';82c3a6b0-0974-11ed-92d9-17c41638c6a3;1;;;
'2023-11-15';0816b470-b063-11ed-ac04-d7a61b9be185;1;;;
'2023-11-15';d3aaff70-4d9f-11eb-beb2-778cb11c16bd;1;;;
'2023-11-15';fcd3b500-6e61-11ee-8a32-596792dfe63e;1;;;
'2023-11-15';c22f6ac0-836f-11ee-94a5-b5d82ddbd1f3;1;;;
'2023-11-15';9236a230-83b4-11ee-921f-3fdf76dd5daf;1;;;
'2023-11-15';22c5a160-4c08-11ed-94ed-abda373bdceb;1;;;
'2023-11-15';d3b12610-305f-11ea-82bc-2b8c7401f0aa;1;;;
'2023-11-15';08d0fbb0-74cf-11ee-869b-5dcccdeebb51;1;;;
'2023-11-15';58851d80-f39c-11ed-a8e8-0fb5ffe22ca5;2;;;
'2023-11-15';1fa6f5c0-918b-11ec-89d2-a9d85d4b2984;2;;;
'2023-11-15';38273ba0-81d0-11ee-b908-0f19795613b2;2;;;
'2023-11-15';75240e80-e44f-11ed-a951-e539fad9f4b9;2;;;
'2023-11-15';41b27e60-5cef-11ee-a1f6-8f78675c51e6;2;;;
'2023-11-15';eac394a0-67e2-11ee-8b31-1fd51f308c89;2;;;
'2023-11-15';f7d05c50-17cf-11ed-a78c-912ed4e7c32f;2;;;
'2023-11-15';397fdaf0-34b8-11ec-9b79-0bc2295b5ed8;2;;;
'2023-11-15';17699c20-839f-11ee-a677-ef64b3f00fa8;2;;;
'2023-11-15';fcffa940-1516-11ec-bed8-eb6c42b4a6bd;2;;;
'2023-11-15';ab31b1e0-0e74-11ee-81ba-afb6a81473e4;2;;;
'2023-11-15';38739910-bb6e-11ed-a75f-2396de10ccac;2;;;
'2023-11-15';bb0b3000-7906-11ec-a798-d37935818978;2;;;
'2023-11-15';3829bf60-8575-11eb-a25f-f3e01892c1ce;2;;;
'2023-11-15';7048a140-e582-11ec-8d0e-f78e45bdf7d6;2;;;
'2023-11-15';0db94550-c3eb-11ed-97dc-45d791b61932;2;;;
'2023-11-15';d2eb0400-e357-11ec-ad32-534174449c30;2;;;
'2023-11-15';97f2b2a0-8200-11ee-8c66-93aa07d9a2ab;2;;;
'2023-11-15';e6f310d0-7d7c-11ee-beac-17d97f8f2f6c;2;;;
'2023-11-15';f02f5ea0-6e99-11eb-b0fa-17d5ac138b40;2;;;
'2023-11-15';a992cc40-64bd-11ed-991f-25484af902ed;2;;;
'2023-11-15';57646160-f4f3-11ed-836f-b9fc40cf18da;2;;;
'2023-11-15';cfbce6c0-9d54-11ec-8487-dbe8a6f96ab0;2;;;
'2023-11-15';e87aac00-335e-11ee-8ad8-e16a8ba3a000;2;;;
'2023-11-15';0226dbb0-4e08-11ee-8c36-89ed80d388ee;2;;;
'2023-11-15';2809fbe0-6cfe-11ee-9cf1-9f839b808b64;2;;;
'2023-11-15';25ed1da0-4398-11ed-bdc8-979bbf336cbd;2;;;
'2023-11-15';8b622760-83bc-11ee-ae68-0fe01102f264;2;;;
'2023-11-15';48e187c0-81f3-11ee-923b-bd7ae39f781f;2;;;
'2023-11-15';0718f560-7ee9-11ee-b839-f7783eb5d59f;2;;;
'2023-11-15';3aa5e760-d3a1-11ed-b6d4-25cf9788359e;2;;;
'2023-11-15';9cc06570-df6c-11ed-91f8-57aa3e661379;2;;;
'2023-11-15';12d9e8a0-b0ea-11ed-aa03-2d1cb3fa1e05;2;;;
'2023-11-15';82aff070-57bc-11ed-a1f1-d9a024bf871f;2;;;
'2023-11-15';e94b3f20-6345-11ee-9b1b-7985eb1a6cef;2;;;
'2023-11-15';510bba50-5c56-11ee-bcee-c9f46ad93bee;2;;;
'2023-11-15';51143130-0921-11ea-b0e3-fdbd24e2cf09;2;;;
'2023-11-15';37b6f3b0-7495-11ee-8be1-85d7071ff3f5;2;;;
'2023-11-15';94f98cb0-31b8-11ee-8dee-379a2513eb91;2;;;
'2023-11-15';fd606b30-ef9a-11ed-b53d-4f7686bdb28f;2;;;
'2023-11-15';15d24d80-1405-11ee-9281-15c652bb3915;2;;;
'2023-11-15';7e494e20-3271-11ed-946e-d7c82c1c13ae;2;;;
'2023-11-15';50573c90-9412-11ed-bab8-b5c12273e1c5;2;;;
'2023-11-15';b1c90ad0-9174-11ed-973f-d9c0d2c30895;2;;;
'2023-11-15';67937bc0-7b21-11ee-b82b-c3aa4f24fb8b;2;;;
'2023-11-15';ff52b590-2297-11ed-8cb9-e5dc54b353b6;2;;;
'2023-11-15';8de8e8c0-7f1b-11ee-b934-51a5730a25e8;2;;;
'2023-11-15';fee78c30-04ea-11ee-b596-0dc7b6e39fd5;2;;;
'2023-11-15';82d27e80-448b-11ee-90cd-538c962db324;2;;;
'2023-11-15';995bb1b0-715b-11ee-9ac5-4b35b6b3dfb1;2;;;
'2023-11-15';a1b5fc40-d74f-11ed-bbb1-bbf6f5f07761;2;;;
'2023-11-15';36097800-4293-11ee-9e97-55abf006de8e;2;;;
'2023-11-15';2f4cad60-bab3-11ed-b057-25bbdcead451;2;;;
'2023-11-15';7d39f780-d2c3-11ed-9c58-a332570b451d;3;;;
'2023-11-15';55dd0b50-b8d4-11ec-a5cf-6ff7cfa0bdc8;3;;;
'2023-11-15';efbdc0c0-816e-11ee-9cc3-0739fd02c351;3;;;
'2023-11-15';3cc8ecc0-7fab-11ee-940a-af49af9ad2c8;3;;;
'2023-11-15';8dc2ff60-7977-11ee-9c9d-4729a8879c55;3;;;
'2023-11-15';c6ffe040-64ff-11ee-b739-917c20951f92;3;;;
'2023-11-15';b1388660-c79c-11ec-8e2a-4b23ad5c4d11;3;;;
'2023-11-15';61ae0260-a6a2-11ed-8f7f-7df15ac93c97;3;;;
'2023-11-15';f5c917b0-19f6-11ee-9ff9-bb2aeb994a1d;3;;;
'2023-11-15';9e1f5a60-5245-11ee-a371-09c4ed0176a9;3;;;
'2023-11-15';4c3228d0-7870-11ee-bdb2-bdd4eaa784cc;3;;;
'2023-11-15';465b2c40-5075-11ee-9ad5-7b5bab7ed162;3;;;
'2023-11-15';425f5490-6510-11ee-bc9b-c79e712f19a9;3;;;
'2023-11-15';aa9b5be0-6f95-11ea-bd4f-81608d74ea67;3;;;
'2023-11-15';24387210-5078-11ed-ac1e-1760234c0da7;3;;;
'2023-11-15';88e21690-6d9f-11ee-90f9-339a7dd7e957;3;;;
'2023-11-15';7b3d2810-e585-11ed-a524-d983167b6653;3;;;
'2023-11-15';c01664d0-5f32-11ed-9b05-970a30dfcad5;3;;;
'2023-11-15';3d8f61d0-8360-11ee-9371-e3db5a758bb8;3;;;
'2023-11-15';53133590-83d3-11ee-bb88-b758e7ee4568;3;;;
'2023-11-15';f4c86840-251c-11ed-942b-0da5406e8edb;3;;;
'2023-11-15';8bf6b710-13ee-11ee-a4f2-8f018c3bebbc;3;;;
'2023-11-15';4c80f380-8338-11ed-90c1-f9a436dd9936;3;;;
'2023-11-15';f3994b10-61a2-11ee-9423-d99073ceab29;3;;;
'2023-11-15';5b6e24c0-12e1-11ed-bb7a-819582b3bcb0;3;;;
'2023-11-15';70226180-8250-11ee-be20-cbdec8e522c0;3;;;
'2023-11-15';7ff05aa0-d976-11ed-991d-9bbf6ce8b87e;3;;;
'2023-11-15';d14fd7c0-5f17-11ec-bbb6-499c26bd2da2;4;;;
'2023-11-15';7dcf0010-097e-11ec-b32f-71281354a61e;4;;;
'2023-11-15';b09c1ef0-faf0-11ed-a355-f13440dde293;4;;;
'2023-11-15';5a736c00-206a-11ee-bddf-3d0398856c53;4;;;
'2023-11-15';ccbf9720-1af2-11ee-aa64-bdeae422cee1;4;;;
'2023-11-15';65bd96a0-7f7c-11ee-901f-93170ec96e60;4;;;
'2023-11-15';c885a990-82d2-11ee-807a-2f5f849e2667;4;;;
'2023-11-15';cc58a6a0-866a-11ec-817c-5dbddbe8af0b;4;;;
'2023-11-15';00302bc0-56cf-11ee-92be-fd7b0d617e4e;4;;;
'2023-11-15';81760d80-5522-11ed-9db6-4be11884d44f;4;;;
'2023-11-15';a47c62b0-628d-11ee-a18a-c92a10901d36;4;;;
'2023-11-15';7b293560-8bf5-11ed-a8b5-8971a181d712;4;;;
'2023-11-15';1d474e40-2a76-11e8-8518-17b20fa8751f;4;;;
'2023-11-15';fc825680-6275-11ee-a126-ff40476b8939;4;;;
'2023-11-15';696c90a0-71a1-11ee-b655-19b0e9feb130;4;;;
'2023-11-15';b0e21c10-6671-11ee-9d86-2d7f33c4b964;4;;;
'2023-11-15';c145dc60-6697-11ee-ba74-f71df132660c;4;;;
'2023-11-15';93fe3b90-3680-11ee-ab2e-cbd6e044ea6a;4;;;
'2023-11-15';b7f0eeb0-c7e2-11ed-984b-01466d9570ce;4;;;
'2023-11-15';4667d760-6bb0-11ed-932a-31583eb3593e;5;;;
'2023-11-15';c6d9df70-56b5-11ed-9474-475865b6547c;5;;;
'2023-11-15';0ff969e0-93de-11ed-b7e3-25b6974d03e8;5;;;
'2023-11-15';90e084c0-56d5-11ee-82e7-095e0c88f0fd;5;;;
'2023-11-15';e7523020-9962-11eb-a85c-6147ea719967;5;;;
'2023-11-15';df6d3cb0-817c-11ee-b5c8-d9af689c6162;5;;;
'2023-11-15';c43859a0-2576-11ee-95c0-f3a8eb36e260;5;;;
'2023-11-15';f3307200-5462-11ed-a6ab-2bffa821113a;6;;;
'2023-11-15';cf449570-7fe9-11ee-9eaa-bd6071c04a66;6;;;
'2023-11-15';10f57040-c842-11ec-bb0c-3fae98676242;6;;;
'2023-11-15';df8509f0-0ffb-11ee-bfe1-2d837d4cc7df;6;;;
'2023-11-15';b4d28780-046b-11eb-a7aa-2f3d29bb7930;6;;;
'2023-11-15';d8457bd0-82c3-11ee-ba6e-e58e798f9991;6;;;
'2023-11-15';64bf6bf0-836b-11ee-a643-09ecbce911d3;6;;;
'2023-11-15';e1c43d90-0407-11ed-9d90-99c6ea4693fe;7;;;
'2023-11-15';601d66a0-63b6-11ec-8a00-81f651d0b14a;7;;;
'2023-11-15';b8d8b100-7f89-11ee-8b91-ab0039b064d8;7;;;
'2023-11-15';e4c316d0-8bdc-11ed-8d87-0bd1e42735fc;7;;;
'2023-11-15';a63da2d0-82db-11ee-b7b6-318a8f9f484a;8;;;
'2023-11-15';02a1d900-a64c-11ed-a3c5-4da84c18504e;8;;;
'2023-11-15';82712da0-6656-11ee-8ec4-1512b411dbd9;8;;;
'2023-11-15';cf733600-e3ea-11ed-a5b9-b3c6a94e0cba;8;;;
'2023-11-15';fcef3f20-2cd4-11ed-b388-ad8033f3b961;9;;;
'2023-11-15';86680940-f466-11ed-bb6d-8fc2e1a3d5a8;9;;;
'2023-11-15';33864540-382f-11ee-a5a1-cfd5c6784c6b;9;;;
'2023-11-15';8440d590-e6fc-11ea-a842-65029eedd4ca;9;;;
'2023-11-15';b7249820-73f3-11ee-b4c5-d528e1db82de;9;;;
'2023-11-15';cd52c640-4ec2-11ee-8c82-d949aeea4d5b;9;;;
'2023-11-15';954bc9b0-5e75-11ed-b1a2-e10d23811e40;9;;;
'2023-11-16';49fc15b0-6efe-11ee-ace0-fd5bd1dc1911;10;;;
'2023-11-16';f71b8e40-741b-11ec-93e2-cd9cfeea9364;10;;;
'2023-11-16';cf449570-7fe9-11ee-9eaa-bd6071c04a66;14;;;
'2023-11-16';82712da0-6656-11ee-8ec4-1512b411dbd9;15;;;
'2023-11-16';3ec10520-3fe2-11ee-a15c-017c8f96e422;34;;;
'2023-11-16';c7f4acd0-3997-11ee-ae64-774abcfaffae;10;;;
'2023-11-16';81a62dd0-23ad-11ee-aa3f-732a118b19a8;12;;;
'2023-11-16';fd3dd340-cc54-11ed-9094-5f37b2c89236;13;;;
'2023-11-16';51570a40-8cc8-11ed-9056-fb5c3b82907d;31;;;
'2023-11-16';8eaa10e0-ef47-11ed-b7e3-4d33c7b89e7c;11;;;
'2023-11-16';36dec390-e7f3-11eb-8e18-27db60c274f3;12;;;
'2023-11-16';8fd12720-4eff-11ee-879f-f7d35fdaf677;0;;;
'2023-11-16';8fe46310-83db-11ee-be06-1dc0f4f5e85b;0;;;
'2023-11-16';51dc3c40-69f3-11ec-848c-2714b3b1ce53;0;;;
'2023-11-16';36706280-7a3e-11ee-af94-af40a53e5a6a;0;;;
'2023-11-16';231a2250-e4cc-11ed-8f65-994009b818cf;0;;;
'2023-11-16';f7662ee0-22a5-11ec-8160-0d3fd119ed49;0;;;
'2023-11-16';c1f07150-749a-11ee-9c1c-b3af5f227986;0;;;
'2023-11-16';70b39370-c1bd-11ed-b290-a1a120fcbe4b;0;;;
'2023-11-16';488c0800-81e3-11ee-a74e-6f346dcfb589;0;;;
'2023-11-16';61adaa40-0b29-11ee-86e5-e9d6363b32fa;0;;;
'2023-11-16';344e5950-8464-11ee-9334-7f625bc2db1e;0;;;
'2023-11-16';61aa9be0-586b-11ee-9d78-ed8dd114beb7;0;;;
'2023-11-16';a06a93a0-824b-11ec-aa14-8d820679c3af;0;;;
'2023-11-16';052f0840-83e2-11ee-acc1-3d6a6756eefc;0;;;
'2023-11-16';96ec68d0-0e7d-11ed-8af3-43ddd3638fae;0;;;
'2023-11-16';5bfa21c0-8430-11ee-a918-911bb6134adf;0;;;
'2023-11-16';128c11a0-f494-11ed-a02e-0339ada41226;0;;;
'2023-11-16';cbba8c40-0b25-11ee-9a82-0111fbc5cb81;0;;;
'2023-11-16';30a1f750-845d-11ee-938e-95d3722fdd66;0;;;
'2023-11-16';e7484f60-6f1b-11ee-8444-35f02439ccf7;0;;;
'2023-11-16';9d01a210-2671-11e8-92f4-65a7e7cd4ad4;0;;;
'2023-11-16';e247acc0-1c7a-11ee-bda5-8961e2ebcb05;0;;;
'2023-11-16';207a00e0-7899-11ee-aaba-e1a7dc5fcc81;0;;;
'2023-11-16';e7fe7640-eff6-11ed-8347-35f08cecf43b;0;;;
'2023-11-16';10efec50-7e95-11ee-b506-3b0dc8943061;0;;;
'2023-11-16';438855d0-67d7-11eb-ba32-55dcd093b535;0;;;
'2023-11-16';ea2a85b0-837d-11ee-9231-9b7d23ced8fc;0;;;
'2023-11-16';ee4fd9c0-b57e-11ec-8ef1-e763c87d7838;0;;;
'2023-11-16';9da132f0-8488-11ee-bc53-0f65547133dc;0;;;
'2023-11-16';e1dcdaa0-51fc-11ee-9635-5d1eaad89030;0;;;
'2023-11-16';7f8c7100-fecb-11ed-a539-e79da70056c0;0;;;
'2023-11-16';3efd24f0-81e7-11ee-b528-bf134a51af62;0;;;
'2023-11-16';d78fa1e0-6ef9-11ed-886e-31f3a6be4046;0;;;
'2023-11-16';e431f160-b0de-11ed-b68e-f50fe5f46f76;0;;;
'2023-11-16';d14fd7c0-5f17-11ec-bbb6-499c26bd2da2;0;;;
'2023-11-16';72ef0960-293f-11ed-9d52-c512bd45bcae;0;;;
'2023-11-16';48150f80-721a-11ee-a5c6-512f6f3850b7;0;;;
'2023-11-16';6fa1a4c0-8a85-11eb-8f5f-11f600f02f2b;0;;;
'2023-11-16';2f368890-827d-11ee-8774-d76df3659deb;0;;;
'2023-11-16';01bfd440-284a-11e8-9b9e-1db8181a6676;0;;;
'2023-11-16';a9e46ab0-1993-11ee-8dd6-3f90e0d3e080;0;;;
'2023-11-16';1dca2ef0-21cb-11ec-885e-6703ed07e631;0;;;
'2023-11-16';e1ed61c0-4a6f-11ee-ad9f-717fbbb68447;0;;;
'2023-11-16';0e071750-1190-11ea-94de-53e07705f0d7;0;;;
'2023-11-16';55dd0b50-b8d4-11ec-a5cf-6ff7cfa0bdc8;0;;;
'2023-11-16';6e255e80-5ead-11ee-b9ab-514ff5ef01dc;0;;;
'2023-11-16';d776ba30-8470-11ee-b809-d54236c8054b;0;;;
'2023-11-16';a5f4fc40-3517-11ee-838e-e51c7695bc85;0;;;
'2023-11-16';3f35b8e0-101f-11ee-82db-d9eb8e0d664b;0;;;
'2023-11-16';78ed0c00-3db5-11ee-9e1a-075a5b2db4d7;0;;;
'2023-11-16';ef609f50-0684-11ed-9ca0-f3eca5e64f25;0;;;
'2023-11-16';29465950-7762-11ed-8e5e-2f8ec4d70a34;0;;;
'2023-11-16';265b0790-1782-11ec-9cf7-41818aa3fea0;0;;;
'2023-11-16';48e34e70-4d9b-11ee-b6aa-61ece6cd1113;0;;;
'2023-11-16';a385d070-6041-11ed-bacb-d1f97776f19c;0;;;
'2023-11-16';49cbc900-035c-11ed-8058-57ce40d0e90b;0;;;
'2023-11-16';002bb460-2f65-11ed-851c-a5abf4597cd3;0;;;
'2023-11-16';6792dcb0-c3f3-11ec-958f-33fa01cac1c8;0;;;
'2023-11-16';a6083010-843d-11ee-ab06-152f49e2f389;0;;;
'2023-11-16';cbd31e30-52bd-11ec-a95d-6d377f24fa89;0;;;
'2023-11-16';e5bf9af0-8400-11ee-8b47-0962366a2323;0;;;
'2023-11-16';1621c780-7e2e-11eb-ba52-e5282d8ef37f;0;;;
'2023-11-16';5549f370-eed4-11ec-844a-37590d323efc;0;;;
'2023-11-16';b91d4690-d9f2-11ed-8e3e-ffd9d6e321dd;0;;;
'2023-11-16';5559b200-bc2b-11ec-94d7-d5cdeb7721e6;0;;;
'2023-11-16';5d2bd420-e4f4-11ed-bc9a-33da3cb3dfd5;0;;;
'2023-11-16';0e4538a0-f14f-11eb-aa7e-a377e202182b;0;;;
'2023-11-16';2da1e890-7620-11ed-abc8-f54409717b0f;0;;;
'2023-11-16';2980b680-1545-11eb-b2a4-7798b9a4a213;0;;;
'2023-11-16';4b9cea70-f667-11e9-85bf-232af0490b00;0;;;
'2023-11-16';feee79f0-8a93-11ec-9a62-494b7a256ca8;0;;;
'2023-11-16';98a193e0-ee03-11ea-8c07-fbbc88f8a544;0;;;
'2023-11-16';67ab95f0-1f26-11ed-a750-e7f845df33b8;0;;;
'2023-11-16';bea6d1b0-3a5c-11ee-a014-61f80b641ba5;0;;;
'2023-11-16';548e6740-50b7-11ee-8f20-6d95d03bf09a;0;;;
'2023-11-16';5e378740-8433-11ee-80b7-bb570a0e5cdd;0;;;
'2023-11-16';c86322d0-43c2-11ed-93a5-8958ea89b78d;0;;;
'2023-11-16';05bf3030-f092-11ec-8780-971cccad7163;0;;;
'2023-11-16';8c10f3f0-0c8f-11eb-8d6c-516333fcf066;0;;;
'2023-11-16';75240e80-e44f-11ed-a951-e539fad9f4b9;0;;;
'2023-11-16';45efb510-491d-11ed-a9f5-71ca9a1e60a5;0;;;
'2023-11-16';246f6790-83c9-11ee-b075-07cabad344bf;0;;;
'2023-11-16';d6d019d0-6d8e-11ee-9c2f-432103dfecf4;0;;;
'2023-11-16';46015820-8499-11ee-8fa4-578dab5642bd;0;;;
'2023-11-16';14ccb210-3803-11ed-b7f7-03b832d8f9c6;0;;;
'2023-11-16';32452730-8435-11ee-b95c-8389932f9c87;0;;;
'2023-11-16';46a2f740-78d0-11ee-a541-95266854a83d;0;;;
'2023-11-16';d48fb0f0-849e-11ee-99af-8f9e4c6f229f;0;;;
'2023-11-16';bbfa8090-c001-11ed-bba8-559d4a2bc274;0;;;
'2023-11-16';0dc52390-8254-11ec-8f65-6784a8d46ba5;0;;;
'2023-11-16';597f9710-3bfe-11ee-afc8-51d6e1280476;0;;;
'2023-11-16';6b73bac0-aedf-11ed-8e15-3d90a8ee8d00;0;;;
'2023-11-16';4c1ac6c0-d8ef-11ed-902b-374a18e74844;0;;;
'2023-11-16';b91494a0-ee32-11e9-92c5-b7dd5733eb60;0;;;
'2023-11-16';f1cd3690-7d8e-11ee-a79a-07ef7082200b;0;;;
'2023-11-16';34061640-095f-11ec-8e63-4b3c41117f08;0;;;
'2023-11-16';17db1b10-7748-11ee-b7c2-b1298eeee3e8;0;;;
'2023-11-16';ff5c6d70-8433-11ee-a2aa-1dedbce74337;0;;;
'2023-11-16';de92c680-5aa8-11ed-b1c0-377152e45442;0;;;
'2023-11-16';17140810-835d-11ee-b3b5-7fcabb8ea3a9;0;;;
'2023-11-16';fd7cc650-3cc9-11ee-b02a-a36d8802e803;0;;;
'2023-11-16';f71e9ff0-7698-11ee-ba46-e3464bf649a1;0;;;
'2023-11-16';d3fe4a80-9afb-11ed-b396-eb65577b605e;0;;;
'2023-11-16';a0b8f3c0-8397-11ee-a9c2-1b6787887f41;0;;;
'2023-11-16';9ca10c00-33d9-11e8-8053-67f2053ad680;0;;;
'2023-11-16';d3510020-254b-11ee-841e-3590bf2ce428;0;;;
'2023-11-16';01eb3b00-113b-11ee-bb03-319d0e12a46a;0;;;
'2023-11-16';a4db9460-d7f3-11ea-a881-d576d1a06d25;0;;;
'2023-11-16';2c573d20-82cf-11ee-be56-9fda1ba81a7b;0;;;
'2023-11-16';45152830-f10f-11eb-94d2-3b1b0d61e40d;0;;;
'2023-11-16';d7224ef0-2b3e-11ed-aec3-ddd311fdaf51;0;;;
'2023-11-16';4e5d8470-1fb4-11ee-8219-1b289808c948;0;;;
'2023-11-16';aefb03c0-8445-11ee-921f-6ba8c45af6e4;0;;;
'2023-11-16';97608400-83dd-11ee-91c5-bb20907a4d98;0;;;
'2023-11-16';ce5574e0-680b-11ee-a86c-ef9cd1d092e9;0;;;
'2023-11-16';00cf0c40-7349-11ee-a053-c31ecd0ea2d9;0;;;
'2023-11-16';f4254240-c3a7-11ec-b4a6-edf74cdbe9b7;0;;;
'2023-11-16';a7980730-f37e-11ec-b743-b1de2c566e0f;0;;;
'2023-11-16';154ae0b0-763f-11ee-86b9-7f40407285b5;0;;;
'2023-11-16';b4ca0ed0-03ce-11ec-8dba-21023f7307a2;0;;;
'2023-11-16';6a306b40-f89f-11ed-9078-cfaad71884b2;0;;;
'2023-11-16';e8678560-4305-11ee-961f-956a0d4c4678;0;;;
'2023-11-16';53ab6080-2921-11e8-87db-6f7a0132396c;0;;;
'2023-11-16';96387620-7d37-11ee-af01-e7daab1780b8;0;;;
'2023-11-16';bf56d400-849b-11ee-bb61-975664eda5de;0;;;
'2023-11-16';60571ba0-047c-11ec-a541-0b478fbf08c5;0;;;
'2023-11-16';2be9e0c0-a622-11ed-871c-e5d41a1dce7c;0;;;
'2023-11-16';5d986a40-83f5-11ee-ba00-b9ddae451e44;0;;;
'2023-11-16';01ebbf70-c17e-11ec-910c-e50045a10512;0;;;
'2023-11-16';924bb0b0-51f7-11ee-aeb3-a95802000a8e;0;;;
'2023-11-16';86983ac0-3d21-11ea-ad65-45326c515cfa;0;;;
'2023-11-16';ec12a940-794e-11ee-8d0d-b1011a8531bf;0;;;
'2023-11-16';30332840-5c42-11ee-8d2f-d3fee14f475e;0;;;
'2023-11-16';fda734c0-0364-11ed-b7db-1911160c2710;0;;;
'2023-11-16';c3301160-6761-11ee-8ab3-7d558c5109c5;0;;;
'2023-11-16';77b61800-d1aa-11eb-a78f-99557b0657db;0;;;
'2023-11-16';32899340-40d6-11ee-a099-e7e7da89cd1b;0;;;
'2023-11-16';de7bbc30-5e02-11ed-b9a8-a7f4040f2599;0;;;
'2023-11-16';639797f0-488a-11ee-be26-b1b10679e947;0;;;
'2023-11-16';c99ffba0-8471-11ee-b4a9-e9a7d09a76ba;0;;;
'2023-11-16';c061d420-1efd-11ee-a34d-73ebe175cf79;0;;;
'2023-11-16';0b8025d0-8428-11ee-af1e-659c63363ab0;0;;;
'2023-11-16';f014c2e0-8249-11ee-b69c-9788c013357b;0;;;
'2023-11-16';e280f760-1e4a-11ee-86e8-b13ced4dad7a;0;;;
'2023-11-16';9d657c50-6965-11ec-a4a9-912dae094ad1;0;;;
'2023-11-16';404deb50-e02a-11ed-a4cd-f3fc0d9aa7de;0;;;
'2023-11-16';2c66f060-89d0-11ed-b5ba-9fd584bc3f65;0;;;
'2023-11-16';be447250-21d9-11ed-8b0d-59174ad7efb4;0;;;
'2023-11-16';c7af8560-6287-11ee-958e-3593f0855815;0;;;
'2023-11-16';0172d0d0-d022-11ec-add7-4d217eb6dbb3;0;;;
'2023-11-16';d8457bd0-82c3-11ee-ba6e-e58e798f9991;0;;;
'2023-11-16';6ee56d40-d93e-11e9-b125-9bbd563ea7e3;0;;;
'2023-11-16';7a2b9ca0-78f2-11ec-9aa1-85872a83291e;0;;;
'2023-11-16';fd9a59d0-842d-11ee-a12e-b9af60482602;0;;;
'2023-11-16';4fe65510-7ef0-11ee-914e-8bc55df746d7;0;;;
'2023-11-16';4b065740-f8b1-11ed-a0ea-43015548e4d6;0;;;
'2023-11-16';d61a63c0-b415-11ed-9d72-e903075bafd8;0;;;
'2023-11-16';aa5bf040-d469-11ed-ae38-e753f7089d92;0;;;
'2023-11-16';a74484d0-f379-11eb-9b4e-c1d2edf41fe8;0;;;
'2023-11-16';83dc6ec0-5dec-11ed-a7f8-43cd2dca137b;0;;;
'2023-11-16';83c45f50-8457-11ee-9d58-bdd19bb38957;0;;;
'2023-11-16';59929b90-f8ed-11eb-be6a-bdaca425bea2;0;;;
'2023-11-16';1d3b0880-69b1-11ee-8ac1-8bf07e4878a8;0;;;
'2023-11-16';3816d050-5e83-11ee-b787-016174f78978;0;;;
'2023-11-16';65f5e180-6bf0-11ee-802f-d96f1f1f622f;0;;;
'2023-11-16';53e23290-7d76-11ee-b7fc-555902481ffd;0;;;
'2023-11-16';38bea320-82a0-11ee-ad1e-910e622cef36;0;;;
'2023-11-16';51c36d40-5903-11ee-9188-dbac2215c37d;0;;;
'2023-11-16';f776bfb0-a78f-11ed-8320-8f0c27b58155;0;;;
'2023-11-16';d35963d0-83ee-11ee-b486-ef4c8a4207f5;0;;;
'2023-11-16';87dce6e0-842d-11ee-a6dc-712ec3291c22;0;;;
'2023-11-16';442c4cd0-75ad-11ee-ba81-dfa01e423654;0;;;
'2023-11-16';d3f4e350-dda4-11ed-8661-1d7ec33235fa;0;;;
'2023-11-16';4ec33290-fa4a-11e9-8e0e-77caf8b02f80;0;;;
'2023-11-16';e4071160-0fd2-11ec-b842-7b2f7d11b36c;0;;;
'2023-11-16';cc5c8690-6e57-11ee-9100-35afbd887420;0;;;
'2023-11-16';d5073690-76d7-11ee-86bb-a1068cfdd602;0;;;
'2023-11-16';dcc7a130-31dc-11ed-b057-3f22c649db44;0;;;
'2023-11-16';b5770f30-bcd8-11ed-beb9-83c8a7a24d15;0;;;
'2023-11-16';687339b0-549b-11ee-bae8-8b7a04a5bb59;0;;;
'2023-11-16';860aeb40-5e5f-11ed-a0f7-5fae6603b9c2;0;;;
'2023-11-16';6cec2fa0-5875-11ee-8f29-3fcdc046f7da;0;;;
'2023-11-16';e391ee30-55eb-11ec-880e-cb7cd9a54c88;0;;;
'2023-11-16';11c0a930-acf4-11ed-9fb1-5fbb02c2397b;0;;;
'2023-11-16';c2685f40-83da-11e9-ac66-c3eada79d291;0;;;
'2023-11-16';24e30260-ad1c-11ed-bcb2-d785a2c20b51;0;;;
'2023-11-16';d57c4a70-74b1-11ee-a82a-0342545f08e0;0;;;
'2023-11-16';605068d0-dc45-11ed-9d44-810786957f5c;0;;;
'2023-11-16';bd9f8b80-7ca2-11ee-8732-5fdf1b1c749a;0;;;
'2023-11-16';88591d60-acf5-11ed-9ff5-d971c89ebaac;0;;;
'2023-11-16';5a658050-0c93-11ec-ab65-cb67d5fe8127;0;;;
'2023-11-16';0a822f80-6668-11ee-b762-aba6b8e0a441;0;;;
'2023-11-16';125c1050-5852-11ee-ae2e-03ffb80d1e3e;0;;;
'2023-11-16';59ef0be0-58b4-11ee-a904-f7b36b4c4eab;0;;;
'2023-11-16';c08c16d0-4b4f-11ee-8ff7-3bf5ce732904;0;;;
'2023-11-16';4a46d060-cf45-11eb-b07d-a555f829f5fd;0;;;
'2023-11-16';a5b50490-a326-11ea-b3dc-57eaa8574825;0;;;
'2023-11-16';7a33c1e0-10c8-11ee-be70-cff834b948a1;0;;;
'2023-11-16';73b8a040-c069-11ea-8f6e-73b4bc9df9ed;0;;;
'2023-11-16';f6420610-0604-11eb-84c3-512169fb6007;0;;;
'2023-11-16';7d6767b0-6611-11ee-a513-3346bc95f644;0;;;
'2023-11-16';405012f0-423a-11ee-9ce8-4d8302e7dcc8;0;;;
'2023-11-16';9017af60-849c-11ee-a1a8-cfa228406c11;0;;;
'2023-11-16';0c1031e0-e4a8-11ed-9e2b-e9731131cca2;0;;;
'2023-11-16';97f2b2a0-8200-11ee-8c66-93aa07d9a2ab;0;;;
'2023-11-16';369daeb0-83ef-11ee-830f-f120b4f59315;0;;;
'2023-11-16';50e51380-83ea-11ee-8ed7-ab2afb1f0a94;0;;;
'2023-11-16';22f53600-dd49-11ed-9ecf-6b373fb491d5;0;;;
'2023-11-16';cbb2af70-a51a-11eb-bc9a-9b8287359b8f;0;;;
'2023-11-16';8a45d150-cadc-11ec-91b0-45d5da48b7f1;0;;;
'2023-11-16';a7e87870-84a3-11ee-bd84-21d102d3ba10;0;;;
'2023-11-16';ce7a96e0-7d45-11ee-86bf-e73ab80cb4fb;0;;;
'2023-11-16';4a4b54f0-65e1-11eb-8ef4-0344a67f1f47;0;;;
'2023-11-16';7da31e50-9893-11ed-83d5-37d2c1c1a856;0;;;
'2023-11-16';e68df900-7c61-11ee-b972-a3d22650f1f4;0;;;
'2023-11-16';d90bd700-0e6d-11ee-a549-b9f14047525f;0;;;
'2023-11-16';e1c15380-698e-11ee-aad1-3d54b501aa9e;0;;;
'2023-11-16';bd27f410-d6aa-11ed-b10e-ff3b2a9f7a5a;0;;;
'2023-11-16';9fd34710-8439-11ee-afa7-bdae0c24aeb1;0;;;
'2023-11-16';c6fd40e0-9248-11ed-b456-33262e2d98fa;0;;;
'2023-11-16';f1b1d3e0-5a9a-11ed-9bc9-8f1cf05ea07d;0;;;
'2023-11-16';311f7c30-16b6-11ee-bc59-d9805df1360c;0;;;
'2023-11-16';f0976000-c768-11ea-aa38-0b146f4a044e;0;;;
'2023-11-16';a854ba50-a6d5-11e8-9c00-352d24c632a4;0;;;
'2023-11-16';d10790d0-6c79-11ed-a25a-e7964f4c8faf;0;;;
'2023-11-16';c22f6ac0-836f-11ee-94a5-b5d82ddbd1f3;0;;;
'2023-11-16';191c9110-9087-11ec-ace4-d10f5b687971;0;;;
'2023-11-16';eb432dc0-83e2-11ee-80f8-5f8f4b743b6f;0;;;
'2023-11-16';6fa48030-8417-11ee-83a6-b960e42988fe;0;;;
'2023-11-16';94c0d050-4199-11ee-8263-81ad632081e4;0;;;
'2023-11-16';b6fa1800-2f86-11ed-bd8f-8df955e03019;0;;;
'2023-11-16';ce79df20-e0fb-11ed-ae6e-e9ce17e234c0;0;;;
'2023-11-16';f3b11250-45d6-11ee-85a3-a91eabaffb34;0;;;
'2023-11-16';fcd3b500-6e61-11ee-8a32-596792dfe63e;0;;;
'2023-11-16';8380b140-9341-11ed-9810-87420a46fe8b;0;;;
'2023-11-16';a0ad6970-6537-11ee-aba1-a34840e2b589;0;;;
'2023-11-16';e1314870-2f61-11ed-83e9-3d212452be67;0;;;
'2023-11-16';1d1cded0-e656-11ec-94d1-dfd0b3b7d627;0;;;
'2023-11-16';eb895250-cd26-11ed-9f57-7b4b0cea3da8;0;;;
'2023-11-16';b160a330-02b5-11ed-88b9-4f848b09bf10;0;;;
'2023-11-16';8673b2a0-b8c9-11ed-832b-0f68027afd84;0;;;
'2023-11-16';debc0c10-e4ff-11e9-ae89-21fc33adff6f;0;;;
'2023-11-16';7abbb2a0-7e0d-11ee-9c0f-d582c0cbde2c;0;;;
'2023-11-16';b0912420-716d-11ee-b952-71e001bb7104;0;;;
'2023-11-16';3d8f61d0-8360-11ee-9371-e3db5a758bb8;0;;;
'2023-11-16';24f3e250-7f69-11ed-8921-85f37af133b3;0;;;
'2023-11-16';610bb050-83fb-11ee-aa50-256a4d9c4909;0;;;
'2023-11-16';e67c9a20-4359-11ee-af36-abd1a59c452e;0;;;
'2023-11-16';e00bbcd0-2c9c-11ee-87a7-3f33b7dd19dd;0;;;
'2023-11-16';d24da9c0-c0a6-11e9-afee-ed1f301da960;0;;;
'2023-11-16';4c749bc0-1ac6-11ec-b507-6d3180b60d38;0;;;
'2023-11-16';5b9fee00-8497-11ee-ac48-058a4845c1f4;0;;;
'2023-11-16';48fd30e0-68eb-11ee-a3bd-f5cd330e0306;0;;;
'2023-11-16';77bfa0b0-4425-11ee-afee-1bf80aa57045;0;;;
'2023-11-16';60f40630-0cf5-11ee-8ea3-2ff0b4a493a7;0;;;
'2023-11-16';5a524040-6064-11ee-ac6f-213e48204b07;0;;;
'2023-11-16';9f9ebe70-2221-11ee-a8a3-7b9385a8b996;0;;;
'2023-11-16';5f993750-683a-11ea-96c5-0b4aa9599a94;0;;;
'2023-11-16';90cd6760-d24c-11eb-9cb7-1b5a7ac9a59e;0;;;
'2023-11-16';4b47bb50-8401-11ee-b27a-bd48d493b0f4;0;;;
'2023-11-16';4cedb770-1174-11ee-b5d1-5190f485ef48;0;;;
'2023-11-16';5845a230-342b-11ed-a95f-973673597d05;0;;;
'2023-11-16';9cc06570-df6c-11ed-91f8-57aa3e661379;0;;;
'2023-11-16';eafb6140-753a-11ee-8a68-89eb9952fd64;0;;;
'2023-11-16';2edf6720-55f7-11ee-b738-9bfc20b487c6;0;;;
'2023-11-16';a8e0c690-2745-11e8-9e74-496127882a35;0;;;
'2023-11-16';abe8c910-83f5-11ee-bd5b-1f16d672ce7b;0;;;
'2023-11-16';18554290-dfdd-11ec-bd0b-89a07386757e;0;;;
'2023-11-16';909b1020-521b-11ee-982a-9718814b8843;0;;;
'2023-11-16';a5dfbab0-8233-11ee-bc2e-596627822700;0;;;
'2023-11-16';495f4940-8422-11ee-959a-471e58d93e1d;0;;;
'2023-11-16';4eb5a590-355d-11eb-8a71-a1b2c17da083;0;;;
'2023-11-16';745d3900-83e5-11ee-bab5-f524565fcc4c;0;;;
'2023-11-16';0604c1c0-b557-11ec-b7b5-4fdeb57ed229;0;;;
'2023-11-16';47b5f3c0-f3cf-11ed-a05b-c93fa197bb74;0;;;
'2023-11-16';48901090-7f7b-11ee-bfaa-79a6c6d3a69f;0;;;
'2023-11-16';1de76a40-837d-11ee-92ac-336bc5c0f0b0;0;;;
'2023-11-16';5211fde0-7d5f-11ee-a07e-bbc9509799f6;0;;;
'2023-11-16';2489e860-82a0-11ee-a5c4-cfa4cf3cc9fa;0;;;
'2023-11-16';6716d230-26e1-11ee-8726-d5b75c527547;0;;;
'2023-11-16';9455be20-5871-11ee-816f-1b5675ba5882;0;;;
'2023-11-16';2392ba70-a509-11ec-9b5a-3dc44283a3e5;0;;;
'2023-11-16';864d52f0-a130-11ed-9f9f-cb9f3946c618;0;;;
'2023-11-16';37ac8f60-61a4-11ed-9995-6b120fa4305a;0;;;
'2023-11-16';e14dccd0-5aca-11ee-9836-4742abcf55b6;0;;;
'2023-11-16';ec81ba10-0722-11ec-8bf6-e3167904ebd3;0;;;
'2023-11-16';7ec506a0-3f27-11ee-a87e-431d85c705e5;0;;;
'2023-11-16';8b10d070-8427-11ee-9680-0f3dbfdc30ad;0;;;
'2023-11-16';34804670-5b95-11ed-a84f-ef575c8f954e;0;;;
'2023-11-16';088ab6a0-3bc4-11ec-8257-d53f9ffcd965;0;;;
'2023-11-16';687aa050-8449-11ee-87a6-650b58bf0f36;0;;;
'2023-11-16';6e2fa820-f10c-11ea-8693-bdc77e62186b;0;;;
'2023-11-16';0f681a10-c5e7-11eb-819c-f93422509563;0;;;
'2023-11-16';9ea21d90-266f-11e8-bdcc-8bfb8cd4ee41;0;;;
'2023-11-16';a66c38b0-786e-11ee-828b-bb07aba6dcff;0;;;
'2023-11-16';0dd23d90-65a7-11ee-a3c8-0993c856471f;0;;;
'2023-11-16';d0dde170-847b-11ee-8899-cdcc03852c0c;0;;;
'2023-11-16';f71a05c0-8472-11ee-a1bf-f7dbe7f32272;0;;;
'2023-11-16';69611fd0-d414-11ec-bbd8-1d56831a1b7d;0;;;
'2023-11-16';3354d130-63c0-11ec-9b04-3d5bb5028baf;0;;;
'2023-11-16';d4580040-2a75-11ec-8a4c-4f35cefc48e7;0;;;
'2023-11-16';d66ce5c0-1a8b-11ec-b725-cf4132297615;0;;;
'2023-11-16';143be680-8489-11ee-ab69-11b7c1cc24bd;0;;;
'2023-11-16';daed2f70-6dcb-11ee-a3ed-85faed8b53a2;0;;;
'2023-11-16';309dd140-586e-11ee-af5c-bb89e5600568;0;;;
'2023-11-16';11a82050-41ae-11ee-9175-7d03ae926415;0;;;
'2023-11-16';8e49c1d0-2805-11ee-a213-d7d02ee803f3;0;;;
'2023-11-16';32576a80-a39f-11ec-a680-09fcc5f5cdba;0;;;
'2023-11-16';ac25a8b0-7939-11ee-844d-c97f903509c5;0;;;
'2023-11-16';a2409ea0-836a-11ee-b415-c79d48fe04c7;0;;;
'2023-11-16';cf5dc310-8368-11ee-b536-191be0cece0e;0;;;
'2023-11-16';6663f4a0-08df-11ee-81cb-8be2005d9c9c;0;;;
'2023-11-16';99eada20-8466-11ee-b0f9-e3f3021fce29;0;;;
'2023-11-16';2c079400-5aa2-11ee-9d24-49e9e7fab6ba;0;;;
'2023-11-16';c8f8bfa0-80c2-11ee-9c77-254d475428ff;0;;;
'2023-11-16';caa524f0-f3c9-11ed-85ac-3ddcab99fad3;0;;;
'2023-11-16';686cbef0-6efa-11ed-8565-6d9221d88c32;0;;;
'2023-11-16';0228a1e0-83e9-11ee-917a-cb9750897493;0;;;
'2023-11-16';2eaf8570-2f53-11ee-90d0-95b59b0fa3f5;0;;;
'2023-11-16';4759db30-3524-11ee-85c1-01a2aa7eea1d;0;;;
'2023-11-16';fdb8d8b0-7d66-11ee-a194-a32661f94751;0;;;
'2023-11-16';ec9e5530-5e78-11ee-9b34-ab852e3e9cae;0;;;
'2023-11-16';dcb922f0-61f0-11ee-8c03-2deb997c6e4f;0;;;
'2023-11-16';ea27ea50-6f08-11ee-a8f0-97d1c071a737;0;;;
'2023-11-16';0ddc4d60-846c-11ee-8927-d5a781459992;0;;;
'2023-11-16';f9a1cf00-84a7-11ee-ba39-2162cf09bdcb;0;;;
'2023-11-16';06a74140-cc83-11ed-90d2-4f6b3ba9bc0f;0;;;
'2023-11-16';d5456110-7563-11ee-9633-47cfadd4b4fe;0;;;
'2023-11-16';aefb8a10-8473-11ee-bbb9-21c925863a2c;0;;;
'2023-11-16';db26e4b0-f588-11ed-a8ca-71e5c8648649;0;;;
'2023-11-16';987a1860-043f-11e9-b29a-657a90787be9;0;;;
'2023-11-16';aa687b50-57f9-11ec-8daa-e56655ea343f;0;;;
'2023-11-16';8ba73fb0-4e53-11ee-8bbb-539eea3dd82b;0;;;
'2023-11-16';f4026f20-83ba-11ee-b9bf-7bdbb0b818b9;0;;;
'2023-11-16';9210c4e0-d935-11ed-9211-ddde7dbeb340;0;;;
'2023-11-16';0766ce70-83a3-11ee-a27a-bdf3a33bf670;0;;;
'2023-11-16';78a43840-aec5-11ea-9804-bf635468b550;0;;;
'2023-11-16';2603ef60-fe34-11ed-910f-ed4de5f486e7;0;;;
'2023-11-16';31145bd0-ab4e-11ed-bd00-fdde66b73256;0;;;
'2023-11-16';a262d200-baf2-11ec-8f5a-77dc8568248f;0;;;
'2023-11-16';279c7d60-78cd-11ee-a1de-03d74126611e;0;;;
'2023-11-16';d6833e00-5ca4-11ec-9fb3-01bac000e8ac;0;;;
'2023-11-16';7eda4700-846d-11ee-b0d1-918277b5b7a9;0;;;
'2023-11-16';6b703800-84a9-11ee-bdda-2dba8a77064c;0;;;
'2023-11-16';3d8322f0-209e-11ee-bdb7-63a16ffb097c;0;;;
'2023-11-16';f3024050-8211-11ee-b50f-950980516f5b;0;;;
'2023-11-16';273e5350-72e4-11ee-bdb9-e3efef118a92;0;;;
'2023-11-16';ff52b590-2297-11ed-8cb9-e5dc54b353b6;0;;;
'2023-11-16';8475eaa0-8051-11ed-b6ba-35ca3135033a;0;;;
'2023-11-16';5e45a6b0-0f1b-11ed-8f8f-e7057cff0cb2;0;;;
'2023-11-16';69685390-1f9f-11ee-910f-157cf25f1d3b;0;;;
'2023-11-16';f0a2e730-390d-11ee-ab44-4d4c5f4a70f7;0;;;
'2023-11-16';3e977590-8469-11ee-9872-8786f982ffa8;0;;;
'2023-11-16';373961c0-35df-11ed-8206-bd519374e178;0;;;
'2023-11-16';d7641f40-9af9-11ec-b7fc-dd207ad3dd43;0;;;
'2023-11-16';40e32710-1c85-11ed-a4c6-cb04e30ebc84;0;;;
'2023-11-16';8f5d45d0-83e8-11ee-a568-67bd8dc9ea15;0;;;
'2023-11-16';e72ead50-c62c-11ed-accc-916c247a1888;0;;;
'2023-11-16';8815d520-1959-11ee-a22b-fdf30c15a85e;0;;;
'2023-11-16';abccf380-7d2d-11ee-bb81-d7f81a8e62a5;0;;;
'2023-11-16';d7852180-23c1-11ed-80b6-75f0d0fa89b6;0;;;
'2023-11-16';03d56e70-a635-11ed-b84e-357ff5e43eca;0;;;
'2023-11-16';598b30a0-73f5-11ee-bb81-77c5a66be22c;0;;;
'2023-11-16';fdabc000-835e-11ee-86de-551e7781230e;0;;;
'2023-11-16';6c3b5da0-57ae-11ee-8354-d77ee1a0b9a0;0;;;
'2023-11-16';71ba2530-d039-11eb-96f0-9fad9d985c73;0;;;
'2023-11-16';da171890-6669-11ee-acee-c1611903d6c3;0;;;
'2023-11-16';480952b0-1c86-11ee-b8c0-2739316f7c37;0;;;
'2023-11-16';ea37dbe0-0b19-11ec-9803-ff529780dc0c;0;;;
'2023-11-16';74e2ae80-bfff-11ea-a148-57e8a986b438;0;;;
'2023-11-16';0d5fbac0-7931-11ee-8c02-71e2e945a5f8;0;;;
'2023-11-16';adafa7c0-55d1-11ee-940b-d1474356896c;0;;;
'2023-11-16';b2747170-c5de-11ec-840b-410411ab656c;0;;;
'2023-11-16';1398e090-5fb8-11ec-93d6-a1a3b73757bd;0;;;
'2023-11-16';238720c0-fc8d-11ed-a055-7977df5d9f95;0;;;
'2023-11-16';5c281b00-39ff-11ee-915c-8d2b0f08048d;0;;;
'2023-11-16';609db050-7e29-11ee-978b-fd4657345088;0;;;
'2023-11-16';ac910730-49d9-11ed-bf0a-1b06bb5b2b3d;0;;;
'2023-11-16';7f7105c0-848e-11ee-8989-a139430cc67b;0;;;
'2023-11-16';df4dc750-fa44-11ed-a614-5769c1c44db7;0;;;
'2023-11-16';9a1bb5a0-2670-11e8-bfc6-df51f8419a76;0;;;
'2023-11-16';73042480-f491-11ed-86d1-f5d62c2ecdf4;0;;;
'2023-11-16';71a56b10-7968-11ee-9339-a956fcf0a677;1;;;
'2023-11-16';41b27e60-5cef-11ee-a1f6-8f78675c51e6;1;;;
'2023-11-16';0ab697c0-ab98-11ec-a64a-2156c6248c1b;1;;;
'2023-11-16';f2875df0-4179-11ee-9444-c3da1e4b7d08;1;;;
'2023-11-16';f3b05090-6386-11ee-b738-411998dddbba;1;;;
'2023-11-16';587db280-a361-11eb-82d2-f3f48afdf26c;1;;;
'2023-11-16';290d0520-429a-11ee-8803-1550ce7afdb2;1;;;
'2023-11-16';aa94b540-9578-11ed-8d0a-b15d3b90552c;1;;;
'2023-11-16';80633200-54e2-11ed-aedc-c7388b52eff6;1;;;
'2023-11-16';71ade4e0-f3ea-11ea-8811-35b85ca99cf8;1;;;
'2023-11-16';601d66a0-63b6-11ec-8a00-81f651d0b14a;1;;;
'2023-11-16';bd321f10-2c92-11ee-b8cb-cb4001fdd16c;1;;;
'2023-11-16';90684ce0-f2cf-11ed-b1f9-87a96bfb0049;1;;;
'2023-11-16';8910fa30-6f1d-11ee-ae4d-cd369f3daa68;1;;;
'2023-11-16';9e545010-7e16-11ee-b2b0-831f8b3d4ae0;1;;;
'2023-11-16';397fdaf0-34b8-11ec-9b79-0bc2295b5ed8;1;;;
'2023-11-16';76f274c0-30e1-11ee-9049-53b064d49609;1;;;
'2023-11-16';bd9a6cf0-7ec7-11ee-a4ba-c91288201034;1;;;
'2023-11-16';0318f3b0-bc17-11ed-96f2-8b13a1ef48fc;1;;;
'2023-11-16';77614a10-5cfd-11ee-9fae-6fe9b43efebe;1;;;
'2023-11-16';c6f084e0-1498-11ee-9a00-c1d45ba502dd;1;;;
'2023-11-16';f36243b0-745c-11ed-95d1-dd87d160039b;1;;;
'2023-11-16';f136c220-60cd-11e8-8ebd-45fc1d9c550a;1;;;
'2023-11-16';bd1fb920-2388-11ec-b18e-4700a275e16b;1;;;
'2023-11-16';dea9d400-d805-11eb-900c-b38b424d9453;1;;;
'2023-11-16';4022dc10-9253-11ec-a1f7-0b35376a941d;1;;;
'2023-11-16';fc825680-6275-11ee-a126-ff40476b8939;1;;;
'2023-11-16';9fa2f8c0-5dac-11ee-81ec-83bd158614aa;1;;;
'2023-11-16';db9a3c30-6cb6-11ee-ba0b-810644810bf8;1;;;
'2023-11-16';9fbeb570-7eda-11ee-9d6a-c329da05d79a;1;;;
'2023-11-16';e1215290-e4be-11ed-b55f-159044f7be46;1;;;
'2023-11-16';12035db0-83af-11ee-82f8-81bc8f6140e1;1;;;
'2023-11-16';3bba9860-843d-11ee-8a90-b5899a3bb3cb;1;;;
'2023-11-16';bf2a6280-30f9-11ee-8058-57d204b97b10;1;;;
'2023-11-16';b62cb320-7ff2-11ee-b82c-4bd094178e81;1;;;
'2023-11-16';bb8ac030-1b45-11ee-8724-8d776aa22579;1;;;
'2023-11-16';25e88a50-2e0e-11ed-be80-bb1064052eba;1;;;
'2023-11-16';7e0bd6f0-7e2c-11ee-91d6-f338c0a93ee7;1;;;
'2023-11-16';73237440-56a5-11ee-b6ee-f398412dee28;1;;;
'2023-11-16';4e49f9d0-55d5-11ee-93fe-411dc7960d2f;1;;;
'2023-11-16';6ba2e370-1cf0-11ee-9303-13199d0b58c5;1;;;
'2023-11-16';f5c917b0-19f6-11ee-9ff9-bb2aeb994a1d;1;;;
'2023-11-16';ee3a36b0-2f6c-11ee-84bf-71be87b48a82;1;;;
'2023-11-16';18a80130-d909-11ed-8bb7-a722cfcf3c65;1;;;
'2023-11-16';d1c81440-83d4-11ee-9d33-99fabcb67358;1;;;
'2023-11-16';45839540-2083-11ee-8284-6b259cc95f20;1;;;
'2023-11-16';ec31bfa0-7972-11ee-931d-05584166fc85;1;;;
'2023-11-16';ae761f10-7aff-11ee-bbc4-db72061f928f;1;;;
'2023-11-16';468fb810-a603-11ed-97e3-1359f9e6b4d1;1;;;
'2023-11-16';de61d5d0-55fb-11ee-a854-312985804e9e;1;;;
'2023-11-16';50573c90-9412-11ed-bab8-b5c12273e1c5;1;;;
'2023-11-16';5f95b3f0-6403-11ee-a947-d7e42f925c95;1;;;
'2023-11-16';9382c720-7493-11ee-b346-2f82b2a556ae;1;;;
'2023-11-16';3aca7b90-5cf7-11ee-a4fc-13229e19c4ca;1;;;
'2023-11-16';35dc86a0-c90f-11ec-801c-c32341e7529a;1;;;
'2023-11-16';07fa5080-9e54-11ed-b36a-c7f4ef4928ce;1;;;
'2023-11-16';cfbce6c0-9d54-11ec-8487-dbe8a6f96ab0;1;;;
'2023-11-16';a1b5fc40-d74f-11ed-bbb1-bbf6f5f07761;1;;;
'2023-11-16';8c883ad0-17e2-11ee-8e4f-791b6f816e14;1;;;
'2023-11-16';05ad1e80-7945-11ee-8328-7dddc3358f93;1;;;
'2023-11-16';bf1041c0-a486-11ed-bd97-e5359bb4d375;1;;;
'2023-11-16';2f0a6820-1985-11ee-aa32-8bc1afd5ce8e;1;;;
'2023-11-16';7cc442e0-b3cc-11ec-af34-29f0e4596d7a;1;;;
'2023-11-16';cefd14a0-28ee-11e8-a984-4bd4a948fa76;1;;;
'2023-11-16';803897a0-1ec0-11ed-a2d6-ffd3af03f0ab;1;;;
'2023-11-16';90694410-2f24-11ee-82be-ed4d2f30ad09;1;;;
'2023-11-16';9b490c60-e57a-11ed-897f-a5f857ba1522;1;;;
'2023-11-16';0c7996d0-8471-11ee-bff2-0bd62618fb2b;1;;;
'2023-11-16';6ea4a560-7ed2-11ee-aa6c-f786aaa7f161;1;;;
'2023-11-16';f6744b80-8454-11ee-9453-2552127f2602;1;;;
'2023-11-16';ee27bcd0-0b9f-11ec-a33f-b943300effac;1;;;
'2023-11-16';4f6cb130-69af-11ed-83d2-5125f61c36a9;1;;;
'2023-11-16';c0591830-0118-11ec-842a-05afb4ef64a0;1;;;
'2023-11-16';1dc07910-8474-11ee-b791-b14e8255f637;1;;;
'2023-11-16';56b569a0-0375-11ed-92b1-ab7d976ce07c;1;;;
'2023-11-16';f488faa0-539e-11ee-b341-cfe3c25e5d51;1;;;
'2023-11-16';b28fb670-73e2-11ee-9c60-713bae047ff9;1;;;
'2023-11-16';bfb84fc0-b958-11eb-b3b5-714825858d67;1;;;
'2023-11-16';de0185f0-650f-11ed-b284-91e61a1eafbe;1;;;
'2023-11-16';7422d5f0-4559-11ee-8887-55aa3a8ef55d;1;;;
'2023-11-16';fb6c7f80-117d-11ee-bf26-45f6dc2c5483;1;;;
'2023-11-16';9012fd00-183c-11eb-8283-c9d1f9529648;1;;;
'2023-11-16';8d95e850-8461-11ee-8179-a179afd4e20b;1;;;
'2023-11-16';701dfba0-6cce-11ee-86be-3f42f9e2821c;1;;;
'2023-11-16';4ac8d810-097a-11ed-8b5d-d3c75951044d;1;;;
'2023-11-16';06297dd0-489a-11ee-8c02-b9560573942e;1;;;
'2023-11-16';0d831230-75b8-11ee-9b0e-6353c83acbcb;1;;;
'2023-11-16';a3ba53c0-d50a-11ed-ae81-6dc5b55c4a36;1;;;
'2023-11-16';974047e0-52b3-11ee-8f8b-23b9d0977d42;1;;;
'2023-11-16';72872510-0100-11ec-9cb4-2b4cd0d87939;1;;;
'2023-11-16';759641a0-6f12-11ee-807f-afaa989d636a;1;;;
'2023-11-16';0468c1b0-a353-11ec-9144-d3272d70914b;1;;;
'2023-11-16';20bf7300-c039-11ed-a2a2-cd53326df3c6;1;;;
'2023-11-16';7a2149b0-83e7-11ee-9343-d1f132bc0bbd;1;;;
'2023-11-16';67937bc0-7b21-11ee-b82b-c3aa4f24fb8b;1;;;
'2023-11-16';0a785400-7749-11ee-81dc-d10bff479dd5;1;;;
'2023-11-16';bba25a10-6efb-11ee-9350-5d92af506643;1;;;
'2023-11-16';b0ee9200-a5fc-11ed-aa78-11929e10975f;1;;;
'2023-11-16';2c4ca150-b4b2-11eb-bceb-c907bb5088fb;1;;;
'2023-11-16';ca9a72e0-829d-11ee-8118-89306161f89a;1;;;
'2023-11-16';0cb04460-ddaa-11ec-8efe-7fe790d3fecb;1;;;
'2023-11-16';4096d810-f55b-11ed-8f42-f7c78d2a5cb8;1;;;
'2023-11-16';bceaee00-69c9-11ee-aacd-e55ecd7ae380;1;;;
'2023-11-16';b62a0260-8484-11ee-a2df-21b88be7048e;1;;;
'2023-11-16';c2bb7050-c085-11ec-a6d6-05fa39c0b5d0;1;;;
'2023-11-16';b9e6c290-cd83-11eb-8c20-33f34c371fbf;1;;;
'2023-11-16';38273ba0-81d0-11ee-b908-0f19795613b2;1;;;
'2023-11-16';b5d0ac20-3ab4-11ee-9e73-07e0fbd281e7;1;;;
'2023-11-16';54954880-4fc3-11ed-a2ff-35e907aad3c8;1;;;
'2023-11-16';b7e4d4b0-47c5-11ed-9239-2f1acd79db72;1;;;
'2023-11-16';bd403fb0-a6d6-11ed-9f7f-639b7f0e5376;1;;;
'2023-11-16';69211710-c612-11ec-a993-b35eed708481;1;;;
'2023-11-16';38519a00-2f5d-11ee-88a8-c79ee4974c65;2;;;
'2023-11-16';0f8d1600-48f3-11ec-8ec6-bd44dfcb57d3;2;;;
'2023-11-16';5cadd100-3d17-11ec-8fe3-975ff41ee3ba;2;;;
'2023-11-16';b1c90ad0-9174-11ed-973f-d9c0d2c30895;2;;;
'2023-11-16';4eadb6f0-8433-11ee-96be-453e49a3463b;2;;;
'2023-11-16';17106bb0-b3d9-11ec-8539-4f93fa6e64e3;2;;;
'2023-11-16';82c3a6b0-0974-11ed-92d9-17c41638c6a3;2;;;
'2023-11-16';63d04bd0-837d-11ee-8345-2be6464db295;2;;;
'2023-11-16';ae2a43f0-16d6-11eb-b104-e9b8ac53c16d;2;;;
'2023-11-16';00302bc0-56cf-11ee-92be-fd7b0d617e4e;2;;;
'2023-11-16';a23f1d60-7266-11ee-be39-194e4f7db56a;2;;;
'2023-11-16';466fbf60-fa36-11ed-a14a-67347299561e;2;;;
'2023-11-16';6b10f530-2f86-11ed-9187-b9f9b9a4db6d;2;;;
'2023-11-16';62480b80-7221-11ee-afa6-5d251983dd30;2;;;
'2023-11-16';b3a7dd60-7890-11ed-9772-b52ecddda998;2;;;
'2023-11-16';64a66af0-30a0-11ea-9200-23bcbe16af38;2;;;
'2023-11-16';090dd4f0-715e-11ee-95ba-af3da24eb125;2;;;
'2023-11-16';af142b30-4114-11ee-a7af-95b819bc48f9;2;;;
'2023-11-16';8ef577b0-b267-11ec-8c00-399403b6130e;2;;;
'2023-11-16';97eddc80-3df6-11ec-8968-315368755a67;2;;;
'2023-11-16';f65363c0-0724-11ec-bd81-49e1f86f6eaa;2;;;
'2023-11-16';e9dfbaa0-424e-11ee-a003-e7910bd9b8fd;2;;;
'2023-11-16';cb2ff360-2f5f-11ee-86b2-f16b8fc44a84;2;;;
'2023-11-16';893f8fc0-60d8-11ed-93ac-bdc11d75942e;2;;;
'2023-11-16';c12d8140-0ab4-11ee-a26e-9bd3c5130ece;2;;;
'2023-11-16';0b3f7b80-83f5-11ee-9916-5987215d24d7;2;;;
'2023-11-16';37065da0-264f-11ee-b190-5df699522d40;2;;;
'2023-11-16';956be840-a3f7-11ed-8895-a7377b592b57;2;;;
'2023-11-16';cd10dcf0-cfb7-11e9-8478-ffd64abf374d;2;;;
'2023-11-16';81329ac0-f45b-11ea-92be-cdbb81c5233c;2;;;
'2023-11-16';22f02860-ba26-11eb-95b4-9bb66a80a2f5;2;;;
'2023-11-16';48e187c0-81f3-11ee-923b-bd7ae39f781f;2;;;
'2023-11-16';29e694b0-2e97-11ed-8dc3-3742abce6e54;2;;;
'2023-11-16';50349270-0b3c-11ee-a1d6-2121b69d44ac;2;;;
'2023-11-16';77d26ec0-9a8c-11ea-a2fd-3d9ff5d8d5c2;2;;;
'2023-11-16';5e6c9a00-53ac-11ee-9180-63c3ed20ef5e;2;;;
'2023-11-16';01543c30-ab4a-11ec-b5cd-0506b02d5071;2;;;
'2023-11-16';424d1220-63bd-11ee-bf5c-2915cf679904;2;;;
'2023-11-16';cae78bc0-0449-11ee-a68c-d7482786be21;2;;;
'2023-11-16';3d032190-83c7-11ee-8490-a72ac47c4ecd;2;;;
'2023-11-16';0208e7b0-68c8-11ee-9bc4-59233d326e23;2;;;
'2023-11-16';058264d0-6f5c-11ee-8499-ed593984f273;2;;;
'2023-11-16';a016e0d0-3227-11ec-aa2b-7fa1f438e1bf;2;;;
'2023-11-16';3aa5e760-d3a1-11ed-b6d4-25cf9788359e;3;;;
'2023-11-16';aa9b5be0-6f95-11ea-bd4f-81608d74ea67;3;;;
'2023-11-16';0bfe47e0-7830-11ec-bc55-5ba5d08161f1;3;;;
'2023-11-16';65a76ce0-93ce-11ec-b4a5-99d500c079e4;3;;;
'2023-11-16';2af1b840-6397-11ee-82df-99d88cefe653;3;;;
'2023-11-16';47d74d70-8224-11ee-910e-d7383a9c6fea;3;;;
'2023-11-16';083c1a60-ea85-11ed-bc55-af3584f79c31;3;;;
'2023-11-16';0242d930-1462-11ee-ae41-235de54017d3;3;;;
'2023-11-16';76523250-53ad-11ee-b682-7f0ad3132fc5;3;;;
'2023-11-16';38739910-bb6e-11ed-a75f-2396de10ccac;3;;;
'2023-11-16';951e6fd0-9faa-11ed-86f8-574a43f721cf;3;;;
'2023-11-16';5c5225c0-9870-11ed-ae85-019e14031a0e;3;;;
'2023-11-16';f6a54150-2111-11ee-85a5-790a6ba26da1;3;;;
'2023-11-16';b4b69d70-849e-11ee-9853-c1b99385da35;3;;;
'2023-11-16';be657820-8438-11ee-8a52-c9af38d82b56;3;;;
'2023-11-16';246c66c0-0b2a-11ee-a875-8fcd12a907c6;3;;;
'2023-11-16';b6cc7270-09fa-11ee-b472-6b87a0e1e329;3;;;
'2023-11-16';7b3d2810-e585-11ed-a524-d983167b6653;3;;;
'2023-11-16';ed7bf8b0-7ce2-11eb-a984-0b585d77fc73;3;;;
'2023-11-16';16583560-d494-11eb-9430-4f6b4d215351;3;;;
'2023-11-16';d96713d0-770f-11ee-a4f0-09f62626fb0e;3;;;
'2023-11-16';af8ccf50-4a0b-11ed-8e8d-f3e9f31df215;3;;;
'2023-11-16';b09c1ef0-faf0-11ed-a355-f13440dde293;3;;;
'2023-11-16';71afd130-8472-11ee-a027-8ff19a9a7a25;3;;;
'2023-11-16';b544ef00-69a8-11ee-a6ee-b5dcf7e0bfc9;3;;;
'2023-11-16';d70dcaa0-0d9b-11ec-9480-19aec6605e49;3;;;
'2023-11-16';5be259d0-7a05-11ee-b440-477a79b36e5f;3;;;
'2023-11-16';bf7a2d50-5df5-11ee-832a-37e0ed135bb2;3;;;
'2023-11-16';cb1ee610-26eb-11e8-b934-6bbbc6fca064;3;;;
'2023-11-16';3829bf60-8575-11eb-a25f-f3e01892c1ce;3;;;
'2023-11-16';e4b39950-76f3-11ee-a76c-337f1b3c3c4d;3;;;
'2023-11-16';e3aa2b10-57a3-11ee-bd5a-f72794fcf488;3;;;
'2023-11-16';a3571100-31c3-11ee-814a-7d416b5c6a38;3;;;
'2023-11-16';72f7ac50-73d0-11ee-96f5-3f4f8a11dc86;4;;;
'2023-11-16';435ad830-db26-11ec-92d0-79ce0b3c270b;4;;;
'2023-11-16';afbdc900-7af9-11ee-9ba7-0b37d347b293;4;;;
'2023-11-16';f3994b10-61a2-11ee-9423-d99073ceab29;4;;;
'2023-11-16';2809fbe0-6cfe-11ee-9cf1-9f839b808b64;4;;;
'2023-11-16';bea50450-a08a-11ed-b685-c1c95b77c18d;4;;;
'2023-11-16';3f69ee50-2c0c-11ed-be50-6fb693743b92;4;;;
'2023-11-16';e5437880-82c0-11ee-b2fa-ed467c51a432;4;;;
'2023-11-16';71aa0370-bc01-11ed-b475-112ce88e695c;4;;;
'2023-11-16';33864540-382f-11ee-a5a1-cfd5c6784c6b;4;;;
'2023-11-16';9e71c280-19f9-11ed-9bc9-8f173657187d;4;;;
'2023-11-16';6261b740-7872-11ee-961f-5517ccf7abcc;4;;;
'2023-11-16';e7523020-9962-11eb-a85c-6147ea719967;4;;;
'2023-11-16';bcc5ecb0-6975-11eb-a992-33d2db365ac3;4;;;
'2023-11-16';55df43e0-88ca-11ed-a7d7-cbcda91d8747;4;;;
'2023-11-16';bb0b3000-7906-11ec-a798-d37935818978;4;;;
'2023-11-16';82aff070-57bc-11ed-a1f1-d9a024bf871f;4;;;
'2023-11-16';c5c77150-ff67-11ed-9478-ebe39a40465c;4;;;
'2023-11-16';37346470-1ac6-11ec-98f9-e912f416724e;4;;;
'2023-11-16';93fe3b90-3680-11ee-ab2e-cbd6e044ea6a;4;;;
'2023-11-16';c6d9df70-56b5-11ed-9474-475865b6547c;4;;;
'2023-11-16';0cec3930-3cbc-11ee-9bec-2317dd92f7e7;4;;;
'2023-11-16';7a2afab0-31b6-11ee-8704-b1b68525419f;4;;;
'2023-11-16';6da2a3a0-8441-11ee-b1e2-0f05ce9d7b27;4;;;
'2023-11-16';7e3d2410-f39b-11ed-a1b9-0b751515adfd;4;;;
'2023-11-16';86e5c640-461f-11ee-ba8a-5903c444946b;4;;;
'2023-11-16';fbd5c4c0-6f58-11ee-a27d-af0224108b7e;4;;;
'2023-11-16';ca2a1860-94c4-11ec-b685-174472eff4dc;5;;;
'2023-11-16';f7d05c50-17cf-11ed-a78c-912ed4e7c32f;5;;;
'2023-11-16';b0c4b750-4353-11ea-b71d-9325d41eec6a;5;;;
'2023-11-16';61ae0260-a6a2-11ed-8f7f-7df15ac93c97;5;;;
'2023-11-16';81760d80-5522-11ed-9db6-4be11884d44f;5;;;
'2023-11-16';9c9d6c10-e45f-11ea-afd5-95513255c520;5;;;
'2023-11-16';1d305a50-d75a-11ed-a037-adabf39bc1e0;5;;;
'2023-11-16';9bf593f0-4b9f-11ee-ab4b-ebce3b9494c0;5;;;
'2023-11-16';ccbf9720-1af2-11ee-aa64-bdeae422cee1;5;;;
'2023-11-16';7a88d920-7f89-11ee-ad44-39adfcd24fea;6;;;
'2023-11-16';ab6ac5d0-a7ea-11ec-a675-798b005bf57f;6;;;
'2023-11-16';02a6a090-6652-11ee-9586-e5eb3b3de661;6;;;
'2023-11-16';83515c30-ad11-11ed-884a-9989fec8d74f;6;;;
'2023-11-16';be6f88e0-1afe-11ee-8c6f-c92ebf08d732;6;;;
'2023-11-16';efbdc0c0-816e-11ee-9cc3-0739fd02c351;6;;;
'2023-11-16';1a633e20-6745-11ee-ad73-95d1cc768655;7;;;
'2023-11-16';3202bb10-66a9-11ee-a1cb-9d1b53e172db;7;;;
'2023-11-16';a63da2d0-82db-11ee-b7b6-318a8f9f484a;7;;;
'2023-11-16';cf733600-e3ea-11ed-a5b9-b3c6a94e0cba;7;;;
'2023-11-16';86e5e4a0-3b5b-11ee-b71d-09d6aeee92dc;7;;;
'2023-11-16';e4c316d0-8bdc-11ed-8d87-0bd1e42735fc;7;;;
'2023-11-16';d234f070-2821-11ed-9ce0-b7a9dd423e66;7;;;
'2023-11-16';a947c6b0-8469-11ee-bc8b-bda1ed49ffc8;8;;;
'2023-11-16';4667d760-6bb0-11ed-932a-31583eb3593e;8;;;
'2023-11-16';92f985c0-f3e5-11ed-85d8-b9ce144446ac;8;;;
'2023-11-16';25b50bd0-3648-11ec-91a6-553b203f380b;8;;;
'2023-11-16';f88c1a00-82ca-11ee-bbed-d3740807eacd;9;;;
'2023-11-16';8440d590-e6fc-11ea-a842-65029eedd4ca;9;;;
'2023-11-16';99a98eb0-4d2c-11ee-afec-f120c998c748;9;;;
'2023-11-16';12a5fcd0-82df-11ee-8fcb-21c3325f0887;9;;;
'2023-11-16';ae274910-82d1-11ee-b2b8-1d1441fa3755;9;;;
'2023-11-17';efbdc0c0-816e-11ee-9cc3-0739fd02c351;18;;;
'2023-11-17';91c4ef20-3beb-11ee-ac75-a3300f1b00f0;11;;;
'2023-11-17';12a5fcd0-82df-11ee-8fcb-21c3325f0887;12;;;
'2023-11-17';f488faa0-539e-11ee-b341-cfe3c25e5d51;12;;;
'2023-11-17';65f72930-b18b-11ec-924b-83ff9d356743;10;;;
'2023-11-17';11f58880-8453-11ee-afb3-7bd5493ebb29;13;;;
'2023-11-17';02407400-9fef-11ea-a8e4-41250b658619;10;;;
'2023-11-17';82712da0-6656-11ee-8ec4-1512b411dbd9;13;;;
'2023-11-17';0db94550-c3eb-11ed-97dc-45d791b61932;12;;;
'2023-11-17';0d0a5b90-b26f-11ed-bce4-ff6b440fcf8f;0;;;
'2023-11-17';4cedb770-1174-11ee-b5d1-5190f485ef48;0;;;
'2023-11-17';d0e78190-561c-11ee-9604-61cab66a9198;0;;;
'2023-11-17';0b01d4c0-853e-11ee-8fbe-eb8332a67ccd;0;;;
'2023-11-17';df3bceb0-5e99-11ee-88e1-9ba78e205adb;0;;;
'2023-11-17';74ccfd80-5a32-11ee-8897-1d746f19b32a;0;;;
'2023-11-17';a43122f0-bc07-11ed-a410-d781d743a63f;0;;;
'2023-11-17';d14176e0-73b4-11ee-8a52-850b196fb67f;0;;;
'2023-11-17';803897a0-1ec0-11ed-a2d6-ffd3af03f0ab;0;;;
'2023-11-17';fdb8d8b0-7d66-11ee-a194-a32661f94751;0;;;
'2023-11-17';20245bc0-7765-11ee-a4f8-6f788331d1c6;0;;;
'2023-11-17';69685390-1f9f-11ee-910f-157cf25f1d3b;0;;;
'2023-11-17';18c530d0-646a-11ec-97a2-a932c37bda43;0;;;
'2023-11-17';4568ada0-6d0b-11ee-a6e2-513ed9b1e043;0;;;
'2023-11-17';974047e0-52b3-11ee-8f8b-23b9d0977d42;0;;;
'2023-11-17';2237a9b0-84be-11ee-9f40-972842e6ec8b;0;;;
'2023-11-17';aec70e50-73e5-11ee-9117-b3ea6e077d21;0;;;
'2023-11-17';116f7a80-f928-11ed-95a1-e57bc428a977;0;;;
'2023-11-17';2924c910-0f36-11ec-8ca7-cd28027e7440;0;;;
'2023-11-17';c0591830-0118-11ec-842a-05afb4ef64a0;0;;;
'2023-11-17';74d71790-4e10-11ed-9f74-dbf280a39a7f;0;;;
'2023-11-17';e70e26c0-2f56-11ec-a64d-5102c2fc7f3b;0;;;
'2023-11-17';cf0769c0-84e9-11ee-8fd5-3914d8a224ab;0;;;
'2023-11-17';36881090-d919-11ed-8212-5d39cda8b8b4;0;;;
'2023-11-17';b7c4cff0-852f-11ee-9fa2-8ddf57c60f3d;0;;;
'2023-11-17';51dc3c40-69f3-11ec-848c-2714b3b1ce53;0;;;
'2023-11-17';df509800-e8e1-11ed-bff7-fff446cf2ada;0;;;
'2023-11-17';512a0d40-013c-11ee-8bb3-35f1b0792c87;0;;;
'2023-11-17';bd9f8b80-7ca2-11ee-8732-5fdf1b1c749a;0;;;
'2023-11-17';a39cf780-a2bb-11ec-bdc9-8d1cde8a65d4;0;;;
'2023-11-17';70b61b10-6198-11ee-9d7f-cd1e077744c8;0;;;
'2023-11-17';6c3b5da0-57ae-11ee-8354-d77ee1a0b9a0;0;;;
'2023-11-17';feb21620-6978-11ee-bc4a-296afd10a239;0;;;
'2023-11-17';f74b0c50-7dd9-11ee-9f7b-8153230f048a;0;;;
'2023-11-17';ee4d8b30-a2d0-11ed-b4ad-8b492dd367a5;0;;;
'2023-11-17';6dcba330-8564-11ee-b9e5-1593a4d079ae;0;;;
'2023-11-17';d60cdb10-5159-11ee-b187-f3101e819252;0;;;
'2023-11-17';a9e3d840-7f8a-11ee-b7e2-d7a04c5a8d64;0;;;
'2023-11-17';88f41140-84f3-11ee-84b1-2bd77419a68b;0;;;
'2023-11-17';e9820b90-6a61-11ee-abcc-dd75dcdd7e70;0;;;
'2023-11-17';3b5e8c70-853f-11ee-85b3-8f15355fa21f;0;;;
'2023-11-17';01543c30-ab4a-11ec-b5cd-0506b02d5071;0;;;
'2023-11-17';7ff29be0-9632-11ec-8cd5-1d4ae3f3127f;0;;;
'2023-11-17';de254e20-84c3-11ee-8e8f-5903c28a1a17;0;;;
'2023-11-17';5f95b3f0-6403-11ee-a947-d7e42f925c95;0;;;
'2023-11-17';515665d0-68b5-11ee-9f5d-fb3c047209a7;0;;;
'2023-11-17';e3b73680-68d2-11ee-94f8-e74144b3dd83;0;;;
'2023-11-17';00ad2f60-843f-11ee-8369-819625576052;0;;;
'2023-11-17';c1068660-84c8-11ee-b5ef-0703662ebc53;0;;;
'2023-11-17';5e45a6b0-0f1b-11ed-8f8f-e7057cff0cb2;0;;;
'2023-11-17';b322ea40-33ae-11ee-8975-1dbaaffcfb54;0;;;
'2023-11-17';97f2b2a0-8200-11ee-8c66-93aa07d9a2ab;0;;;
'2023-11-17';0172d0d0-d022-11ec-add7-4d217eb6dbb3;0;;;
'2023-11-17';390074a0-6b7c-11eb-8ef9-73f675c1c29c;0;;;
'2023-11-17';792e0730-8533-11ee-b5a0-2bef8e7ff6f5;0;;;
'2023-11-17';ea2a85b0-837d-11ee-9231-9b7d23ced8fc;0;;;
'2023-11-17';4fc269b0-dd1b-11ed-9355-f77599598a52;0;;;
'2023-11-17';8373a4c0-5b1f-11eb-976b-2f5849efa7b2;0;;;
'2023-11-17';a2409ea0-836a-11ee-b415-c79d48fe04c7;0;;;
'2023-11-17';9801ace0-a6ed-11ed-9d0e-4907b16db0f7;0;;;
'2023-11-17';22f02860-ba26-11eb-95b4-9bb66a80a2f5;0;;;
'2023-11-17';c9189a00-84af-11ee-b0d4-41cab769940e;0;;;
'2023-11-17';fdffd420-5da6-11ee-a030-9dc64c38dc9a;0;;;
'2023-11-17';4c749bc0-1ac6-11ec-b507-6d3180b60d38;0;;;
'2023-11-17';25181760-6d93-11ee-abf3-bfb51ca8976f;0;;;
'2023-11-17';e72ead50-c62c-11ed-accc-916c247a1888;0;;;
'2023-11-17';f7662ee0-22a5-11ec-8160-0d3fd119ed49;0;;;
'2023-11-17';016c7550-53f9-11ec-8d7a-1f5ec98e092c;0;;;
'2023-11-17';5afa2da0-5034-11ed-b769-612e1f2f35b3;0;;;
'2023-11-17';c858e090-9098-11ed-b7e1-4120ad641f1d;0;;;
'2023-11-17';2a86c1f0-5cc5-11ec-867b-ab04ac152048;0;;;
'2023-11-17';453c3750-5b57-11ed-a735-1fb29e6a6ea1;0;;;
'2023-11-17';b4e62bb0-7244-11ee-b968-05e647b4bf8a;0;;;
'2023-11-17';4c3b96b0-84fd-11ee-8992-eb7fffe289fe;0;;;
'2023-11-17';dcb922f0-61f0-11ee-8c03-2deb997c6e4f;0;;;
'2023-11-17';6fabd590-81da-11ee-a9a6-1121f70dd005;0;;;
'2023-11-17';683f0670-6886-11ec-a526-4b0b4f7f77b1;0;;;
'2023-11-17';7c6ceb50-88af-11ec-958c-474eadef37bd;0;;;
'2023-11-17';31fed080-8513-11ee-9263-af9f6352b12d;0;;;
'2023-11-17';05cb82c0-8508-11ee-9e72-87b3b964e110;0;;;
'2023-11-17';0ab697c0-ab98-11ec-a64a-2156c6248c1b;0;;;
'2023-11-17';7c70dd60-c73f-11ea-8738-c3b269add970;0;;;
'2023-11-17';fda734c0-0364-11ed-b7db-1911160c2710;0;;;
'2023-11-17';07fcd260-27d9-11ee-9eae-ef1fb9126fb1;0;;;
'2023-11-17';c3dfc8e0-cf80-11ed-8508-2b894098691e;0;;;
'2023-11-17';f165b8c0-bffd-11ed-b68b-cb215499e0ad;0;;;
'2023-11-17';79aa5c70-5297-11ec-a861-7ba358316127;0;;;
'2023-11-17';fcf72e90-6a5b-11ee-be5d-e1fec9356dd2;0;;;
'2023-11-17';483895f0-74fc-11ea-bc6d-857809c5e39f;0;;;
'2023-11-17';8ef8d190-5c7e-11ee-8951-bbcb36c1fcf9;0;;;
'2023-11-17';0912ddc0-1a19-11ee-ab49-738a268d93e0;0;;;
'2023-11-17';2d48ad60-e878-11ec-89e6-f50bb0107659;0;;;
'2023-11-17';9dea2d30-d22b-11ed-96a7-798b7ae1333b;0;;;
'2023-11-17';3c873880-7ded-11ee-b0ce-f9bba974075e;0;;;
'2023-11-17';06c969a0-5786-11ec-adf2-abc756921da8;0;;;
'2023-11-17';7ecde680-8513-11ee-ac00-0373e505f96a;0;;;
'2023-11-17';f6c98680-be31-11ec-a1a0-c786840b3bdb;0;;;
'2023-11-17';491848d0-0086-11ee-af2c-ab4d4b149261;0;;;
'2023-11-17';6ebe2e80-6c13-11ee-8b6d-db55c156f621;0;;;
'2023-11-17';c53a4a90-31fe-11ee-902c-4bee995b2951;0;;;
'2023-11-17';96387620-7d37-11ee-af01-e7daab1780b8;0;;;
'2023-11-17';278e29f0-0727-11ec-831d-195eaa84618f;0;;;
'2023-11-17';0167ec80-1183-11ee-af63-d13505c94635;0;;;
'2023-11-17';db0fa0d0-f875-11ed-b396-0f9c6f97c435;0;;;
'2023-11-17';faf88510-c208-11eb-bfa6-85ddad5e35ca;0;;;
'2023-11-17';d64a01e0-7489-11ee-9ac9-edbcb318dc4f;0;;;
'2023-11-17';5ec1d130-7893-11ee-9247-959fe20d6cc6;0;;;
'2023-11-17';18d6bbc0-1a17-11ee-a642-63c85a1cf94e;0;;;
'2023-11-17';69adcd60-4941-11e8-8e0b-1b51c42584f4;0;;;
'2023-11-17';83515c30-ad11-11ed-884a-9989fec8d74f;0;;;
'2023-11-17';b58ec0f0-7c21-11ed-be10-df9f3b474d59;0;;;
'2023-11-17';231a2250-e4cc-11ed-8f65-994009b818cf;0;;;
'2023-11-17';77bfa0b0-4425-11ee-afee-1bf80aa57045;0;;;
'2023-11-17';cf9c6260-13cd-11ee-9d28-69fb2b2c43f3;0;;;
'2023-11-17';082bcc70-84b1-11ee-bfed-7306cd83f0e9;0;;;
'2023-11-17';359fc690-d074-11ec-94d2-c1225836b4fd;0;;;
'2023-11-17';b48dd110-04ec-11ee-b834-1982e788b36c;0;;;
'2023-11-17';0176d5d0-eff3-11ed-8ea5-5f4c473eaf0a;0;;;
'2023-11-17';a5c0f8c0-854c-11ee-96a5-7b94283beb54;0;;;
'2023-11-17';94ded920-8504-11ee-8f6c-7f8637270fb4;0;;;
'2023-11-17';4eb5a590-355d-11eb-8a71-a1b2c17da083;0;;;
'2023-11-17';b9553df0-bc36-11ec-baaf-a1b8f0d96ba2;0;;;
'2023-11-17';8dcdefd0-54bc-11ea-81f5-a5adc849a594;0;;;
'2023-11-17';cfbce6c0-9d54-11ec-8487-dbe8a6f96ab0;0;;;
'2023-11-17';2fa1ab70-84b7-11ee-84b0-6780543f00a0;0;;;
'2023-11-17';9b1d5190-d22b-11ed-9110-1b5a183e80e6;0;;;
'2023-11-17';fdabc000-835e-11ee-86de-551e7781230e;0;;;
'2023-11-17';f2a96060-84ce-11ee-a254-197c6a5ff8c6;0;;;
'2023-11-17';eec80420-84a5-11ee-b121-1f99958d688c;0;;;
'2023-11-17';c1a7cc50-5cf0-11ee-a3f0-1bd03b3b8e23;0;;;
'2023-11-17';ba48e870-6b1c-11ed-83c3-7ffdb46db655;0;;;
'2023-11-17';119f18e0-43cd-11ee-b3c7-97dbf58e5c66;0;;;
'2023-11-17';e94c3210-89ba-11ec-b304-0951333f200c;0;;;
'2023-11-17';8d298eb0-8521-11ee-baca-1da0d0a8524c;0;;;
'2023-11-17';71c1a050-fbb5-11ec-b3ae-63fdc1b3782f;0;;;
'2023-11-17';6b867c50-84ef-11ee-96fc-8fc8653a0b25;0;;;
'2023-11-17';da90eb90-2899-11eb-b0ae-4192bd58d5b2;0;;;
'2023-11-17';e1dcdaa0-51fc-11ee-9635-5d1eaad89030;0;;;
'2023-11-17';a9d6f880-1544-11ec-88f2-ffa23ab0fbc0;0;;;
'2023-11-17';9cc06570-df6c-11ed-91f8-57aa3e661379;0;;;
'2023-11-17';bf1041c0-a486-11ed-bd97-e5359bb4d375;0;;;
'2023-11-17';9ea21d90-266f-11e8-bdcc-8bfb8cd4ee41;0;;;
'2023-11-17';674a6130-c95e-11ed-95df-cd96c90b3262;0;;;
'2023-11-17';c2685f40-83da-11e9-ac66-c3eada79d291;0;;;
'2023-11-17';419219a0-ff6f-11ed-b487-03b1d8589017;0;;;
'2023-11-17';3f641480-5d37-11eb-8dac-3d1747340271;0;;;
'2023-11-17';7dd9d870-6740-11ed-8809-11b100874a5e;0;;;
'2023-11-17';f9a1a800-8172-11ee-8d50-2ba34f6f979e;0;;;
'2023-11-17';0fdbed00-7c60-11ee-af2a-cd1b32352cef;0;;;
'2023-11-17';ccfc8120-7def-11ee-8842-db96b8ca7a45;0;;;
'2023-11-17';152d7400-bcbb-11ed-a0af-3f0f438fc3d5;0;;;
'2023-11-17';f4c86840-251c-11ed-942b-0da5406e8edb;0;;;
'2023-11-17';30d09420-ad53-11ed-a6aa-d7f1e63f2704;0;;;
'2023-11-17';8fd9a040-1001-11ee-94aa-8310522436ac;0;;;
'2023-11-17';f67f43c0-b05f-11ec-b910-cbb0b23ba974;0;;;
'2023-11-17';e08e20c0-7a4f-11ee-b245-330a4518fa71;0;;;
'2023-11-17';183c0c50-10a9-11ee-b622-73af196ed606;0;;;
'2023-11-17';38e36d90-b9da-11eb-a386-99254fc8580c;0;;;
'2023-11-17';77b61800-d1aa-11eb-a78f-99557b0657db;0;;;
'2023-11-17';313b9b60-8572-11ee-8b5a-7f53dcbaf13c;0;;;
'2023-11-17';aa9b5be0-6f95-11ea-bd4f-81608d74ea67;0;;;
'2023-11-17';88b504b0-7877-11ee-b155-377aaa381ea5;0;;;
'2023-11-17';c3301160-6761-11ee-8ab3-7d558c5109c5;0;;;
'2023-11-17';30332840-5c42-11ee-8d2f-d3fee14f475e;0;;;
'2023-11-17';55d73510-8527-11ee-909f-c7d07dcad75f;0;;;
'2023-11-17';82f23640-7153-11ee-8a0b-3537e5b7d417;0;;;
'2023-11-17';f014c2e0-8249-11ee-b69c-9788c013357b;0;;;
'2023-11-17';2409e850-8524-11ee-921a-150c5acfa875;0;;;
'2023-11-17';b1c90ad0-9174-11ed-973f-d9c0d2c30895;0;;;
'2023-11-17';605068d0-dc45-11ed-9d44-810786957f5c;0;;;
'2023-11-17';f36243b0-745c-11ed-95d1-dd87d160039b;0;;;
'2023-11-17';d3510020-254b-11ee-841e-3590bf2ce428;0;;;
'2023-11-17';71aa0370-bc01-11ed-b475-112ce88e695c;0;;;
'2023-11-17';29465950-7762-11ed-8e5e-2f8ec4d70a34;0;;;
'2023-11-17';d42222d0-2add-11ee-8d89-6b36ac786a8b;0;;;
'2023-11-17';c5818630-84d3-11ee-917c-e752619ff4d8;0;;;
'2023-11-17';c217fd90-ab57-11ed-8084-718ba337d688;0;;;
'2023-11-17';61adaa40-0b29-11ee-86e5-e9d6363b32fa;0;;;
'2023-11-17';c56d09b0-0f28-11ee-baac-f12d31128c12;0;;;
'2023-11-17';77a0f580-c30a-11ed-97d2-3f530c6e8253;0;;;
'2023-11-17';3c677c30-cf7d-11ed-90e9-bb85a3f1931f;0;;;
'2023-11-17';5cc26300-1dc8-11eb-9164-7b820f8d19af;0;;;
'2023-11-17';2c573d20-82cf-11ee-be56-9fda1ba81a7b;0;;;
'2023-11-17';c0bd4430-8eee-11e8-a03a-4754595eed79;0;;;
'2023-11-17';17ef2390-d33f-11ea-8923-e9987a7d3c58;0;;;
'2023-11-17';79b1ab20-a194-11ea-9b12-ffafd8174e92;0;;;
'2023-11-17';71ade4e0-f3ea-11ea-8811-35b85ca99cf8;0;;;
'2023-11-17';57d9d060-eaeb-11ed-9d76-bf7e3cf96fa0;0;;;
'2023-11-17';6b703800-84a9-11ee-bdda-2dba8a77064c;0;;;
'2023-11-17';44c847d0-84d9-11ee-848f-9d110ee15280;0;;;
'2023-11-17';ccf1b180-47d2-11ee-8d0b-7dee74962c28;0;;;
'2023-11-17';8eee72b0-7c7a-11ee-9fbc-2593cf675d8d;0;;;
'2023-11-17';2d3755d0-3fe3-11ec-9bd5-55e2e6e796d0;0;;;
'2023-11-17';f3b05090-6386-11ee-b738-411998dddbba;0;;;
'2023-11-17';ce79df20-e0fb-11ed-ae6e-e9ce17e234c0;0;;;
'2023-11-17';75240e80-e44f-11ed-a951-e539fad9f4b9;0;;;
'2023-11-17';1d1dfb20-0722-11ed-b1b2-7112cbc0a9ad;0;;;
'2023-11-17';6bdbdf50-cb61-11eb-a7d2-399358e62b46;0;;;
'2023-11-17';9c1c3bd0-15fc-11eb-bedf-8996c72fae43;0;;;
'2023-11-17';da4bb290-7244-11ed-ae89-a7aa4483c0ad;0;;;
'2023-11-17';10efec50-7e95-11ee-b506-3b0dc8943061;0;;;
'2023-11-17';bf45ad00-09d5-11ea-9e9c-d5a208ebc590;0;;;
'2023-11-17';595c21a0-c920-11ed-a8f1-a7ac79d09f67;0;;;
'2023-11-17';7e6377b0-0b71-11eb-b493-d3a5e046c737;0;;;
'2023-11-17';49ee1a00-7eb7-11ee-9abc-39485587ce8c;0;;;
'2023-11-17';d6b80ff0-f1ab-11ea-9799-a3b3e1c9f29c;0;;;
'2023-11-17';cfb79d50-6102-11ee-8bdb-6355506ad61a;0;;;
'2023-11-17';9b490c60-e57a-11ed-897f-a5f857ba1522;0;;;
'2023-11-17';c6fdbfd0-eb6a-11e9-afe3-3bd0b1ddc132;0;;;
'2023-11-17';56049940-cc3f-11eb-938c-1d9c79625172;0;;;
'2023-11-17';ad88f5c0-66b5-11eb-8b8d-6d5d42b844a2;0;;;
'2023-11-17';c7a2a740-7e28-11ec-91e0-9d5062ed501b;0;;;
'2023-11-17';0b26d9d0-4a62-11ee-934d-3b0ae9d004f5;0;;;
'2023-11-17';0c1031e0-e4a8-11ed-9e2b-e9731131cca2;0;;;
'2023-11-17';6e255e80-5ead-11ee-b9ab-514ff5ef01dc;0;;;
'2023-11-17';55dd0b50-b8d4-11ec-a5cf-6ff7cfa0bdc8;0;;;
'2023-11-17';2de0c810-c470-11ec-a6f3-adaf49c37cf2;0;;;
'2023-11-17';dcecebe0-9265-11ed-b63b-5f99b692759f;0;;;
'2023-11-17';bbc89890-8569-11ee-a7a8-bb64dd3054e2;0;;;
'2023-11-17';424d1220-63bd-11ee-bf5c-2915cf679904;0;;;
'2023-11-17';06156c60-564a-11ee-9e42-b3913ca46edc;0;;;
'2023-11-17';e560f2c0-0615-11ee-87c3-47757cb166b3;0;;;
'2023-11-17';ff279b20-26b2-11e8-9c52-576cfffc5817;0;;;
'2023-11-17';47b5f3c0-f3cf-11ed-a05b-c93fa197bb74;0;;;
'2023-11-17';d9a53120-5648-11ee-a608-0d3249132a5e;0;;;
'2023-11-17';f6795ab0-84fb-11ee-a82d-3f2c6f0aacba;0;;;
'2023-11-17';850825d0-839a-11ee-9fbb-9ba70357c29e;0;;;
'2023-11-17';2105c050-8535-11ee-b587-79dd0f2562fc;0;;;
'2023-11-17';4eabb280-5e84-11e9-80b3-093a3ec356a3;0;;;
'2023-11-17';aff373b0-7582-11ee-9827-e315e60d1aaf;0;;;
'2023-11-17';144fc5c0-850f-11ee-94fc-35592a5047d9;0;;;
'2023-11-17';4d150260-84df-11ee-9ab8-9b03fed97aba;0;;;
'2023-11-17';290d0520-429a-11ee-8803-1550ce7afdb2;0;;;
'2023-11-17';d98ef990-d454-11ec-b3f4-8913374e2678;0;;;
'2023-11-17';994d79b0-850b-11ee-be42-6592c4be33de;0;;;
'2023-11-17';eb8c0040-c023-11e9-8c44-1bbbbcd7c7af;0;;;
'2023-11-17';88591d60-acf5-11ed-9ff5-d971c89ebaac;0;;;
'2023-11-17';d45a00e0-8520-11ee-ac9d-d164b9a26f55;0;;;
'2023-11-17';6fa1a4c0-8a85-11eb-8f5f-11f600f02f2b;0;;;
'2023-11-17';7d276270-8513-11ee-9f64-3f47d7c07099;0;;;
'2023-11-17';c44efdd0-2bdd-11eb-a6a8-374e84e5cb57;0;;;
'2023-11-17';4f4711e0-0cbe-11ec-883d-e7a2284ae673;0;;;
'2023-11-17';1621c780-7e2e-11eb-ba52-e5282d8ef37f;0;;;
'2023-11-17';8b01f8c0-84ea-11ee-bf4e-bd14c764d4c7;0;;;
'2023-11-17';86418220-8bf2-11ed-916b-03a3cd9f396a;0;;;
'2023-11-17';ae49f140-124c-11ee-a32e-c9cb843ad758;0;;;
'2023-11-17';36706280-7a3e-11ee-af94-af40a53e5a6a;0;;;
'2023-11-17';18a80130-d909-11ed-8bb7-a722cfcf3c65;0;;;
'2023-11-17';fc7344d0-b10c-11ed-91da-c7572dfa0e70;0;;;
'2023-11-17';149593c0-779a-11ee-bddb-6751c84378ee;0;;;
'2023-11-17';759641a0-6f12-11ee-807f-afaa989d636a;0;;;
'2023-11-17';2fdef9f0-8564-11ee-bd2d-df5e832ff7a6;0;;;
'2023-11-17';e03f6190-69a2-11ea-a9a5-51de07e8ae4e;0;;;
'2023-11-17';79a22ef0-84f5-11ee-b242-055eb5d75639;0;;;
'2023-11-17';609db050-7e29-11ee-978b-fd4657345088;0;;;
'2023-11-17';019c30f0-8508-11ee-affa-df65ffbeb4b5;0;;;
'2023-11-17';03ccde60-46bb-11ed-a45b-b7db8c961393;0;;;
'2023-11-17';00ca2a50-a518-11ec-adf1-d3d8949cd1bb;0;;;
'2023-11-17';687339b0-549b-11ee-bae8-8b7a04a5bb59;0;;;
'2023-11-17';14138790-e639-11ea-803e-1f96b46d8614;0;;;
'2023-11-17';2a4d88a0-e136-11eb-89f8-bbb9b37ee5ab;0;;;
'2023-11-17';40bf4dd0-c841-11ea-8c4a-3b0590321f64;0;;;
'2023-11-17';52452530-f48e-11ed-a4ba-ff1267e239e7;0;;;
'2023-11-17';dd322b50-4857-11ec-8480-dd72cca64114;0;;;
'2023-11-17';b0379640-f1cf-11ec-8053-7de1b4ed170b;0;;;
'2023-11-17';754ef710-78e4-11ee-99e7-43f8c9f9d529;0;;;
'2023-11-17';8c1e2440-5ab8-11eb-9877-2f9b543fd058;0;;;
'2023-11-17';4fe65510-7ef0-11ee-914e-8bc55df746d7;0;;;
'2023-11-17';439c2b00-846a-11eb-a674-19e0246ad243;0;;;
'2023-11-17';d6d019d0-6d8e-11ee-9c2f-432103dfecf4;0;;;
'2023-11-17';a0d5dfb0-2462-11ee-9d1f-633dd78dc168;0;;;
'2023-11-17';18b2f7d0-3e4d-11ee-9816-ffc7dd8b910e;0;;;
'2023-11-17';d6338910-6da0-11ed-8276-1745ef0870e1;0;;;
'2023-11-17';327db590-84f4-11ee-86c1-8bf7ba6304ed;0;;;
'2023-11-17';0206fb50-011f-11ee-adb4-9f510e5d0c8c;0;;;
'2023-11-17';7a09ad50-d1f5-11ec-9d95-adee3068ff25;0;;;
'2023-11-17';c0798cb0-77a3-11ee-a404-b9c869083f86;0;;;
'2023-11-17';6693e850-2ebd-11ee-ac2d-39750080f559;0;;;
'2023-11-17';e5db6e60-5b92-11ee-81f2-e37ae162a1af;0;;;
'2023-11-17';1e16ea20-4cd4-11ee-b7e9-55f80c5d11fe;0;;;
'2023-11-17';26360120-7235-11ed-93e4-1d2c1f4093f0;0;;;
'2023-11-17';abccf380-7d2d-11ee-bb81-d7f81a8e62a5;0;;;
'2023-11-17';129131c0-b0e8-11ed-8ef3-c1a8172934cf;0;;;
'2023-11-17';aa95d440-e5e9-11ed-9e89-3747dc9accac;0;;;
'2023-11-17';5aaaab60-8501-11ee-8c1b-5b31e1b430e2;0;;;
'2023-11-17';a214dcf0-ca9b-11eb-969a-cf80d8116214;0;;;
'2023-11-17';6477c400-84bd-11ee-87c6-d9aad31a2f10;0;;;
'2023-11-17';bd826f00-f318-11ed-b583-a5d3d0be4119;0;;;
'2023-11-17';9d749630-b89a-11eb-99c9-f165f45c3904;0;;;
'2023-11-17';706b30b0-84c9-11ee-8569-2b5a26cb8149;0;;;
'2023-11-17';f3618e00-84e8-11ee-8ddd-d955220ad81f;0;;;
'2023-11-17';d7660620-5e6c-11ed-b4ca-9fd1b2002159;0;;;
'2023-11-17';c7f4acd0-3997-11ee-ae64-774abcfaffae;0;;;
'2023-11-17';ce4655f0-84e4-11ee-84da-a1644a425c3c;0;;;
'2023-11-17';780e2fd0-f923-11ec-b483-55f9ac380315;0;;;
'2023-11-17';27578f90-2ea7-11ee-9fdf-2f0158ff8387;0;;;
'2023-11-17';399b8a00-7951-11ed-88ce-25f687c6856f;0;;;
'2023-11-17';24066cf0-77de-11ee-ad12-b9a99bfd690a;0;;;
'2023-11-17';c221dd30-6ab8-11ee-bd57-b3ed7453a78e;0;;;
'2023-11-17';0020a4c0-7402-11ee-b7d6-418bdd68d3fb;0;;;
'2023-11-17';438855d0-67d7-11eb-ba32-55dcd093b535;0;;;
'2023-11-17';b001bff0-84f6-11ee-9300-67e1ee05eb79;0;;;
'2023-11-17';f5277730-84b7-11ee-86d0-c3afb094cbef;0;;;
'2023-11-17';2418ed40-e322-11ed-a3c3-39019ef4fa21;0;;;
'2023-11-17';70b39370-c1bd-11ed-b290-a1a120fcbe4b;0;;;
'2023-11-17';080de2d0-6e79-11ee-80d4-8572ca019488;0;;;
'2023-11-17';987a1860-043f-11e9-b29a-657a90787be9;0;;;
'2023-11-17';a66c38b0-786e-11ee-828b-bb07aba6dcff;0;;;
'2023-11-17';82448490-84f0-11ee-88bb-c1986b093375;0;;;
'2023-11-17';72b8cab0-1a37-11ed-bdf1-014a797fe6ff;0;;;
'2023-11-17';203be690-722f-11ee-97b6-7f12c3bb1264;0;;;
'2023-11-17';639f9a20-f793-11ec-8fc5-275ac84b9832;0;;;
'2023-11-17';31214450-2690-11e8-b8fd-0b549d32ed37;0;;;
'2023-11-17';880f6dd0-416c-11ee-8820-d973c8eded16;0;;;
'2023-11-17';39a57ac0-848f-11ee-badf-5d95ee878dea;0;;;
'2023-11-17';341ce040-1927-11ed-9828-bdc4be7462f4;0;;;
'2023-11-17';aca31e90-7a14-11ee-b796-756e695d6d81;0;;;
'2023-11-17';91248d70-854a-11ee-b097-4528603b1baa;0;;;
'2023-11-17';eb5202e0-7de4-11ee-a658-8109d189d0bc;0;;;
'2023-11-17';6663f4a0-08df-11ee-81cb-8be2005d9c9c;0;;;
'2023-11-17';5884b700-1417-11ee-8315-db8c7657c3aa;0;;;
'2023-11-17';e8370690-2237-11ee-9633-8f40abc9355c;0;;;
'2023-11-17';3816d050-5e83-11ee-b787-016174f78978;0;;;
'2023-11-17';45152830-f10f-11eb-94d2-3b1b0d61e40d;0;;;
'2023-11-17';af44de40-1e82-11eb-ae0f-d74da888fa08;0;;;
'2023-11-17';60f40630-0cf5-11ee-8ea3-2ff0b4a493a7;0;;;
'2023-11-17';01bfd440-284a-11e8-9b9e-1db8181a6676;0;;;
'2023-11-17';137417f0-99f7-11ec-a617-53fc6d6cd52a;0;;;
'2023-11-17';7ba487f0-5041-11ed-a25d-25ddd1545087;0;;;
'2023-11-17';9a510fb0-ff12-11eb-8763-9b4d03f6dbb3;0;;;
'2023-11-17';9936fd00-6726-11ee-8ddd-1f5cee96f0c9;0;;;
'2023-11-17';052ec860-ab78-11ec-84cd-1bc3e539998c;0;;;
'2023-11-17';2c97c010-aa11-11ea-b260-43a005eb00ce;0;;;
'2023-11-17';0bf336b0-822a-11ee-96b9-b7eb5535a403;0;;;
'2023-11-17';ef609f50-0684-11ed-9ca0-f3eca5e64f25;0;;;
'2023-11-17';2e9fa6c0-cff7-11ed-91db-e3b9aa4b76ea;0;;;
'2023-11-17';73b8a040-c069-11ea-8f6e-73b4bc9df9ed;0;;;
'2023-11-17';3aca7b90-5cf7-11ee-a4fc-13229e19c4ca;0;;;
'2023-11-17';ec2530d0-eaf9-11ed-8633-41d5bf1dd80d;0;;;
'2023-11-17';8a2ed430-2e10-11e9-8b85-733612b647ec;0;;;
'2023-11-17';cfe01b70-89ff-11ed-901e-e71594c81f8d;0;;;
'2023-11-17';4c7e8ce0-550a-11ee-a69c-31db4634fca4;0;;;
'2023-11-17';54c94c10-856a-11ee-9d02-11e3378ad29a;0;;;
'2023-11-17';a57f51e0-7bf6-11ee-ace2-fbc6fc0b20f1;0;;;
'2023-11-17';d741eb60-1154-11ed-8dd0-57a14afa56b8;0;;;
'2023-11-17';afe913b0-71c0-11ec-a39a-1d0894f5a843;0;;;
'2023-11-17';9e6a8a90-6685-11ee-ac61-211023581130;0;;;
'2023-11-17';b4b64860-1862-11ed-909c-fbc8e9a5a4fb;0;;;
'2023-11-17';45085f10-84ce-11ee-a29a-8768cd698513;0;;;
'2023-11-17';06085bf0-1e42-11ee-8e35-7bbef12e1f24;0;;;
'2023-11-17';9f6f7a50-8538-11ee-931a-b7fc9e58a529;1;;;
'2023-11-17';836592f0-3584-11ec-a092-430882eebea7;1;;;
'2023-11-17';f136c220-60cd-11e8-8ebd-45fc1d9c550a;1;;;
'2023-11-17';6723b850-ecea-11ed-a504-498d4d859427;1;;;
'2023-11-17';0673add0-8501-11ee-ba8a-23ad57e960c5;1;;;
'2023-11-17';893f8fc0-60d8-11ed-93ac-bdc11d75942e;1;;;
'2023-11-17';b68160c0-0449-11ee-9d50-3bc9f4d14e8b;1;;;
'2023-11-17';8f890250-73e5-11ee-a279-5b741b4c1a97;1;;;
'2023-11-17';41b27e60-5cef-11ee-a1f6-8f78675c51e6;1;;;
'2023-11-17';2489e860-82a0-11ee-a5c4-cfa4cf3cc9fa;1;;;
'2023-11-17';f3812fb0-4589-11ee-bbe2-51028697f07d;1;;;
'2023-11-17';cf449570-7fe9-11ee-9eaa-bd6071c04a66;1;;;
'2023-11-17';00fc8580-a5e0-11ed-8f66-476d57da0b36;1;;;
'2023-11-17';78abd940-798a-11ee-b3a3-57f4018ab536;1;;;
'2023-11-17';8aca5ab0-4c2d-11ed-ba4f-3339b0969613;1;;;
'2023-11-17';56cf50e0-2670-11e8-9adf-ad9f6bf71fbf;1;;;
'2023-11-17';835c0630-667f-11ee-8760-c1980ef296da;1;;;
'2023-11-17';c0b149c0-82c0-11ee-9543-0f2bd4968c29;1;;;
'2023-11-17';211ecf40-52f0-11ee-8000-aff5e9624248;1;;;
'2023-11-17';caf969d0-7c5d-11ee-9d95-7b02f8b67f86;1;;;
'2023-11-17';ccbf9720-1af2-11ee-aa64-bdeae422cee1;1;;;
'2023-11-17';bd27f410-d6aa-11ed-b10e-ff3b2a9f7a5a;1;;;
'2023-11-17';02a1d900-a64c-11ed-a3c5-4da84c18504e;1;;;
'2023-11-17';8e35bc10-f238-11ed-8344-d34c9e0dec06;1;;;
'2023-11-17';0c97ce60-7103-11ee-b9df-7738e9e57271;1;;;
'2023-11-17';9a1bb5a0-2670-11e8-bfc6-df51f8419a76;1;;;
'2023-11-17';58851d80-f39c-11ed-a8e8-0fb5ffe22ca5;1;;;
'2023-11-17';a5f241c0-8527-11ee-a25f-21b382e637de;1;;;
'2023-11-17';e8e22150-4ef2-11ee-9563-ef1f2dca50be;1;;;
'2023-11-17';3de55180-3edf-11eb-81f4-95dd0be2687e;1;;;
'2023-11-17';0c7996d0-8471-11ee-bff2-0bd62618fb2b;1;;;
'2023-11-17';ee2f06a0-fcde-11ea-8348-cd88965626d2;1;;;
'2023-11-17';6d2093a0-cf9d-11ed-a944-8d70c276bb4e;1;;;
'2023-11-17';62480b80-7221-11ee-afa6-5d251983dd30;1;;;
'2023-11-17';e3068770-3b5c-11ee-8b75-17d9e9d81889;1;;;
'2023-11-17';6b59cff0-18d9-11eb-a819-bdd94c6f9988;1;;;
'2023-11-17';e5437880-82c0-11ee-b2fa-ed467c51a432;1;;;
'2023-11-17';d61a63c0-b415-11ed-9d72-e903075bafd8;1;;;
'2023-11-17';5b5e7980-377a-11ee-8ab0-2d28ac79a600;1;;;
'2023-11-17';cca5c700-65c2-11ec-b79f-6d3a3ab311f8;1;;;
'2023-11-17';01fb0250-c3f3-11ed-bbfa-2f1e0fbc6d7a;1;;;
'2023-11-17';9ca58a30-85b6-11ed-9bf8-fd84fc018e5b;1;;;
'2023-11-17';289bc360-afde-11ec-a882-df5bc25920ab;1;;;
'2023-11-17';9e71c280-19f9-11ed-9bc9-8f173657187d;1;;;
'2023-11-17';52e280f0-8539-11ee-9460-317b2a25c808;1;;;
'2023-11-17';11c0a930-acf4-11ed-9fb1-5fbb02c2397b;1;;;
'2023-11-17';11cdd230-8314-11ee-9e62-d56541cac955;1;;;
'2023-11-17';908d34c0-2745-11e8-81c5-4d43ea858062;1;;;
'2023-11-17';5906bfa0-511d-11ee-9520-57772194dda1;1;;;
'2023-11-17';dee3e080-e206-11ec-9d9b-a70eaafe4e55;1;;;
'2023-11-17';6e4f15f0-8562-11ee-a5ce-73b320ad09b5;1;;;
'2023-11-17';151b55f0-8417-11ec-a8e8-23782606c013;1;;;
'2023-11-17';9d657c50-6965-11ec-a4a9-912dae094ad1;1;;;
'2023-11-17';a992cc40-64bd-11ed-991f-25484af902ed;1;;;
'2023-11-17';19df75d0-855a-11ee-95e3-13619707b7e5;1;;;
'2023-11-17';fead5be0-bbbc-11e8-9528-275c98f4d200;1;;;
'2023-11-17';756667e0-8372-11ee-a6f9-c71707beb379;1;;;
'2023-11-17';67bc6dc0-3a79-11ee-89b1-87bb4ac06a32;1;;;
'2023-11-17';df8509f0-0ffb-11ee-bfe1-2d837d4cc7df;1;;;
'2023-11-17';74e2ae80-bfff-11ea-a148-57e8a986b438;1;;;
'2023-11-17';0242d930-1462-11ee-ae41-235de54017d3;1;;;
'2023-11-17';c7976240-7219-11ee-a860-63947d289127;1;;;
'2023-11-17';0fd0e7c0-2922-11ee-8211-f399b92b8525;1;;;
'2023-11-17';f7d05c50-17cf-11ed-a78c-912ed4e7c32f;1;;;
'2023-11-17';1ca2f970-8327-11ee-94bb-c5cb5e989c9b;1;;;
'2023-11-17';eac394a0-67e2-11ee-8b31-1fd51f308c89;1;;;
'2023-11-17';d1c0b340-7f8c-11ee-b01b-bbb6572a253e;1;;;
'2023-11-17';f6a54150-2111-11ee-85a5-790a6ba26da1;1;;;
'2023-11-17';d94f0b00-4988-11ee-90cb-573c0fdfe79d;1;;;
'2023-11-17';cb168780-7867-11ee-87a3-b5644a728782;1;;;
'2023-11-17';9ea4f550-c798-11ec-84ac-db1fe3b243f8;1;;;
'2023-11-17';ba06b780-48bb-11ed-991d-5b8619d944dc;1;;;
'2023-11-17';a2861660-9257-11ed-96ae-61ff958c7640;1;;;
'2023-11-17';2b93fc60-bffa-11eb-8bd6-85ada2169c2d;1;;;
'2023-11-17';56f4c890-3de2-11ee-ad11-db699943eb10;1;;;
'2023-11-17';4f2f4510-aef2-11ed-861a-c12ce37770ee;1;;;
'2023-11-17';a6307360-2789-11ee-9a7d-6554776fa5ac;1;;;
'2023-11-17';8b142ef0-0cf5-11ed-8af1-63871af601f1;1;;;
'2023-11-17';49063ce0-f932-11ed-9c57-b3b3ce16d646;1;;;
'2023-11-17';8f8b4810-8503-11ee-99cd-9f8d529f9a8a;1;;;
'2023-11-17';c2bb7050-c085-11ec-a6d6-05fa39c0b5d0;1;;;
'2023-11-17';10d1d080-8539-11ee-972a-7d747264147f;1;;;
'2023-11-17';3bcd9980-21f8-11ee-a022-69d45fe35b12;1;;;
'2023-11-17';8e8cdd20-14b0-11ee-a0bd-8f0e0ef9b448;1;;;
'2023-11-17';91d459b0-e35d-11ed-bcb5-4b66a67ca77d;1;;;
'2023-11-17';c305d4a0-a915-11ed-94f7-d9cc05d27ce1;1;;;
'2023-11-17';3829bf60-8575-11eb-a25f-f3e01892c1ce;1;;;
'2023-11-17';687b6cc0-6783-11ee-9a84-05b55b51cac6;1;;;
'2023-11-17';04aa4b00-7d57-11ee-ab09-15405c574e24;1;;;
'2023-11-17';97eddc80-3df6-11ec-8968-315368755a67;1;;;
'2023-11-17';cb6907e0-4891-11ee-b541-098293c918f6;1;;;
'2023-11-17';2edf6720-55f7-11ee-b738-9bfc20b487c6;1;;;
'2023-11-17';fd12e910-d45f-11ed-829d-414c5d66b870;1;;;
'2023-11-17';d9445570-eb86-11e9-8b08-5f4dcb3dd40b;1;;;
'2023-11-17';17449bb0-0d80-11ec-aebc-71bd723eb1f8;1;;;
'2023-11-17';d66f8420-8293-11ee-8b0f-27f583f86f46;1;;;
'2023-11-17';bcff7fb0-e018-11eb-8a3f-77d784591bed;2;;;
'2023-11-17';8ba73fb0-4e53-11ee-8bbb-539eea3dd82b;2;;;
'2023-11-17';e94b3f20-6345-11ee-9b1b-7985eb1a6cef;2;;;
'2023-11-17';4fe75360-b64d-11ec-80f4-bfeb1008dfe6;2;;;
'2023-11-17';74d3b9a0-667a-11ee-abff-1502f1b87e97;2;;;
'2023-11-17';000e8f20-6f90-11eb-af1c-5561488554d2;2;;;
'2023-11-17';662f2150-3b19-11ee-b488-1d74d83e4f6e;2;;;
'2023-11-17';2603ef60-fe34-11ed-910f-ed4de5f486e7;2;;;
'2023-11-17';d8457bd0-82c3-11ee-ba6e-e58e798f9991;2;;;
'2023-11-17';8c150a30-57aa-11ee-90bd-f7339a300fa5;2;;;
'2023-11-17';1a633e20-6745-11ee-ad73-95d1cc768655;2;;;
'2023-11-17';852513c0-0e56-11ee-8c52-ab3628822b93;2;;;
'2023-11-17';43a7fda0-69a4-11ee-9df6-939923a38d51;2;;;
'2023-11-17';29e694b0-2e97-11ed-8dc3-3742abce6e54;2;;;
'2023-11-17';dea9d400-d805-11eb-900c-b38b424d9453;2;;;
'2023-11-17';d375c6c0-84f1-11ee-a526-cb592c8602ca;2;;;
'2023-11-17';c32513c0-2498-11ee-87bf-09b45af96ba3;2;;;
'2023-11-17';f71e9ff0-7698-11ee-ba46-e3464bf649a1;2;;;
'2023-11-17';82d27e80-448b-11ee-90cd-538c962db324;2;;;
'2023-11-17';a0ad6970-6537-11ee-aba1-a34840e2b589;2;;;
'2023-11-17';7b3d2810-e585-11ed-a524-d983167b6653;2;;;
'2023-11-17';5cd83180-2ba3-11ee-beb4-d7f3149d2f6d;2;;;
'2023-11-17';e3aa2b10-57a3-11ee-bd5a-f72794fcf488;2;;;
'2023-11-17';5c688330-64ee-11ec-b9de-ffc024910d8b;2;;;
'2023-11-17';b0dcae50-3786-11eb-aeff-a3ff3a4100a5;2;;;
'2023-11-17';98e60880-850f-11ee-9ddf-4f868814c318;2;;;
'2023-11-17';298b1950-6c1c-11ee-9cf7-8ba9ac3c33c8;2;;;
'2023-11-17';5fe8ad10-ed55-11ec-aeef-7755fe139428;2;;;
'2023-11-17';3aa5e760-d3a1-11ed-b6d4-25cf9788359e;2;;;
'2023-11-17';22c6d860-a053-11ed-8b7f-b3327a4abdb1;2;;;
'2023-11-17';8a45d150-cadc-11ec-91b0-45d5da48b7f1;2;;;
'2023-11-17';f5c917b0-19f6-11ee-9ff9-bb2aeb994a1d;2;;;
'2023-11-17';ca4e0680-00af-11eb-ab14-ab6776f33f45;2;;;
'2023-11-17';56b569a0-0375-11ed-92b1-ab7d976ce07c;2;;;
'2023-11-17';deda8360-1ef4-11ee-b302-f1f56b29558e;2;;;
'2023-11-17';54da0300-856c-11ee-8dc5-b3bcb8f2e20f;2;;;
'2023-11-17';fd36b740-1c47-11ec-b40b-a9460dbc6a80;2;;;
'2023-11-17';ff52b590-2297-11ed-8cb9-e5dc54b353b6;2;;;
'2023-11-17';177d5680-b66e-11eb-b3c0-9d91e2a22b87;2;;;
'2023-11-17';fc825680-6275-11ee-a126-ff40476b8939;2;;;
'2023-11-17';d7027f60-8a73-11ec-b5f2-c9a98f660e75;2;;;
'2023-11-17';0e3bdc20-54f8-11ed-8f77-ef958babac1e;2;;;
'2023-11-17';bb727330-f50e-11ec-b55e-f10ce18ce9b1;2;;;
'2023-11-17';ef6382f0-1eee-11ee-92e7-4135380a01a0;2;;;
'2023-11-17';b8f5ad70-5de0-11ee-8e0c-f7309e7e9b0b;2;;;
'2023-11-17';02c9d690-11bc-11ee-a413-a7536780393d;2;;;
'2023-11-17';05ad1e80-7945-11ee-8328-7dddc3358f93;2;;;
'2023-11-17';17106bb0-b3d9-11ec-8539-4f93fa6e64e3;2;;;
'2023-11-17';f50658b0-61db-11ee-af07-e1cd75f5ab05;2;;;
'2023-11-17';00302bc0-56cf-11ee-92be-fd7b0d617e4e;2;;;
'2023-11-17';69930a10-c13d-11e8-a647-432a59f0b3c1;2;;;
'2023-11-17';695c5ef0-25e2-11eb-a938-6bff07fe5479;2;;;
'2023-11-17';8e6c1e50-7f22-11ee-bcc2-fde9dab658ed;2;;;
'2023-11-17';426c0c10-2670-11e8-952c-5397ebbba8bb;2;;;
'2023-11-17';d9296cb0-3518-11eb-a6ce-f1f65652a8df;2;;;
'2023-11-17';b1388660-c79c-11ec-8e2a-4b23ad5c4d11;3;;;
'2023-11-17';b0aae530-5cb1-11ed-8466-77d631411f5c;3;;;
'2023-11-17';7e3d2410-f39b-11ed-a1b9-0b751515adfd;3;;;
'2023-11-17';340f5f70-32ba-11ea-b6ab-095ec91ca0b3;3;;;
'2023-11-17';a016e0d0-3227-11ec-aa2b-7fa1f438e1bf;3;;;
'2023-11-17';36b10b40-7a0d-11ee-b845-03c51a786e3c;3;;;
'2023-11-17';edf1ef20-2460-11ee-b1f6-e77ed7964e7f;3;;;
'2023-11-17';76f274c0-30e1-11ee-9049-53b064d49609;3;;;
'2023-11-17';2809fbe0-6cfe-11ee-9cf1-9f839b808b64;3;;;
'2023-11-17';e4d08a20-498a-11ed-a2c9-d599f1443b68;3;;;
'2023-11-17';e247acc0-1c7a-11ee-bda5-8961e2ebcb05;3;;;
'2023-11-17';5191f6d0-cdf7-11ed-a3d2-8dfe22eaf6a9;3;;;
'2023-11-17';ed737990-bcd4-11ed-846a-f7ff7180e809;3;;;
'2023-11-17';246c66c0-0b2a-11ee-a875-8fcd12a907c6;3;;;
'2023-11-17';ad407e90-f3a2-11ed-b7a0-9b67dc10234f;3;;;
'2023-11-17';d3e60c70-e319-11ed-bbf3-f136c854888e;3;;;
'2023-11-17';373961c0-35df-11ed-8206-bd519374e178;3;;;
'2023-11-17';66b05050-4947-11ed-855d-8bbcf07e0196;3;;;
'2023-11-17';d931afc0-51c6-11ed-b281-83c209ce5451;3;;;
'2023-11-17';b8b28050-7702-11ee-9331-07f501eba429;3;;;
'2023-11-17';510bba50-5c56-11ee-bcee-c9f46ad93bee;3;;;
'2023-11-17';507348b0-93bc-11ec-8cb0-79bd6daea511;3;;;
'2023-11-17';f65363c0-0724-11ec-bd81-49e1f86f6eaa;3;;;
'2023-11-17';38739910-bb6e-11ed-a75f-2396de10ccac;3;;;
'2023-11-17';d58db310-81f8-11ee-8910-178e1e4bdd64;3;;;
'2023-11-17';92f985c0-f3e5-11ed-85d8-b9ce144446ac;4;;;
'2023-11-17';c55490b0-5a71-11eb-ac71-c35a86a7f1d5;4;;;
'2023-11-17';15afe630-596d-11ed-89dc-f1f99923ecaa;4;;;
'2023-11-17';1d305a50-d75a-11ed-a037-adabf39bc1e0;4;;;
'2023-11-17';bec55e60-bd4d-11ec-bad1-352a3c90f6eb;4;;;
'2023-11-17';33864540-382f-11ee-a5a1-cfd5c6784c6b;4;;;
'2023-11-17';c1e5a010-8016-11ec-bba1-9564a41dabfb;4;;;
'2023-11-17';e87aac00-335e-11ee-8ad8-e16a8ba3a000;4;;;
'2023-11-17';bfb84fc0-b958-11eb-b3b5-714825858d67;4;;;
'2023-11-17';ad4d4aa0-3f0a-11ed-af31-69baa8086303;4;;;
'2023-11-17';9d01a210-2671-11e8-92f4-65a7e7cd4ad4;4;;;
'2023-11-17';7a88d920-7f89-11ee-ad44-39adfcd24fea;4;;;
'2023-11-17';5295a090-3703-11ec-8905-01893470729b;4;;;
'2023-11-17';57ed8560-1706-11ed-b41c-a524b2e501a4;4;;;
'2023-11-17';ab6ac5d0-a7ea-11ec-a675-798b005bf57f;4;;;
'2023-11-17';3c2d27c0-4fd6-11eb-b89f-2ffb31b67dd6;5;;;
'2023-11-17';72f7ac50-73d0-11ee-96f5-3f4f8a11dc86;5;;;
'2023-11-17';3c7f0110-11f8-11eb-9c30-b9d7d921ca2d;5;;;
'2023-11-17';14d8c7c0-a5ce-11ec-96ec-dfcc4dc81d2d;5;;;
'2023-11-17';8440d590-e6fc-11ea-a842-65029eedd4ca;5;;;
'2023-11-17';02150440-82b4-11ee-a437-932d9a1ae554;5;;;
'2023-11-17';648c2480-c0ab-11ed-9a17-8396e86aa4ff;5;;;
'2023-11-17';f61df2a0-373b-11ee-9e19-7b698ff07f0f;5;;;
'2023-11-17';93fe3b90-3680-11ee-ab2e-cbd6e044ea6a;5;;;
'2023-11-17';93498c40-2fbc-11eb-a824-bbb96662926d;5;;;
'2023-11-17';76c28390-6d6f-11ed-8779-ddca5ac29583;5;;;
'2023-11-17';6261b740-7872-11ee-961f-5517ccf7abcc;5;;;
'2023-11-17';c4da6a10-7edb-11ee-a36d-e7d10178a840;5;;;
'2023-11-17';05310ce0-9366-11eb-a436-cd30cafffa59;6;;;
'2023-11-17';4d07c180-644f-11eb-879c-b7c02edf4f37;6;;;
'2023-11-17';0386fc50-848c-11ee-9abf-3d241d5f1ad8;6;;;
'2023-11-17';be447250-21d9-11ed-8b0d-59174ad7efb4;6;;;
'2023-11-17';a63da2d0-82db-11ee-b7b6-318a8f9f484a;6;;;
'2023-11-17';ae274910-82d1-11ee-b2b8-1d1441fa3755;6;;;
'2023-11-17';bbab5e70-72a3-11ee-a221-75f90ae701fd;6;;;
'2023-11-17';043da6a0-3020-11ee-9d33-0b9da90bee35;7;;;
'2023-11-17';e2d152c0-272e-11eb-9e30-41155d702ae2;7;;;
'2023-11-17';44674510-b762-11ed-b5d9-537e5c9fddfc;7;;;
'2023-11-17';ca38f710-74a9-11ee-85fc-f13a79c89a3c;7;;;
'2023-11-17';b0c4b750-4353-11ea-b71d-9325d41eec6a;7;;;
'2023-11-17';40db92d0-4005-11ee-9834-c3c3f51e9d0b;7;;;
'2023-11-17';b2c3de20-c527-11ec-8250-e1d3bd7dbf24;8;;;
'2023-11-17';b09c1ef0-faf0-11ed-a355-f13440dde293;8;;;
'2023-11-17';8fc06600-84fc-11ee-b872-173a77ec7cdc;8;;;
'2023-11-17';7dcf0010-097e-11ec-b32f-71281354a61e;9;;;
'2023-11-17';a51526c0-5c2b-11ee-823a-271090fa4102;9;;;
'2023-11-17';62d648d0-7276-11eb-a24e-3b66914edb0e;9;;;
'2023-11-17';465b2c40-5075-11ee-9ad5-7b5bab7ed162;9;;;
'2023-11-17';d234f070-2821-11ed-9ce0-b7a9dd423e66;9;;;
'2023-11-17';39df47d0-67e5-11ee-8fb4-6fca0b38dcdb;9;;;
'2023-11-18';5875f070-7b92-11ee-a6fb-8b298e83f4f7;14;;;
'2023-11-18';07ec0890-ec88-11ed-8a53-57c5fddc0348;10;;;
'2023-11-18';e2862ff0-2201-11ed-87cc-abce8777f441;20;;;
'2023-11-18';9406e7e0-7e2e-11ee-908a-2982c9e35ced;16;;;
'2023-11-18';6261b740-7872-11ee-961f-5517ccf7abcc;16;;;
'2023-11-18';020c99c0-862b-11ee-86ce-b52cd4529c54;0;;;
'2023-11-18';8440d590-e6fc-11ea-a842-65029eedd4ca;0;;;
'2023-11-18';2418ed40-e322-11ed-a3c3-39019ef4fa21;0;;;
'2023-11-18';5a2f0520-85e5-11ee-8e86-9baa4d3056bd;0;;;
'2023-11-18';aa9b5be0-6f95-11ea-bd4f-81608d74ea67;0;;;
'2023-11-18';f23c0db0-73b9-11ee-9f13-a90b3f300ebe;0;;;
'2023-11-18';862f7080-83d6-11ee-9b2a-df90a92be085;0;;;
'2023-11-18';80984f00-3e82-11ee-a9b4-f55082aac06b;0;;;
'2023-11-18';a6083010-843d-11ee-ab06-152f49e2f389;0;;;
'2023-11-18';515b6550-85f5-11ee-b93f-57cca3c139de;0;;;
'2023-11-18';5549f370-eed4-11ec-844a-37590d323efc;0;;;
'2023-11-18';5455fd60-7b91-11ee-b6db-256a4720e545;0;;;
'2023-11-18';d77259d0-85e3-11ee-a943-9bf851d81a6e;0;;;
'2023-11-18';f6740730-8632-11ee-965d-bff7f81c36d2;0;;;
'2023-11-18';4b065740-f8b1-11ed-a0ea-43015548e4d6;0;;;
'2023-11-18';4fd3e0d0-3ada-11ec-963a-e1d7ea58d6d3;0;;;
'2023-11-18';06085bf0-1e42-11ee-8e35-7bbef12e1f24;0;;;
'2023-11-18';63e5cb10-85ab-11ee-a2c8-fb44f5a3745a;0;;;
'2023-11-18';7995de60-7e5c-11ee-9904-0939d871dc4d;0;;;
'2023-11-18';ca4e0680-00af-11eb-ab14-ab6776f33f45;0;;;
'2023-11-18';dea1c060-7d8c-11ee-8258-bbdd4237a152;0;;;
'2023-11-18';caa608d0-738b-11ec-9bd3-4d9c9c0c7fec;0;;;
'2023-11-18';91248d70-854a-11ee-b097-4528603b1baa;0;;;
'2023-11-18';01cda480-6ffc-11ee-8766-59bc182f64fd;0;;;
'2023-11-18';2706d9a0-7b29-11ee-8826-0f45ad6377aa;0;;;
'2023-11-18';64adbcb0-a785-11ed-8556-99b3d71419fb;0;;;
'2023-11-18';bb04b780-cad7-11eb-97f8-8dd5b5a19a6b;0;;;
'2023-11-18';a6e4d2f0-fcce-11ed-88da-fd30e7b5f2fd;0;;;
'2023-11-18';dcc7a130-31dc-11ed-b057-3f22c649db44;0;;;
'2023-11-18';0f93f2a0-095f-11ec-acf6-93af4540e368;0;;;
'2023-11-18';02676da0-7d5c-11ee-9400-b92cfb533899;0;;;
'2023-11-18';015c19d0-b406-11ed-b378-ed9b202cefb0;0;;;
'2023-11-18';17bb6760-46c6-11ed-be89-19c506d2a586;0;;;
'2023-11-18';89f46ce0-5b07-11ee-9cda-b35b9780a472;0;;;
'2023-11-18';8e72c190-8613-11ee-bdc6-f9320f7323f6;0;;;
'2023-11-18';d61a63c0-b415-11ed-9d72-e903075bafd8;0;;;
'2023-11-18';bbc89890-8569-11ee-a7a8-bb64dd3054e2;0;;;
'2023-11-18';77614a10-5cfd-11ee-9fae-6fe9b43efebe;0;;;
'2023-11-18';180a9f30-e8fd-11e9-a7cb-f1d00dcd6012;0;;;
'2023-11-18';0a68cd30-85fb-11ee-986b-d1d27f137786;0;;;
'2023-11-18';347b5250-658f-11ee-8934-034263963805;0;;;
'2023-11-18';d9467b60-85d4-11ee-bf65-07e6942c82c7;0;;;
'2023-11-18';f6993f10-8609-11ee-948c-155c679b4b9c;0;;;
'2023-11-18';424d1220-63bd-11ee-bf5c-2915cf679904;0;;;
'2023-11-18';92478230-8611-11ee-92d7-6f6007d72fd9;0;;;
'2023-11-18';6532b2b0-26a9-11e8-90a3-bd20b7bc023b;0;;;
'2023-11-18';0651bd10-154c-11eb-88cd-af4d0e0c2bd4;0;;;
'2023-11-18';2fbfd6f0-8619-11ee-8cd2-29a14a5b99d4;0;;;
'2023-11-18';fa3cfd40-860a-11ee-b8db-d9d1f369c755;0;;;
'2023-11-18';ca056eb0-d88f-11ed-a511-1591a6f1fb43;0;;;
'2023-11-18';2809fbe0-6cfe-11ee-9cf1-9f839b808b64;0;;;
'2023-11-18';49d0ea10-c658-11e8-bc97-efa7f48bfacc;0;;;
'2023-11-18';88591d60-acf5-11ed-9ff5-d971c89ebaac;0;;;
'2023-11-18';b9651520-3b76-11e9-a866-4375a2709e36;0;;;
'2023-11-18';82260ee0-3d00-11ed-9e7d-d3494ff8aa73;0;;;
'2023-11-18';8c162c30-85cc-11ee-994b-49bd12d50a9b;0;;;
'2023-11-18';aff373b0-7582-11ee-9827-e315e60d1aaf;0;;;
'2023-11-18';2030f150-4a33-11ee-8e98-eded4ab4bfbe;0;;;
'2023-11-18';06830130-7b6b-11ee-b51d-4b090c6cf1d3;0;;;
'2023-11-18';013efae0-85ba-11ee-adc6-f14024242361;0;;;
'2023-11-18';aa441a40-82b7-11ee-9e75-c929953562a1;0;;;
'2023-11-18';c34d9e40-85db-11ee-8b70-9f020a098207;0;;;
'2023-11-18';5181e760-e27d-11ec-9244-c39b5aa9d574;0;;;
'2023-11-18';fdb8d8b0-7d66-11ee-a194-a32661f94751;0;;;
'2023-11-18';48e34e70-4d9b-11ee-b6aa-61ece6cd1113;0;;;
'2023-11-18';d70dcaa0-0d9b-11ec-9480-19aec6605e49;0;;;
'2023-11-18';5f53de40-d41f-11ed-abc9-e395eb253d81;0;;;
'2023-11-18';cf7f8010-6c5d-11eb-a86f-97bd20503bcf;0;;;
'2023-11-18';4759db30-3524-11ee-85c1-01a2aa7eea1d;0;;;
'2023-11-18';8380b140-9341-11ed-9810-87420a46fe8b;0;;;
'2023-11-18';ba0b4520-080a-11ee-b26f-356151662bfe;0;;;
'2023-11-18';2d3755d0-3fe3-11ec-9bd5-55e2e6e796d0;0;;;
'2023-11-18';09746f70-8569-11ee-bc83-6fc6ad178aac;0;;;
'2023-11-18';11eeecf0-85c0-11ee-a68a-bfcdf9b2d107;0;;;
'2023-11-18';ea2a85b0-837d-11ee-9231-9b7d23ced8fc;0;;;
'2023-11-18';5ee3a430-1381-11ee-a6e0-51a1151f2a9d;0;;;
'2023-11-18';797c5c20-8621-11ee-90e9-79ffaf0918fa;0;;;
'2023-11-18';a2861660-9257-11ed-96ae-61ff958c7640;0;;;
'2023-11-18';8bdefb30-6759-11ed-922b-5b3d32d28343;0;;;
'2023-11-18';39ecdf50-85d4-11ee-8075-e58cf95a63d8;0;;;
'2023-11-18';ba5cb770-85b4-11ee-ade2-31fd05fa6ee7;0;;;
'2023-11-18';5f993750-683a-11ea-96c5-0b4aa9599a94;0;;;
'2023-11-18';a1ccf390-6e95-11ee-a59e-056d5eb775c2;0;;;
'2023-11-18';f136c220-60cd-11e8-8ebd-45fc1d9c550a;0;;;
'2023-11-18';438855d0-67d7-11eb-ba32-55dcd093b535;0;;;
'2023-11-18';605068d0-dc45-11ed-9d44-810786957f5c;0;;;
'2023-11-18';dc232150-4929-11ed-8985-852afb4eb10f;0;;;
'2023-11-18';1c19cc30-d1b2-11ed-9a6f-41394e99a8d5;0;;;
'2023-11-18';74b32710-b817-11ed-b0f3-61697d13745c;0;;;
'2023-11-18';756f7e80-6c99-11ec-9222-bd4fea1f018b;0;;;
'2023-11-18';79012160-722f-11ed-9edd-cffe07cca556;0;;;
'2023-11-18';f05b0d10-859e-11ee-9672-4bb43dc20942;0;;;
'2023-11-18';373961c0-35df-11ed-8206-bd519374e178;0;;;
'2023-11-18';8aeae720-78dd-11ee-9793-4f8dee2ea49a;0;;;
'2023-11-18';5a443070-5e47-11ec-a200-0b71ea0534fc;0;;;
'2023-11-18';42574c50-e4be-11ed-8be5-91dd0ec5cc9c;0;;;
'2023-11-18';73c62980-842f-11ee-af71-0bf1fe234332;0;;;
'2023-11-18';152d7400-bcbb-11ed-a0af-3f0f438fc3d5;0;;;
'2023-11-18';bdb97890-8618-11ee-9c2a-930b56aee745;0;;;
'2023-11-18';e066e4d0-16fd-11ed-b7b0-47b2474cb7da;0;;;
'2023-11-18';dd86b190-85de-11ee-956e-a3f9a946cea6;0;;;
'2023-11-18';2f368890-827d-11ee-8774-d76df3659deb;0;;;
'2023-11-18';9d4208d0-8581-11ee-a586-9f3594ef701e;0;;;
'2023-11-18';86ac2b00-24db-11eb-9d23-c5e4b2e3ccb0;0;;;
'2023-11-18';036c87b0-267a-11e8-8408-f9f917206103;0;;;
'2023-11-18';6f4ba810-5901-11ea-9b53-85a695007b59;0;;;
'2023-11-18';e64e9970-106a-11ea-a81f-2d486e26c435;0;;;
'2023-11-18';d78e1830-8630-11ee-9887-895ee8364bbe;0;;;
'2023-11-18';b24afa20-3c5c-11ee-9724-7d47517e4da5;0;;;
'2023-11-18';185670c0-f58f-11ed-bcce-4ddb818f8008;0;;;
'2023-11-18';5d7973f0-6aa9-11eb-91be-cd980a23d9a3;0;;;
'2023-11-18';d14fd7c0-5f17-11ec-bbb6-499c26bd2da2;0;;;
'2023-11-18';ebe9a900-8579-11ee-b1b7-2555d48e7111;0;;;
'2023-11-18';49009150-853c-11ee-902d-e920f692f981;0;;;
'2023-11-18';3749fe10-85cd-11ee-8cad-5fcecf97eaba;0;;;
'2023-11-18';00f1c610-5e7a-11ee-8b2e-f1e9270b009b;0;;;
'2023-11-18';6d64fe70-85ee-11ee-a8ff-7fad9054ef68;0;;;
'2023-11-18';90bc8650-861a-11ee-84c4-cd1552e6341e;0;;;
'2023-11-18';a544f320-8b08-11ea-a3c9-fd417762e69e;0;;;
'2023-11-18';6b3d8040-2672-11e8-a7ed-f1fd67684f98;0;;;
'2023-11-18';ab908fc0-aad4-11ed-ac95-d73545d823e2;0;;;
'2023-11-18';9fdd07f0-7ddd-11ec-ae0a-3da4d94fc1a2;0;;;
'2023-11-18';476bccd0-85c6-11ee-afef-0f152f4da9b7;0;;;
'2023-11-18';ff52b590-2297-11ed-8cb9-e5dc54b353b6;0;;;
'2023-11-18';3d5f9360-512f-11ed-a9db-11352f694bc1;0;;;
'2023-11-18';a5f4fc40-3517-11ee-838e-e51c7695bc85;0;;;
'2023-11-18';0c8d5bd0-054f-11ee-a122-25342f44c260;0;;;
'2023-11-18';e2684230-8577-11ee-a3c3-3de57125e0e9;0;;;
'2023-11-18';5e006820-9e50-11ec-8188-597c5a65268c;0;;;
'2023-11-18';b1cf4bf0-8612-11ee-97b1-dbd1f79d1434;0;;;
'2023-11-18';0c3e31d0-85ed-11ee-9477-ad35a82d3c03;0;;;
'2023-11-18';313b9b60-8572-11ee-8b5a-7f53dcbaf13c;0;;;
'2023-11-18';334d0930-8454-11ee-91a4-ef8198778adc;0;;;
'2023-11-18';37b6f3b0-7495-11ee-8be1-85d7071ff3f5;0;;;
'2023-11-18';5889f860-857c-11ee-a4ca-b51c60a32a7e;0;;;
'2023-11-18';ddc99150-85ba-11ee-a5fc-f5dcb194ac52;0;;;
'2023-11-18';7c6ceb50-88af-11ec-958c-474eadef37bd;0;;;
'2023-11-18';a0343430-5293-11ee-a8aa-53c32e5e4851;0;;;
'2023-11-18';22c5a160-4c08-11ed-94ed-abda373bdceb;0;;;
'2023-11-18';28b382d0-387b-11ee-be78-39889ce96ff7;0;;;
'2023-11-18';4dd49380-857c-11ee-9ea2-d50b0f77e4d4;0;;;
'2023-11-18';290d0520-429a-11ee-8803-1550ce7afdb2;0;;;
'2023-11-18';51e366e0-e83d-11ed-8d10-e7bf4f564c4c;0;;;
'2023-11-18';34061640-095f-11ec-8e63-4b3c41117f08;0;;;
'2023-11-18';154ae0b0-763f-11ee-86b9-7f40407285b5;0;;;
'2023-11-18';a5826610-8631-11ee-a1b3-49b270c60b0e;0;;;
'2023-11-18';5295a090-3703-11ec-8905-01893470729b;0;;;
'2023-11-18';b2c3de20-c527-11ec-8250-e1d3bd7dbf24;0;;;
'2023-11-18';e03f6190-69a2-11ea-a9a5-51de07e8ae4e;0;;;
'2023-11-18';24d05470-801a-11eb-883b-d53bce706764;0;;;
'2023-11-18';a7e789f0-dc7e-11e9-9726-6b36cf33ae13;0;;;
'2023-11-18';ba4ab750-cdef-11ed-b066-33abb4122e87;0;;;
'2023-11-18';4143c190-45ec-11eb-a252-dff9c4409f1e;0;;;
'2023-11-18';6c45a1f0-3861-11ee-b2aa-e9ed8b0a7b69;0;;;
'2023-11-18';b7fe0be0-ac46-11eb-bbde-99a91964adee;0;;;
'2023-11-18';17ef2390-d33f-11ea-8923-e9987a7d3c58;0;;;
'2023-11-18';309dd140-586e-11ee-af5c-bb89e5600568;0;;;
'2023-11-18';e54a90c0-9c62-11ec-baa5-15a41272b28e;0;;;
'2023-11-18';0a54b9f0-6a65-11ee-bf89-77b46f9d2e7f;0;;;
'2023-11-18';fce17710-860f-11ee-8088-ef1917ee0a92;0;;;
'2023-11-18';73a8dd90-85dc-11ee-b441-6362abbdc8fe;0;;;
'2023-11-18';dd465790-5fb7-11ea-8321-df104d6de9e4;0;;;
'2023-11-18';f665f0b0-8622-11ee-93b2-5b6c9956b951;0;;;
'2023-11-18';bf59ea80-860a-11ee-98e8-e74436934696;0;;;
'2023-11-18';b11fb800-65c6-11ee-a44c-8feab167daf2;0;;;
'2023-11-18';ca65f8b0-85fb-11ee-9521-7794318aea57;0;;;
'2023-11-18';780e2fd0-f923-11ec-b483-55f9ac380315;0;;;
'2023-11-18';e58c5e60-859f-11ee-a1d9-ab3821417d44;0;;;
'2023-11-18';dee92d50-6b3b-11ee-ae38-b77b5e18d421;0;;;
'2023-11-18';d6e11b10-7a16-11ee-8587-897dfc9f3dd2;0;;;
'2023-11-18';7d6767b0-6611-11ee-a513-3346bc95f644;0;;;
'2023-11-18';9cc81260-24de-11ec-bbb8-3ffe39a8a79e;0;;;
'2023-11-18';7f1a0f60-4613-11ec-8f97-8b12813500b8;0;;;
'2023-11-18';77bfa0b0-4425-11ee-afee-1bf80aa57045;0;;;
'2023-11-18';483895f0-74fc-11ea-bc6d-857809c5e39f;0;;;
'2023-11-18';2489e860-82a0-11ee-a5c4-cfa4cf3cc9fa;0;;;
'2023-11-18';b76cdc50-8629-11ee-af66-45f81de94113;0;;;
'2023-11-18';0c97ce60-7103-11ee-b9df-7738e9e57271;0;;;
'2023-11-18';a8e21970-806b-11ee-904b-7f12b6215cc3;0;;;
'2023-11-18';425f5490-6510-11ee-bc9b-c79e712f19a9;0;;;
'2023-11-18';f18a5390-85c5-11ee-afd0-a1b49e8188ae;0;;;
'2023-11-18';c35aef70-8601-11ee-860b-931d379c29eb;0;;;
'2023-11-18';70812800-85ed-11ee-b604-f95f5409a6ed;0;;;
'2023-11-18';e464ec60-8602-11ee-9ac6-0d0077848787;0;;;
'2023-11-18';4893fa40-aaea-11ed-95b0-35b3f4fde0c8;0;;;
'2023-11-18';c475e840-85f4-11ee-bf67-8bc742923641;0;;;
'2023-11-18';1cc846a0-413a-11ee-954c-a711345f9b82;0;;;
'2023-11-18';79aa5c70-5297-11ec-a861-7ba358316127;0;;;
'2023-11-18';c72ddbc0-6034-11ec-a2a5-85ec95d9725f;0;;;
'2023-11-18';26730a30-a4b6-11ed-8051-3d9519e665ca;0;;;
'2023-11-18';05b18dd0-6681-11ed-a70a-f1ac313243fe;0;;;
'2023-11-18';8c627ff0-2ec3-11ee-978d-bb5568488925;0;;;
'2023-11-18';2ac38b70-e005-11ed-824b-fbb29a5a688c;0;;;
'2023-11-18';17106bb0-b3d9-11ec-8539-4f93fa6e64e3;0;;;
'2023-11-18';a0fbca30-82c8-11ee-8fb4-57b0a6311eaa;0;;;
'2023-11-18';442c4cd0-75ad-11ee-ba81-dfa01e423654;0;;;
'2023-11-18';108eb8b0-fd60-11ed-81fc-012d041c3af0;0;;;
'2023-11-18';ef36c890-77cd-11ee-aba4-eb918a24bb91;0;;;
'2023-11-18';16d7c3c0-dd98-11ed-a04b-09996374ca98;0;;;
'2023-11-18';a8af3330-4bc8-11ed-9e33-c9f4d0d03f0d;0;;;
'2023-11-18';37ca6ba0-431f-11e8-8a1d-b37352c63da2;0;;;
'2023-11-18';59a09510-83a6-11ee-9dae-0596c3b4c3fc;0;;;
'2023-11-18';282b79e0-462b-11ee-899c-09d8fdfb4a91;0;;;
'2023-11-18';718353c0-8603-11ee-8a56-ef046585637d;0;;;
'2023-11-18';9b490c60-e57a-11ed-897f-a5f857ba1522;0;;;
'2023-11-18';98e60880-850f-11ee-9ddf-4f868814c318;0;;;
'2023-11-18';27578f90-2ea7-11ee-9fdf-2f0158ff8387;0;;;
'2023-11-18';32b3ba10-33a2-11eb-8aee-8751efd2dc63;0;;;
'2023-11-18';914661e0-7c79-11ee-a5dc-b9690b655982;0;;;
'2023-11-18';62d024f0-5113-11ed-a2ea-0da72871968a;0;;;
'2023-11-18';37346470-1ac6-11ec-98f9-e912f416724e;0;;;
'2023-11-18';1d265690-099d-11ec-8c1f-279bde56d3d4;0;;;
'2023-11-18';90694410-2f24-11ee-82be-ed4d2f30ad09;0;;;
'2023-11-18';9d657c50-6965-11ec-a4a9-912dae094ad1;0;;;
'2023-11-18';daa888d0-f4cb-11ed-8a53-451d09597401;0;;;
'2023-11-18';f71e9ff0-7698-11ee-ba46-e3464bf649a1;0;;;
'2023-11-18';61aa9be0-586b-11ee-9d78-ed8dd114beb7;0;;;
'2023-11-18';b7e4d4b0-47c5-11ed-9239-2f1acd79db72;0;;;
'2023-11-18';388e2190-85f3-11ee-abef-abd5982053cb;0;;;
'2023-11-18';893f8fc0-60d8-11ed-93ac-bdc11d75942e;0;;;
'2023-11-18';3f69ee50-2c0c-11ed-be50-6fb693743b92;0;;;
'2023-11-18';a4a12530-ecb6-11ec-a7e7-c15b5dace0c8;0;;;
'2023-11-18';343bd9f0-3b55-11ed-9492-cf1753a5bb11;0;;;
'2023-11-18';de2dda50-e4f9-11ed-94a5-87fe6abc25e9;0;;;
'2023-11-18';cbb2af70-a51a-11eb-bc9a-9b8287359b8f;0;;;
'2023-11-18';352f81b0-85fd-11ee-85d3-f9cf8ccc6efa;0;;;
'2023-11-18';d68d2400-2685-11e8-ba18-f941b30fc747;0;;;
'2023-11-18';3bdd3e40-9855-11ec-84be-997d278fe3bd;0;;;
'2023-11-18';03613210-85cf-11ee-81ef-19619187da69;0;;;
'2023-11-18';399dc600-85b5-11ee-8eb3-ed906eb707b8;0;;;
'2023-11-18';0d8e71b0-a463-11ed-b066-610dcb14550b;0;;;
'2023-11-18';fcdeee90-79a4-11ee-a91d-99e785e1452f;0;;;
'2023-11-18';09d18950-85c6-11ee-ad1e-97609ce86827;0;;;
'2023-11-18';605ee840-85ed-11ee-8221-cd60ddb3305c;0;;;
'2023-11-18';2c282e70-83ee-11ee-9036-9b75e85802d5;0;;;
'2023-11-18';a5b50490-a326-11ea-b3dc-57eaa8574825;0;;;
'2023-11-18';0908bad0-50af-11ee-95a3-1d4333e6f8df;0;;;
'2023-11-18';14b5faf0-553d-11ed-a0bc-855179dbd9bf;0;;;
'2023-11-18';d92ce3b0-f52b-11ed-9532-9fb2bd6a5840;0;;;
'2023-11-18';c6fa9b80-1c99-11ed-9a10-89b27c7c554c;0;;;
'2023-11-18';c201e1e0-d767-11ed-8bd1-9fda1825ccfc;0;;;
'2023-11-18';62d648d0-7276-11eb-a24e-3b66914edb0e;0;;;
'2023-11-18';9845fc90-821d-11ee-a7ec-e3f25d654e40;0;;;
'2023-11-18';16e4b0b0-f631-11ed-b894-9d1389c7599d;0;;;
'2023-11-18';33070ed0-7d6a-11ee-a952-599179402cb4;0;;;
'2023-11-18';92d0b290-83a4-11ee-88bc-51705a318a0a;0;;;
'2023-11-18';908d34c0-2745-11e8-81c5-4d43ea858062;0;;;
'2023-11-18';a337e4d0-85b8-11ee-b3be-37c13e403722;0;;;
'2023-11-18';55eb7340-7d7a-11ee-83f2-c918dbdb0679;0;;;
'2023-11-18';aa2f8d30-7d9b-11ee-8ead-4969d6abeae8;0;;;
'2023-11-18';b1f48aa0-4fc1-11ee-bf9a-1d4656b9541a;0;;;
'2023-11-18';d025a9e0-2588-11e9-b5f5-7f1828f89663;1;;;
'2023-11-18';47d74d70-8224-11ee-910e-d7383a9c6fea;1;;;
'2023-11-18';c858e090-9098-11ed-b7e1-4120ad641f1d;1;;;
'2023-11-18';51dc3c40-69f3-11ec-848c-2714b3b1ce53;1;;;
'2023-11-18';341ce040-1927-11ed-9828-bdc4be7462f4;1;;;
'2023-11-18';d375c6c0-84f1-11ee-a526-cb592c8602ca;1;;;
'2023-11-18';17449bb0-0d80-11ec-aebc-71bd723eb1f8;1;;;
'2023-11-18';382484b0-4976-11ee-920e-2dc0028340f6;1;;;
'2023-11-18';466fbf60-fa36-11ed-a14a-67347299561e;1;;;
'2023-11-18';5f57f7a0-2d44-11ed-9e3a-d1e5100235ee;1;;;
'2023-11-18';6dec5010-881f-11ec-a00c-7b99cb273f7d;1;;;
'2023-11-18';c2af09f0-8012-11eb-bd24-4513d6a924df;1;;;
'2023-11-18';70b39370-c1bd-11ed-b290-a1a120fcbe4b;1;;;
'2023-11-18';e362e470-8fbe-11ec-8ca5-b367cddffbe9;1;;;
'2023-11-18';50a4dff0-2c37-11ee-a180-5d4f1bc6c254;1;;;
'2023-11-18';e4b39950-76f3-11ee-a76c-337f1b3c3c4d;1;;;
'2023-11-18';2603ef60-fe34-11ed-910f-ed4de5f486e7;1;;;
'2023-11-18';9e71c280-19f9-11ed-9bc9-8f173657187d;1;;;
'2023-11-18';a54e0ee0-b5bf-11ec-bb43-9d5e670c5ec5;1;;;
'2023-11-18';72f7ac50-73d0-11ee-96f5-3f4f8a11dc86;1;;;
'2023-11-18';1ab11c10-d863-11ed-a59a-11f3f99c1beb;1;;;
'2023-11-18';dea9d400-d805-11eb-900c-b38b424d9453;1;;;
'2023-11-18';1c734d90-4b0d-11ed-993e-776440e5a06a;1;;;
'2023-11-18';e1ed61c0-4a6f-11ee-ad9f-717fbbb68447;1;;;
'2023-11-18';54bfe860-449d-11ec-8dae-b9530f04c89c;1;;;
'2023-11-18';dd98c980-3e8e-11ee-95cc-7d309a1b8944;1;;;
'2023-11-18';fb0db6c0-eed8-11ed-b021-df7a31580d1c;1;;;
'2023-11-18';74c1a840-5613-11ee-967e-2bec9fcda431;1;;;
'2023-11-18';93498c40-2fbc-11eb-a824-bbb96662926d;1;;;
'2023-11-18';8c97f510-5db7-11ec-9223-a1e915128fcd;1;;;
'2023-11-18';f54e2800-9bd6-11ed-9125-ab86006389ce;1;;;
'2023-11-18';1337fbe0-5917-11ee-8077-290f051a30fd;1;;;
'2023-11-18';562c15a0-0cf3-11ee-85d6-1df59c402d4b;1;;;
'2023-11-18';43717ff0-a3c5-11ed-ab92-2f5ca7d3e5b2;1;;;
'2023-11-18';f4832cc0-eb93-11ec-aac5-cdb5ad83724c;1;;;
'2023-11-18';af0bf330-3870-11ea-933b-1dfe53e32035;1;;;
'2023-11-18';2cbbd3a0-6d8c-11ee-89fb-7b7d902ce144;1;;;
'2023-11-18';bd188d60-8ca8-11ec-9b84-5f1c9fe07f2c;1;;;
'2023-11-18';e19b0cf0-56ad-11ee-ba69-3f9fa2d4e5ff;1;;;
'2023-11-18';57ea5550-7301-11ed-a0bd-59135520ad19;1;;;
'2023-11-18';f7d05c50-17cf-11ed-a78c-912ed4e7c32f;1;;;
'2023-11-18';3be98d80-f628-11ed-aa74-a38597842c24;1;;;
'2023-11-18';470235b0-80c2-11eb-a8c5-b1679e82f09d;1;;;
'2023-11-18';e8742330-852a-11ee-9cd3-8bf69474c3d7;1;;;
'2023-11-18';13d28720-f880-11ed-9e97-3f7517600d60;1;;;
'2023-11-18';b1c90ad0-9174-11ed-973f-d9c0d2c30895;1;;;
'2023-11-18';82d27e80-448b-11ee-90cd-538c962db324;1;;;
'2023-11-18';94ded920-8504-11ee-8f6c-7f8637270fb4;1;;;
'2023-11-18';be3bdb40-6909-11ee-9908-39a6d8011575;1;;;
'2023-11-18';9236fcc0-47c5-11ed-82a4-d929789fd542;1;;;
'2023-11-18';8c1900c0-18ff-11ee-b3c8-89750e6b01d2;1;;;
'2023-11-18';c24826b0-7e3c-11ee-a8d5-bfbc81fe4095;1;;;
'2023-11-18';cd52c640-4ec2-11ee-8c82-d949aeea4d5b;1;;;
'2023-11-18';bf7a2d50-5df5-11ee-832a-37e0ed135bb2;1;;;
'2023-11-18';f0261ff0-65c0-11ed-b8ec-79c229c6a66c;1;;;
'2023-11-18';177d5680-b66e-11eb-b3c0-9d91e2a22b87;1;;;
'2023-11-18';225c31f0-dd5b-11e8-8cc8-f9fd16b1f404;1;;;
'2023-11-18';6e255e80-5ead-11ee-b9ab-514ff5ef01dc;1;;;
'2023-11-18';96d43ab0-67c6-11ed-ab5d-a5b909b8063f;1;;;
'2023-11-18';3f641480-5d37-11eb-8dac-3d1747340271;1;;;
'2023-11-18';7d276270-8513-11ee-9f64-3f47d7c07099;1;;;
'2023-11-18';8d95e850-8461-11ee-8179-a179afd4e20b;1;;;
'2023-11-18';1d1dfb20-0722-11ed-b1b2-7112cbc0a9ad;1;;;
'2023-11-18';55dd0b50-b8d4-11ec-a5cf-6ff7cfa0bdc8;1;;;
'2023-11-18';c25326f0-8602-11ee-a9e9-67543d912c63;1;;;
'2023-11-18';116acc80-8d3f-11eb-96bc-c758b4ed37d5;1;;;
'2023-11-18';d1c0b340-7f8c-11ee-b01b-bbb6572a253e;1;;;
'2023-11-18';81a62dd0-23ad-11ee-aa3f-732a118b19a8;1;;;
'2023-11-18';b3b7edc0-0cdf-11ee-9f4b-9da3b6e06fe2;1;;;
'2023-11-18';65a476e0-a613-11ed-b012-957cc6c1cd6c;1;;;
'2023-11-18';01eb3b00-113b-11ee-bb03-319d0e12a46a;1;;;
'2023-11-18';22f02860-ba26-11eb-95b4-9bb66a80a2f5;2;;;
'2023-11-18';63fae3d0-9bc6-11ed-b472-c983de5c443f;2;;;
'2023-11-18';8fc92c60-384c-11ee-b8d9-3bf288702263;2;;;
'2023-11-18';9a1bb5a0-2670-11e8-bfc6-df51f8419a76;2;;;
'2023-11-18';c8f8bfa0-80c2-11ee-9c77-254d475428ff;2;;;
'2023-11-18';687339b0-549b-11ee-bae8-8b7a04a5bb59;2;;;
'2023-11-18';26294cd0-56df-11ed-9a66-895324db225b;2;;;
'2023-11-18';f487ad20-51bb-11ed-8b5d-790907ccf4e0;2;;;
'2023-11-18';38739910-bb6e-11ed-a75f-2396de10ccac;2;;;
'2023-11-18';1d305a50-d75a-11ed-a037-adabf39bc1e0;2;;;
'2023-11-18';15afe630-596d-11ed-89dc-f1f99923ecaa;2;;;
'2023-11-18';efbdc0c0-816e-11ee-9cc3-0739fd02c351;2;;;
'2023-11-18';7bb004a0-d7ce-11eb-ac46-c94f84d3bd05;2;;;
'2023-11-18';65f72930-b18b-11ec-924b-83ff9d356743;2;;;
'2023-11-18';339ff8f0-5c38-11ee-83e3-030b54ab2ead;2;;;
'2023-11-18';89fd2e10-860a-11ee-bf4b-5be2d5fadf2d;2;;;
'2023-11-18';03ccde60-46bb-11ed-a45b-b7db8c961393;2;;;
'2023-11-18';0db94550-c3eb-11ed-97dc-45d791b61932;2;;;
'2023-11-18';0fd0e7c0-2922-11ee-8211-f399b92b8525;2;;;
'2023-11-18';92bfb750-f734-11eb-9fe0-fff033bdf021;2;;;
'2023-11-18';6a0b8d80-836d-11ee-81bf-29292249a826;2;;;
'2023-11-18';f65363c0-0724-11ec-bd81-49e1f86f6eaa;2;;;
'2023-11-18';d9445570-eb86-11e9-8b08-5f4dcb3dd40b;2;;;
'2023-11-18';397fdaf0-34b8-11ec-9b79-0bc2295b5ed8;2;;;
'2023-11-18';82d401b0-9a40-11ed-af3a-9d6b2b3c4aca;2;;;
'2023-11-18';02a1d900-a64c-11ed-a3c5-4da84c18504e;2;;;
'2023-11-18';e247acc0-1c7a-11ee-bda5-8961e2ebcb05;2;;;
'2023-11-18';fc825680-6275-11ee-a126-ff40476b8939;2;;;
'2023-11-18';b47b73f0-fd19-11e9-9212-df9b4ba3b518;2;;;
'2023-11-18';7ab50a60-c468-11eb-8e5b-8971515a3075;2;;;
'2023-11-18';c3ed0eb0-11c0-11ee-996d-57d54a248a0b;2;;;
'2023-11-18';f09a5ce0-ec6d-11ea-87a9-ef965f094656;2;;;
'2023-11-18';a037fdf0-35b9-11ee-a37a-4b6faf2ef029;2;;;
'2023-11-18';426c0c10-2670-11e8-952c-5397ebbba8bb;3;;;
'2023-11-18';e3aa2b10-57a3-11ee-bd5a-f72794fcf488;3;;;
'2023-11-18';6792dcb0-c3f3-11ec-958f-33fa01cac1c8;3;;;
'2023-11-18';8a45d150-cadc-11ec-91b0-45d5da48b7f1;3;;;
'2023-11-18';9982d380-4bd1-11ee-afd6-e74313dfb1e5;3;;;
'2023-11-18';fc7344d0-b10c-11ed-91da-c7572dfa0e70;3;;;
'2023-11-18';4d07c180-644f-11eb-879c-b7c02edf4f37;3;;;
'2023-11-18';648c2480-c0ab-11ed-9a17-8396e86aa4ff;3;;;
'2023-11-18';82c3a6b0-0974-11ed-92d9-17c41638c6a3;3;;;
'2023-11-18';af89a740-c512-11ec-b557-5301bfc0f99f;3;;;
'2023-11-18';33864540-382f-11ee-a5a1-cfd5c6784c6b;3;;;
'2023-11-18';77d26ec0-9a8c-11ea-a2fd-3d9ff5d8d5c2;3;;;
'2023-11-18';f511da80-5fa3-11ee-ae8c-a3c4c1d5f48d;3;;;
'2023-11-18';eb8c0040-c023-11e9-8c44-1bbbbcd7c7af;3;;;
'2023-11-18';f96e1320-85cb-11ee-a348-4fdb7e9643ec;3;;;
'2023-11-18';474218c0-1fc0-11ee-9277-c71cabf691c3;4;;;
'2023-11-18';728422e0-cd30-11ed-a350-9f3075069a22;4;;;
'2023-11-18';1535ebc0-a917-11ec-a27e-3d76e385ce7d;4;;;
'2023-11-18';7a2ea320-d29c-11eb-aba0-cba9b7b0b7ed;4;;;
'2023-11-18';59df66c0-dc79-11ed-aaa7-9de3299dc8d1;4;;;
'2023-11-18';b8f5ad70-5de0-11ee-8e0c-f7309e7e9b0b;4;;;
'2023-11-18';08f34860-a076-11ed-b8ba-8da806888bc7;4;;;
'2023-11-18';d234f070-2821-11ed-9ce0-b7a9dd423e66;4;;;
'2023-11-18';0a785400-7749-11ee-81dc-d10bff479dd5;4;;;
'2023-11-18';9c717ef0-7937-11ee-ab82-3fed6061a5cd;4;;;
'2023-11-18';a63da2d0-82db-11ee-b7b6-318a8f9f484a;4;;;
'2023-11-18';52e280f0-8539-11ee-9460-317b2a25c808;4;;;
'2023-11-18';d0d926d0-8589-11ee-a336-eff11f01c44b;4;;;
'2023-11-18';1ca2f970-8327-11ee-94bb-c5cb5e989c9b;4;;;
'2023-11-18';ab6ac5d0-a7ea-11ec-a675-798b005bf57f;4;;;
'2023-11-18';3d039410-6751-11ed-a989-6fad21ed25f3;4;;;
'2023-11-18';21502990-754c-11ee-8f36-b53688645171;5;;;
'2023-11-18';25eb7790-e689-11ed-b531-13a42bebedd2;5;;;
'2023-11-18';097bc2a0-6842-11ee-88f1-31d20650c299;5;;;
'2023-11-18';43a7fda0-69a4-11ee-9df6-939923a38d51;5;;;
'2023-11-18';027d2080-8457-11ee-9728-c56a19633cbe;5;;;
'2023-11-18';34f48ff0-8b54-11ed-871a-4992a8d40e9f;5;;;
'2023-11-18';9d01a210-2671-11e8-92f4-65a7e7cd4ad4;5;;;
'2023-11-18';67114f90-2452-11ee-8452-67ae9e4ba894;5;;;
'2023-11-18';55576790-d14a-11ed-b3ab-a9b0c6c3706a;5;;;
'2023-11-18';cfbce6c0-9d54-11ec-8487-dbe8a6f96ab0;5;;;
'2023-11-18';5b8df9b0-36e3-11ec-9796-29403a54c52b;6;;;
'2023-11-18';b0c4b750-4353-11ea-b71d-9325d41eec6a;6;;;
'2023-11-18';61ae0260-a6a2-11ed-8f7f-7df15ac93c97;6;;;
'2023-11-18';62a2dcf0-f241-11ed-ac84-55286017df33;6;;;
'2023-11-18';71aa0370-bc01-11ed-b475-112ce88e695c;7;;;
'2023-11-18';aae3cb20-8574-11ee-9c7d-d94dfcc43e4c;8;;;
'2023-11-18';c9c838e0-2a82-11ec-aa9a-5197184deb2f;8;;;
'2023-11-18';9ac8ac50-c45c-11eb-bdae-830b2f51b58b;8;;;
'2023-11-18';1a633e20-6745-11ee-ad73-95d1cc768655;8;;;
'2023-11-18';e4c316d0-8bdc-11ed-8d87-0bd1e42735fc;8;;;
'2023-11-18';594c3fb0-58bb-11eb-bd61-25ce1783faec;9;;;
'2023-11-19';5cadd100-3d17-11ec-8fe3-975ff41ee3ba;13;;;
'2023-11-19';c90e72d0-669d-11ee-ae9f-d5cda011a1c1;28;;;
'2023-11-19';6fc1bf90-1e66-11ee-bd8f-d52ab30b5049;11;;;
'2023-11-19';3b8f13b0-6d14-11ee-a5c2-bb2cb6bcb464;12;;;
'2023-11-19';d234f070-2821-11ed-9ce0-b7a9dd423e66;13;;;
'2023-11-19';5f040a40-54b8-11ee-ba0d-6f18d25fc788;0;;;
'2023-11-19';b977b480-86fa-11ee-adca-b383a8da8afd;0;;;
'2023-11-19';74dd2800-e42f-11ed-8d25-e5a81964a277;0;;;
'2023-11-19';d7f7ffb0-8703-11ee-b28d-5d14366d0c8b;0;;;
'2023-11-19';c2f189a0-b335-11eb-8afe-8b116aff9ee9;0;;;
'2023-11-19';9a899080-86ea-11ee-8a91-effc4951d735;0;;;
'2023-11-19';7e38df40-86d0-11ee-b513-e7d8d5a1852f;0;;;
'2023-11-19';3ad8b870-9272-11ea-88c9-936430b00200;0;;;
'2023-11-19';fc825680-6275-11ee-a126-ff40476b8939;0;;;
'2023-11-19';8c1900c0-18ff-11ee-b3c8-89750e6b01d2;0;;;
'2023-11-19';32b3ba10-33a2-11eb-8aee-8751efd2dc63;0;;;
'2023-11-19';c53f3930-8698-11ee-b440-d3b66edc7381;0;;;
'2023-11-19';cbd31e30-52bd-11ec-a95d-6d377f24fa89;0;;;
'2023-11-19';41e85b20-1514-11ee-b681-a506d2022584;0;;;
'2023-11-19';c2fb1d80-8704-11ee-9907-1bd11a774e4f;0;;;
'2023-11-19';64f15280-86ba-11ee-8222-d9517b4c0ef6;0;;;
'2023-11-19';987a1860-043f-11e9-b29a-657a90787be9;0;;;
'2023-11-19';56451320-86c9-11ee-b01e-51d4b3a27e13;0;;;
'2023-11-19';72a80de0-6875-11ea-b091-f5fbe5bc136f;0;;;
'2023-11-19';1bd0e1e0-996a-11ec-9a96-4d72a54c8314;0;;;
'2023-11-19';d8f66400-773c-11e9-986b-31707043e6d7;0;;;
'2023-11-19';3d039410-6751-11ed-a989-6fad21ed25f3;0;;;
'2023-11-19';a5b50490-a326-11ea-b3dc-57eaa8574825;0;;;
'2023-11-19';177d5680-b66e-11eb-b3c0-9d91e2a22b87;0;;;
'2023-11-19';47d1d680-b5d1-11ed-819a-7fe655647e59;0;;;
'2023-11-19';c7a2a740-7e28-11ec-91e0-9d5062ed501b;0;;;
'2023-11-19';dd465790-5fb7-11ea-8321-df104d6de9e4;0;;;
'2023-11-19';3e885ec0-86f8-11ee-8fbc-b5e0679123b7;0;;;
'2023-11-19';e87afd50-3309-11ed-9a5c-6502a39740b6;0;;;
'2023-11-19';ff3f69c0-6379-11ea-9bb7-39a9dd3b8d91;0;;;
'2023-11-19';83dc6ec0-5dec-11ed-a7f8-43cd2dca137b;0;;;
'2023-11-19';d61a63c0-b415-11ed-9d72-e903075bafd8;0;;;
'2023-11-19';7a2ea320-d29c-11eb-aba0-cba9b7b0b7ed;0;;;
'2023-11-19';01eb3b00-113b-11ee-bb03-319d0e12a46a;0;;;
'2023-11-19';0dc52390-8254-11ec-8f65-6784a8d46ba5;0;;;
'2023-11-19';7fef4420-8075-11ee-be9c-1577f2b6e078;0;;;
'2023-11-19';f09a5ce0-ec6d-11ea-87a9-ef965f094656;0;;;
'2023-11-19';a0a21730-e203-11ed-8b54-e709eca24807;0;;;
'2023-11-19';65b5b460-2c46-11e8-b433-e9a46e5ade44;0;;;
'2023-11-19';c08c16d0-4b4f-11ee-8ff7-3bf5ce732904;0;;;
'2023-11-19';2c4ca150-b4b2-11eb-bceb-c907bb5088fb;0;;;
'2023-11-19';5b06eee0-86f3-11ee-bfe7-99ec2be86b6f;0;;;
'2023-11-19';b78743e0-d902-11ec-b18a-f5d4e8e8e12e;0;;;
'2023-11-19';cb1ee610-26eb-11e8-b934-6bbbc6fca064;0;;;
'2023-11-19';31fed080-8513-11ee-9263-af9f6352b12d;0;;;
'2023-11-19';2f18f6a0-c64d-11ed-b903-23989ac6e302;0;;;
'2023-11-19';ff52b590-2297-11ed-8cb9-e5dc54b353b6;0;;;
'2023-11-19';90fdca10-8693-11ee-934b-736893422d47;0;;;
'2023-11-19';41d93140-46e9-11ec-a76a-437f1f0bca1b;0;;;
'2023-11-19';5bb5d6c0-3ca8-11ee-a061-51e7a79d61f1;0;;;
'2023-11-19';89fc7110-81f4-11ee-8b2c-f7d3e0ed28ab;0;;;
'2023-11-19';09a61130-86f2-11ee-8567-575a414ef8f5;0;;;
'2023-11-19';38e36d90-b9da-11eb-a386-99254fc8580c;0;;;
'2023-11-19';d70dcaa0-0d9b-11ec-9480-19aec6605e49;0;;;
'2023-11-19';22129b20-86a3-11ee-acb8-ffce686e2582;0;;;
'2023-11-19';b728cf30-6be2-11ee-9a54-2709e5f9b078;0;;;
'2023-11-19';b9553df0-bc36-11ec-baaf-a1b8f0d96ba2;0;;;
'2023-11-19';67422280-86c9-11ee-b5e6-29e45d8ecfb5;0;;;
'2023-11-19';5549f370-eed4-11ec-844a-37590d323efc;0;;;
'2023-11-19';648c2480-c0ab-11ed-9a17-8396e86aa4ff;0;;;
'2023-11-19';8b50bc00-3fe8-11ed-9dd9-c3f5fc25180d;0;;;
'2023-11-19';7bbb35b0-5cfa-11ee-a13f-33ef91df8c9f;0;;;
'2023-11-19';8ba2ae90-9be6-11eb-9d8f-4f71aa2d7fda;0;;;
'2023-11-19';f3307200-5462-11ed-a6ab-2bffa821113a;0;;;
'2023-11-19';9a331d70-2b19-11eb-9436-8fbb00537f08;0;;;
'2023-11-19';ea2a85b0-837d-11ee-9231-9b7d23ced8fc;0;;;
'2023-11-19';8ac758b0-8f71-11ed-93e2-bb1d349f94c8;0;;;
'2023-11-19';cce7c020-83b6-11ed-8ed5-8bab46b1bbe5;0;;;
'2023-11-19';26625cc0-aa66-11ed-84e2-0fa7ce463de6;0;;;
'2023-11-19';9ea21d90-266f-11e8-bdcc-8bfb8cd4ee41;0;;;
'2023-11-19';ec2666a0-4edd-11ea-9a99-7582f3fe173b;0;;;
'2023-11-19';dbbda290-86a8-11ee-abdb-ed03f4ba610d;0;;;
'2023-11-19';fce5f7c0-86bb-11ee-9c45-4f54decf1f87;0;;;
'2023-11-19';b0f0d040-85b9-11ee-baf3-1965c4a2d168;0;;;
'2023-11-19';f71e9ff0-7698-11ee-ba46-e3464bf649a1;0;;;
'2023-11-19';b29cfb60-1ad6-11ee-8430-dfd7e122ee81;0;;;
'2023-11-19';fa5d02c0-8696-11ee-bd2d-1f33cc4f9bfe;0;;;
'2023-11-19';2051c690-86ca-11ee-9f18-910bf79dcaad;0;;;
'2023-11-19';5c6eb780-868b-11ee-81fd-cb0473261703;0;;;
'2023-11-19';260b2de0-8695-11ee-913a-934ff1bddd02;0;;;
'2023-11-19';3470ed90-86b6-11ee-ac9e-8dfb3f9a739e;0;;;
'2023-11-19';b1c90ad0-9174-11ed-973f-d9c0d2c30895;0;;;
'2023-11-19';62d024f0-5113-11ed-a2ea-0da72871968a;0;;;
'2023-11-19';c3ed0eb0-11c0-11ee-996d-57d54a248a0b;0;;;
'2023-11-19';865a7ee0-8699-11ee-b23b-2f40f1835c8b;0;;;
'2023-11-19';b1558040-868f-11ee-b860-25cd3ef0e85a;0;;;
'2023-11-19';84ec8fd0-75aa-11ee-95cc-3129598ae327;0;;;
'2023-11-19';06830130-7b6b-11ee-b51d-4b090c6cf1d3;0;;;
'2023-11-19';077adf40-88c5-11eb-b6f0-ff6be07d5b2c;0;;;
'2023-11-19';5c281b00-39ff-11ee-915c-8d2b0f08048d;0;;;
'2023-11-19';52e6d580-86e0-11ee-9032-a1ba0595c048;0;;;
'2023-11-19';723b8450-86c0-11ee-97bf-6527dd3d8e1a;0;;;
'2023-11-19';e8742330-852a-11ee-9cd3-8bf69474c3d7;0;;;
'2023-11-19';be3bdb40-6909-11ee-9908-39a6d8011575;0;;;
'2023-11-19';ccf1b180-47d2-11ee-8d0b-7dee74962c28;0;;;
'2023-11-19';f67f43c0-b05f-11ec-b910-cbb0b23ba974;0;;;
'2023-11-19';34061640-095f-11ec-8e63-4b3c41117f08;0;;;
'2023-11-19';6f6979f0-cb02-11ed-a0e5-133f8a5b12fe;0;;;
'2023-11-19';dcb922f0-61f0-11ee-8c03-2deb997c6e4f;0;;;
'2023-11-19';880756b0-5a06-11ee-813b-731c29668320;0;;;
'2023-11-19';126368b0-7f75-11ee-8790-91655d0719cf;0;;;
'2023-11-19';b7a1ce50-15e9-11eb-a3a8-c58e127adf0a;0;;;
'2023-11-19';b5d74ee0-a6a3-11ed-8386-8baca65acc23;0;;;
'2023-11-19';31c3b910-4383-11ec-9f9c-3daf3ce18b5e;0;;;
'2023-11-19';d4bd7850-9937-11eb-8479-5d5f1b0e9ee9;0;;;
'2023-11-19';862f7080-83d6-11ee-9b2a-df90a92be085;0;;;
'2023-11-19';f4a0cf90-81d9-11ee-9a38-273e6507e17d;0;;;
'2023-11-19';15afe630-596d-11ed-89dc-f1f99923ecaa;0;;;
'2023-11-19';1d09c830-5643-11eb-b307-7b92527998a5;0;;;
'2023-11-19';d94f0b00-4988-11ee-90cb-573c0fdfe79d;0;;;
'2023-11-19';fdabc000-835e-11ee-86de-551e7781230e;0;;;
'2023-11-19';4f3d2c80-2fb4-11eb-9d89-8f3a0134028f;0;;;
'2023-11-19';9974bbc0-0dfe-11ea-9a12-d919a32875c5;0;;;
'2023-11-19';f165b8c0-bffd-11ed-b68b-cb215499e0ad;0;;;
'2023-11-19';1e3fe840-6204-11ee-999e-19caa906e192;0;;;
'2023-11-19';15eabff0-6312-11ec-a738-2ba595a08e5b;0;;;
'2023-11-19';b24afa20-3c5c-11ee-9724-7d47517e4da5;0;;;
'2023-11-19';892a0c70-69b7-11ee-9427-158ff91de4de;0;;;
'2023-11-19';ec2530d0-eaf9-11ed-8633-41d5bf1dd80d;0;;;
'2023-11-19';a6828ab0-85b2-11ee-8146-1509be131cfb;0;;;
'2023-11-19';9dc265c0-b101-11ed-870e-e97cfd69c128;0;;;
'2023-11-19';499498f0-8cb3-11e8-8279-5f8ebf6c1ea5;0;;;
'2023-11-19';23434960-8697-11ee-b438-1b7f6512d9d3;0;;;
'2023-11-19';e8e22150-4ef2-11ee-9563-ef1f2dca50be;0;;;
'2023-11-19';95e01890-86dd-11ee-a09d-4b2cff662a03;0;;;
'2023-11-19';9fcc1f50-86a3-11ee-bae0-4b4a32799e04;0;;;
'2023-11-19';70f10d90-7a23-11e8-b476-29defa5a917d;0;;;
'2023-11-19';5cc3f250-865d-11ee-8b51-5f9d95532afe;0;;;
'2023-11-19';f0b18620-486b-11ed-b8d8-c35ee233e83d;0;;;
'2023-11-19';da24d850-86e3-11ee-a777-959409693c46;0;;;
'2023-11-19';a5c0f8c0-854c-11ee-96a5-7b94283beb54;0;;;
'2023-11-19';37346470-1ac6-11ec-98f9-e912f416724e;0;;;
'2023-11-19';f4832cc0-eb93-11ec-aac5-cdb5ad83724c;0;;;
'2023-11-19';cfd16520-38b7-11ec-a94b-872edd467cbb;0;;;
'2023-11-19';c795f570-86cf-11ee-8992-05df8034395a;0;;;
'2023-11-19';976a5960-0314-11ea-99db-7944a9e253b3;0;;;
'2023-11-19';4fd3e0d0-3ada-11ec-963a-e1d7ea58d6d3;0;;;
'2023-11-19';a3549cf0-1ec7-11ed-adc7-a9d3b5d972bf;0;;;
'2023-11-19';8e49c1d0-2805-11ee-a213-d7d02ee803f3;0;;;
'2023-11-19';65037060-d104-11ea-96a8-7f6dc4897de6;0;;;
'2023-11-19';160225f0-e8a9-11ed-ac34-0710fb359982;0;;;
'2023-11-19';098b6020-91c4-11ed-8b56-bd130d123d3f;0;;;
'2023-11-19';cfdfd760-81d3-11ee-bae5-953239227cd0;0;;;
'2023-11-19';f629ad50-8238-11ee-95f9-35b5b4f312e3;0;;;
'2023-11-19';3f931640-866f-11ee-a739-f3d2a9a08cb8;0;;;
'2023-11-19';b37a41b0-62c4-11ee-84b1-e51b306ab667;0;;;
'2023-11-19';bdb97890-8618-11ee-9c2a-930b56aee745;0;;;
'2023-11-19';75b20420-0d69-11eb-8c71-d7addfc31ca7;0;;;
'2023-11-19';03730d20-5ce2-11ee-9006-b178b960a5f1;0;;;
'2023-11-19';b90129c0-869e-11ee-84e2-3f2dfcc8f8b6;0;;;
'2023-11-19';c0bd4430-8eee-11e8-a03a-4754595eed79;0;;;
'2023-11-19';3b7e7ef0-7cd8-11ee-9669-e97dce6c2208;0;;;
'2023-11-19';890c45d0-7efd-11ea-a56c-2d7aae197a8b;0;;;
'2023-11-19';7c9fed90-86c1-11ee-9767-25ef8cb08070;0;;;
'2023-11-19';0933fe30-86e1-11ee-aa09-7bb9a641aa88;0;;;
'2023-11-19';77b61800-d1aa-11eb-a78f-99557b0657db;0;;;
'2023-11-19';d981e300-865e-11ee-b612-07a28e658881;0;;;
'2023-11-19';a27119e0-869e-11ee-acbe-f1caa4d9f12c;0;;;
'2023-11-19';fd5c08a0-614c-11ee-9ce0-e14fc61820da;0;;;
'2023-11-19';8673b2a0-b8c9-11ed-832b-0f68027afd84;0;;;
'2023-11-19';49cbc900-035c-11ed-8058-57ce40d0e90b;0;;;
'2023-11-19';b2487d70-538e-11ed-82d9-9bd2b45d7744;0;;;
'2023-11-19';5d7973f0-6aa9-11eb-91be-cd980a23d9a3;0;;;
'2023-11-19';7bb004a0-d7ce-11eb-ac46-c94f84d3bd05;0;;;
'2023-11-19';afd60a50-7406-11ee-bb47-bf571cc653cf;0;;;
'2023-11-19';77614a10-5cfd-11ee-9fae-6fe9b43efebe;0;;;
'2023-11-19';f0261ff0-65c0-11ed-b8ec-79c229c6a66c;0;;;
'2023-11-19';7a7e6930-57c6-11ee-8ae8-c951d28f2e3d;0;;;
'2023-11-19';447b2170-6d9c-11ee-b6ab-0d6b1772159a;0;;;
'2023-11-19';7d277a00-86f6-11ee-bdfc-cbcd5901a50f;0;;;
'2023-11-19';605068d0-dc45-11ed-9d44-810786957f5c;0;;;
'2023-11-19';a59d7fc0-cf83-11eb-a8ab-470e8714de99;0;;;
'2023-11-19';052016e0-86d1-11ee-8c7a-ad4c5d0bec19;0;;;
'2023-11-19';5fde0980-86df-11ee-9df3-b3e66158529d;0;;;
'2023-11-19';977df370-a628-11ed-a14e-0199b5c3aefe;0;;;
'2023-11-19';5a37eff0-854f-11ee-ab1b-4d7daea9e90a;0;;;
'2023-11-19';bbd01520-8686-11ee-a003-3fad6c0b4c70;0;;;
'2023-11-19';1819bf90-868f-11ee-a223-abe176ddd9dd;0;;;
'2023-11-19';ae6138c0-868a-11ee-82d7-819d7e1a2864;0;;;
'2023-11-19';dee3e080-e206-11ec-9d9b-a70eaafe4e55;0;;;
'2023-11-19';e066e4d0-16fd-11ed-b7b0-47b2474cb7da;0;;;
'2023-11-19';d2e75d10-c182-11ec-8110-21c567b6dfab;0;;;
'2023-11-19';68469ad0-1d79-11ee-9d95-07788ad80e8d;0;;;
'2023-11-19';c85bb740-842e-11ee-bc77-0982fd254883;0;;;
'2023-11-19';6407adc0-71dd-11ee-8dfc-25340a5abfbc;0;;;
'2023-11-19';f74b0c50-7dd9-11ee-9f7b-8153230f048a;0;;;
'2023-11-19';dd3d1d20-656b-11ee-aba9-8706d5b4f805;0;;;
'2023-11-19';9e71c280-19f9-11ed-9bc9-8f173657187d;0;;;
'2023-11-19';09e5fb00-8b68-11ed-ae49-11598abf9ae0;0;;;
'2023-11-19';96213050-86c9-11ee-9748-07e567ee1005;0;;;
'2023-11-19';2930c930-abdc-11eb-8df9-8965a0e5a92b;0;;;
'2023-11-19';47d74d70-8224-11ee-910e-d7383a9c6fea;0;;;
'2023-11-19';6c3b5da0-57ae-11ee-8354-d77ee1a0b9a0;0;;;
'2023-11-19';3b9de6d0-7361-11ee-aa1b-19a11dfbbdeb;0;;;
'2023-11-19';d436d5a0-6883-11eb-9e21-a745138e8f44;0;;;
'2023-11-19';69611fd0-d414-11ec-bbd8-1d56831a1b7d;0;;;
'2023-11-19';dcac5a20-f341-11ed-9bd7-0b55b654de30;0;;;
'2023-11-19';cc8fc030-725d-11eb-bc91-25a7b02495ea;0;;;
'2023-11-19';0f1c9f20-86e9-11ee-b93a-53244bf0404c;0;;;
'2023-11-19';1621c780-7e2e-11eb-ba52-e5282d8ef37f;0;;;
'2023-11-19';2cbbd3a0-6d8c-11ee-89fb-7b7d902ce144;0;;;
'2023-11-19';ad79dba0-86ae-11ee-b6f7-696ffb64ed6a;0;;;
'2023-11-19';439605d0-86fc-11ee-b24a-bb1301afdb47;0;;;
'2023-11-19';343bd9f0-3b55-11ed-9492-cf1753a5bb11;0;;;
'2023-11-19';c6ffe040-64ff-11ee-b739-917c20951f92;0;;;
'2023-11-19';f136c220-60cd-11e8-8ebd-45fc1d9c550a;0;;;
'2023-11-19';e64e9970-106a-11ea-a81f-2d486e26c435;0;;;
'2023-11-19';0bda2420-8682-11ee-aefe-85a206b17089;0;;;
'2023-11-19';02648a10-86b5-11ee-81d7-e3692ec56062;0;;;
'2023-11-19';683f0670-6886-11ec-a526-4b0b4f7f77b1;0;;;
'2023-11-19';a67aca70-8ed7-11eb-8b0a-0966b3108c0b;0;;;
'2023-11-19';4b78b160-86a9-11ee-aba1-89f6c64e2c6d;0;;;
'2023-11-19';ca324d00-8694-11ee-acc0-b5539ccdc973;0;;;
'2023-11-19';1ca2f970-8327-11ee-94bb-c5cb5e989c9b;0;;;
'2023-11-19';be26fa50-5008-11ee-a52e-431b70bd2d96;0;;;
'2023-11-19';6b3d44c0-86a4-11ee-9104-f169f88727f0;0;;;
'2023-11-19';7f1a0f60-4613-11ec-8f97-8b12813500b8;0;;;
'2023-11-19';f487ad20-51bb-11ed-8b5d-790907ccf4e0;0;;;
'2023-11-19';6d656ad0-24ce-11ee-98ae-69359935c18d;0;;;
'2023-11-19';b745b390-869d-11ee-bebe-ef3339418d12;0;;;
'2023-11-19';4af8fd90-176d-11ee-9589-3978d673bf39;0;;;
'2023-11-19';e9e87970-683b-11ee-9a01-ebe9a7ac0e13;0;;;
'2023-11-19';55eb7340-7d7a-11ee-83f2-c918dbdb0679;0;;;
'2023-11-19';2ce79cc0-9b78-11ec-960e-a7f79f52accd;0;;;
'2023-11-19';d858e6b0-e093-11e9-877f-15d3c2421a59;0;;;
'2023-11-19';7995de60-7e5c-11ee-9904-0939d871dc4d;0;;;
'2023-11-19';e898c0b0-8673-11ee-b49f-1d81d01a4f5a;0;;;
'2023-11-19';75240e80-e44f-11ed-a951-e539fad9f4b9;0;;;
'2023-11-19';df36fb80-1702-11ee-b08f-5318afd632bb;0;;;
'2023-11-19';79aa5c70-5297-11ec-a861-7ba358316127;0;;;
'2023-11-19';56260770-f9f5-11ed-ba22-237a26ac4286;0;;;
'2023-11-19';2489e860-82a0-11ee-a5c4-cfa4cf3cc9fa;0;;;
'2023-11-19';d96713d0-770f-11ee-a4f0-09f62626fb0e;0;;;
'2023-11-19';73b8a040-c069-11ea-8f6e-73b4bc9df9ed;0;;;
'2023-11-19';fd36b740-1c47-11ec-b40b-a9460dbc6a80;0;;;
'2023-11-19';80984f00-3e82-11ee-a9b4-f55082aac06b;0;;;
'2023-11-19';1d386db0-7086-11ee-bfd0-cf943b9be06f;0;;;
'2023-11-19';6261b740-7872-11ee-961f-5517ccf7abcc;0;;;
'2023-11-19';438855d0-67d7-11eb-ba32-55dcd093b535;0;;;
'2023-11-19';79ecf300-e5d5-11ed-ade6-05d8562a17db;0;;;
'2023-11-19';4c74dbc0-2494-11ed-a524-e5c8fdfa1659;0;;;
'2023-11-19';405db4b0-5a3a-11ee-87f2-49831b92684d;0;;;
'2023-11-19';442c4cd0-75ad-11ee-ba81-dfa01e423654;0;;;
'2023-11-19';bd27f410-d6aa-11ed-b10e-ff3b2a9f7a5a;1;;;
'2023-11-19';152d7400-bcbb-11ed-a0af-3f0f438fc3d5;1;;;
'2023-11-19';9a1bb5a0-2670-11e8-bfc6-df51f8419a76;1;;;
'2023-11-19';eaf81670-812e-11ee-b2d1-57d471fd9193;1;;;
'2023-11-19';55214f40-5ab9-11ee-b93c-3df253683331;1;;;
'2023-11-19';6b765430-e9b6-11ed-ae1c-43b9f0b4649c;1;;;
'2023-11-19';890b6e70-86e3-11ee-8715-35e5fcc855d1;1;;;
'2023-11-19';2809fbe0-6cfe-11ee-9cf1-9f839b808b64;1;;;
'2023-11-19';4f825580-7af2-11ee-b07d-a3dca76f4cf8;1;;;
'2023-11-19';02a1d900-a64c-11ed-a3c5-4da84c18504e;1;;;
'2023-11-19';9d749630-b89a-11eb-99c9-f165f45c3904;1;;;
'2023-11-19';cbd6ed70-770b-11ee-943f-fbd14b23e8fb;1;;;
'2023-11-19';893f8fc0-60d8-11ed-93ac-bdc11d75942e;1;;;
'2023-11-19';d7852180-23c1-11ed-80b6-75f0d0fa89b6;1;;;
'2023-11-19';fb6c7f80-117d-11ee-bf26-45f6dc2c5483;1;;;
'2023-11-19';596c3b30-5ac0-11ee-89e3-a13ebc08312b;1;;;
'2023-11-19';1630ded0-b33a-11ed-9b71-b3b5697b29f6;1;;;
'2023-11-19';9d657c50-6965-11ec-a4a9-912dae094ad1;1;;;
'2023-11-19';8380b140-9341-11ed-9810-87420a46fe8b;1;;;
'2023-11-19';5e6c9a00-53ac-11ee-9180-63c3ed20ef5e;1;;;
'2023-11-19';db33b480-8618-11ee-bcdb-0dcfd809a96c;1;;;
'2023-11-19';66ca78f0-86b2-11ee-826d-e50e7e43758a;1;;;
'2023-11-19';fdb8d8b0-7d66-11ee-a194-a32661f94751;1;;;
'2023-11-19';10efec50-7e95-11ee-b506-3b0dc8943061;1;;;
'2023-11-19';ddef2360-3147-11ee-9b78-edbe9e3bbef3;1;;;
'2023-11-19';07b868c0-76dd-11ee-bea3-f3478748236e;1;;;
'2023-11-19';88591d60-acf5-11ed-9ff5-d971c89ebaac;1;;;
'2023-11-19';426c0c10-2670-11e8-952c-5397ebbba8bb;1;;;
'2023-11-19';6723b850-ecea-11ed-a504-498d4d859427;1;;;
'2023-11-19';9464b700-b064-11ed-bfde-dd78e8837d29;1;;;
'2023-11-19';b2d9b190-a47a-11ed-8800-7f0b6be9ce29;1;;;
'2023-11-19';cf449570-7fe9-11ee-9eaa-bd6071c04a66;1;;;
'2023-11-19';dd0831b0-a882-11ed-abb2-4ffbba7bab25;1;;;
'2023-11-19';dea9d400-d805-11eb-900c-b38b424d9453;1;;;
'2023-11-19';c44efdd0-2bdd-11eb-a6a8-374e84e5cb57;1;;;
'2023-11-19';17ef2390-d33f-11ea-8923-e9987a7d3c58;1;;;
'2023-11-19';f3ed1290-35bf-11ee-aeb5-4fa137f466f4;1;;;
'2023-11-19';cc7c2ca0-86fa-11ee-ad9b-fd80dd3c52f5;1;;;
'2023-11-19';470235b0-80c2-11eb-a8c5-b1679e82f09d;1;;;
'2023-11-19';3aa5e760-d3a1-11ed-b6d4-25cf9788359e;1;;;
'2023-11-19';10f57040-c842-11ec-bb0c-3fae98676242;1;;;
'2023-11-19';c72ddbc0-6034-11ec-a2a5-85ec95d9725f;1;;;
'2023-11-19';90694410-2f24-11ee-82be-ed4d2f30ad09;1;;;
'2023-11-19';9982d380-4bd1-11ee-afd6-e74313dfb1e5;1;;;
'2023-11-19';5213f6f0-86a5-11ee-8bd6-75582b9db969;1;;;
'2023-11-19';61226370-86aa-11ee-ad18-6773f82f7919;1;;;
'2023-11-19';6b10f530-2f86-11ed-9187-b9f9b9a4db6d;1;;;
'2023-11-19';441ade50-86dd-11ee-b36f-7776be2a1e1b;1;;;
'2023-11-19';466fbf60-fa36-11ed-a14a-67347299561e;1;;;
'2023-11-19';159917d0-672c-11ed-8203-591b701e6bdf;1;;;
'2023-11-19';64637210-5480-11ee-8d9f-ab1bd206fa03;1;;;
'2023-11-19';10c12ea0-76fe-11ed-a658-6714a44ce969;1;;;
'2023-11-19';c6fdbfd0-eb6a-11e9-afe3-3bd0b1ddc132;1;;;
'2023-11-19';bf7a2d50-5df5-11ee-832a-37e0ed135bb2;1;;;
'2023-11-19';0c19aa90-42e7-11ec-a2c8-cd995cf54a07;1;;;
'2023-11-19';58e7ce10-feac-11ed-bd84-0769a47da62a;1;;;
'2023-11-19';60355210-28de-11eb-aa02-c3649cfe7f71;1;;;
'2023-11-19';99b173d0-6251-11ed-8048-c1b9250862dc;1;;;
'2023-11-19';64073020-ec68-11ed-921e-2d3834eb626c;2;;;
'2023-11-19';2f6aabb0-8611-11ee-b597-e1ce23df0a71;2;;;
'2023-11-19';ab6ac5d0-a7ea-11ec-a675-798b005bf57f;2;;;
'2023-11-19';639b8690-ebce-11ec-99ce-ebb26da0f06e;2;;;
'2023-11-19';77d624f0-86cb-11ee-bb0d-63024d8a8c01;2;;;
'2023-11-19';10442110-869a-11ee-a2ff-89cde82bfaef;2;;;
'2023-11-19';e4b5c630-6cc1-11ee-a911-a7f327ea2049;2;;;
'2023-11-19';60e54190-35a4-11ee-9d01-1fde91f5f22c;2;;;
'2023-11-19';2eaa0f60-adbb-11ed-ad4e-93a819bca00e;2;;;
'2023-11-19';474218c0-1fc0-11ee-9277-c71cabf691c3;2;;;
'2023-11-19';4f4b4770-4d75-11ee-a0a9-8158af0a7d41;2;;;
'2023-11-19';704fa250-c082-11ea-bb43-c1bfd3d804d5;2;;;
'2023-11-19';51dc3c40-69f3-11ec-848c-2714b3b1ce53;2;;;
'2023-11-19';f65363c0-0724-11ec-bd81-49e1f86f6eaa;2;;;
'2023-11-19';290d0520-429a-11ee-8803-1550ce7afdb2;2;;;
'2023-11-19';a7512ce0-d237-11e9-97d5-9992dabd02e6;2;;;
'2023-11-19';f5a5a280-db24-11ea-97c2-31d77fdfa746;2;;;
'2023-11-19';8f8221e0-39b8-11ee-874e-a3af4c97ee09;2;;;
'2023-11-19';687339b0-549b-11ee-bae8-8b7a04a5bb59;2;;;
'2023-11-19';01cda480-6ffc-11ee-8766-59bc182f64fd;2;;;
'2023-11-19';bb6d63e0-f002-11e9-a401-1b59f791fead;2;;;
'2023-11-19';caa18b60-8bef-11e9-9989-3745fd5ebba7;2;;;
'2023-11-19';48e153d0-e249-11ed-95c5-9f032da39c9a;2;;;
'2023-11-19';2706d9a0-7b29-11ee-8826-0f45ad6377aa;2;;;
'2023-11-19';31214450-2690-11e8-b8fd-0b549d32ed37;2;;;
'2023-11-19';caaafd20-4d1c-11ed-8d04-0554ece0f3b8;2;;;
'2023-11-19';007f02f0-4e0c-11eb-ad62-d308784850cb;2;;;
'2023-11-19';229a3d80-86aa-11ee-aab9-731a82a072ce;2;;;
'2023-11-19';f921a360-67cd-11eb-8531-b95f3836407b;2;;;
'2023-11-19';a193c320-86a7-11ee-8e26-935fd95e6244;3;;;
'2023-11-19';8f27ffd0-278f-11e8-ad75-fd55c59e8a22;3;;;
'2023-11-19';c43859a0-2576-11ee-95c0-f3a8eb36e260;3;;;
'2023-11-19';74c1a840-5613-11ee-967e-2bec9fcda431;3;;;
'2023-11-19';e1463b80-0ce2-11ea-8ae8-11adc122e66e;3;;;
'2023-11-19';03ccde60-46bb-11ed-a45b-b7db8c961393;3;;;
'2023-11-19';95291690-4da3-11ee-9f68-2f7cf888d275;3;;;
'2023-11-19';a63da2d0-82db-11ee-b7b6-318a8f9f484a;3;;;
'2023-11-19';382484b0-4976-11ee-920e-2dc0028340f6;3;;;
'2023-11-19';77d26ec0-9a8c-11ea-a2fd-3d9ff5d8d5c2;3;;;
'2023-11-19';3fcb0ac0-6d3b-11e9-9c5f-412582ce62bd;3;;;
'2023-11-19';8440d590-e6fc-11ea-a842-65029eedd4ca;3;;;
'2023-11-19';33864540-382f-11ee-a5a1-cfd5c6784c6b;3;;;
'2023-11-19';34f48ff0-8b54-11ed-871a-4992a8d40e9f;3;;;
'2023-11-19';eb8c0040-c023-11e9-8c44-1bbbbcd7c7af;3;;;
'2023-11-19';ca4e0680-00af-11eb-ab14-ab6776f33f45;3;;;
'2023-11-19';590f6a10-1d47-11ee-b17b-e9ac81efb5c8;3;;;
'2023-11-19';706b2870-36ee-11ec-9007-1de19e1dddfd;3;;;
'2023-11-19';13d28720-f880-11ed-9e97-3f7517600d60;4;;;
'2023-11-19';e1ed61c0-4a6f-11ee-ad9f-717fbbb68447;4;;;
'2023-11-19';3f69ee50-2c0c-11ed-be50-6fb693743b92;4;;;
'2023-11-19';b0aae530-5cb1-11ed-8466-77d631411f5c;4;;;
'2023-11-19';193b4ca0-203b-11ee-a688-e77943f539cb;4;;;
'2023-11-19';6253b290-861d-11ee-823a-ef9de046b635;4;;;
'2023-11-19';2d3755d0-3fe3-11ec-9bd5-55e2e6e796d0;4;;;
'2023-11-19';62d648d0-7276-11eb-a24e-3b66914edb0e;4;;;
'2023-11-19';82c3a6b0-0974-11ed-92d9-17c41638c6a3;4;;;
'2023-11-19';6a0b8d80-836d-11ee-81bf-29292249a826;5;;;
'2023-11-19';743b6a60-b736-11eb-8ad7-6d52b74ac9a9;5;;;
'2023-11-19';7a2afab0-31b6-11ee-8704-b1b68525419f;5;;;
'2023-11-19';63fae3d0-9bc6-11ed-b472-c983de5c443f;5;;;
'2023-11-19';81a62dd0-23ad-11ee-aa3f-732a118b19a8;5;;;
'2023-11-19';e3aa2b10-57a3-11ee-bd5a-f72794fcf488;5;;;
'2023-11-19';7dcf0010-097e-11ec-b32f-71281354a61e;5;;;
'2023-11-19';756f7e80-6c99-11ec-9222-bd4fea1f018b;5;;;
'2023-11-19';6f3a6580-2619-11ee-848d-65b6ec9f3a05;6;;;
'2023-11-19';cf733600-e3ea-11ed-a5b9-b3c6a94e0cba;6;;;
'2023-11-19';043da6a0-3020-11ee-9d33-0b9da90bee35;7;;;
'2023-11-19';8ed6f1c0-eff5-11ec-beb2-39b9f7195fe5;7;;;
'2023-11-19';2af1b840-6397-11ee-82df-99d88cefe653;8;;;
'2023-11-19';08f34860-a076-11ed-b8ba-8da806888bc7;8;;;
'2023-11-19';e247acc0-1c7a-11ee-bda5-8961e2ebcb05;8;;;
'2023-11-19';efbdc0c0-816e-11ee-9cc3-0739fd02c351;9;;;
'2023-11-20';5512da90-4aad-11ed-a31d-b3d165a134f1;12;;;
'2023-11-20';3db82a10-1a66-11ee-908f-553062a53e04;10;;;
'2023-11-20';6b765430-e9b6-11ed-ae1c-43b9f0b4649c;10;;;
'2023-11-20';4eb5a590-355d-11eb-8a71-a1b2c17da083;10;;;
'2023-11-20';043da6a0-3020-11ee-9d33-0b9da90bee35;19;;;
'2023-11-20';b92b1c50-fb92-11ec-9c97-dd95c36482d4;12;;;
'2023-11-20';8440d590-e6fc-11ea-a842-65029eedd4ca;11;;;
'2023-11-20';a63da2d0-82db-11ee-b7b6-318a8f9f484a;10;;;
'2023-11-20';7dcf0010-097e-11ec-b32f-71281354a61e;14;;;
'2023-11-20';cbd6ed70-770b-11ee-943f-fbd14b23e8fb;22;;;
'2023-11-20';11f58880-8453-11ee-afb3-7bd5493ebb29;34;;;
'2023-11-20';7ca71aa0-e67d-11ed-b52f-730afe4cbf5d;21;;;
'2023-11-20';26ad7010-868f-11ee-a0a9-ffb06bc10a8a;32;;;
'2023-11-20';0cf9d280-77bc-11ee-aa55-932ee997919c;14;;;
'2023-11-20';c62be960-7e64-11ee-9ec3-d3fce62405ab;11;;;
'2023-11-20';f7ddbdb0-4897-11ee-9c4c-3fad621cf999;27;;;
'2023-11-20';3c2d27c0-4fd6-11eb-b89f-2ffb31b67dd6;56;;;
'2023-11-20';975db9e0-5a7c-11ed-8b9a-cf51f92a73ed;33;;;
'2023-11-20';b0c4b750-4353-11ea-b71d-9325d41eec6a;11;;;
'2023-11-20';a6a5cf00-8703-11ee-a86c-57a40454b1a3;0;;;
'2023-11-20';b73a3a30-795d-11ee-a1a6-873e9b52f815;0;;;
'2023-11-20';a193c320-86a7-11ee-8e26-935fd95e6244;0;;;
'2023-11-20';2bd24690-876d-11ee-9536-f1a952d27111;0;;;
'2023-11-20';537ccfb0-6a5f-11ee-83f9-3d79d5a1b56e;0;;;
'2023-11-20';00c19fc0-2e89-11ed-a87c-dd71f0332984;0;;;
'2023-11-20';c8b32700-8758-11ee-bc78-553d0da13941;0;;;
'2023-11-20';536eaf70-47f0-11ee-8f9b-db689560ddf2;0;;;
'2023-11-20';41bcb3e0-87aa-11ee-8458-25734d2538b1;0;;;
'2023-11-20';df3bceb0-5e99-11ee-88e1-9ba78e205adb;0;;;
'2023-11-20';390074a0-6b7c-11eb-8ef9-73f675c1c29c;0;;;
'2023-11-20';55eb7340-7d7a-11ee-83f2-c918dbdb0679;0;;;
'2023-11-20';5fe8ad10-ed55-11ec-aeef-7755fe139428;0;;;
'2023-11-20';f1400330-877d-11ee-902f-af1e0ddb5a01;0;;;
'2023-11-20';82a90c80-2641-11ed-8887-296375942269;0;;;
'2023-11-20';94c97e70-074e-11ed-8a40-45d7c50d5c04;0;;;
'2023-11-20';d78fa1e0-6ef9-11ed-886e-31f3a6be4046;0;;;
'2023-11-20';4c749bc0-1ac6-11ec-b507-6d3180b60d38;0;;;
'2023-11-20';d2de8370-879c-11ee-825e-2139244e6643;0;;;
'2023-11-20';a6cf5660-870b-11ee-86c0-61ad7ef1428d;0;;;
'2023-11-20';5a443070-5e47-11ec-a200-0b71ea0534fc;0;;;
'2023-11-20';c2fb1d80-8704-11ee-9907-1bd11a774e4f;0;;;
'2023-11-20';4fadee40-cd2b-11ed-8b0b-a3d85e1247ed;0;;;
'2023-11-20';bf89cd40-47c6-11ee-aedd-ef5f5f776ccd;0;;;
'2023-11-20';2bd27670-b91f-11eb-be4e-4745f1237f5d;0;;;
'2023-11-20';c2bb7050-c085-11ec-a6d6-05fa39c0b5d0;0;;;
'2023-11-20';c6f23560-515b-11ee-8a4c-cb1e90b4915a;0;;;
'2023-11-20';766e3c50-a315-11ed-ada7-53bfc1cd2ab7;0;;;
'2023-11-20';fc575430-8309-11ee-9b81-57e508fcfc93;0;;;
'2023-11-20';8d24e870-7968-11ee-a92b-af5180aedea2;0;;;
'2023-11-20';7e4aa3e0-dfa9-11eb-99b7-a763101d299e;0;;;
'2023-11-20';18d6bbc0-1a17-11ee-a642-63c85a1cf94e;0;;;
'2023-11-20';718ef8a0-1e21-11e9-ba7f-639f3b9a8466;0;;;
'2023-11-20';bfcf0090-62d2-11ea-9afe-d31ca25f791a;0;;;
'2023-11-20';85494dc0-a636-11ea-be08-53e44fc662b9;0;;;
'2023-11-20';2392ba70-a509-11ec-9b5a-3dc44283a3e5;0;;;
'2023-11-20';af9a0610-1f7e-11ec-b613-9de6d222c569;0;;;
'2023-11-20';7f1a0f60-4613-11ec-8f97-8b12813500b8;0;;;
'2023-11-20';6b848100-63f4-11ee-94c1-cd564f70789a;0;;;
'2023-11-20';7b41d280-7c60-11ee-be13-8bea4a6c2782;0;;;
'2023-11-20';8b50bc00-3fe8-11ed-9dd9-c3f5fc25180d;0;;;
'2023-11-20';f7c16bf0-448d-11ee-9152-5d2cf8d23c8d;0;;;
'2023-11-20';393370c0-6aff-11ec-80d6-29740dd4d440;0;;;
'2023-11-20';3be9d390-874f-11ee-8f2a-e759c097827a;0;;;
'2023-11-20';afb68e30-6de1-11ee-bd08-79d953c2a86e;0;;;
'2023-11-20';f4c86840-251c-11ed-942b-0da5406e8edb;0;;;
'2023-11-20';296312c0-6799-11ee-9981-a7ca7eaa04d8;0;;;
'2023-11-20';2c16a2c0-4336-11ee-b7ab-f9cc7a3a275c;0;;;
'2023-11-20';aafa9760-dd13-11ed-b9c7-67fccc4223ef;0;;;
'2023-11-20';1ce98380-dbc4-11ea-9602-c558fecff054;0;;;
'2023-11-20';8d582c20-6c30-11ee-ae84-931626bad739;0;;;
'2023-11-20';fa04c580-9d85-11eb-b366-5bf28c116536;0;;;
'2023-11-20';5c281b00-39ff-11ee-915c-8d2b0f08048d;0;;;
'2023-11-20';75b20420-0d69-11eb-8c71-d7addfc31ca7;0;;;
'2023-11-20';aa46b4d0-0c33-11ee-92d9-cd4613ac6f22;0;;;
'2023-11-20';6222e560-7705-11ee-9c1a-871a7969fb44;0;;;
'2023-11-20';99e9d740-843b-11ee-92a0-d7fbdfc43740;0;;;
'2023-11-20';9b180cd0-0912-11ee-8d07-d9302f02c5a4;0;;;
'2023-11-20';d19b4e80-1e74-11ee-95e1-2f092d558186;0;;;
'2023-11-20';58cf3110-9edc-11ec-8748-eb3c380e3c39;0;;;
'2023-11-20';7d21af30-d792-11ed-ac4d-aba5332bfb9d;0;;;
'2023-11-20';be1b7980-7945-11ee-8e27-8f9163852021;0;;;
'2023-11-20';9495a1e0-680a-11ee-aa77-73dc5fefdfcc;0;;;
'2023-11-20';341ad100-fccd-11eb-8c9c-b5b45cbb5067;0;;;
'2023-11-20';27bcbb20-5101-11ec-891e-9b7b6489f94e;0;;;
'2023-11-20';9e07f350-8762-11ee-995c-c7088c76e358;0;;;
'2023-11-20';348d0b90-0564-11ec-bb0b-fd9889ee9db7;0;;;
'2023-11-20';88d9a200-b8bc-11ed-a7d3-8d4ec215af4c;0;;;
'2023-11-20';645318d0-878d-11ee-94b9-29acce003195;0;;;
'2023-11-20';ea07b280-4af5-11ee-9e30-19003e2283fc;0;;;
'2023-11-20';27b4b470-7a3a-11ee-945c-834f45582752;0;;;
'2023-11-20';ce638240-8752-11ee-b560-23ef8f152cee;0;;;
'2023-11-20';22f02860-ba26-11eb-95b4-9bb66a80a2f5;0;;;
'2023-11-20';cc2e7360-f057-11ec-a3bb-efceb4f881d5;0;;;
'2023-11-20';3a844390-8764-11ee-9627-cf1ada612f16;0;;;
'2023-11-20';5cadd100-3d17-11ec-8fe3-975ff41ee3ba;0;;;
'2023-11-20';9a1bb5a0-2670-11e8-bfc6-df51f8419a76;0;;;
'2023-11-20';6b7cb6f0-c3d1-11ed-afd4-47ab15a9bd9f;0;;;
'2023-11-20';56260770-f9f5-11ed-ba22-237a26ac4286;0;;;
'2023-11-20';e8370690-2237-11ee-9633-8f40abc9355c;0;;;
'2023-11-20';e4e718a0-f0fb-11eb-8d45-432b4d19022a;0;;;
'2023-11-20';faf88510-c208-11eb-bfa6-85ddad5e35ca;0;;;
'2023-11-20';3a3d4720-2aac-11ee-bfba-2511f1d20c67;0;;;
'2023-11-20';8aca5ab0-4c2d-11ed-ba4f-3339b0969613;0;;;
'2023-11-20';a06a93a0-824b-11ec-aa14-8d820679c3af;0;;;
'2023-11-20';72a80de0-6875-11ea-b091-f5fbe5bc136f;0;;;
'2023-11-20';7ec506a0-3f27-11ee-a87e-431d85c705e5;0;;;
'2023-11-20';ccb7d510-8705-11ee-b1c0-c78365fbc5ea;0;;;
'2023-11-20';2336b130-0684-11ed-b5dd-5b5544ceefa5;0;;;
'2023-11-20';c2ab8110-526b-11eb-8399-573595c0898f;0;;;
'2023-11-20';d549b840-9874-11ed-92e8-75f244723efb;0;;;
'2023-11-20';afd82fd0-ab69-11ed-bff9-c95875bd4134;0;;;
'2023-11-20';6c3b5da0-57ae-11ee-8354-d77ee1a0b9a0;0;;;
'2023-11-20';c11732e0-b30a-11eb-b6b7-bd27ab537e44;0;;;
'2023-11-20';c305d4a0-a915-11ed-94f7-d9cc05d27ce1;0;;;
'2023-11-20';a6083010-843d-11ee-ab06-152f49e2f389;0;;;
'2023-11-20';8f8b4810-8503-11ee-99cd-9f8d529f9a8a;0;;;
'2023-11-20';37bf6240-220e-11ee-9ed4-7915b89e834b;0;;;
'2023-11-20';aa687b50-57f9-11ec-8daa-e56655ea343f;0;;;
'2023-11-20';05c48a40-873f-11ee-8f81-97d186bd98fe;0;;;
'2023-11-20';b0892120-e628-11ec-a33b-c549cd2a3add;0;;;
'2023-11-20';6b3672a0-8512-11ee-82a9-73ae4d4706fc;0;;;
'2023-11-20';a6924bf0-8790-11ee-a6ba-4911b10cadb9;0;;;
'2023-11-20';bb702930-03c6-11eb-8aab-41d9fa53bef0;0;;;
'2023-11-20';bf07d300-a3e6-11ed-bcd5-cf87783ff67e;0;;;
'2023-11-20';3ff9f210-87a6-11ee-8a06-57c144b1d42f;0;;;
'2023-11-20';e4d7e060-7ed9-11ee-9cd8-4d51789b8101;0;;;
'2023-11-20';3e639350-86e5-11ee-834c-67f9f2c5a58b;0;;;
'2023-11-20';7cc442e0-b3cc-11ec-af34-29f0e4596d7a;0;;;
'2023-11-20';8f4b4790-3d8a-11ed-854e-b7f70d42fa04;0;;;
'2023-11-20';2b6bf140-7301-11ee-ad2b-6fa3a464634a;0;;;
'2023-11-20';8cb762a0-7d23-11ee-bdcc-51ac2c044a9c;0;;;
'2023-11-20';b3c1e8d0-a6b2-11e9-8cb9-b55ee8a1a6c2;0;;;
'2023-11-20';f0267c10-b5b7-11ed-b90a-a702f5d99920;0;;;
'2023-11-20';88591d60-acf5-11ed-9ff5-d971c89ebaac;0;;;
'2023-11-20';7d6f5730-87a0-11ee-a766-970a3f202a2d;0;;;
'2023-11-20';a7272b80-b168-11ec-8b1e-b9b1efb5a1c2;0;;;
'2023-11-20';dca7e250-83c5-11ee-9ada-0176e45333bb;0;;;
'2023-11-20';f3b05090-6386-11ee-b738-411998dddbba;0;;;
'2023-11-20';0a2e9d20-8729-11ee-b442-af2b2a5f88dc;0;;;
'2023-11-20';56c30850-2836-11ec-8f16-998d201c5c79;0;;;
'2023-11-20';084abc40-8397-11ee-b750-090b620d8a0f;0;;;
'2023-11-20';50e51380-83ea-11ee-8ed7-ab2afb1f0a94;0;;;
'2023-11-20';38e36d90-b9da-11eb-a386-99254fc8580c;0;;;
'2023-11-20';55673820-1ccf-11ee-ac8c-ebb928fbdfd3;0;;;
'2023-11-20';21966000-b7ff-11ed-ac4f-3357bd77f2bf;0;;;
'2023-11-20';eb725850-f30c-11ed-8ff3-a3f0d6592f1a;0;;;
'2023-11-20';ccfc8120-7def-11ee-8842-db96b8ca7a45;0;;;
'2023-11-20';74ccfd80-5a32-11ee-8897-1d746f19b32a;0;;;
'2023-11-20';61ae0260-a6a2-11ed-8f7f-7df15ac93c97;0;;;
'2023-11-20';c1027860-56b4-11ed-ae07-9136516b5df8;0;;;
'2023-11-20';f0b18620-486b-11ed-b8d8-c35ee233e83d;0;;;
'2023-11-20';55bff5a0-876e-11ee-9261-8fbbb21cf953;0;;;
'2023-11-20';c858e090-9098-11ed-b7e1-4120ad641f1d;0;;;
'2023-11-20';9b490c60-e57a-11ed-897f-a5f857ba1522;0;;;
'2023-11-20';28366360-ef18-11ed-b830-c7d4cc6da48f;0;;;
'2023-11-20';f7662ee0-22a5-11ec-8160-0d3fd119ed49;0;;;
'2023-11-20';1c157830-8795-11ee-a9ab-2976510cbbb3;0;;;
'2023-11-20';debc0c10-e4ff-11e9-ae89-21fc33adff6f;0;;;
'2023-11-20';0e28c110-871c-11ee-9855-4b6a301daa9f;0;;;
'2023-11-20';1fa23400-b1ba-11ec-b7e6-e52fcfc61435;0;;;
'2023-11-20';3f7ffb30-a93b-11ed-af94-0dace7e4b612;0;;;
'2023-11-20';9e71c280-19f9-11ed-9bc9-8f173657187d;0;;;
'2023-11-20';7048a140-e582-11ec-8d0e-f78e45bdf7d6;0;;;
'2023-11-20';273e5350-72e4-11ee-bdb9-e3efef118a92;0;;;
'2023-11-20';0684be60-f7ca-11ec-8359-9fcf1c8f718a;0;;;
'2023-11-20';1ba88570-9288-11ed-acf2-c71dd9bedf16;0;;;
'2023-11-20';a050ff00-7f09-11ee-82b9-130fea7c6706;0;;;
'2023-11-20';9a331d70-2b19-11eb-9436-8fbb00537f08;0;;;
'2023-11-20';d6cf4590-6ff6-11ee-a207-a7a98ca00dde;0;;;
'2023-11-20';57d2d5a0-87a6-11ee-b66a-e579e642259b;0;;;
'2023-11-20';039c3790-7d71-11ee-9158-090531810d42;0;;;
'2023-11-20';9133e5a0-878d-11ee-99b3-099310f83ae4;0;;;
'2023-11-20';47d1d680-b5d1-11ed-819a-7fe655647e59;0;;;
'2023-11-20';c6c571b0-8761-11ee-a7bf-f5db96bb2251;0;;;
'2023-11-20';11c0a930-acf4-11ed-9fb1-5fbb02c2397b;0;;;
'2023-11-20';152d7400-bcbb-11ed-a0af-3f0f438fc3d5;0;;;
'2023-11-20';c7976240-7219-11ee-a860-63947d289127;0;;;
'2023-11-20';508dfdb0-876a-11ee-880e-5345361d5b89;0;;;
'2023-11-20';2d3542a0-3c66-11ee-99ab-f1375795c717;0;;;
'2023-11-20';a0f691f0-8719-11ee-8202-3d4c983b2d4b;0;;;
'2023-11-20';a5f4fc40-3517-11ee-838e-e51c7695bc85;0;;;
'2023-11-20';18a80130-d909-11ed-8bb7-a722cfcf3c65;0;;;
'2023-11-20';0420dc40-44c2-11ed-9923-5b6794ed0313;0;;;
'2023-11-20';b77416c0-9c62-11ed-9490-71b39d2a250f;0;;;
'2023-11-20';3b45f3a0-8769-11ee-a2ca-f9a30a4b4713;0;;;
'2023-11-20';b5e11f80-6438-11ee-bd22-4da1ffd755b8;0;;;
'2023-11-20';e6add470-5fc2-11ee-9a20-6924c8db09f8;0;;;
'2023-11-20';b1dc2150-b9bb-11ed-85a9-cfe1d16addbc;0;;;
'2023-11-20';373961c0-35df-11ed-8206-bd519374e178;0;;;
'2023-11-20';bdae56e0-a20c-11ed-b14c-1bf181368d32;0;;;
'2023-11-20';54c08800-8763-11ee-9ab3-d7f56794f455;0;;;
'2023-11-20';2a3e75a0-2777-11eb-a5c7-c3e2e3534623;0;;;
'2023-11-20';1d265690-099d-11ec-8c1f-279bde56d3d4;0;;;
'2023-11-20';bf3a4850-872d-11ee-b937-c720688fae07;0;;;
'2023-11-20';b5d74ee0-a6a3-11ed-8386-8baca65acc23;0;;;
'2023-11-20';8a043230-60d7-11ee-b812-9731341264e5;0;;;
'2023-11-20';5c2942e0-4e8c-11ee-bf73-9d836f1fad15;0;;;
'2023-11-20';d6338910-6da0-11ed-8276-1745ef0870e1;0;;;
'2023-11-20';265b0790-1782-11ec-9cf7-41818aa3fea0;0;;;
'2023-11-20';0b7e3220-a8ff-11ed-ac6e-2b8b3b227614;0;;;
'2023-11-20';f487ad20-51bb-11ed-8b5d-790907ccf4e0;0;;;
'2023-11-20';b7284340-871b-11ee-ad0d-61abfbd5a4fb;0;;;
'2023-11-20';cd600df0-6411-11ee-a8c1-d758e83fb69b;0;;;
'2023-11-20';d8457bd0-82c3-11ee-ba6e-e58e798f9991;0;;;
'2023-11-20';b5a9e070-7fa3-11ee-8516-9f015a754e59;0;;;
'2023-11-20';c1a7cc50-5cf0-11ee-a3f0-1bd03b3b8e23;0;;;
'2023-11-20';339f96f0-877e-11ee-97d3-2fb903aca7e5;0;;;
'2023-11-20';904969c0-5db8-11ee-9185-e5270066a2d3;0;;;
'2023-11-20';57ea5550-7301-11ed-a0bd-59135520ad19;0;;;
'2023-11-20';f4de7cf0-874c-11ee-9e8c-fd6baf8831ca;0;;;
'2023-11-20';b2a22080-3d7d-11ee-a298-2dc0e0cd14dc;0;;;
'2023-11-20';9c1900a0-c8b9-11e9-8987-512df7ced820;0;;;
'2023-11-20';73e6a0e0-110f-11ee-a1c7-cf92b9226146;0;;;
'2023-11-20';61d53060-ee96-11ed-a82c-69c968f169b7;0;;;
'2023-11-20';683f0670-6886-11ec-a526-4b0b4f7f77b1;0;;;
'2023-11-20';b4ca0ed0-03ce-11ec-8dba-21023f7307a2;0;;;
'2023-11-20';b691c7e0-7f81-11ee-9080-6d8604be1b10;0;;;
'2023-11-20';5e45a6b0-0f1b-11ed-8f8f-e7057cff0cb2;0;;;
'2023-11-20';ecaf6a20-0986-11ed-904c-4f7ab6e0c230;0;;;
'2023-11-20';97f2b2a0-8200-11ee-8c66-93aa07d9a2ab;0;;;
'2023-11-20';8afcadd0-3cfa-11ee-a086-dd962b96bd26;0;;;
'2023-11-20';9ef2ed90-8778-11ee-afd6-f3732e277894;0;;;
'2023-11-20';c230e1c0-5ae8-11ee-b386-5de8a6c82938;0;;;
'2023-11-20';191c9110-9087-11ec-ace4-d10f5b687971;0;;;
'2023-11-20';2f571bc0-8229-11eb-8c00-91824a326619;0;;;
'2023-11-20';5f6aaad0-877a-11ee-8801-677f6352adf0;0;;;
'2023-11-20';2bb26780-8736-11ee-a7b4-3b01e2aeb73f;0;;;
'2023-11-20';85ad07e0-98b7-11ed-aa52-115bcfd572dd;0;;;
'2023-11-20';da0b83f0-539e-11ee-a40b-836fca64a650;0;;;
'2023-11-20';2c079400-5aa2-11ee-9d24-49e9e7fab6ba;0;;;
'2023-11-20';b1c90ad0-9174-11ed-973f-d9c0d2c30895;0;;;
'2023-11-20';309dd140-586e-11ee-af5c-bb89e5600568;0;;;
'2023-11-20';ff944540-8291-11ee-9ffa-d1f812983ec9;0;;;
'2023-11-20';298b1950-6c1c-11ee-9cf7-8ba9ac3c33c8;0;;;
'2023-11-20';94ded920-8504-11ee-8f6c-7f8637270fb4;0;;;
'2023-11-20';8c81def0-0411-11ed-99fa-3722f70332f6;0;;;
'2023-11-20';bb657a80-35fd-11eb-a49f-31417088f34b;0;;;
'2023-11-20';da5b9a70-b416-11ed-acc2-4f2040779555;0;;;
'2023-11-20';17a6d4d0-82f2-11ee-90dc-adefc86c23b6;0;;;
'2023-11-20';33b3ea00-87c5-11ee-a435-8fe410edcc1d;0;;;
'2023-11-20';58a604f0-8776-11ee-bd60-c3838815b1ec;0;;;
'2023-11-20';480952b0-1c86-11ee-b8c0-2739316f7c37;0;;;
'2023-11-20';3975b330-efd9-11ed-8150-b1c7a5677d37;0;;;
'2023-11-20';d7660620-5e6c-11ed-b4ca-9fd1b2002159;0;;;
'2023-11-20';a59d7fc0-cf83-11eb-a8ab-470e8714de99;0;;;
'2023-11-20';76ad57a0-754c-11ee-ab58-eb006d209370;0;;;
'2023-11-20';3f220dd0-8794-11ee-9fc5-1102b62b689c;0;;;
'2023-11-20';e1dcdaa0-51fc-11ee-9635-5d1eaad89030;0;;;
'2023-11-20';956905f0-d5ce-11ec-af16-13a38daa0a74;0;;;
'2023-11-20';884c38e0-87ae-11ee-95e7-3fc289204a65;0;;;
'2023-11-20';5a4cd2c0-62b9-11ee-865c-df3295653ca0;0;;;
'2023-11-20';3ad8b870-9272-11ea-88c9-936430b00200;0;;;
'2023-11-20';12fd7a30-8796-11ee-80a7-2f1631927650;0;;;
'2023-11-20';dd4efc50-2f49-11e9-8600-39c11ee2b406;0;;;
'2023-11-20';a6e4d2f0-fcce-11ed-88da-fd30e7b5f2fd;0;;;
'2023-11-20';53036a30-35cb-11ee-b21b-556b45eda87b;0;;;
'2023-11-20';8c150a30-57aa-11ee-90bd-f7339a300fa5;0;;;
'2023-11-20';3d785940-8743-11ee-8ab6-df8f62779711;0;;;
'2023-11-20';a0fde0c0-8720-11ee-a771-c76b1822317b;0;;;
'2023-11-20';295e57a0-8731-11ee-8b57-1b5515413870;0;;;
'2023-11-20';fe530490-8724-11ee-a783-cf4a5b89001b;0;;;
'2023-11-20';68a86fa0-58c9-11e8-9368-4708b4827c85;0;;;
'2023-11-20';6d355660-d853-11ec-a2ef-2786b15a9b42;0;;;
'2023-11-20';5b6e24c0-12e1-11ed-bb7a-819582b3bcb0;0;;;
'2023-11-20';4f6967e0-962f-11ec-9ef5-058ef0d03ada;0;;;
'2023-11-20';cb77ea80-eafa-11ec-815a-913545fe7734;0;;;
'2023-11-20';30d09420-ad53-11ed-a6aa-d7f1e63f2704;0;;;
'2023-11-20';2b17ac70-a4f4-11ec-b895-b714973c22a3;0;;;
'2023-11-20';942b14b0-3740-11ee-9c50-23d848797bb4;0;;;
'2023-11-20';d3fe4a80-9afb-11ed-b396-eb65577b605e;0;;;
'2023-11-20';7eb9e150-374b-11ee-9c31-510339870ca7;0;;;
'2023-11-20';515665d0-68b5-11ee-9f5d-fb3c047209a7;0;;;
'2023-11-20';55c2d630-2adb-11ed-bc2e-0b3caa0f4352;0;;;
'2023-11-20';85cd5fb0-a518-11ec-aadf-231ac77ac8c2;0;;;
'2023-11-20';1d903250-a20c-11ed-b434-11cf8087d6c5;0;;;
'2023-11-20';bd955030-b503-11ea-b6f3-fba4ff5122e6;0;;;
'2023-11-20';08d0fbb0-74cf-11ee-869b-5dcccdeebb51;0;;;
'2023-11-20';a43122f0-bc07-11ed-a410-d781d743a63f;0;;;
'2023-11-20';bb342820-214d-11ee-9377-49612f5aac5d;0;;;
'2023-11-20';a0957a30-879d-11ee-9f67-fd422e0b86ca;0;;;
'2023-11-20';2bf44190-628e-11ee-87fa-49b4afe206fd;0;;;
'2023-11-20';ed3baa40-8783-11ee-bb15-1ba50a38f9a3;0;;;
'2023-11-20';4caafbb0-b0d5-11ed-b29a-9588069690b5;0;;;
'2023-11-20';d64a01e0-7489-11ee-9ac9-edbcb318dc4f;0;;;
'2023-11-20';8fb25600-7255-11ee-998b-67ca29ea254a;0;;;
'2023-11-20';d1739bc0-7567-11ee-8be5-85bb77523c44;0;;;
'2023-11-20';a6e7dda0-804b-11ee-8ecc-5348ba6a906f;0;;;
'2023-11-20';7abbb2a0-7e0d-11ee-9c0f-d582c0cbde2c;0;;;
'2023-11-20';f3b11250-45d6-11ee-85a3-a91eabaffb34;0;;;
'2023-11-20';64701e10-459f-11ee-aaba-e57d4ec40aff;0;;;
'2023-11-20';8a5b98f0-5d11-11ee-bc55-a1e8197a6051;0;;;
'2023-11-20';f50658b0-61db-11ee-af07-e1cd75f5ab05;0;;;
'2023-11-20';aa9b5be0-6f95-11ea-bd4f-81608d74ea67;0;;;
'2023-11-20';8b4e5a80-879c-11ee-89d6-0555104d1050;0;;;
'2023-11-20';07fa5080-9e54-11ed-b36a-c7f4ef4928ce;0;;;
'2023-11-20';2050bbc0-1a15-11ec-ba07-f334599e7950;0;;;
'2023-11-20';cf7f8010-6c5d-11eb-a86f-97bd20503bcf;0;;;
'2023-11-20';605068d0-dc45-11ed-9d44-810786957f5c;0;;;
'2023-11-20';8fd12720-4eff-11ee-879f-f7d35fdaf677;0;;;
'2023-11-20';97eddc80-3df6-11ec-8968-315368755a67;0;;;
'2023-11-20';5bb5d6c0-3ca8-11ee-a061-51e7a79d61f1;0;;;
'2023-11-20';d5314390-670f-11ee-b543-4b3b1ed7b37f;0;;;
'2023-11-20';e5805460-2436-11ed-b758-8586a7097e5d;0;;;
'2023-11-20';3378e4a0-8748-11ee-ad5f-eb3fe8b576a1;0;;;
'2023-11-20';ec8a1590-7ca3-11ee-b2a1-7589113f514e;0;;;
'2023-11-20';7e8cc160-103c-11ee-bea9-fdf131693e8c;0;;;
'2023-11-20';2da1e890-7620-11ed-abc8-f54409717b0f;0;;;
'2023-11-20';10624110-2f5e-11ee-bd33-07c8c9a6c553;0;;;
'2023-11-20';0644c1c0-c26b-11ea-9f17-b1f3d24cc1d9;0;;;
'2023-11-20';d8bfbf40-8781-11ee-ada5-dff4ac1ed505;0;;;
'2023-11-20';a9628430-5507-11eb-a711-bf8673fbfedc;0;;;
'2023-11-20';479a0420-4baf-11ee-97e7-3f9e70e7229a;0;;;
'2023-11-20';090dd4f0-715e-11ee-95ba-af3da24eb125;0;;;
'2023-11-20';9b3f87e0-878b-11ee-b603-43679f1d04b5;0;;;
'2023-11-20';a04241a0-7d4b-11ee-b1ea-0b655b4206b3;0;;;
'2023-11-20';8c872250-e7c6-11ec-9f40-85aa0c6c93ff;0;;;
'2023-11-20';a9696920-8782-11ee-b024-59f1782a1f5d;0;;;
'2023-11-20';154ae0b0-763f-11ee-86b9-7f40407285b5;0;;;
'2023-11-20';97e07a50-7229-11ed-8f39-a1d7d33859d2;0;;;
'2023-11-20';e0def1a0-c94f-11ed-9b0b-e73c99dc459e;0;;;
'2023-11-20';08115ec0-79bd-11ee-a2e2-bd09effe83d8;0;;;
'2023-11-20';880ddf00-dff7-11ed-8145-a181d739c535;0;;;
'2023-11-20';6f8036f0-fabd-11ed-98d6-73bd4cd67ca6;0;;;
'2023-11-20';d9445570-eb86-11e9-8b08-5f4dcb3dd40b;0;;;
'2023-11-20';df0f5f30-8764-11ee-b0d0-1d4080cfc09e;0;;;
'2023-11-20';db054b00-8527-11ee-882a-abe758278cf4;0;;;
'2023-11-20';16e4b0b0-f631-11ed-b894-9d1389c7599d;0;;;
'2023-11-20';5549f370-eed4-11ec-844a-37590d323efc;0;;;
'2023-11-20';56352440-2264-11ec-8be0-c1c90f36b6f2;0;;;
'2023-11-20';19c62dd0-56bd-11ee-aac3-7b004e623b5f;0;;;
'2023-11-20';05bf3030-f092-11ec-8780-971cccad7163;0;;;
'2023-11-20';1ca2f970-8327-11ee-94bb-c5cb5e989c9b;0;;;
'2023-11-20';caa524f0-f3c9-11ed-85ac-3ddcab99fad3;0;;;
'2023-11-20';c69fb290-77fd-11ee-9102-2937b23c052b;0;;;
'2023-11-20';51fc4970-b951-11eb-b18b-e576f0c0802a;0;;;
'2023-11-20';505b5150-82fe-11ee-b2ca-0bf10fff3eec;0;;;
'2023-11-20';cf663520-10d2-11ea-ac1d-5de874b1ee74;0;;;
'2023-11-20';7a09ad50-d1f5-11ec-9d95-adee3068ff25;0;;;
'2023-11-20';44e66da0-aa14-11e8-932e-47e29306c8b2;0;;;
'2023-11-20';37aa6610-8758-11ee-81e4-ed94e87beaee;0;;;
'2023-11-20';3816d050-5e83-11ee-b787-016174f78978;0;;;
'2023-11-20';17db1b10-7748-11ee-b7c2-b1298eeee3e8;0;;;
'2023-11-20';b2487d70-538e-11ed-82d9-9bd2b45d7744;0;;;
'2023-11-20';9eddf5e0-ed70-11ed-afc8-2dc5114cafbf;0;;;
'2023-11-20';c62760f0-fe24-11ec-a164-39c86e146725;0;;;
'2023-11-20';cfa45880-87c7-11ee-b4d2-8fdf127e0db7;0;;;
'2023-11-20';39818d70-f594-11ed-be4e-3d5006de4ca4;0;;;
'2023-11-20';07690c10-84d8-11ec-a5ec-659f78a8acae;0;;;
'2023-11-20';405a3820-8772-11ee-8f0c-3bc914fab8f2;0;;;
'2023-11-20';737d3b60-8729-11ee-9a3e-2580cf38d0e7;0;;;
'2023-11-20';41faa3b0-e158-11ed-a806-add7931f4ec0;0;;;
'2023-11-20';b7166730-13d3-11ee-b9e8-a1400fae0a2b;0;;;
'2023-11-20';10efec50-7e95-11ee-b506-3b0dc8943061;0;;;
'2023-11-20';da90eb90-2899-11eb-b0ae-4192bd58d5b2;0;;;
'2023-11-20';c1814320-0132-11ed-b2c6-09f0df5ce4b7;0;;;
'2023-11-20';5f95b3f0-6403-11ee-a947-d7e42f925c95;0;;;
'2023-11-20';1535ebc0-a917-11ec-a27e-3d76e385ce7d;0;;;
'2023-11-20';2af1b840-6397-11ee-82df-99d88cefe653;0;;;
'2023-11-20';32defa00-61b6-11ee-b9f6-2b64ffa2043f;0;;;
'2023-11-20';23d3e430-0ff4-11ee-989a-1b910680e4ce;0;;;
'2023-11-20';e49edee0-69b8-11ee-9b04-c349c0acf9b2;0;;;
'2023-11-20';78abd940-798a-11ee-b3a3-57f4018ab536;0;;;
'2023-11-20';4f2f4510-aef2-11ed-861a-c12ce37770ee;0;;;
'2023-11-20';60573150-8704-11ee-bcd0-19149cb8a1d0;0;;;
'2023-11-20';e5291600-6661-11ee-accf-8daa01bd6322;0;;;
'2023-11-20';4fe65510-7ef0-11ee-914e-8bc55df746d7;0;;;
'2023-11-20';2603ef60-fe34-11ed-910f-ed4de5f486e7;0;;;
'2023-11-20';883d0990-8530-11ee-acc4-e767a24fad09;0;;;
'2023-11-20';f36243b0-745c-11ed-95d1-dd87d160039b;0;;;
'2023-11-20';2ca4dc30-1748-11ee-8f40-e19906ae1db2;0;;;
'2023-11-20';b9c97cd0-4766-11ee-b17e-ff45088ab1d1;0;;;
'2023-11-20';756354d0-7c2d-11ed-a390-a75131316a96;0;;;
'2023-11-20';48a84c40-2612-11ee-ae83-9b0d8ee98c08;0;;;
'2023-11-20';3aca7b90-5cf7-11ee-a4fc-13229e19c4ca;0;;;
'2023-11-20';cbb2af70-a51a-11eb-bc9a-9b8287359b8f;0;;;
'2023-11-20';f5c917b0-19f6-11ee-9ff9-bb2aeb994a1d;0;;;
'2023-11-20';48a599b0-87a5-11ee-9e2a-7dcc4dcdbd24;0;;;
'2023-11-20';6e255e80-5ead-11ee-b9ab-514ff5ef01dc;0;;;
'2023-11-20';aaf34110-870c-11ee-8064-25cdd5d35fb3;0;;;
'2023-11-20';cd69d6f0-6fb6-11ed-95e4-2fe88c518eb8;0;;;
'2023-11-20';b49bfc30-fa07-11ed-af11-7da39136163e;0;;;
'2023-11-20';17449bb0-0d80-11ec-aebc-71bd723eb1f8;0;;;
'2023-11-20';a8159f20-2f81-11ee-9bff-674b29168c50;0;;;
'2023-11-20';849a47b0-7846-11ec-bf2e-ff2894047b91;0;;;
'2023-11-20';17ef2390-d33f-11ea-8923-e9987a7d3c58;0;;;
'2023-11-20';22e247c0-8712-11ee-9220-e15f60ef2310;0;;;
'2023-11-20';14ccb210-3803-11ed-b7f7-03b832d8f9c6;0;;;
'2023-11-20';e60ceeb0-251c-11e9-b010-d9cc5aedd935;0;;;
'2023-11-20';f5912b00-0c51-11ee-82b4-47d4a006bbc9;0;;;
'2023-11-20';424d1220-63bd-11ee-bf5c-2915cf679904;0;;;
'2023-11-20';987a1860-043f-11e9-b29a-657a90787be9;0;;;
'2023-11-20';4691dce0-874d-11ee-bad2-098b272f84bd;0;;;
'2023-11-20';97493e00-9b97-11ed-9a78-9daadff6352a;0;;;
'2023-11-20';e9820b90-6a61-11ee-abcc-dd75dcdd7e70;0;;;
'2023-11-20';61aa9be0-586b-11ee-9d78-ed8dd114beb7;0;;;
'2023-11-20';9d01a210-2671-11e8-92f4-65a7e7cd4ad4;0;;;
'2023-11-20';89f21150-a76d-11ed-b858-85c5c563ddc9;0;;;
'2023-11-20';90911760-8708-11ee-bfb1-eb64bfc8144f;0;;;
'2023-11-20';449c9a90-8763-11ee-9cd7-fbb067f5a532;0;;;
'2023-11-20';93c9ca60-3bec-11ee-a948-cdcd71b1a0ab;0;;;
'2023-11-20';f58bbfa0-675d-11ee-9595-f1ab993f860d;0;;;
'2023-11-20';ad73c4b0-f480-11ed-bc1d-6bd3e43a7931;0;;;
'2023-11-20';0c1031e0-e4a8-11ed-9e2b-e9731131cca2;0;;;
'2023-11-20';f14a2310-8782-11ee-972f-2fcc754bd671;0;;;
'2023-11-20';f54e2800-9bd6-11ed-9125-ab86006389ce;0;;;
'2023-11-20';a84f6c40-8743-11ee-b455-1b49609c1d81;0;;;
'2023-11-20';b6ba5f40-8768-11ee-ae5b-4d640ded7443;0;;;
'2023-11-20';29e694b0-2e97-11ed-8dc3-3742abce6e54;0;;;
'2023-11-20';acf7fd40-ce8f-11ea-8715-830139b62615;0;;;
'2023-11-20';49ef8040-8720-11ee-8158-939974567fb6;0;;;
'2023-11-20';1621c780-7e2e-11eb-ba52-e5282d8ef37f;0;;;
'2023-11-20';86680940-f466-11ed-bb6d-8fc2e1a3d5a8;0;;;
'2023-11-20';fe97fd00-8749-11ee-bf7c-17441aae2f21;0;;;
'2023-11-20';b3965900-8712-11ee-9afb-1dae2ee715cb;0;;;
'2023-11-20';2706d9a0-7b29-11ee-8826-0f45ad6377aa;0;;;
'2023-11-20';69cb1910-8752-11ee-838b-9f1ac510cc4e;0;;;
'2023-11-20';cf449570-7fe9-11ee-9eaa-bd6071c04a66;0;;;
'2023-11-20';c1ab5730-6b1f-11e8-80a8-b3a7908e40f5;0;;;
'2023-11-20';34061640-095f-11ec-8e63-4b3c41117f08;0;;;
'2023-11-20';1dca2ef0-21cb-11ec-885e-6703ed07e631;0;;;
'2023-11-20';5ac8fe10-76e9-11e9-949f-bd651d762780;0;;;
'2023-11-20';dcb922f0-61f0-11ee-8c03-2deb997c6e4f;0;;;
'2023-11-20';c3405590-a5f4-11ed-84bb-359dd012499d;0;;;
'2023-11-20';b0ee9200-a5fc-11ed-aa78-11929e10975f;0;;;
'2023-11-20';ff52b590-2297-11ed-8cb9-e5dc54b353b6;0;;;
'2023-11-20';141d9f30-709f-11ed-91ac-09cde1367f4b;0;;;
'2023-11-20';dee3e080-e206-11ec-9d9b-a70eaafe4e55;0;;;
'2023-11-20';8c1900c0-18ff-11ee-b3c8-89750e6b01d2;0;;;
'2023-11-20';6e9c7ce0-ab0c-11ed-a633-0b153bb373c8;0;;;
'2023-11-20';bb8bb870-67e2-11ee-b92e-b1bb7fbf74cf;0;;;
'2023-11-20';eacc7040-8789-11ee-b979-cf696683da3e;0;;;
'2023-11-20';0604c1c0-b557-11ec-b7b5-4fdeb57ed229;0;;;
'2023-11-20';53133590-83d3-11ee-bb88-b758e7ee4568;0;;;
'2023-11-20';ba4cf570-4ffd-11ee-ab59-6dc6a7738c5a;0;;;
'2023-11-20';e6b487d0-bc06-11ed-a1f2-29b9d836aab3;0;;;
'2023-11-20';c14bf210-ec88-11ec-9b58-a97dbd538fb9;0;;;
'2023-11-20';df985510-c2f2-11ed-acfb-fd18a64a4691;1;;;
'2023-11-20';ac25a8b0-7939-11ee-844d-c97f903509c5;1;;;
'2023-11-20';7ec12bb0-3cda-11ee-9e53-d54ebe9dcd5b;1;;;
'2023-11-20';887dfa90-a2c4-11ec-ada8-b78007a57161;1;;;
'2023-11-20';9936fd00-6726-11ee-8ddd-1f5cee96f0c9;1;;;
'2023-11-20';fef396a0-fa14-11ed-b9a0-0132487b5d82;1;;;
'2023-11-20';15ec2930-2eaa-11ed-b199-ff79fbb1a81a;1;;;
'2023-11-20';c6f084e0-1498-11ee-9a00-c1d45ba502dd;1;;;
'2023-11-20';50349270-0b3c-11ee-a1d6-2121b69d44ac;1;;;
'2023-11-20';6ec306b0-8510-11ee-8d88-0d0c4816caab;1;;;
'2023-11-20';0f596740-1a4f-11ee-a238-89d02e6bcea6;1;;;
'2023-11-20';8f27ffd0-278f-11e8-ad75-fd55c59e8a22;1;;;
'2023-11-20';a0955d00-af6e-11ed-ac9d-9dbca97e5f3a;1;;;
'2023-11-20';15284c00-cbf2-11ed-b11b-95d5349ad933;1;;;
'2023-11-20';d464b0c0-8ce9-11ec-919b-bb5c673b6789;1;;;
'2023-11-20';b6cc7270-09fa-11ee-b472-6b87a0e1e329;1;;;
'2023-11-20';7b3d2810-e585-11ed-a524-d983167b6653;1;;;
'2023-11-20';6c848dd0-c327-11ec-a18e-3533d497681c;1;;;
'2023-11-20';2aaa83f0-b8ed-11eb-993b-03139f6c1134;1;;;
'2023-11-20';f856abf0-7e05-11ee-83e0-8dcfbc8ee1fc;1;;;
'2023-11-20';87e827a0-487b-11ee-9336-0b7cf69a13cf;1;;;
'2023-11-20';9210c4e0-d935-11ed-9211-ddde7dbeb340;1;;;
'2023-11-20';b78dda40-6329-11ee-a18f-53d7a32f6224;1;;;
'2023-11-20';311f7c30-16b6-11ee-bc59-d9805df1360c;1;;;
'2023-11-20';e9d17f30-84fc-11ee-9a55-ad7189a11e86;1;;;
'2023-11-20';a70a5b50-7639-11ec-b913-8d8fb7b27010;1;;;
'2023-11-20';0d7460f0-34e5-11ee-b176-d12671d3ad6a;1;;;
'2023-11-20';cbfaa7b0-8796-11ee-8c8b-91e452888030;1;;;
'2023-11-20';f3442640-28b7-11ee-8bfc-2f2d398b3974;1;;;
'2023-11-20';bf7a2d50-5df5-11ee-832a-37e0ed135bb2;1;;;
'2023-11-20';fdb8d8b0-7d66-11ee-a194-a32661f94751;1;;;
'2023-11-20';86a72ac0-cab0-11ec-9d74-c5f92469f7f0;1;;;
'2023-11-20';8779d950-512a-11ee-9144-756327530259;1;;;
'2023-11-20';37346470-1ac6-11ec-98f9-e912f416724e;1;;;
'2023-11-20';70b39370-c1bd-11ed-b290-a1a120fcbe4b;1;;;
'2023-11-20';88a6d280-1ac0-11ec-91fd-83efe9835d1a;1;;;
'2023-11-20';f1a893b0-1a8a-11ee-a87f-afbfb9716265;1;;;
'2023-11-20';6f4ba810-5901-11ea-9b53-85a695007b59;1;;;
'2023-11-20';2f8acb70-8751-11ee-aaf6-053b67fb9af5;1;;;
'2023-11-20';90694410-2f24-11ee-82be-ed4d2f30ad09;1;;;
'2023-11-20';98dfbf20-76e6-11ee-ab6a-b1c095fcffd3;1;;;
'2023-11-20';126368b0-7f75-11ee-8790-91655d0719cf;1;;;
'2023-11-20';05310ce0-9366-11eb-a436-cd30cafffa59;1;;;
'2023-11-20';e1c15380-698e-11ee-aad1-3d54b501aa9e;1;;;
'2023-11-20';904a6fa0-de1c-11eb-8524-0d469f3304f4;1;;;
'2023-11-20';04aa4b00-7d57-11ee-ab09-15405c574e24;1;;;
'2023-11-20';2f0a6820-1985-11ee-aa32-8bc1afd5ce8e;1;;;
'2023-11-20';86ac2b00-24db-11eb-9d23-c5e4b2e3ccb0;1;;;
'2023-11-20';f6420610-0604-11eb-84c3-512169fb6007;1;;;
'2023-11-20';86f029a0-8986-11e9-85d5-5f958da5bdcb;1;;;
'2023-11-20';3155c170-8793-11ee-a9a7-abebed2e2c44;1;;;
'2023-11-20';94156890-272e-11e8-92c5-1f8025567be4;1;;;
'2023-11-20';90e084c0-56d5-11ee-82e7-095e0c88f0fd;1;;;
'2023-11-20';03730d20-5ce2-11ee-9006-b178b960a5f1;1;;;
'2023-11-20';afd60a50-7406-11ee-bb47-bf571cc653cf;1;;;
'2023-11-20';bee38260-77ae-11ee-9e03-19b7cb09f8fa;1;;;
'2023-11-20';61585220-f0ad-11ed-9421-13c7b109f79b;1;;;
'2023-11-20';9cc06570-df6c-11ed-91f8-57aa3e661379;1;;;
'2023-11-20';f765bfe0-8753-11ee-957e-3165ba956bab;1;;;
'2023-11-20';a7e208c0-c746-11ed-ad83-f3a9ba1fd18a;1;;;
'2023-11-20';e1c43d90-0407-11ed-9d90-99c6ea4693fe;1;;;
'2023-11-20';a12f0dd0-78c5-11ee-b9ab-c73848c5cc7f;1;;;
'2023-11-20';4625f3f0-8706-11ee-b282-29f29ca32bab;1;;;
'2023-11-20';28af0180-7ef1-11ee-bce2-1bf5f9254db2;1;;;
'2023-11-20';956be840-a3f7-11ed-8895-a7377b592b57;1;;;
'2023-11-20';8b691bd0-fb23-11ea-9ad7-b9cd0d53328a;1;;;
'2023-11-20';12877af0-8756-11ee-9db8-ef6f7cb2572d;1;;;
'2023-11-20';5a736c00-206a-11ee-bddf-3d0398856c53;1;;;
'2023-11-20';98631cd0-27a9-11ea-a9a2-fdbc93cc1a8c;1;;;
'2023-11-20';fde9af10-875e-11ee-a240-81fb688a1759;1;;;
'2023-11-20';11bcf670-7899-11ee-8de6-3d8728fc5a02;1;;;
'2023-11-20';c0798cb0-77a3-11ee-a404-b9c869083f86;1;;;
'2023-11-20';69016b60-1485-11ed-8cdc-2fde362d9f0e;1;;;
'2023-11-20';38739910-bb6e-11ed-a75f-2396de10ccac;1;;;
'2023-11-20';27247e50-05fa-11ee-8a47-1f02777fc523;1;;;
'2023-11-20';7ab50a60-c468-11eb-8e5b-8971515a3075;1;;;
'2023-11-20';956fecd0-2f55-11ee-87af-3b108b1d636f;1;;;
'2023-11-20';2d021f00-3128-11ed-89e9-519474701513;1;;;
'2023-11-20';161d7110-b8d0-11ed-b863-7b96c0c35e77;1;;;
'2023-11-20';651a09b0-74b2-11ee-b076-79ba1017a25b;1;;;
'2023-11-20';4fbfc480-84dd-11ed-83ad-55e58e6ce9dd;1;;;
'2023-11-20';e670daa0-c51a-11ec-ba89-a390921901ac;1;;;
'2023-11-20';cdba1410-ddea-11e8-9dd4-fd158fbdf95b;1;;;
'2023-11-20';18554290-dfdd-11ec-bd0b-89a07386757e;1;;;
'2023-11-20';846e35d0-8505-11ee-9d38-67ffa0092b2f;1;;;
'2023-11-20';ce79df20-e0fb-11ed-ae6e-e9ce17e234c0;1;;;
'2023-11-20';6cb3f870-7ad5-11ed-be43-f13be62b8eb5;1;;;
'2023-11-20';d61a63c0-b415-11ed-9d72-e903075bafd8;1;;;
'2023-11-20';51dc3c40-69f3-11ec-848c-2714b3b1ce53;1;;;
'2023-11-20';c86f03e0-3f47-11ed-baf8-250f04df4d64;1;;;
'2023-11-20';77614a10-5cfd-11ee-9fae-6fe9b43efebe;1;;;
'2023-11-20';474cd5d0-6e9e-11ee-92b0-f531ea7970bf;1;;;
'2023-11-20';5b75a1b0-6532-11ee-90a7-b9a41109dadd;1;;;
'2023-11-20';75240e80-e44f-11ed-a951-e539fad9f4b9;1;;;
'2023-11-20';a28ccf10-0cbe-11ed-8c23-e134ba0737ea;1;;;
'2023-11-20';cbd4cc20-9aaa-11ea-9c23-9fb808f14d93;1;;;
'2023-11-20';210ca360-55fc-11ee-915f-d9ba7fe6e9cf;1;;;
'2023-11-20';36683820-2a9b-11ec-bd8d-a3ec16224ef8;1;;;
'2023-11-20';5906bfa0-511d-11ee-9520-57772194dda1;1;;;
'2023-11-20';8eaa10e0-ef47-11ed-b7e3-4d33c7b89e7c;1;;;
'2023-11-20';32430120-b98e-11ed-8676-bb88dee690e2;1;;;
'2023-11-20';369a7ec0-77d8-11ee-93db-5382a725893f;1;;;
'2023-11-20';7f2e5680-4138-11ec-81e3-23ebbeb10698;1;;;
'2023-11-20';8651bdd0-01d1-11ed-8802-f3606e5bbe67;1;;;
'2023-11-20';7e220550-f31e-11ec-8e07-4b0945ab8457;1;;;
'2023-11-20';498f84e0-4875-11ee-8abc-61aeb8e0334b;1;;;
'2023-11-20';6b7c6490-7e28-11ee-baa0-eb3de6249ef3;1;;;
'2023-11-20';76523250-53ad-11ee-b682-7f0ad3132fc5;1;;;
'2023-11-20';cd401bc0-5f3b-11e8-a329-5fb21158c980;1;;;
'2023-11-20';d4241610-878c-11ee-a56e-8956c1b84e92;1;;;
'2023-11-20';b91cbb20-db83-11ed-b2fe-e36082a9bff6;1;;;
'2023-11-20';f71e9ff0-7698-11ee-ba46-e3464bf649a1;1;;;
'2023-11-20';2418ed40-e322-11ed-a3c3-39019ef4fa21;1;;;
'2023-11-20';e8742330-852a-11ee-9cd3-8bf69474c3d7;1;;;
'2023-11-20';69098740-8994-11ec-ab8a-910b1ec86f60;1;;;
'2023-11-20';ef6382f0-1eee-11ee-92e7-4135380a01a0;1;;;
'2023-11-20';4e3daf80-50cc-11ee-9ebe-591999f6a7a6;1;;;
'2023-11-20';260ee500-17d4-11ee-8f57-99ec27e8048c;1;;;
'2023-11-20';6d656ad0-24ce-11ee-98ae-69359935c18d;1;;;
'2023-11-20';98e47560-cfb6-11ed-a8ae-bde8f308bb2e;1;;;
'2023-11-20';81329ac0-f45b-11ea-92be-cdbb81c5233c;1;;;
'2023-11-20';96387620-7d37-11ee-af01-e7daab1780b8;1;;;
'2023-11-20';893f8fc0-60d8-11ed-93ac-bdc11d75942e;1;;;
'2023-11-20';2f63ed90-45e8-11ec-9b13-cf52be1c93f4;1;;;
'2023-11-20';82d27e80-448b-11ee-90cd-538c962db324;1;;;
'2023-11-20';d7ac7700-d918-11ed-af8a-f95681c13f35;1;;;
'2023-11-20';6fabd590-81da-11ee-a9a6-1121f70dd005;1;;;
'2023-11-20';ccbf9720-1af2-11ee-aa64-bdeae422cee1;1;;;
'2023-11-20';255e3f10-72ea-11ec-8a7d-b31519f9f388;1;;;
'2023-11-20';a016e0d0-3227-11ec-aa2b-7fa1f438e1bf;1;;;
'2023-11-20';fc825680-6275-11ee-a126-ff40476b8939;2;;;
'2023-11-20';7dbd5330-0bf7-11ec-96e0-cf75c628c1b0;2;;;
'2023-11-20';67114f90-2452-11ee-8452-67ae9e4ba894;2;;;
'2023-11-20';61bfc420-fec6-11ec-9cf6-5713f45ef07f;2;;;
'2023-11-20';756f7e80-6c99-11ec-9222-bd4fea1f018b;2;;;
'2023-11-20';0467a480-869e-11ee-85f6-d340cdacb9ed;2;;;
'2023-11-20';451549c0-c209-11ec-8dcf-2d52591f7568;2;;;
'2023-11-20';5be08d60-69a4-11ee-92fd-7f4197b0dca2;2;;;
'2023-11-20';02f49200-afb7-11ea-8eda-05d78e841563;2;;;
'2023-11-20';6a6959d0-ba19-11eb-aea6-7fbffab71459;2;;;
'2023-11-20';177d5680-b66e-11eb-b3c0-9d91e2a22b87;2;;;
'2023-11-20';2b523290-8798-11ee-9de5-fdbea01d75e4;2;;;
'2023-11-20';41190780-1238-11eb-b423-07d9405e2103;2;;;
'2023-11-20';04e611b0-5bbc-11ee-b948-2f8f6f3b2f83;2;;;
'2023-11-20';aadf7710-8771-11ee-ac26-d1cff49166a1;2;;;
'2023-11-20';77b48290-807d-11ee-9638-5fb08ce02663;2;;;
'2023-11-20';c0fc04d0-9ac5-11ed-83ed-fd27c0b07078;2;;;
'2023-11-20';28a70d20-916e-11ed-b4cc-134d52c5124a;2;;;
'2023-11-20';465be2f0-3bb0-11e8-8fa8-1b1427a6d2d1;2;;;
'2023-11-20';770aa300-9425-11ed-bdfb-8bb1de326206;2;;;
'2023-11-20';80633200-54e2-11ed-aedc-c7388b52eff6;2;;;
'2023-11-20';347b5250-658f-11ee-8934-034263963805;2;;;
'2023-11-20';f62cf400-5d1d-11ee-8a4a-05be3b3e750e;2;;;
'2023-11-20';5c16fa10-08d5-11ee-b78b-bd61fec41ef0;2;;;
'2023-11-20';e40f0af0-fa79-11eb-9ca9-8b066ac85359;2;;;
'2023-11-20';47d74d70-8224-11ee-910e-d7383a9c6fea;2;;;
'2023-11-20';55d54360-32a0-11ee-8af8-15762d12dffd;2;;;
'2023-11-20';5b466a90-5ebf-11ee-aa87-cb8129cbe916;2;;;
'2023-11-20';438855d0-67d7-11eb-ba32-55dcd093b535;2;;;
'2023-11-20';474218c0-1fc0-11ee-9277-c71cabf691c3;2;;;
'2023-11-20';6b59cff0-18d9-11eb-a819-bdd94c6f9988;2;;;
'2023-11-20';73907780-ddff-11ed-9277-1b2534dbaeae;2;;;
'2023-11-20';2910e530-8784-11ee-bdc5-21b355efa3a7;2;;;
'2023-11-20';2295f300-206c-11e9-b70d-d917d1c83c15;2;;;
'2023-11-20';f9c53570-9f94-11ec-8730-a55ca8d2fabe;2;;;
'2023-11-20';57646160-f4f3-11ed-836f-b9fc40cf18da;2;;;
'2023-11-20';70a4cfa0-d1d2-11ed-b945-73db127a42c4;2;;;
'2023-11-20';7e3d2410-f39b-11ed-a1b9-0b751515adfd;2;;;
'2023-11-20';880f6dd0-416c-11ee-8820-d973c8eded16;2;;;
'2023-11-20';e1ed61c0-4a6f-11ee-ad9f-717fbbb68447;2;;;
'2023-11-20';0fd0e7c0-2922-11ee-8211-f399b92b8525;2;;;
'2023-11-20';663c6800-0c17-11ee-926d-1ff95fc3e077;2;;;
'2023-11-20';83dc6ec0-5dec-11ed-a7f8-43cd2dca137b;2;;;
'2023-11-20';3f69ee50-2c0c-11ed-be50-6fb693743b92;2;;;
'2023-11-20';4dab82e0-79a3-11ee-9765-9fc911ae5510;2;;;
'2023-11-20';e247acc0-1c7a-11ee-bda5-8961e2ebcb05;2;;;
'2023-11-20';46ec3f90-d84e-11ed-a8fa-45025301ceb0;2;;;
'2023-11-20';ecd25d10-adc6-11e9-96d6-edb0fb92cb92;2;;;
'2023-11-20';43364610-875e-11ee-8307-1b31f7f5187a;2;;;
'2023-11-20';6cbb9990-8763-11ee-9b9d-2fe695e4ff50;2;;;
'2023-11-20';3d29c750-27a7-11e8-bde2-1d9969c0dea3;2;;;
'2023-11-20';26a94d20-875a-11ee-a56a-430f8c1dc1d6;2;;;
'2023-11-20';cbc7f3d0-b960-11eb-8d43-3b1b2164a13a;2;;;
'2023-11-20';f65363c0-0724-11ec-bd81-49e1f86f6eaa;3;;;
'2023-11-20';480d5b50-7891-11ee-b23f-d5beac5b0f89;3;;;
'2023-11-20';91d459b0-e35d-11ed-bcb5-4b66a67ca77d;3;;;
'2023-11-20';48e153d0-e249-11ed-95c5-9f032da39c9a;3;;;
'2023-11-20';ff22a400-328a-11ee-a3a2-21182f8b6480;3;;;
'2023-11-20';cf5dc310-8368-11ee-b536-191be0cece0e;3;;;
'2023-11-20';15afe630-596d-11ed-89dc-f1f99923ecaa;3;;;
'2023-11-20';d14fd7c0-5f17-11ec-bbb6-499c26bd2da2;3;;;
'2023-11-20';bbab5e70-72a3-11ee-a221-75f90ae701fd;3;;;
'2023-11-20';74b32710-b817-11ed-b0f3-61697d13745c;3;;;
'2023-11-20';695c5ef0-25e2-11eb-a938-6bff07fe5479;3;;;
'2023-11-20';3d21e9b0-1ee9-11ee-80e6-173bb63d4809;3;;;
'2023-11-20';2924c910-0f36-11ec-8ca7-cd28027e7440;3;;;
'2023-11-20';f9d05c50-83e7-11ee-9c75-1dd53e8e7ba0;3;;;
'2023-11-20';667fcb70-7316-11ee-b7d4-d90f19a7faf0;3;;;
'2023-11-20';82712da0-6656-11ee-8ec4-1512b411dbd9;3;;;
'2023-11-20';4d0b3a30-8757-11ee-892e-73bc3dd18830;3;;;
'2023-11-20';1a802c70-454d-11ee-b1e5-0b5d0ddfa2e7;3;;;
'2023-11-20';7e494e20-3271-11ed-946e-d7c82c1c13ae;3;;;
'2023-11-20';73fe33f0-8765-11ee-9810-2b4e9fbf431a;3;;;
'2023-11-20';e7430f50-f013-11ed-9e31-ff2057682a14;3;;;
'2023-11-20';b8d8b100-7f89-11ee-8b91-ab0039b064d8;3;;;
'2023-11-20';3aa5e760-d3a1-11ed-b6d4-25cf9788359e;3;;;
'2023-11-20';1da90f60-8d58-11ec-8446-41eb5caac821;3;;;
'2023-11-20';4ae3de40-b735-11ec-965b-4bf532c89b23;3;;;
'2023-11-20';a12fd5c0-13d2-11ed-9577-2f98a8ff01ab;3;;;
'2023-11-20';caef5370-7d28-11ee-9b60-4d018ffaf097;3;;;
'2023-11-20';6fda8990-1a46-11ee-ab8a-2f0b8cfe29a7;3;;;
'2023-11-20';d1c0b340-7f8c-11ee-b01b-bbb6572a253e;3;;;
'2023-11-20';d88e5760-fb3f-11ea-92ff-9dd84ed64731;3;;;
'2023-11-20';8f4544a0-c291-11eb-9c83-57f7cf8b0a74;3;;;
'2023-11-20';6b3d8040-2672-11e8-a7ed-f1fd67684f98;3;;;
'2023-11-20';8f85d970-e183-11e9-bac7-99e9f956b230;3;;;
'2023-11-20';f3307200-5462-11ed-a6ab-2bffa821113a;3;;;
'2023-11-20';0718f560-7ee9-11ee-b839-f7783eb5d59f;4;;;
'2023-11-20';d9af66b0-8792-11ee-83a4-8f83c4c24567;4;;;
'2023-11-20';3829bf60-8575-11eb-a25f-f3e01892c1ce;4;;;
'2023-11-20';4b025b90-5dba-11ee-9d2c-77c55880feae;4;;;
'2023-11-20';8ba2ae90-9be6-11eb-9d8f-4f71aa2d7fda;4;;;
'2023-11-20';33864540-382f-11ee-a5a1-cfd5c6784c6b;4;;;
'2023-11-20';7f6e28d0-da65-11eb-ba4c-838bfeddbf04;4;;;
'2023-11-20';60355210-28de-11eb-aa02-c3649cfe7f71;4;;;
'2023-11-20';63fae3d0-9bc6-11ed-b472-c983de5c443f;4;;;
'2023-11-20';cc58a6a0-866a-11ec-817c-5dbddbe8af0b;4;;;
'2023-11-20';62905e10-37ff-11ed-869a-8be0571a2887;4;;;
'2023-11-20';7422d5f0-4559-11ee-8887-55aa3a8ef55d;4;;;
'2023-11-20';c98ca780-7edb-11ee-b616-fbd34d5fa55d;4;;;
'2023-11-20';726bc980-ae2d-11eb-86ee-717e7adc5eba;4;;;
'2023-11-20';bd1fb920-2388-11ec-b18e-4700a275e16b;4;;;
'2023-11-20';397fdaf0-34b8-11ec-9b79-0bc2295b5ed8;4;;;
'2023-11-20';343bd9f0-3b55-11ed-9492-cf1753a5bb11;4;;;
'2023-11-20';82c3a6b0-0974-11ed-92d9-17c41638c6a3;4;;;
'2023-11-20';8bfc0cc0-6aaa-11ee-bf87-2b053a78288c;4;;;
'2023-11-20';c6d9df70-56b5-11ed-9474-475865b6547c;5;;;
'2023-11-20';eb8c0040-c023-11e9-8c44-1bbbbcd7c7af;5;;;
'2023-11-20';06c35440-874d-11ee-809f-0f820a859d52;5;;;
'2023-11-20';fa43f760-cfd6-11e9-a723-e56c51915bc4;5;;;
'2023-11-20';21925fa0-232f-11ee-a09b-adfac91c51ba;5;;;
'2023-11-20';5c5225c0-9870-11ed-ae85-019e14031a0e;5;;;
'2023-11-20';f1e54a80-3da8-11ee-b023-35391fda87f5;5;;;
'2023-11-20';bec55e60-bd4d-11ec-bad1-352a3c90f6eb;5;;;
'2023-11-20';466fbf60-fa36-11ed-a14a-67347299561e;5;;;
'2023-11-20';465b2c40-5075-11ee-9ad5-7b5bab7ed162;5;;;
'2023-11-20';54e8a440-8775-11ee-aa86-8dbd5aa88ace;5;;;
'2023-11-20';72f7ac50-73d0-11ee-96f5-3f4f8a11dc86;5;;;
'2023-11-20';01cda480-6ffc-11ee-8766-59bc182f64fd;5;;;
'2023-11-20';f6a54150-2111-11ee-85a5-790a6ba26da1;5;;;
'2023-11-20';be2ab460-4ae5-11ee-bb8f-dd9359935d35;6;;;
'2023-11-20';f136c220-60cd-11e8-8ebd-45fc1d9c550a;6;;;
'2023-11-20';0db94550-c3eb-11ed-97dc-45d791b61932;6;;;
'2023-11-20';37a4ae70-2f87-11e8-bed3-d789f0bd6143;6;;;
'2023-11-20';be447250-21d9-11ed-8b0d-59174ad7efb4;6;;;
'2023-11-20';4734e650-4d47-11ee-883a-8168e582cfbd;6;;;
'2023-11-20';382484b0-4976-11ee-920e-2dc0028340f6;6;;;
'2023-11-20';2630a7f0-3a7d-11ee-88b2-d18fd7859087;6;;;
'2023-11-20';7cebe340-ba74-11ed-8a4e-a1b7b76261b0;6;;;
'2023-11-20';ab6ac5d0-a7ea-11ec-a675-798b005bf57f;6;;;
'2023-11-20';648c2480-c0ab-11ed-9a17-8396e86aa4ff;6;;;
'2023-11-20';02a1d900-a64c-11ed-a3c5-4da84c18504e;7;;;
'2023-11-20';6449dce0-17f6-11ee-ac28-7d22f95c877a;7;;;
'2023-11-20';41929e00-ed7f-11ec-9312-0d11536d0b37;7;;;
'2023-11-20';cd52c640-4ec2-11ee-8c82-d949aeea4d5b;7;;;
'2023-11-20';dcecebe0-9265-11ed-b63b-5f99b692759f;7;;;
'2023-11-20';e4c316d0-8bdc-11ed-8d87-0bd1e42735fc;7;;;
'2023-11-20';81a62dd0-23ad-11ee-aa3f-732a118b19a8;7;;;
'2023-11-20';6261b740-7872-11ee-961f-5517ccf7abcc;7;;;
'2023-11-20';13e6c800-7faf-11ee-8c61-4ddd22b3f24b;7;;;
'2023-11-20';cf733600-e3ea-11ed-a5b9-b3c6a94e0cba;7;;;
'2023-11-20';65c190c0-7d76-11ec-bc9c-fbe5d852bcca;7;;;
'2023-11-20';e94b3f20-6345-11ee-9b1b-7985eb1a6cef;8;;;
'2023-11-20';d234f070-2821-11ed-9ce0-b7a9dd423e66;8;;;
'2023-11-20';50028a60-2789-11ed-8648-0b1ad6a81155;9;;;
'2023-11-21';4eb5a590-355d-11eb-8a71-a1b2c17da083;25;;;
'2023-11-21';d234f070-2821-11ed-9ce0-b7a9dd423e66;12;;;
'2023-11-21';b7249820-73f3-11ee-b4c5-d528e1db82de;10;;;
'2023-11-21';3c2d27c0-4fd6-11eb-b89f-2ffb31b67dd6;50;;;
'2023-11-21';ef6382f0-1eee-11ee-92e7-4135380a01a0;22;;;
'2023-11-21';05da19c0-881e-11ee-ba5d-6b77022b147f;14;;;
'2023-11-21';36dec390-e7f3-11eb-8e18-27db60c274f3;10;;;
'2023-11-21';43a7fda0-69a4-11ee-9df6-939923a38d51;16;;;
'2023-11-21';414f0930-a5f6-11ed-ae6b-5ddb402ae659;80;;;
'2023-11-21';11f58880-8453-11ee-afb3-7bd5493ebb29;23;;;
'2023-11-21';14d8d0c0-77ba-11ee-a1e2-d30d3fa9d851;36;;;
'2023-11-21';335b2490-8826-11ee-be57-99ce00734f91;0;;;
'2023-11-21';9133e5a0-878d-11ee-99b3-099310f83ae4;0;;;
'2023-11-21';2bb74140-0457-11ee-bd36-2f1e6e4a0d5b;0;;;
'2023-11-21';ce8a3680-0196-11ed-981f-dfd23e80faf6;0;;;
'2023-11-21';515665d0-68b5-11ee-9f5d-fb3c047209a7;0;;;
'2023-11-21';bc47f0a0-67ef-11ee-9373-91be32e297eb;0;;;
'2023-11-21';1089af10-881a-11ee-bd39-5f997bc945e1;0;;;
'2023-11-21';63fae3d0-9bc6-11ed-b472-c983de5c443f;0;;;
'2023-11-21';ccfc8120-7def-11ee-8842-db96b8ca7a45;0;;;
'2023-11-21';04aa4b00-7d57-11ee-ab09-15405c574e24;0;;;
'2023-11-21';af3c7310-390b-11eb-af3f-97160b3c485c;0;;;
'2023-11-21';3104eaa0-8849-11ee-b7de-53cc94fb8bee;0;;;
'2023-11-21';6743cfe0-3048-11ee-b220-791bbb201f29;0;;;
'2023-11-21';69e7bb60-885b-11ee-93e4-5338c6711cd5;0;;;
'2023-11-21';13542d30-7eb8-11ee-b4cc-dd8b3a56475d;0;;;
'2023-11-21';1375b1e0-2293-11ec-8d49-a77e871c2c65;0;;;
'2023-11-21';204f0920-8817-11ee-8ad3-99e49642e1f9;0;;;
'2023-11-21';022677c0-f259-11ed-922b-d13c6db8a544;0;;;
'2023-11-21';0bf336b0-822a-11ee-96b9-b7eb5535a403;0;;;
'2023-11-21';25181760-6d93-11ee-abf3-bfb51ca8976f;0;;;
'2023-11-21';b2a22080-3d7d-11ee-a298-2dc0e0cd14dc;0;;;
'2023-11-21';b2747170-c5de-11ec-840b-410411ab656c;0;;;
'2023-11-21';e1463b80-0ce2-11ea-8ae8-11adc122e66e;0;;;
'2023-11-21';9c073b40-bafb-11ec-895e-81c95e1e6340;0;;;
'2023-11-21';b7e4d4b0-47c5-11ed-9239-2f1acd79db72;0;;;
'2023-11-21';a88aa8a0-87d4-11ee-9440-3f274372052c;0;;;
'2023-11-21';191c9110-9087-11ec-ace4-d10f5b687971;0;;;
'2023-11-21';86387650-cf2c-11eb-ab6a-5db1d96014ae;0;;;
'2023-11-21';cfd49030-888b-11ee-b489-53605af2afe3;0;;;
'2023-11-21';090573a0-881f-11ee-b79e-83dbb9e7f9dc;0;;;
'2023-11-21';0e7ac1c0-9e5b-11ea-95d7-b9d793bf257a;0;;;
'2023-11-21';a8fcb6a0-881c-11ee-a3c2-db492cb0d3ca;0;;;
'2023-11-21';605068d0-dc45-11ed-9d44-810786957f5c;0;;;
'2023-11-21';56a3e9b0-21b6-11ec-8c7d-59f4a3904d36;0;;;
'2023-11-21';8380b140-9341-11ed-9810-87420a46fe8b;0;;;
'2023-11-21';79ca9bb0-f530-11ed-bf94-01f8d4e82ef2;0;;;
'2023-11-21';b776cdd0-6d03-11ee-b7d9-9fb72f14ae51;0;;;
'2023-11-21';cff2eb40-8857-11ee-b3a3-7337b1b6810a;0;;;
'2023-11-21';1df5d3e0-8838-11ee-b6a0-43898b004a6e;0;;;
'2023-11-21';762caed0-8838-11ee-960c-3722885ad033;0;;;
'2023-11-21';40786f20-dea8-11ed-b8a1-7d657bc0443d;0;;;
'2023-11-21';36e0ce40-8839-11ee-8c43-9b6e9be55ece;0;;;
'2023-11-21';c4e5c840-1ee9-11ed-a509-fb014d0387c0;0;;;
'2023-11-21';398f00f0-6811-11ee-a9ca-3128596dc272;0;;;
'2023-11-21';6e28a920-884a-11ee-ac0f-a13bd5e5e24f;0;;;
'2023-11-21';f0267c10-b5b7-11ed-b90a-a702f5d99920;0;;;
'2023-11-21';3d6a2840-53d9-11ee-a479-0d803dae7dad;0;;;
'2023-11-21';18a80130-d909-11ed-8bb7-a722cfcf3c65;0;;;
'2023-11-21';f9d05c50-83e7-11ee-9c75-1dd53e8e7ba0;0;;;
'2023-11-21';bb052f80-62a1-11ee-9092-7d41a6e6fb27;0;;;
'2023-11-21';cac27690-ff72-11ed-b012-916026b5c365;0;;;
'2023-11-21';3982e610-5b4e-11ed-ae27-b57be78fb6ef;0;;;
'2023-11-21';bdd813d0-2b65-11ee-90dc-b3b8e3925412;0;;;
'2023-11-21';a9eec9b0-881a-11ee-ab1f-ef9d73086230;0;;;
'2023-11-21';bb342820-214d-11ee-9377-49612f5aac5d;0;;;
'2023-11-21';5d7973f0-6aa9-11eb-91be-cd980a23d9a3;0;;;
'2023-11-21';5b7e4b40-eb2a-11ec-a294-d9fd6ca7638e;0;;;
'2023-11-21';62bfe730-6e8a-11ee-ac29-9f6e169b060e;0;;;
'2023-11-21';e87c7600-7471-11ec-989a-356c562fbf27;0;;;
'2023-11-21';5f53de40-d41f-11ed-abc9-e395eb253d81;0;;;
'2023-11-21';eb8c0040-c023-11e9-8c44-1bbbbcd7c7af;0;;;
'2023-11-21';5559b200-bc2b-11ec-94d7-d5cdeb7721e6;0;;;
'2023-11-21';86983ac0-3d21-11ea-ad65-45326c515cfa;0;;;
'2023-11-21';80f2a570-7895-11ee-b32b-e1aca5c432f9;0;;;
'2023-11-21';32452730-8435-11ee-b95c-8389932f9c87;0;;;
'2023-11-21';d7224ef0-2b3e-11ed-aec3-ddd311fdaf51;0;;;
'2023-11-21';c84d4580-4b9d-11ee-b8d1-8f49424ec588;0;;;
'2023-11-21';7969b370-dc1f-11ec-aff2-cfe1c20ca292;0;;;
'2023-11-21';885aaba0-880d-11ee-ad53-7d2073875d18;0;;;
'2023-11-21';94c919f0-adfa-11ed-97f2-c1e9fdf38a28;0;;;
'2023-11-21';8703d1c0-885b-11ee-8157-d189b9db1b81;0;;;
'2023-11-21';5aeab5d0-7704-11ee-8b55-bb8a98d90e90;0;;;
'2023-11-21';2f424db0-1a00-11ed-b9b1-5fb7e49d5f76;0;;;
'2023-11-21';c30a6dd0-8817-11ee-81fe-6395d820871e;0;;;
'2023-11-21';88ae1240-6356-11ed-9a4b-850fa1923ec5;0;;;
'2023-11-21';273e5350-72e4-11ee-bdb9-e3efef118a92;0;;;
'2023-11-21';84728c40-881e-11ee-8898-9be9c8dc5fe6;0;;;
'2023-11-21';2050bbc0-1a15-11ec-ba07-f334599e7950;0;;;
'2023-11-21';56352440-2264-11ec-8be0-c1c90f36b6f2;0;;;
'2023-11-21';64ad8050-b0c9-11ec-bded-c131ae6a1d01;0;;;
'2023-11-21';82f23640-7153-11ee-8a0b-3537e5b7d417;0;;;
'2023-11-21';cd69d6f0-6fb6-11ed-95e4-2fe88c518eb8;0;;;
'2023-11-21';7ab93240-882c-11ee-bace-e917c36a160f;0;;;
'2023-11-21';989e56f0-b4ca-11ec-afc9-7f63059dcb21;0;;;
'2023-11-21';2d3755d0-3fe3-11ec-9bd5-55e2e6e796d0;0;;;
'2023-11-21';dae92d50-fcb8-11ed-aaf3-df6001e93b43;0;;;
'2023-11-21';718ef8a0-1e21-11e9-ba7f-639f3b9a8466;0;;;
'2023-11-21';8d3c73d0-5c37-11ee-a315-c39c5d620afd;0;;;
'2023-11-21';a509a750-cd81-11ea-a23b-493a526a6282;0;;;
'2023-11-21';d3530a30-882b-11ee-abda-bd26aa276899;0;;;
'2023-11-21';628f42f0-5fd9-11eb-97bc-3561df02a9c0;0;;;
'2023-11-21';0816b470-b063-11ed-ac04-d7a61b9be185;0;;;
'2023-11-21';944c2660-ec41-11eb-8e30-0914e0049081;0;;;
'2023-11-21';c9a3a830-03e6-11ec-94de-fb199350c024;0;;;
'2023-11-21';8ddda020-4bc0-11ee-8cba-ffe64abbfa3e;0;;;
'2023-11-21';3dd30220-03ca-11ee-9326-61e55d6e5fa5;0;;;
'2023-11-21';d61d9bd0-7a49-11ee-bd73-9d3e67ab76a7;0;;;
'2023-11-21';9be84cc0-3e24-11ec-8ef7-cd23da4d5ef5;0;;;
'2023-11-21';0d18fba0-35c3-11ee-88c2-0940ffb91741;0;;;
'2023-11-21';1ca2f970-8327-11ee-94bb-c5cb5e989c9b;0;;;
'2023-11-21';34976190-8888-11ee-b6d7-61c2e2dda1d1;0;;;
'2023-11-21';12b188e0-9c34-11ec-8712-61b4b11a347d;0;;;
'2023-11-21';bd598780-e7cb-11ea-8855-3b626e2e6bb0;0;;;
'2023-11-21';55214f40-5ab9-11ee-b93c-3df253683331;0;;;
'2023-11-21';142b4bb0-a611-11ed-8266-116108d57945;0;;;
'2023-11-21';f09a2f50-5047-11ed-aed6-77ddc8f67664;0;;;
'2023-11-21';d1efce90-715f-11ee-8652-d39580ac3da0;0;;;
'2023-11-21';4f4711e0-0cbe-11ec-883d-e7a2284ae673;0;;;
'2023-11-21';480952b0-1c86-11ee-b8c0-2739316f7c37;0;;;
'2023-11-21';cb981500-0c76-11ee-9540-39e818b214fc;0;;;
'2023-11-21';d2c5e170-5343-11eb-b73c-81104d277140;0;;;
'2023-11-21';8a45d150-cadc-11ec-91b0-45d5da48b7f1;0;;;
'2023-11-21';a4de17d0-8786-11ee-b464-619c9c8e69f4;0;;;
'2023-11-21';96812890-87a3-11ee-9a88-f914bca26f84;0;;;
'2023-11-21';85e92210-c2de-11ed-ade9-87b17e3bfef2;0;;;
'2023-11-21';cca15b00-8872-11ee-aa27-5f8916c2746c;0;;;
'2023-11-21';a8b0fcf0-bf00-11ed-aefb-d3dbd5a81e4b;0;;;
'2023-11-21';18554290-dfdd-11ec-bd0b-89a07386757e;0;;;
'2023-11-21';d6901c10-4650-11ed-891f-69031b73122d;0;;;
'2023-11-21';2910e530-8784-11ee-bdc5-21b355efa3a7;0;;;
'2023-11-21';b62b2320-bf2c-11ed-8e3d-3bbb0a3bb69a;0;;;
'2023-11-21';8815d520-1959-11ee-a22b-fdf30c15a85e;0;;;
'2023-11-21';4351d160-74a7-11ee-b9b8-b5d6c21bf785;0;;;
'2023-11-21';2418ed40-e322-11ed-a3c3-39019ef4fa21;0;;;
'2023-11-21';a1f91c60-e40f-11e8-bfd9-d3896a99c8f1;0;;;
'2023-11-21';cdba1410-ddea-11e8-9dd4-fd158fbdf95b;0;;;
'2023-11-21';4f28ab70-54a0-11ee-b7db-b7d922f517f0;0;;;
'2023-11-21';af02a890-7e29-11ee-8203-cd315a2e1a83;0;;;
'2023-11-21';0dfe5ff0-8880-11ee-8112-4fbb003130c5;0;;;
'2023-11-21';2a86c1f0-5cc5-11ec-867b-ab04ac152048;0;;;
'2023-11-21';1d452180-8838-11ee-9cad-ebd7b27dd88d;0;;;
'2023-11-21';762dd630-880a-11ee-842f-6576124cabce;0;;;
'2023-11-21';2afd5860-8833-11ee-957d-61f9c94f80ff;0;;;
'2023-11-21';cbb2af70-a51a-11eb-bc9a-9b8287359b8f;0;;;
'2023-11-21';5a523b60-8894-11ee-92cc-7dd2ecd6874e;0;;;
'2023-11-21';32b3ba10-33a2-11eb-8aee-8751efd2dc63;0;;;
'2023-11-21';a6ed8c80-df35-11ed-ac76-29e244b80714;0;;;
'2023-11-21';45839540-2083-11ee-8284-6b259cc95f20;0;;;
'2023-11-21';002bb460-2f65-11ed-851c-a5abf4597cd3;0;;;
'2023-11-21';4ac2cfa0-2272-11ec-be06-59b3bcb62911;0;;;
'2023-11-21';aec70e50-73e5-11ee-9117-b3ea6e077d21;0;;;
'2023-11-21';0167ec80-1183-11ee-af63-d13505c94635;0;;;
'2023-11-21';a9d6f880-1544-11ec-88f2-ffa23ab0fbc0;0;;;
'2023-11-21';c44efdd0-2bdd-11eb-a6a8-374e84e5cb57;0;;;
'2023-11-21';d6e11b10-7a16-11ee-8587-897dfc9f3dd2;0;;;
'2023-11-21';72ce3430-887d-11ee-bb92-1bb86147a65a;0;;;
'2023-11-21';180a9f30-e8fd-11e9-a7cb-f1d00dcd6012;0;;;
'2023-11-21';d758dfc0-8893-11ee-a0e2-913e09d229b3;0;;;
'2023-11-21';28a70d20-916e-11ed-b4cc-134d52c5124a;0;;;
'2023-11-21';dfa34710-44f8-11eb-b64d-e9bb29d98a3c;0;;;
'2023-11-21';c2ba7650-71a0-11ee-a174-2d7d928cf29a;0;;;
'2023-11-21';f5c917b0-19f6-11ee-9ff9-bb2aeb994a1d;0;;;
'2023-11-21';01cda480-6ffc-11ee-8766-59bc182f64fd;0;;;
'2023-11-21';bf7a2d50-5df5-11ee-832a-37e0ed135bb2;0;;;
'2023-11-21';5906bfa0-511d-11ee-9520-57772194dda1;0;;;
'2023-11-21';22789940-7956-11ec-b3ac-e1d07d943ada;0;;;
'2023-11-21';3a4332a0-6267-11ee-bf6f-9191ce94a1b6;0;;;
'2023-11-21';b0dcae50-3786-11eb-aeff-a3ff3a4100a5;0;;;
'2023-11-21';faa9a8c0-882e-11ee-ab4d-ed61d0d8c3bf;0;;;
'2023-11-21';8afcadd0-3cfa-11ee-a086-dd962b96bd26;0;;;
'2023-11-21';c1c104d0-d54a-11ea-897d-257069896c9b;0;;;
'2023-11-21';5fe8ad10-ed55-11ec-aeef-7755fe139428;0;;;
'2023-11-21';442c4cd0-75ad-11ee-ba81-dfa01e423654;0;;;
'2023-11-21';624bfb20-8872-11ee-96d6-e7bdafe84b7d;0;;;
'2023-11-21';aa9b5be0-6f95-11ea-bd4f-81608d74ea67;0;;;
'2023-11-21';8f890250-73e5-11ee-a279-5b741b4c1a97;0;;;
'2023-11-21';fa04c580-9d85-11eb-b366-5bf28c116536;0;;;
'2023-11-21';65f5e180-6bf0-11ee-802f-d96f1f1f622f;0;;;
'2023-11-21';85494dc0-a636-11ea-be08-53e44fc662b9;0;;;
'2023-11-21';361bc4a0-87f9-11ee-a9c5-8f81239ae91e;0;;;
'2023-11-21';c26d3200-5125-11ee-9a0f-c3816d7eb1e0;0;;;
'2023-11-21';69211710-c612-11ec-a993-b35eed708481;0;;;
'2023-11-21';da04b8b0-ef2e-11ed-87d0-c14024c5b576;0;;;
'2023-11-21';8313cd60-4303-11ee-b9f7-77e376310446;0;;;
'2023-11-21';2a9dbc70-f468-11ed-9a00-c5d3b845c5f7;0;;;
'2023-11-21';f3b11250-45d6-11ee-85a3-a91eabaffb34;0;;;
'2023-11-21';0e7acf30-679c-11ea-8703-0b6267666890;0;;;
'2023-11-21';d072ada0-7f6e-11ed-8fdf-45c72fbea984;0;;;
'2023-11-21';5accaf10-fdbd-11e8-8c64-e7d3aff776c1;0;;;
'2023-11-21';3f35b8e0-101f-11ee-82db-d9eb8e0d664b;0;;;
'2023-11-21';c69fb290-77fd-11ee-9102-2937b23c052b;0;;;
'2023-11-21';01bfd440-284a-11e8-9b9e-1db8181a6676;0;;;
'2023-11-21';339f96f0-877e-11ee-97d3-2fb903aca7e5;0;;;
'2023-11-21';48660c50-882c-11ee-bc9d-2b22d6850073;0;;;
'2023-11-21';706b2870-36ee-11ec-9007-1de19e1dddfd;0;;;
'2023-11-21';00fc8580-a5e0-11ed-8f66-476d57da0b36;0;;;
'2023-11-21';124282b0-2f72-11ee-9b58-5738315d91fa;0;;;
'2023-11-21';39b58bd0-82d8-11ee-aad0-fb7355ab1c01;0;;;
'2023-11-21';5ee3a430-1381-11ee-a6e0-51a1151f2a9d;0;;;
'2023-11-21';a3ca5820-2581-11ee-9dc6-15e09fb9213c;0;;;
'2023-11-21';bbf66870-837e-11ee-b074-19eb4ee3d64e;0;;;
'2023-11-21';2809fbe0-6cfe-11ee-9cf1-9f839b808b64;0;;;
'2023-11-21';dac363f0-712c-11eb-8fab-71c02a61d0b3;0;;;
'2023-11-21';c03371b0-a719-11eb-a54f-6fd71d8ce4bf;0;;;
'2023-11-21';0ff5d790-64fc-11ee-921c-1341a6981231;0;;;
'2023-11-21';fe97fd00-8749-11ee-bf7c-17441aae2f21;0;;;
'2023-11-21';38e36d90-b9da-11eb-a386-99254fc8580c;0;;;
'2023-11-21';cd7a3800-8834-11ee-9e12-3f836de938de;0;;;
'2023-11-21';262a6d90-8875-11ee-909e-694749316751;0;;;
'2023-11-21';ce8c1530-888c-11ee-8d43-9555e2e1c8d4;0;;;
'2023-11-21';d6572830-8888-11ee-a44d-29d75bce9220;0;;;
'2023-11-21';8eef39d0-885e-11ee-a23b-3b93d9e2ba46;0;;;
'2023-11-21';c9e38850-8766-11ee-9071-3b3788a33418;0;;;
'2023-11-21';a7512ce0-d237-11e9-97d5-9992dabd02e6;0;;;
'2023-11-21';fcf72e90-6a5b-11ee-be5d-e1fec9356dd2;0;;;
'2023-11-21';8e98c350-8888-11ee-9f32-438d0fe22821;0;;;
'2023-11-21';d05ba8e0-883b-11ee-a7de-55cceed5b124;0;;;
'2023-11-21';e4098a30-e845-11eb-b5bb-9584f9992d62;0;;;
'2023-11-21';43fa7400-2dae-11ed-b821-ad0518e57507;0;;;
'2023-11-21';27d856f0-816a-11ee-85ea-8bc7702935f0;0;;;
'2023-11-21';835c0630-667f-11ee-8760-c1980ef296da;0;;;
'2023-11-21';37ca6ba0-431f-11e8-8a1d-b37352c63da2;0;;;
'2023-11-21';b691c7e0-7f81-11ee-9080-6d8604be1b10;0;;;
'2023-11-21';97f2b2a0-8200-11ee-8c66-93aa07d9a2ab;0;;;
'2023-11-21';3fcea200-3836-11ee-86ef-ab8656240687;0;;;
'2023-11-21';c2b59980-73a6-11ed-ac30-b7091ed09a33;0;;;
'2023-11-21';ce79df20-e0fb-11ed-ae6e-e9ce17e234c0;0;;;
'2023-11-21';8484de00-6eff-11ee-bd99-a3ef105dc64b;0;;;
'2023-11-21';2d1df530-83a3-11ee-add8-a3b9df526784;0;;;
'2023-11-21';301f7a90-8873-11ee-9cbc-3145c56a2dc8;0;;;
'2023-11-21';34061640-095f-11ec-8e63-4b3c41117f08;0;;;
'2023-11-21';433be2b0-7f0b-11ee-aa73-b3842b334a5a;0;;;
'2023-11-21';6a1437f0-101d-11ee-a23f-818eb2cf6f27;0;;;
'2023-11-21';0c97ce60-7103-11ee-b9df-7738e9e57271;0;;;
'2023-11-21';a6de24d0-3d5a-11ec-8f39-732d0dc07301;0;;;
'2023-11-21';2f94c6f0-9e38-11ed-b06a-7987044cd00d;0;;;
'2023-11-21';00ca2a50-a518-11ec-adf1-d3d8949cd1bb;0;;;
'2023-11-21';cd4bb320-8822-11ee-82e0-cdda5d826177;0;;;
'2023-11-21';76fda270-e5ad-11ed-ac9e-417b67ea4362;0;;;
'2023-11-21';ca9a72e0-829d-11ee-8118-89306161f89a;0;;;
'2023-11-21';1ba214d0-22eb-11ee-8e8a-7f6209843ced;0;;;
'2023-11-21';c056c4e0-e979-11ed-b6b7-a96dd1b345be;0;;;
'2023-11-21';969fb5e0-cac5-11ec-b73b-d59cb4cad08d;0;;;
'2023-11-21';322978b0-a7a2-11e9-a76a-a507233a89cd;0;;;
'2023-11-21';caa524f0-f3c9-11ed-85ac-3ddcab99fad3;0;;;
'2023-11-21';73f9d410-5455-11ee-9416-17b4d8e3d02f;0;;;
'2023-11-21';fae8adc0-6ede-11eb-9e19-47088db49aac;0;;;
'2023-11-21';a12fd5c0-13d2-11ed-9577-2f98a8ff01ab;0;;;
'2023-11-21';ff52b590-2297-11ed-8cb9-e5dc54b353b6;0;;;
'2023-11-21';b62eb870-8815-11ee-8cee-a3d32b948f53;0;;;
'2023-11-21';28b382d0-387b-11ee-be78-39889ce96ff7;0;;;
'2023-11-21';40a62a80-73c4-11ee-87b2-4fbae9730114;0;;;
'2023-11-21';987a1860-043f-11e9-b29a-657a90787be9;0;;;
'2023-11-21';3522c450-f163-11ec-891c-677e674243d7;0;;;
'2023-11-21';21f23600-8810-11ee-ad75-0b24bc8cacfe;0;;;
'2023-11-21';0b7e3220-a8ff-11ed-ac6e-2b8b3b227614;0;;;
'2023-11-21';5a4cd2c0-62b9-11ee-865c-df3295653ca0;0;;;
'2023-11-21';45152830-f10f-11eb-94d2-3b1b0d61e40d;0;;;
'2023-11-21';7b3d2810-e585-11ed-a524-d983167b6653;0;;;
'2023-11-21';b7166730-13d3-11ee-b9e8-a1400fae0a2b;0;;;
'2023-11-21';7048a140-e582-11ec-8d0e-f78e45bdf7d6;0;;;
'2023-11-21';5ff52260-883c-11ee-aebf-49a3bf0f34c2;0;;;
'2023-11-21';b2a21c20-a872-11ed-a9aa-9567fc592108;0;;;
'2023-11-21';b68160c0-0449-11ee-9d50-3bc9f4d14e8b;0;;;
'2023-11-21';6bbcbdc0-8840-11ee-8717-3daeec30217f;0;;;
'2023-11-21';f71e9ff0-7698-11ee-ba46-e3464bf649a1;0;;;
'2023-11-21';30c1d280-7492-11ee-b37e-6f8096c4e55b;0;;;
'2023-11-21';42751810-8852-11ee-a8b6-57b11f49fbab;0;;;
'2023-11-21';eb725850-f30c-11ed-8ff3-a3f0d6592f1a;0;;;
'2023-11-21';b54ce1f0-f074-11ec-ba12-1f525c58d746;0;;;
'2023-11-21';5dcaacd0-a043-11ed-80f5-717fdfa0f72d;0;;;
'2023-11-21';295e57a0-8731-11ee-8b57-1b5515413870;0;;;
'2023-11-21';424d1220-63bd-11ee-bf5c-2915cf679904;0;;;
'2023-11-21';70b39370-c1bd-11ed-b290-a1a120fcbe4b;0;;;
'2023-11-21';5f58c470-2450-11ed-8855-659049a85b12;0;;;
'2023-11-21';552a7810-142a-11ea-993f-7bdafe2debcd;0;;;
'2023-11-21';df04f070-7291-11ec-94d2-cfab47949307;0;;;
'2023-11-21';6b59cff0-18d9-11eb-a819-bdd94c6f9988;0;;;
'2023-11-21';b6c142f0-7797-11ee-83d2-9500cff1cbb2;0;;;
'2023-11-21';7a90fc60-fd4e-11ea-b58f-25fed1f2453d;0;;;
'2023-11-21';5bb5d6c0-3ca8-11ee-a061-51e7a79d61f1;0;;;
'2023-11-21';7ec12bb0-3cda-11ee-9e53-d54ebe9dcd5b;0;;;
'2023-11-21';f1e54a80-3da8-11ee-b023-35391fda87f5;0;;;
'2023-11-21';23f194a0-d2ae-11ec-b8f4-3d3ee5b5f629;0;;;
'2023-11-21';f136c220-60cd-11e8-8ebd-45fc1d9c550a;0;;;
'2023-11-21';75b20420-0d69-11eb-8c71-d7addfc31ca7;0;;;
'2023-11-21';2bd1b660-8896-11ee-a774-813808b7c204;0;;;
'2023-11-21';8fb25600-7255-11ee-998b-67ca29ea254a;0;;;
'2023-11-21';47d1d680-b5d1-11ed-819a-7fe655647e59;0;;;
'2023-11-21';c061d420-1efd-11ee-a34d-73ebe175cf79;0;;;
'2023-11-21';daed2f70-6dcb-11ee-a3ed-85faed8b53a2;0;;;
'2023-11-21';7f952400-5635-11ee-8e40-45291a92c21a;0;;;
'2023-11-21';074ef850-570d-11ec-86aa-7def85fbd140;0;;;
'2023-11-21';8d582c20-6c30-11ee-ae84-931626bad739;0;;;
'2023-11-21';ff7f7e70-0e54-11ec-94b7-a70b54151b4a;0;;;
'2023-11-21';79ecf300-e5d5-11ed-ade6-05d8562a17db;0;;;
'2023-11-21';6fc39270-57e7-11e8-b8eb-5dd751d2ca2c;0;;;
'2023-11-21';7abbb2a0-7e0d-11ee-9c0f-d582c0cbde2c;0;;;
'2023-11-21';844e2090-81c0-11ed-9983-d9a9308a0762;0;;;
'2023-11-21';2da1e890-7620-11ed-abc8-f54409717b0f;0;;;
'2023-11-21';1032eac0-708f-11ed-9686-3b616547ff8e;0;;;
'2023-11-21';29d09e10-3406-11ee-a2f3-43bc4f235799;0;;;
'2023-11-21';e03f6190-69a2-11ea-a9a5-51de07e8ae4e;0;;;
'2023-11-21';1838dd70-5ba7-11ee-af48-9d8a47646600;0;;;
'2023-11-21';d4ec2690-28e8-11e8-abd7-9123c60d10ed;0;;;
'2023-11-21';0e6aa800-76f5-11ee-8572-efd0656c8abe;0;;;
'2023-11-21';0176d5d0-eff3-11ed-8ea5-5f4c473eaf0a;0;;;
'2023-11-21';d436d5a0-6883-11eb-9e21-a745138e8f44;0;;;
'2023-11-21';880756b0-5a06-11ee-813b-731c29668320;0;;;
'2023-11-21';8a2ed430-2e10-11e9-8b85-733612b647ec;0;;;
'2023-11-21';916d2fd0-1989-11ee-a4d8-b7d2f18fabd4;0;;;
'2023-11-21';c885a990-82d2-11ee-807a-2f5f849e2667;0;;;
'2023-11-21';507835e0-0dd3-11ee-a082-a568e5471219;0;;;
'2023-11-21';54860bd0-887b-11ee-adb7-c3472b0ab53d;0;;;
'2023-11-21';5549f370-eed4-11ec-844a-37590d323efc;0;;;
'2023-11-21';fee78c30-04ea-11ee-b596-0dc7b6e39fd5;0;;;
'2023-11-21';facc7ab0-7076-11ed-89ee-95183da5540b;0;;;
'2023-11-21';938550a0-60dd-11ed-94d2-0958f9e80160;0;;;
'2023-11-21';451549c0-c209-11ec-8dcf-2d52591f7568;0;;;
'2023-11-21';183c0c50-10a9-11ee-b622-73af196ed606;0;;;
'2023-11-21';7dba81e0-5847-11ec-85b8-e9aacc198804;0;;;
'2023-11-21';26a82560-bf0c-11ed-9106-7b6e57102393;0;;;
'2023-11-21';95f02130-8869-11ee-b76f-3d56868f9832;0;;;
'2023-11-21';18d6bbc0-1a17-11ee-a642-63c85a1cf94e;0;;;
'2023-11-21';19b164b0-883e-11ee-b4cd-d7a62d2202dc;0;;;
'2023-11-21';e5a6d150-886a-11ee-8bb6-97a8245210b3;0;;;
'2023-11-21';9de5bf20-877f-11ee-8485-ab8b6069d6bb;0;;;
'2023-11-21';e8370690-2237-11ee-9633-8f40abc9355c;0;;;
'2023-11-21';0da39160-59a6-11ed-98f7-edf7a4758b7b;0;;;
'2023-11-21';55c2d630-2adb-11ed-bc2e-0b3caa0f4352;0;;;
'2023-11-21';f165b8c0-bffd-11ed-b68b-cb215499e0ad;0;;;
'2023-11-21';26625cc0-aa66-11ed-84e2-0fa7ce463de6;0;;;
'2023-11-21';6f4ba810-5901-11ea-9b53-85a695007b59;0;;;
'2023-11-21';ed814c00-223c-11ee-b892-13192efe75f9;0;;;
'2023-11-21';a2002b70-2ec1-11ee-bda9-dffeb60c28e9;0;;;
'2023-11-21';1eb85d60-a2b6-11ed-b350-95476afc0e8b;0;;;
'2023-11-21';1e968b90-252e-11ee-b7b2-a74fba68f738;0;;;
'2023-11-21';258ffb60-858d-11ee-8293-dfb76aac36cb;0;;;
'2023-11-21';6716d230-26e1-11ee-8726-d5b75c527547;0;;;
'2023-11-21';87df5600-365a-11ec-8f46-8f60c9069f19;0;;;
'2023-11-21';10624110-2f5e-11ee-bd33-07c8c9a6c553;0;;;
'2023-11-21';cb6907e0-4891-11ee-b541-098293c918f6;0;;;
'2023-11-21';7775c2a0-0bf6-11ed-b997-b1adc8628e36;0;;;
'2023-11-21';bf7b5420-491e-11ec-8caf-f9117ca7db16;0;;;
'2023-11-21';cf7f8010-6c5d-11eb-a86f-97bd20503bcf;0;;;
'2023-11-21';00c19fc0-2e89-11ed-a87c-dd71f0332984;0;;;
'2023-11-21';a06a93a0-824b-11ec-aa14-8d820679c3af;0;;;
'2023-11-21';e082d420-2dab-11eb-990f-d590656e8fdd;0;;;
'2023-11-21';de16db50-00f9-11ed-8fac-51436094ed22;0;;;
'2023-11-21';942b14b0-3740-11ee-9c50-23d848797bb4;0;;;
'2023-11-21';3354d130-63c0-11ec-9b04-3d5bb5028baf;0;;;
'2023-11-21';262fe3d0-35cb-11ee-bf75-5ba290ef6734;0;;;
'2023-11-21';c3ea1a10-747c-11ee-ae3c-171a2c49bbb4;0;;;
'2023-11-21';b1dc2150-b9bb-11ed-85a9-cfe1d16addbc;0;;;
'2023-11-21';48ec9dd0-6192-11ee-94f1-0560d41158cd;0;;;
'2023-11-21';8a908740-77ce-11ee-9ff1-b1f8d7282e9b;0;;;
'2023-11-21';a8e85340-4a15-11ed-a7da-7dec499336d3;0;;;
'2023-11-21';4c749bc0-1ac6-11ec-b507-6d3180b60d38;0;;;
'2023-11-21';e8e22150-4ef2-11ee-9563-ef1f2dca50be;0;;;
'2023-11-21';d3508850-aba4-11ed-af5e-01cf67d59b5e;0;;;
'2023-11-21';14c34c30-883d-11ee-a092-bfbbc5c29684;0;;;
'2023-11-21';20ee5dd0-7639-11ee-a6e0-2dd39cae1ff3;0;;;
'2023-11-21';5e6c9a00-53ac-11ee-9180-63c3ed20ef5e;0;;;
'2023-11-21';5b6e24c0-12e1-11ed-bb7a-819582b3bcb0;0;;;
'2023-11-21';2efe5f20-f7e4-11ed-adb1-15d4b09d3162;0;;;
'2023-11-21';ce5574e0-680b-11ee-a86c-ef9cd1d092e9;0;;;
'2023-11-21';58cf3110-9edc-11ec-8748-eb3c380e3c39;0;;;
'2023-11-21';8695b740-31e3-11ee-848d-819c883f7e7d;0;;;
'2023-11-21';afd82fd0-ab69-11ed-bff9-c95875bd4134;0;;;
'2023-11-21';5a8e7230-7ded-11ee-9a85-bdddd8ce7b79;0;;;
'2023-11-21';a515b550-8754-11ee-81a0-fd9f38c6e7b2;0;;;
'2023-11-21';f7662ee0-22a5-11ec-8160-0d3fd119ed49;0;;;
'2023-11-21';c6f084e0-1498-11ee-9a00-c1d45ba502dd;0;;;
'2023-11-21';77352830-3bb2-11e8-a795-ed56a10b22f3;0;;;
'2023-11-21';f7e38150-87d5-11ee-934f-31f918267055;0;;;
'2023-11-21';e1215290-e4be-11ed-b55f-159044f7be46;0;;;
'2023-11-21';e066e4d0-16fd-11ed-b7b0-47b2474cb7da;0;;;
'2023-11-21';ae2a43f0-16d6-11eb-b104-e9b8ac53c16d;0;;;
'2023-11-21';296312c0-6799-11ee-9981-a7ca7eaa04d8;0;;;
'2023-11-21';38bea320-82a0-11ee-ad1e-910e622cef36;0;;;
'2023-11-21';dcb91630-2e9b-11ee-9afb-e519324ba93f;0;;;
'2023-11-21';48977cb0-db0c-11eb-8c56-3f2df32abc96;0;;;
'2023-11-21';22f02860-ba26-11eb-95b4-9bb66a80a2f5;0;;;
'2023-11-21';f4af8f60-5986-11ee-ba15-499e54618a02;0;;;
'2023-11-21';b416cae0-68d8-11ec-8b56-0fa699ff1fdd;0;;;
'2023-11-21';03fa6960-8883-11ee-a8c3-0304ec4b41eb;0;;;
'2023-11-21';a6cae220-e5fe-11eb-9cfc-c97848c69fe1;0;;;
'2023-11-21';43d03980-404a-11ec-b9d0-ab0178fa8667;0;;;
'2023-11-21';1d386db0-7086-11ee-bfd0-cf943b9be06f;0;;;
'2023-11-21';9f9ebe70-2221-11ee-a8a3-7b9385a8b996;1;;;
'2023-11-21';5c5225c0-9870-11ed-ae85-019e14031a0e;1;;;
'2023-11-21';4f2f4510-aef2-11ed-861a-c12ce37770ee;1;;;
'2023-11-21';0bf73b10-2840-11e8-943e-c951257fdc25;1;;;
'2023-11-21';7d0d8b90-23f9-11ea-85a3-ef02df6407db;1;;;
'2023-11-21';d61a63c0-b415-11ed-9d72-e903075bafd8;1;;;
'2023-11-21';a5623b20-8eb0-11ed-aabd-01b51f03cf9b;1;;;
'2023-11-21';fdabc000-835e-11ee-86de-551e7781230e;1;;;
'2023-11-21';cbfd1d70-aeb5-11ed-b277-192553cd6c9f;1;;;
'2023-11-21';53e23290-7d76-11ee-b7fc-555902481ffd;1;;;
'2023-11-21';17449bb0-0d80-11ec-aebc-71bd723eb1f8;1;;;
'2023-11-21';1d474e40-2a76-11e8-8518-17b20fa8751f;1;;;
'2023-11-21';e1626450-b689-11ed-9b96-7b01cb02c780;1;;;
'2023-11-21';4672ff90-4155-11ec-a29c-cffb3c38e012;1;;;
'2023-11-21';dd0d4c40-cd40-11ec-a386-ffd303a3b24d;1;;;
'2023-11-21';a7800af0-7fc7-11ee-9c83-5dd1d6c620e2;1;;;
'2023-11-21';b0d23cc0-335c-11ee-9799-c3a0dc6cbe4b;1;;;
'2023-11-21';0285c1b0-5db8-11ee-91a0-bd8641dc8912;1;;;
'2023-11-21';718e9310-6d04-11ee-a7ad-477a937c892e;1;;;
'2023-11-21';a5a7a1b0-63f4-11ed-8d11-133ca1fae8d9;1;;;
'2023-11-21';05e64cc0-8834-11ee-9a51-75f5268943a3;1;;;
'2023-11-21';b91cbb20-db83-11ed-b2fe-e36082a9bff6;1;;;
'2023-11-21';754ef710-78e4-11ee-99e7-43f8c9f9d529;1;;;
'2023-11-21';eccc18c0-dd0f-11ed-ac14-f174b049b2e2;1;;;
'2023-11-21';0467a480-869e-11ee-85f6-d340cdacb9ed;1;;;
'2023-11-21';d50019f0-8375-11ee-9bb7-dd2f13a3add7;1;;;
'2023-11-21';e8fcd050-2d9d-11eb-a489-2bf3c78e9839;1;;;
'2023-11-21';f3994b10-61a2-11ee-9423-d99073ceab29;1;;;
'2023-11-21';b6cc7270-09fa-11ee-b472-6b87a0e1e329;1;;;
'2023-11-21';b3a7dd60-7890-11ed-9772-b52ecddda998;1;;;
'2023-11-21';6cfa1320-4bb7-11ed-b77e-753592143225;1;;;
'2023-11-21';a6cd5c00-a486-11e9-9e7a-09edaa178626;1;;;
'2023-11-21';7b868c60-e97a-11ec-887d-a9627b402fe8;1;;;
'2023-11-21';289bc360-afde-11ec-a882-df5bc25920ab;1;;;
'2023-11-21';04e611b0-5bbc-11ee-b948-2f8f6f3b2f83;1;;;
'2023-11-21';ac25a8b0-7939-11ee-844d-c97f903509c5;1;;;
'2023-11-21';3e04c590-7a17-11ed-8380-eb144f55cc68;1;;;
'2023-11-21';ae9d92d0-8869-11ee-961e-d906d865f089;1;;;
'2023-11-21';33864540-382f-11ee-a5a1-cfd5c6784c6b;1;;;
'2023-11-21';5c16fa10-08d5-11ee-b78b-bd61fec41ef0;1;;;
'2023-11-21';2f0a6820-1985-11ee-aa32-8bc1afd5ce8e;1;;;
'2023-11-21';9204b820-1658-11ee-bc39-8349cecc3070;1;;;
'2023-11-21';f487ad20-51bb-11ed-8b5d-790907ccf4e0;1;;;
'2023-11-21';c64d0aa0-8472-11ee-a430-afa118aa65b1;1;;;
'2023-11-21';8c883ad0-17e2-11ee-8e4f-791b6f816e14;1;;;
'2023-11-21';8ed6f1c0-eff5-11ec-beb2-39b9f7195fe5;1;;;
'2023-11-21';28366360-ef18-11ed-b830-c7d4cc6da48f;1;;;
'2023-11-21';16e4b0b0-f631-11ed-b894-9d1389c7599d;1;;;
'2023-11-21';02a1d900-a64c-11ed-a3c5-4da84c18504e;1;;;
'2023-11-21';7d01ee20-8368-11ee-b739-93d2ce5e5566;1;;;
'2023-11-21';7e494350-c31a-11ed-bea0-83f6a4c429c1;1;;;
'2023-11-21';2c228330-51e6-11ec-9fe1-dfb76e3da1e8;1;;;
'2023-11-21';e9e87970-683b-11ee-9a01-ebe9a7ac0e13;1;;;
'2023-11-21';50c39c60-69b4-11ed-a12b-097682f6dbb7;1;;;
'2023-11-21';904969c0-5db8-11ee-9185-e5270066a2d3;1;;;
'2023-11-21';ef18cfb0-8778-11ee-b382-7f8b46cfaa90;1;;;
'2023-11-21';1ce98380-dbc4-11ea-9602-c558fecff054;1;;;
'2023-11-21';a2fab990-988b-11ed-89d2-e383ef579655;1;;;
'2023-11-21';f9d41990-83aa-11ee-b0e8-378655dc29f6;1;;;
'2023-11-21';bd27f410-d6aa-11ed-b10e-ff3b2a9f7a5a;1;;;
'2023-11-21';bd1fb920-2388-11ec-b18e-4700a275e16b;1;;;
'2023-11-21';3aa5e760-d3a1-11ed-b6d4-25cf9788359e;1;;;
'2023-11-21';d58ebd60-3aea-11e8-b293-bbd54ff60b3c;1;;;
'2023-11-21';48a84c40-2612-11ee-ae83-9b0d8ee98c08;1;;;
'2023-11-21';5be259d0-7a05-11ee-b440-477a79b36e5f;1;;;
'2023-11-21';62905e10-37ff-11ed-869a-8be0571a2887;1;;;
'2023-11-21';dea9d400-d805-11eb-900c-b38b424d9453;1;;;
'2023-11-21';35dc86a0-c90f-11ec-801c-c32341e7529a;1;;;
'2023-11-21';00dcb5a0-4d9e-11ee-908b-6d7b523fe0db;1;;;
'2023-11-21';cba95fa0-f12d-11ec-8883-2dff10493977;1;;;
'2023-11-21';536eaf70-47f0-11ee-8f9b-db689560ddf2;1;;;
'2023-11-21';7c388270-8830-11ee-ade1-dbf10b8e65fd;1;;;
'2023-11-21';51fc4970-b951-11eb-b18b-e576f0c0802a;1;;;
'2023-11-21';cb77ea80-eafa-11ec-815a-913545fe7734;1;;;
'2023-11-21';e31e7810-425d-11ed-955f-51c8b6f72739;1;;;
'2023-11-21';3128c420-883a-11ee-a636-93d20e738253;1;;;
'2023-11-21';0fe53690-8fb3-11eb-af7c-194f42125dfa;1;;;
'2023-11-21';bb0b3000-7906-11ec-a798-d37935818978;1;;;
'2023-11-21';3336c720-01f4-11ee-a90c-9f7a3efb8f02;1;;;
'2023-11-21';6734d920-1eea-11ec-a797-b508d2ee995d;1;;;
'2023-11-21';65c190c0-7d76-11ec-bc9c-fbe5d852bcca;1;;;
'2023-11-21';bc06a620-2a1b-11ee-aa7f-b74af0ed65dd;1;;;
'2023-11-21';0a2bb3c0-ab6b-11ed-be9a-7d85c48cc010;1;;;
'2023-11-21';780e2fd0-f923-11ec-b483-55f9ac380315;1;;;
'2023-11-21';a5f4fc40-3517-11ee-838e-e51c7695bc85;1;;;
'2023-11-21';b98b6460-ca1b-11eb-a705-71a6025fdfd6;1;;;
'2023-11-21';9ddda6e0-1412-11ee-8d7e-0594fc8b8a60;1;;;
'2023-11-21';dcb922f0-61f0-11ee-8c03-2deb997c6e4f;1;;;
'2023-11-21';405012f0-423a-11ee-9ce8-4d8302e7dcc8;1;;;
'2023-11-21';a05ca900-717a-11ee-9d64-e7ef46b569ef;1;;;
'2023-11-21';15eabff0-6312-11ec-a738-2ba595a08e5b;1;;;
'2023-11-21';c1a28c20-ba1f-11eb-98a9-ffa5882c14df;1;;;
'2023-11-21';3d6a5bc0-f886-11ed-b624-3d92a4179f96;1;;;
'2023-11-21';71d06080-f633-11ed-b525-0f6a37bdae54;1;;;
'2023-11-21';db051bc0-93a7-11ed-95d3-979ead0f2a89;1;;;
'2023-11-21';c024ef90-a074-11ed-9305-912b317c593f;1;;;
'2023-11-21';ce481ab0-76ee-11ee-9139-ef1e83fa2a18;1;;;
'2023-11-21';ed7bf8b0-7ce2-11eb-a984-0b585d77fc73;1;;;
'2023-11-21';0cf36d40-0526-11ee-af8b-9f91d5d1bc12;1;;;
'2023-11-21';d0ec1050-7eeb-11ee-8234-a9172cd5e528;1;;;
'2023-11-21';a89957f0-52c9-11ee-ab89-9f49151b6d41;1;;;
'2023-11-21';e4d5ad30-4add-11ed-b668-373f911ad951;1;;;
'2023-11-21';504c5450-6be0-11ee-93b5-7d7f13283415;1;;;
'2023-11-21';9d83c4e0-b84a-11e9-88c7-c99a432d58ab;1;;;
'2023-11-21';26a8d3d0-aae3-11ed-8dea-79b3b08c841a;1;;;
'2023-11-21';ea49e530-8597-11ec-a500-1f6a40b1627c;1;;;
'2023-11-21';259e9c20-3a5b-11ed-a336-0f3da237cfa7;1;;;
'2023-11-21';df3bceb0-5e99-11ee-88e1-9ba78e205adb;1;;;
'2023-11-21';4789edb0-aea2-11ed-bb08-e3e8d4b65fee;1;;;
'2023-11-21';dab96fc0-82c8-11ee-bbb4-0bf408c5e684;1;;;
'2023-11-21';c7af8560-6287-11ee-958e-3593f0855815;1;;;
'2023-11-21';036c87b0-267a-11e8-8408-f9f917206103;1;;;
'2023-11-21';8e320dc0-8781-11ee-9e03-b1560c194fee;1;;;
'2023-11-21';09ed0690-1d3d-11e9-bc4c-eb128daee7b0;1;;;
'2023-11-21';e43fa560-4d67-11ed-b913-d30ce706f537;1;;;
'2023-11-21';57a7ee50-8754-11ee-81e2-df2c1083f17c;1;;;
'2023-11-21';6afc6bf0-c177-11ed-8b42-85324f3bdc75;1;;;
'2023-11-21';92c829a0-f60a-11ec-b9a6-ef95b8b731ba;1;;;
'2023-11-21';7a33c1e0-10c8-11ee-be70-cff834b948a1;1;;;
'2023-11-21';afd60a50-7406-11ee-bb47-bf571cc653cf;2;;;
'2023-11-21';db26e4b0-f588-11ed-a8ca-71e5c8648649;2;;;
'2023-11-21';7017a720-2d61-11ee-90ac-75a9a49209d9;2;;;
'2023-11-21';d00c0240-f725-11ea-b033-ed8fc7294b9d;2;;;
'2023-11-21';e5add4e0-8767-11ee-b90e-d31448cb63b0;2;;;
'2023-11-21';8f27ffd0-278f-11e8-ad75-fd55c59e8a22;2;;;
'2023-11-21';f5912b00-0c51-11ee-82b4-47d4a006bbc9;2;;;
'2023-11-21';10efec50-7e95-11ee-b506-3b0dc8943061;2;;;
'2023-11-21';7f6e28d0-da65-11eb-ba4c-838bfeddbf04;2;;;
'2023-11-21';fc825680-6275-11ee-a126-ff40476b8939;2;;;
'2023-11-21';7e220550-f31e-11ec-8e07-4b0945ab8457;2;;;
'2023-11-21';9162fe50-293a-11ee-b28d-4db685a7d74d;2;;;
'2023-11-21';6e5f0ee0-09b8-11ee-b7f5-7b3e68943dcd;2;;;
'2023-11-21';373961c0-35df-11ed-8206-bd519374e178;2;;;
'2023-11-21';5a736c00-206a-11ee-bddf-3d0398856c53;2;;;
'2023-11-21';397fdaf0-34b8-11ec-9b79-0bc2295b5ed8;2;;;
'2023-11-21';95cea920-fa62-11eb-b002-f375b79e9fca;2;;;
'2023-11-21';1a7ce660-bf2d-11ed-a0db-bbdf05321599;2;;;
'2023-11-21';e0964e40-03ee-11ed-b241-6157877557bf;2;;;
'2023-11-21';8f38add0-839b-11ee-ad5f-b53d8240324b;2;;;
'2023-11-21';e280f760-1e4a-11ee-86e8-b13ced4dad7a;2;;;
'2023-11-21';3d34d200-6651-11ee-bb42-879a73c6e773;2;;;
'2023-11-21';d70dcaa0-0d9b-11ec-9480-19aec6605e49;2;;;
'2023-11-21';265b0790-1782-11ec-9cf7-41818aa3fea0;2;;;
'2023-11-21';9ea21d90-266f-11e8-bdcc-8bfb8cd4ee41;2;;;
'2023-11-21';96387620-7d37-11ee-af01-e7daab1780b8;2;;;
'2023-11-21';90694410-2f24-11ee-82be-ed4d2f30ad09;2;;;
'2023-11-21';3d21e9b0-1ee9-11ee-80e6-173bb63d4809;2;;;
'2023-11-21';ac866e90-8477-11ee-accc-07da7732de51;2;;;
'2023-11-21';07fa5080-9e54-11ed-b36a-c7f4ef4928ce;2;;;
'2023-11-21';82d27e80-448b-11ee-90cd-538c962db324;2;;;
'2023-11-21';e8449010-878d-11ee-bcc3-910a098e805e;2;;;
'2023-11-21';4cedb770-1174-11ee-b5d1-5190f485ef48;2;;;
'2023-11-21';382484b0-4976-11ee-920e-2dc0028340f6;2;;;
'2023-11-21';bb6672a0-3602-11eb-80dd-fd89cd589d29;2;;;
'2023-11-21';e1443040-adbd-11ed-a0d9-051e0aa78b52;2;;;
'2023-11-21';75240e80-e44f-11ed-a951-e539fad9f4b9;2;;;
'2023-11-21';eb648b40-29f7-11ee-9e11-efae88cacb8f;2;;;
'2023-11-21';deec2670-0bf7-11ee-9e98-452b50bf98c6;2;;;
'2023-11-21';ab0c7370-8882-11ee-a4e6-0bfa1e7d0787;2;;;
'2023-11-21';dd0a6470-7133-11ed-99fe-9b8054925168;2;;;
'2023-11-21';cbc491b0-6e11-11ed-b3cb-43413812874c;2;;;
'2023-11-21';b4998810-0f38-11ee-9783-95cb32cfd865;2;;;
'2023-11-21';3bf7c6a0-7bc1-11ea-b721-fb0d67f1333e;2;;;
'2023-11-21';e00bbcd0-2c9c-11ee-87a7-3f33b7dd19dd;2;;;
'2023-11-21';68fd2fc0-c9aa-11ed-a3a8-01438239eb21;2;;;
'2023-11-21';893f8fc0-60d8-11ed-93ac-bdc11d75942e;2;;;
'2023-11-21';16466610-8224-11ee-a67a-5767e0cc2239;2;;;
'2023-11-21';b21c17f0-8879-11ee-a89e-834d5162e4cd;2;;;
'2023-11-21';770aa300-9425-11ed-bdfb-8bb1de326206;2;;;
'2023-11-21';56b569a0-0375-11ed-92b1-ab7d976ce07c;2;;;
'2023-11-21';e8cc7d40-5844-11ee-a340-996a4b5e9a34;2;;;
'2023-11-21';bee38260-77ae-11ee-9e03-19b7cb09f8fa;2;;;
'2023-11-21';9a1bb5a0-2670-11e8-bfc6-df51f8419a76;2;;;
'2023-11-21';15ce3a90-bbe3-11ec-87d6-13adaa3e4e84;2;;;
'2023-11-21';10f57040-c842-11ec-bb0c-3fae98676242;3;;;
'2023-11-21';55eb7340-7d7a-11ee-83f2-c918dbdb0679;3;;;
'2023-11-21';5cadd100-3d17-11ec-8fe3-975ff41ee3ba;3;;;
'2023-11-21';2f571bc0-8229-11eb-8c00-91824a326619;3;;;
'2023-11-21';330c2260-8311-11ee-b6ce-73b2cfebefef;3;;;
'2023-11-21';e8555220-831d-11ee-a8d0-8f86ee0a781c;3;;;
'2023-11-21';c3cc73f0-728f-11ee-951b-25fd306d7297;3;;;
'2023-11-21';65a76ce0-93ce-11ec-b4a5-99d500c079e4;3;;;
'2023-11-21';637af7b0-63f3-11ee-95fe-df5ea84dbbb3;3;;;
'2023-11-21';60355210-28de-11eb-aa02-c3649cfe7f71;3;;;
'2023-11-21';e67cf790-881e-11ee-b32e-314cf2e7d54e;3;;;
'2023-11-21';d4241610-878c-11ee-a56e-8956c1b84e92;3;;;
'2023-11-21';465be2f0-3bb0-11e8-8fa8-1b1427a6d2d1;3;;;
'2023-11-21';774b21b0-8839-11ee-9df1-17a384494626;3;;;
'2023-11-21';ba357860-934e-11ea-8d9f-4db87c52ce05;3;;;
'2023-11-21';30704c10-d1e3-11ec-bfc5-57a9ca8b03db;3;;;
'2023-11-21';15afe630-596d-11ed-89dc-f1f99923ecaa;3;;;
'2023-11-21';d3aaff70-4d9f-11eb-beb2-778cb11c16bd;3;;;
'2023-11-21';7ca71aa0-e67d-11ed-b52f-730afe4cbf5d;3;;;
'2023-11-21';c5fe5a80-e9fd-11ea-b47f-77e61bc8ee91;3;;;
'2023-11-21';9b676690-8651-11eb-9248-119991b39ad4;3;;;
'2023-11-21';ec6fa8d0-292a-11ee-98cc-7f27e622bdb4;3;;;
'2023-11-21';9a331d70-2b19-11eb-9436-8fbb00537f08;3;;;
'2023-11-21';dde13860-a50f-11ec-b3d3-9dc086b187f1;3;;;
'2023-11-21';bec55e60-bd4d-11ec-bad1-352a3c90f6eb;3;;;
'2023-11-21';4fc0da70-83cc-11ee-91ee-b12f7363f935;3;;;
'2023-11-21';cf5dc310-8368-11ee-b536-191be0cece0e;3;;;
'2023-11-21';f65363c0-0724-11ec-bd81-49e1f86f6eaa;3;;;
'2023-11-21';aafa9760-dd13-11ed-b9c7-67fccc4223ef;3;;;
'2023-11-21';4c80f380-8338-11ed-90c1-f9a436dd9936;3;;;
'2023-11-21';27578f90-2ea7-11ee-9fdf-2f0158ff8387;4;;;
'2023-11-21';3db82a10-1a66-11ee-908f-553062a53e04;4;;;
'2023-11-21';e247acc0-1c7a-11ee-bda5-8961e2ebcb05;4;;;
'2023-11-21';648c2480-c0ab-11ed-9a17-8396e86aa4ff;4;;;
'2023-11-21';ed86c9c0-7aac-11ec-acca-5f63a2dd38d1;4;;;
'2023-11-21';0fd0e7c0-2922-11ee-8211-f399b92b8525;4;;;
'2023-11-21';f7d05c50-17cf-11ed-a78c-912ed4e7c32f;4;;;
'2023-11-21';9d657c50-6965-11ec-a4a9-912dae094ad1;4;;;
'2023-11-21';2630a7f0-3a7d-11ee-88b2-d18fd7859087;4;;;
'2023-11-21';5a658050-0c93-11ec-ab65-cb67d5fe8127;4;;;
'2023-11-21';82712da0-6656-11ee-8ec4-1512b411dbd9;4;;;
'2023-11-21';c0b149c0-82c0-11ee-9543-0f2bd4968c29;4;;;
'2023-11-21';d2ae4e50-3d9a-11ed-a3b8-d5b28dcf3633;4;;;
'2023-11-21';82c3a6b0-0974-11ed-92d9-17c41638c6a3;4;;;
'2023-11-21';deda8360-1ef4-11ee-b302-f1f56b29558e;5;;;
'2023-11-21';5215f4f0-cd28-11ed-8301-5b0a799af48b;5;;;
'2023-11-21';578291b0-8393-11ee-8a34-19f49d530ca0;5;;;
'2023-11-21';f500b590-c06f-11ec-8b2f-e9f5deb0405e;5;;;
'2023-11-21';cd52c640-4ec2-11ee-8c82-d949aeea4d5b;5;;;
'2023-11-21';7d6f5730-87a0-11ee-a766-970a3f202a2d;5;;;
'2023-11-21';7dcf0010-097e-11ec-b32f-71281354a61e;5;;;
'2023-11-21';9d2e8670-5ffd-11ed-b948-512425ef053b;5;;;
'2023-11-21';cbd6ed70-770b-11ee-943f-fbd14b23e8fb;5;;;
'2023-11-21';5875f070-7b92-11ee-a6fb-8b298e83f4f7;5;;;
'2023-11-21';b85cce50-885d-11ee-a52c-4fd6a0ef88fb;5;;;
'2023-11-21';bbab5e70-72a3-11ee-a221-75f90ae701fd;5;;;
'2023-11-21';3f69ee50-2c0c-11ed-be50-6fb693743b92;5;;;
'2023-11-21';dcecebe0-9265-11ed-b63b-5f99b692759f;6;;;
'2023-11-21';03730d20-5ce2-11ee-9006-b178b960a5f1;6;;;
'2023-11-21';72f7ac50-73d0-11ee-96f5-3f4f8a11dc86;6;;;
'2023-11-21';1fa6f5c0-918b-11ec-89d2-a9d85d4b2984;6;;;
'2023-11-21';41929e00-ed7f-11ec-9312-0d11536d0b37;6;;;
'2023-11-21';340f5f70-32ba-11ea-b6ab-095ec91ca0b3;6;;;
'2023-11-21';474218c0-1fc0-11ee-9277-c71cabf691c3;7;;;
'2023-11-21';24492390-8417-11ec-986d-ad2efb8abac5;7;;;
'2023-11-21';c2f292c0-8798-11ee-bdef-077814a8260b;7;;;
'2023-11-21';2e224d30-b5da-11eb-8919-d5f67559ad32;7;;;
'2023-11-21';e4c316d0-8bdc-11ed-8d87-0bd1e42735fc;7;;;
'2023-11-21';b7f0eeb0-c7e2-11ed-984b-01466d9570ce;7;;;
'2023-11-21';efbdc0c0-816e-11ee-9cc3-0739fd02c351;7;;;
'2023-11-21';043da6a0-3020-11ee-9d33-0b9da90bee35;7;;;
'2023-11-21';234a96d0-ad16-11ed-a2e6-793ddfeeba1f;8;;;
'2023-11-21';701595b0-4978-11ee-b2de-53430143b7fc;8;;;
'2023-11-21';426c0c10-2670-11e8-952c-5397ebbba8bb;8;;;
'2023-11-21';e76b8130-419c-11ee-b426-27f40cc4bac3;8;;;
'2023-11-21';71aa0370-bc01-11ed-b475-112ce88e695c;8;;;
'2023-11-21';33b3ea00-87c5-11ee-a435-8fe410edcc1d;8;;;
'2023-11-21';ab6ac5d0-a7ea-11ec-a675-798b005bf57f;8;;;
'2023-11-21';a63da2d0-82db-11ee-b7b6-318a8f9f484a;8;;;
'2023-11-21';695c5ef0-25e2-11eb-a938-6bff07fe5479;8;;;
'2023-11-21';12a5fcd0-82df-11ee-8fcb-21c3325f0887;9;;;
'2023-11-21';f7ddbdb0-4897-11ee-9c4c-3fad621cf999;9;;;
'2023-11-21';c0798cb0-77a3-11ee-a404-b9c869083f86;9;;;
'2023-11-21';34804670-5b95-11ed-a84f-ef575c8f954e;9;;;
'2023-11-21';07008890-ea42-11ed-9a53-0f6e03e3ccf8;9;;;
'2023-11-21';97a73590-08fd-11ee-909b-ff7724e91f39;9;;;
'2023-11-21';6bec3f20-8875-11ee-a183-6733071ef35d;9;;;
'2023-11-22';c3cc73f0-728f-11ee-951b-25fd306d7297;10;;;
'2023-11-22';468ebab0-14b1-11ee-9165-5f88e7642ba0;10;;;
'2023-11-22';36dec390-e7f3-11eb-8e18-27db60c274f3;11;;;
'2023-11-22';2b3953f0-b3a0-11ed-a0f9-5f98ab54142c;14;;;
'2023-11-22';b5b06b80-73ef-11ee-9eeb-4f63d38f7c2e;12;;;
'2023-11-22';cbd6ed70-770b-11ee-943f-fbd14b23e8fb;11;;;
'2023-11-22';b0d23cc0-335c-11ee-9799-c3a0dc6cbe4b;16;;;
'2023-11-22';6fc1bf90-1e66-11ee-bd8f-d52ab30b5049;13;;;
'2023-11-22';c1406fb0-28e9-11ed-b8e1-757661142d2c;16;;;
'2023-11-22';11f58880-8453-11ee-afb3-7bd5493ebb29;65;;;
'2023-11-22';3ec10520-3fe2-11ee-a15c-017c8f96e422;30;;;
'2023-11-22';3c2d27c0-4fd6-11eb-b89f-2ffb31b67dd6;37;;;
'2023-11-22';b0c4b750-4353-11ea-b71d-9325d41eec6a;13;;;
'2023-11-22';7dcf0010-097e-11ec-b32f-71281354a61e;11;;;
'2023-11-22';e4fbf160-f700-11ec-86ec-336271b9e4e5;19;;;
'2023-11-22';57bad1b0-4306-11ee-93f5-d5ac32d5ea3f;0;;;
'2023-11-22';91411250-98ca-11ed-9b09-779a683509cb;0;;;
'2023-11-22';d4b39ad0-890b-11ee-b778-3d1ddc924bfd;0;;;
'2023-11-22';bea6d1b0-3a5c-11ee-a014-61f80b641ba5;0;;;
'2023-11-22';6c5e3430-cf80-11ed-a899-e7483844bb6f;0;;;
'2023-11-22';f3a48510-8746-11ee-b94d-29d6dee91658;0;;;
'2023-11-22';f0a828b0-844b-11ee-8685-cb60fb347e57;0;;;
'2023-11-22';ac25a8b0-7939-11ee-844d-c97f903509c5;0;;;
'2023-11-22';3a8fc3b0-557c-11ee-9343-b31e3ab30159;0;;;
'2023-11-22';5fc32f70-7681-11ee-8fa2-793b952c8942;0;;;
'2023-11-22';d3393290-404b-11ee-8c59-0577e34b01ff;0;;;
'2023-11-22';22323850-2e87-11e9-b7f2-77034d87bcbc;0;;;
'2023-11-22';05069640-8201-11ee-a707-09839aea96b7;0;;;
'2023-11-22';fe893cf0-f920-11ed-a862-c530d9f5f611;0;;;
'2023-11-22';4f2f4510-aef2-11ed-861a-c12ce37770ee;0;;;
'2023-11-22';a2d5df80-d50c-11e9-884d-ef73fe1f3607;0;;;
'2023-11-22';11cd60d0-87a5-11ee-b9ff-c9859da0b9f8;0;;;
'2023-11-22';94c2b740-8554-11ee-a631-0920a5d565dd;0;;;
'2023-11-22';fda734c0-0364-11ed-b7db-1911160c2710;0;;;
'2023-11-22';83040b20-7957-11ee-866e-6179777cb808;0;;;
'2023-11-22';171f6a50-895e-11ee-9f7b-bf1566859701;0;;;
'2023-11-22';10409aa0-9c66-11ed-b8ac-b911dd07f56c;0;;;
'2023-11-22';5549f370-eed4-11ec-844a-37590d323efc;0;;;
'2023-11-22';44aa9860-3692-11ee-b597-393e75307c8a;0;;;
'2023-11-22';3d039410-6751-11ed-a989-6fad21ed25f3;0;;;
'2023-11-22';77614a10-5cfd-11ee-9fae-6fe9b43efebe;0;;;
'2023-11-22';c88822c0-4d9d-11e9-8430-751a4beee6c0;0;;;
'2023-11-22';30d09420-ad53-11ed-a6aa-d7f1e63f2704;0;;;
'2023-11-22';0285c1b0-5db8-11ee-91a0-bd8641dc8912;0;;;
'2023-11-22';46e93450-b7c9-11eb-836a-1749aff69fc4;0;;;
'2023-11-22';479a0420-4baf-11ee-97e7-3f9e70e7229a;0;;;
'2023-11-22';403cdbc0-3747-11ee-89c4-8f2ae26d2a78;0;;;
'2023-11-22';7de15190-890e-11ee-ab26-43676ee1299a;0;;;
'2023-11-22';e96f1ff0-8896-11ee-b574-fbc091516a27;0;;;
'2023-11-22';96812890-87a3-11ee-9a88-f914bca26f84;0;;;
'2023-11-22';c7e3f8d0-8858-11ee-ba2a-b55c99c557f6;0;;;
'2023-11-22';d5f15a40-29e4-11ed-bcba-a712587e84d6;0;;;
'2023-11-22';517ad9c0-889e-11ee-b140-17c4b7b20e59;0;;;
'2023-11-22';f4254240-c3a7-11ec-b4a6-edf74cdbe9b7;0;;;
'2023-11-22';fd682140-8946-11ee-ac35-256e89a605ae;0;;;
'2023-11-22';b9c97cd0-4766-11ee-b17e-ff45088ab1d1;0;;;
'2023-11-22';8aa683e0-133f-11ee-b635-d7b0016bb576;0;;;
'2023-11-22';dd0379c0-88fd-11ee-9407-318ba523d02b;0;;;
'2023-11-22';93fe3b90-3680-11ee-ab2e-cbd6e044ea6a;0;;;
'2023-11-22';edc87710-77c3-11ee-a9a5-671c2efb6652;0;;;
'2023-11-22';88cdd8f0-7f7f-11ee-8b6d-215ce84172ae;0;;;
'2023-11-22';31b143e0-4b6e-11ed-9b79-0764aa78353d;0;;;
'2023-11-22';a7f7f190-88b0-11ee-91be-1ff702fbb2a1;0;;;
'2023-11-22';762c1c60-736b-11ec-a4a7-93b99e007de6;0;;;
'2023-11-22';2392ba70-a509-11ec-9b5a-3dc44283a3e5;0;;;
'2023-11-22';97a73590-08fd-11ee-909b-ff7724e91f39;0;;;
'2023-11-22';31214450-2690-11e8-b8fd-0b549d32ed37;0;;;
'2023-11-22';24c12ab0-88a3-11ee-aaa9-7d871612e23d;0;;;
'2023-11-22';259e9c20-3a5b-11ed-a336-0f3da237cfa7;0;;;
'2023-11-22';9d657c50-6965-11ec-a4a9-912dae094ad1;0;;;
'2023-11-22';1f3b4390-88e5-11ee-8fc9-cf8f2ba5a7b5;0;;;
'2023-11-22';7a2b9ca0-78f2-11ec-9aa1-85872a83291e;0;;;
'2023-11-22';42751810-8852-11ee-a8b6-57b11f49fbab;0;;;
'2023-11-22';0167ec80-1183-11ee-af63-d13505c94635;0;;;
'2023-11-22';fd1ed610-d9e8-11ed-8cf2-eb4cd9be2f79;0;;;
'2023-11-22';860aeb40-5e5f-11ed-a0f7-5fae6603b9c2;0;;;
'2023-11-22';6a306b40-f89f-11ed-9078-cfaad71884b2;0;;;
'2023-11-22';4e74df30-f3d1-11ed-94d3-2b441a4acdf5;0;;;
'2023-11-22';b1dc2150-b9bb-11ed-85a9-cfe1d16addbc;0;;;
'2023-11-22';a6de24d0-3d5a-11ec-8f39-732d0dc07301;0;;;
'2023-11-22';51dc3c40-69f3-11ec-848c-2714b3b1ce53;0;;;
'2023-11-22';b54ce1f0-f074-11ec-ba12-1f525c58d746;0;;;
'2023-11-22';c3301160-6761-11ee-8ab3-7d558c5109c5;0;;;
'2023-11-22';5a658050-0c93-11ec-ab65-cb67d5fe8127;0;;;
'2023-11-22';7e028c90-7633-11ee-9b55-b3b9a72df44c;0;;;
'2023-11-22';883a8720-e6a9-11ea-a364-0556a5a6c04f;0;;;
'2023-11-22';6ee09240-d302-11ed-8434-adf9544a6836;0;;;
'2023-11-22';0566a420-8c70-11ea-859a-adfc76da6e92;0;;;
'2023-11-22';e96829f0-1e0d-11ee-b410-971c3acb9cd9;0;;;
'2023-11-22';9936fd00-6726-11ee-8ddd-1f5cee96f0c9;0;;;
'2023-11-22';b2a22080-3d7d-11ee-a298-2dc0e0cd14dc;0;;;
'2023-11-22';68a86fa0-58c9-11e8-9368-4708b4827c85;0;;;
'2023-11-22';c5c64ce0-88f0-11ee-8000-35e661bd17f0;0;;;
'2023-11-22';7a0acd40-82af-11ee-b1e2-dd7efd5336df;0;;;
'2023-11-22';036c87b0-267a-11e8-8408-f9f917206103;0;;;
'2023-11-22';b91494a0-ee32-11e9-92c5-b7dd5733eb60;0;;;
'2023-11-22';4504a070-0eea-11ec-a1a4-27899addea3f;0;;;
'2023-11-22';caef5370-7d28-11ee-9b60-4d018ffaf097;0;;;
'2023-11-22';a6083010-843d-11ee-ab06-152f49e2f389;0;;;
'2023-11-22';295e57a0-8731-11ee-8b57-1b5515413870;0;;;
'2023-11-22';8bdefb30-6759-11ed-922b-5b3d32d28343;0;;;
'2023-11-22';1f1f3fe0-965d-11ed-8983-df8167572fe2;0;;;
'2023-11-22';caa524f0-f3c9-11ed-85ac-3ddcab99fad3;0;;;
'2023-11-22';62ad3f80-8021-11ec-8fb4-c5f48d0eb90f;0;;;
'2023-11-22';4ae3de40-b735-11ec-965b-4bf532c89b23;0;;;
'2023-11-22';7cef4bd0-7878-11ee-a466-e1a680a1d56c;0;;;
'2023-11-22';278edd90-26e3-11ee-a05a-398345d3c672;0;;;
'2023-11-22';bc3ddb30-6be4-11ee-8cee-9568efc496b0;0;;;
'2023-11-22';22526850-5c27-11ee-b491-25d0b66ecac6;0;;;
'2023-11-22';7539bbe0-88ff-11ee-b1e1-07f96acd1247;0;;;
'2023-11-22';4753a000-0aa0-11eb-97d6-51f70f92abe4;0;;;
'2023-11-22';3d34d200-6651-11ee-bb42-879a73c6e773;0;;;
'2023-11-22';7a90fc60-fd4e-11ea-b58f-25fed1f2453d;0;;;
'2023-11-22';89d81270-cfb6-11ed-ae12-937aca335b6d;0;;;
'2023-11-22';4e5d8470-1fb4-11ee-8219-1b289808c948;0;;;
'2023-11-22';825bb820-68e2-11ed-a57d-a1986253a8a5;0;;;
'2023-11-22';efd4dc80-8914-11ee-a272-4bf28191c182;0;;;
'2023-11-22';05c73160-1cdb-11ee-a28a-7773dbffe318;0;;;
'2023-11-22';84ec8fd0-75aa-11ee-95cc-3129598ae327;0;;;
'2023-11-22';60d58ec0-3041-11ee-aa23-2978f6f99b7b;0;;;
'2023-11-22';5906bfa0-511d-11ee-9520-57772194dda1;0;;;
'2023-11-22';04ca6420-88f2-11ee-938f-f188004c766f;0;;;
'2023-11-22';3b709a00-7158-11ee-9204-69ceb0c20c29;0;;;
'2023-11-22';39184740-cf27-11ed-a14b-51ff800a2225;0;;;
'2023-11-22';404deb50-e02a-11ed-a4cd-f3fc0d9aa7de;0;;;
'2023-11-22';753d0060-52be-11ee-8e74-5b685345f5a2;0;;;
'2023-11-22';90da9fa0-51b5-11ec-abd3-07467f31ef96;0;;;
'2023-11-22';b3ba67a0-0922-11ee-bdba-2f7cb3450069;0;;;
'2023-11-22';76523250-53ad-11ee-b682-7f0ad3132fc5;0;;;
'2023-11-22';2b0124c0-2b74-11ee-ae0c-6f647e174fbc;0;;;
'2023-11-22';0a0a3360-af83-11ec-92c3-2d0eb207f36b;0;;;
'2023-11-22';d64a01e0-7489-11ee-9ac9-edbcb318dc4f;0;;;
'2023-11-22';e35663b0-8951-11ee-8f43-a57648292d49;0;;;
'2023-11-22';dcb922f0-61f0-11ee-8c03-2deb997c6e4f;0;;;
'2023-11-22';9e967d90-88a8-11ee-a86f-dd553ce02589;0;;;
'2023-11-22';ce8c1530-888c-11ee-8d43-9555e2e1c8d4;0;;;
'2023-11-22';a7e569b0-9dfd-11ed-b5d4-3767c66abcf3;0;;;
'2023-11-22';27bcbb20-5101-11ec-891e-9b7b6489f94e;0;;;
'2023-11-22';d16211e0-10e2-11ea-a091-8b5f374162b1;0;;;
'2023-11-22';663c6800-0c17-11ee-926d-1ff95fc3e077;0;;;
'2023-11-22';e81745c0-493f-11ed-9a95-8583e7039b24;0;;;
'2023-11-22';a9d6f880-1544-11ec-88f2-ffa23ab0fbc0;0;;;
'2023-11-22';9994bd90-eefa-11ed-a0d3-1da892d56575;0;;;
'2023-11-22';9b490c60-e57a-11ed-897f-a5f857ba1522;0;;;
'2023-11-22';33b1a6a0-c984-11ed-8b44-d11783d4f57a;0;;;
'2023-11-22';69611fd0-d414-11ec-bbd8-1d56831a1b7d;0;;;
'2023-11-22';37ca6ba0-431f-11e8-8a1d-b37352c63da2;0;;;
'2023-11-22';969a9770-435c-11ee-89a1-c5a583579c2c;0;;;
'2023-11-22';4096d810-f55b-11ed-8f42-f7c78d2a5cb8;0;;;
'2023-11-22';11c0a930-acf4-11ed-9fb1-5fbb02c2397b;0;;;
'2023-11-22';246c66c0-0b2a-11ee-a875-8fcd12a907c6;0;;;
'2023-11-22';aa9b5be0-6f95-11ea-bd4f-81608d74ea67;0;;;
'2023-11-22';f4a431f0-e282-11ec-8d27-0ded581636a6;0;;;
'2023-11-22';956be840-a3f7-11ed-8895-a7377b592b57;0;;;
'2023-11-22';d58ebd60-3aea-11e8-b293-bbd54ff60b3c;0;;;
'2023-11-22';e64e9970-106a-11ea-a81f-2d486e26c435;0;;;
'2023-11-22';183c0c50-10a9-11ee-b622-73af196ed606;0;;;
'2023-11-22';e88334e0-1624-11ed-8d50-d3a1f9239803;0;;;
'2023-11-22';35e7b360-9103-11ed-bdd6-959d97c2fed2;0;;;
'2023-11-22';770aa300-9425-11ed-bdfb-8bb1de326206;0;;;
'2023-11-22';bd8ff610-bcbe-11ed-81b3-21268cc4015b;0;;;
'2023-11-22';8194fe20-e331-11eb-8460-df9b86b1520e;0;;;
'2023-11-22';18554290-dfdd-11ec-bd0b-89a07386757e;0;;;
'2023-11-22';f7662ee0-22a5-11ec-8160-0d3fd119ed49;0;;;
'2023-11-22';980384b0-5a59-11ed-a994-0ff062283cc4;0;;;
'2023-11-22';95ca9800-6660-11ee-8360-2917a3f6e3da;0;;;
'2023-11-22';b2a21c20-a872-11ed-a9aa-9567fc592108;0;;;
'2023-11-22';ee512000-172b-11ed-bc3d-49356233a5f3;0;;;
'2023-11-22';42c1f1b0-c521-11e9-b276-1fb00a3a11e5;0;;;
'2023-11-22';c43859a0-2576-11ee-95c0-f3a8eb36e260;0;;;
'2023-11-22';fcc77570-86ca-11ee-955e-bf0555d11d81;0;;;
'2023-11-22';7dafc900-8908-11ee-96ca-f3c053fee3b9;0;;;
'2023-11-22';1f349fe0-8750-11ee-91ec-af94c1a23928;0;;;
'2023-11-22';cb20ba90-9c06-11ed-8385-f7569e163a82;0;;;
'2023-11-22';878e2850-1c52-11ed-9ea1-0702a8ee86f9;0;;;
'2023-11-22';466fbf60-fa36-11ed-a14a-67347299561e;0;;;
'2023-11-22';9c0067f0-81da-11ee-8b43-9b5b32487066;0;;;
'2023-11-22';2e592e30-7e75-11e8-99fe-877fced2befe;0;;;
'2023-11-22';eeedb8b0-7e0f-11ee-9984-a93121ed2285;0;;;
'2023-11-22';7048a140-e582-11ec-8d0e-f78e45bdf7d6;0;;;
'2023-11-22';e4bce0c0-f163-11e8-abfb-b548d72d845c;0;;;
'2023-11-22';9133e5a0-878d-11ee-99b3-099310f83ae4;0;;;
'2023-11-22';3b900540-39a7-11ee-a40b-6ded584140e5;0;;;
'2023-11-22';6716d230-26e1-11ee-8726-d5b75c527547;0;;;
'2023-11-22';438855d0-67d7-11eb-ba32-55dcd093b535;0;;;
'2023-11-22';0a41e350-92dd-11eb-8a01-95ad7dddc762;0;;;
'2023-11-22';97610b70-170c-11ee-8bbb-330cbb1c1cf4;0;;;
'2023-11-22';273e5350-72e4-11ee-bdb9-e3efef118a92;0;;;
'2023-11-22';32b3ba10-33a2-11eb-8aee-8751efd2dc63;0;;;
'2023-11-22';33f30d60-8479-11ee-8b34-0b53ffb94fe6;0;;;
'2023-11-22';5a4ae010-34dc-11ee-a9c7-ab8766967f2c;0;;;
'2023-11-22';5c5225c0-9870-11ed-ae85-019e14031a0e;0;;;
'2023-11-22';e8fcd050-2d9d-11eb-a489-2bf3c78e9839;0;;;
'2023-11-22';4bcd0400-88fb-11ee-995d-0537c7c891e6;0;;;
'2023-11-22';429ad740-ff94-11ed-a50a-8b5d865477c8;0;;;
'2023-11-22';6261b740-7872-11ee-961f-5517ccf7abcc;0;;;
'2023-11-22';dcb77670-32f5-11ec-8c25-433529adcd9a;0;;;
'2023-11-22';442c4cd0-75ad-11ee-ba81-dfa01e423654;0;;;
'2023-11-22';60355210-28de-11eb-aa02-c3649cfe7f71;0;;;
'2023-11-22';8a38a010-88e1-11ee-a3e8-1144c9f147ef;0;;;
'2023-11-22';d7027f60-8a73-11ec-b5f2-c9a98f660e75;0;;;
'2023-11-22';3aca7b90-5cf7-11ee-a4fc-13229e19c4ca;0;;;
'2023-11-22';67925120-724b-11ee-94bf-f9dc90ecf60d;0;;;
'2023-11-22';d6572830-8888-11ee-a44d-29d75bce9220;0;;;
'2023-11-22';38e36d90-b9da-11eb-a386-99254fc8580c;0;;;
'2023-11-22';a43122f0-bc07-11ed-a410-d781d743a63f;0;;;
'2023-11-22';7e6377b0-0b71-11eb-b493-d3a5e046c737;0;;;
'2023-11-22';78f49ee0-882c-11ee-bc25-61c28f24ab12;0;;;
'2023-11-22';e8a98890-88ef-11ee-b5fa-c7dd7335109f;0;;;
'2023-11-22';0f596740-1a4f-11ee-a238-89d02e6bcea6;0;;;
'2023-11-22';df985510-c2f2-11ed-acfb-fd18a64a4691;0;;;
'2023-11-22';1621c780-7e2e-11eb-ba52-e5282d8ef37f;0;;;
'2023-11-22';d8457bd0-82c3-11ee-ba6e-e58e798f9991;0;;;
'2023-11-22';ea826da0-88f7-11ee-805a-5ffefdcef42e;0;;;
'2023-11-22';d7852180-23c1-11ed-80b6-75f0d0fa89b6;0;;;
'2023-11-22';79aa5c70-5297-11ec-a861-7ba358316127;0;;;
'2023-11-22';b0dcae50-3786-11eb-aeff-a3ff3a4100a5;0;;;
'2023-11-22';d436d5a0-6883-11eb-9e21-a745138e8f44;0;;;
'2023-11-22';348d4280-2b8d-11ee-9e4d-cbee38370bca;0;;;
'2023-11-22';da7d1840-d121-11ec-9d49-434c4221e2d2;0;;;
'2023-11-22';e5805460-2436-11ed-b758-8586a7097e5d;0;;;
'2023-11-22';41b27e60-5cef-11ee-a1f6-8f78675c51e6;0;;;
'2023-11-22';0a1a9c70-fa95-11ec-8fc4-3b3e304ff466;0;;;
'2023-11-22';7d053c30-5fb0-11eb-aac7-173c981a2032;0;;;
'2023-11-22';ee2f06a0-fcde-11ea-8348-cd88965626d2;0;;;
'2023-11-22';e4b5c630-6cc1-11ee-a911-a7f327ea2049;0;;;
'2023-11-22';79ecf300-e5d5-11ed-ade6-05d8562a17db;0;;;
'2023-11-22';893f8fc0-60d8-11ed-93ac-bdc11d75942e;0;;;
'2023-11-22';54954880-4fc3-11ed-a2ff-35e907aad3c8;0;;;
'2023-11-22';faae13d0-6cca-11ee-8da7-fdd4b999548b;0;;;
'2023-11-22';31083280-76d0-11ee-be07-f578360cd477;0;;;
'2023-11-22';33113370-2ced-11ed-8480-1d192da0b6d6;0;;;
'2023-11-22';ec827590-bb97-11ea-ad9a-ff887af5bee7;0;;;
'2023-11-22';02be1fc0-69f1-11e9-b43d-95ad71183bbf;0;;;
'2023-11-22';cdad2ca0-88e9-11ee-b026-ff667994508a;0;;;
'2023-11-22';9d8d4bb0-1cc5-11eb-b87b-5bd955066337;0;;;
'2023-11-22';38bea320-82a0-11ee-ad1e-910e622cef36;0;;;
'2023-11-22';7d6f5730-87a0-11ee-a766-970a3f202a2d;0;;;
'2023-11-22';1da90f60-8d58-11ec-8446-41eb5caac821;0;;;
'2023-11-22';191c9110-9087-11ec-ace4-d10f5b687971;0;;;
'2023-11-22';2bd1b660-8896-11ee-a774-813808b7c204;0;;;
'2023-11-22';6a0accc0-8155-11ee-b34e-076189e22b89;0;;;
'2023-11-22';718e9310-6d04-11ee-a7ad-477a937c892e;0;;;
'2023-11-22';759f4900-8892-11ee-93ba-2fdf3a76c511;0;;;
'2023-11-22';4d7eb5d0-61a2-11ee-b454-cf29b72e067d;0;;;
'2023-11-22';08cf7980-3299-11e8-a5cb-d91595f436ff;0;;;
'2023-11-22';ccfc8120-7def-11ee-8842-db96b8ca7a45;0;;;
'2023-11-22';f136c220-60cd-11e8-8ebd-45fc1d9c550a;0;;;
'2023-11-22';00c19fc0-2e89-11ed-a87c-dd71f0332984;0;;;
'2023-11-22';33df3f20-42b3-11eb-b76f-854479eadc44;0;;;
'2023-11-22';cbb2af70-a51a-11eb-bc9a-9b8287359b8f;0;;;
'2023-11-22';f0b18620-486b-11ed-b8d8-c35ee233e83d;0;;;
'2023-11-22';ef609f50-0684-11ed-9ca0-f3eca5e64f25;0;;;
'2023-11-22';9a1bb5a0-2670-11e8-bfc6-df51f8419a76;0;;;
'2023-11-22';3e5f91d0-d874-11ed-8336-45790700458c;0;;;
'2023-11-22';977df370-a628-11ed-a14e-0199b5c3aefe;0;;;
'2023-11-22';93cc2aa0-fea6-11ec-ab25-0f46192b67fb;0;;;
'2023-11-22';cb77ea80-eafa-11ec-815a-913545fe7734;0;;;
'2023-11-22';090dd4f0-715e-11ee-95ba-af3da24eb125;0;;;
'2023-11-22';22f02860-ba26-11eb-95b4-9bb66a80a2f5;0;;;
'2023-11-22';cff2eb40-8857-11ee-b3a3-7337b1b6810a;0;;;
'2023-11-22';2d26af50-88a7-11ee-a670-21af6a668f9c;0;;;
'2023-11-22';d60c74f0-721e-11ee-a0e8-dbfdcccfc67b;0;;;
'2023-11-22';3d0629e0-d7fb-11ec-9cc6-892073864f49;0;;;
'2023-11-22';db26e4b0-f588-11ed-a8ca-71e5c8648649;0;;;
'2023-11-22';fa04c580-9d85-11eb-b366-5bf28c116536;0;;;
'2023-11-22';c2f1a090-20d9-11ec-ae8d-a9f736223bb6;0;;;
'2023-11-22';cbc491b0-6e11-11ed-b3cb-43413812874c;0;;;
'2023-11-22';94ded920-8504-11ee-8f6c-7f8637270fb4;0;;;
'2023-11-22';0ca41570-4ada-11ee-a083-5df64626338b;0;;;
'2023-11-22';e299adc0-892d-11ee-81d1-a184b0eb4f6d;0;;;
'2023-11-22';be1b7980-7945-11ee-8e27-8f9163852021;0;;;
'2023-11-22';ba577960-f044-11ec-8b5e-836dee7fde13;0;;;
'2023-11-22';037c71a0-6988-11ee-acaf-e38f797e3f74;0;;;
'2023-11-22';0434e800-aac8-11ec-a5c9-37194ffbda37;0;;;
'2023-11-22';93c4d680-5123-11ee-8d13-1b847819cac9;0;;;
'2023-11-22';f8a332b0-8402-11ee-9bc3-0f4a273c7430;0;;;
'2023-11-22';09964680-8862-11ee-8fb2-4dd82fed6969;0;;;
'2023-11-22';993d0f90-88e8-11ee-b354-57ec4afd23ac;0;;;
'2023-11-22';1d265690-099d-11ec-8c1f-279bde56d3d4;0;;;
'2023-11-22';aafa9760-dd13-11ed-b9c7-67fccc4223ef;0;;;
'2023-11-22';2efe5f20-f7e4-11ed-adb1-15d4b09d3162;0;;;
'2023-11-22';637a9350-fa18-11ed-8538-cb173129b98a;0;;;
'2023-11-22';6cb03670-a90d-11ed-8767-1b1ff1f36ee4;0;;;
'2023-11-22';7b3d2810-e585-11ed-a524-d983167b6653;0;;;
'2023-11-22';3ec34b00-fc1d-11ec-8c2b-a7c42781e7e7;0;;;
'2023-11-22';6cd12bd0-9925-11ec-9765-cfe6d22adf4a;0;;;
'2023-11-22';84063340-8618-11ee-80c8-454c3bf63941;0;;;
'2023-11-22';95872670-fe60-11eb-b5f0-6f47242d8625;0;;;
'2023-11-22';dae21540-2eec-11e9-bd54-b5b4477058c3;0;;;
'2023-11-22';821538d0-3b52-11ee-b76a-1d3a8edc4ac5;0;;;
'2023-11-22';73085740-87de-11ee-880b-41d40e2130e4;0;;;
'2023-11-22';f09a5ce0-ec6d-11ea-87a9-ef965f094656;0;;;
'2023-11-22';88591d60-acf5-11ed-9ff5-d971c89ebaac;0;;;
'2023-11-22';db2e0920-fb9c-11ec-ac7e-d9f4c6261943;0;;;
'2023-11-22';657ffd60-eeed-11ed-a3f2-95075062a87c;0;;;
'2023-11-22';77b61800-d1aa-11eb-a78f-99557b0657db;0;;;
'2023-11-22';231a2250-e4cc-11ed-8f65-994009b818cf;0;;;
'2023-11-22';ceb5b970-5ceb-11ee-81ec-836638f83f02;0;;;
'2023-11-22';24e30260-ad1c-11ed-bcb2-d785a2c20b51;0;;;
'2023-11-22';0b7bc430-83d4-11ee-a7d8-1fcdb3e92776;0;;;
'2023-11-22';c021e050-57a5-11ee-addb-0b08dd9bd9a6;0;;;
'2023-11-22';93c27360-1c02-11ed-b551-b7200942b7ef;0;;;
'2023-11-22';d9a53120-5648-11ee-a608-0d3249132a5e;0;;;
'2023-11-22';a2409ea0-836a-11ee-b415-c79d48fe04c7;0;;;
'2023-11-22';62d648d0-7276-11eb-a24e-3b66914edb0e;0;;;
'2023-11-22';d37ce0d0-8911-11ee-8502-11fc4d6da604;0;;;
'2023-11-22';289bc360-afde-11ec-a882-df5bc25920ab;0;;;
'2023-11-22';e066e4d0-16fd-11ed-b7b0-47b2474cb7da;0;;;
'2023-11-22';9c3c07b0-d5a6-11ec-a2f6-2bb892f4894c;0;;;
'2023-11-22';5e71b370-88fc-11ee-ad12-3f1b1ad8e179;0;;;
'2023-11-22';cf733600-e3ea-11ed-a5b9-b3c6a94e0cba;0;;;
'2023-11-22';1d8fd260-5c2a-11ed-b931-fd81a2774283;0;;;
'2023-11-22';65793a50-c96b-11ec-9f31-6d5565b5c867;0;;;
'2023-11-22';82a478b0-73f6-11ee-9084-5b3df14fc7f9;0;;;
'2023-11-22';13b30ea0-9c72-11ed-b2f1-81c095284ddf;0;;;
'2023-11-22';763f3240-8931-11ee-9dfa-6f09e326090b;0;;;
'2023-11-22';40c86300-6854-11ee-8c38-0d6fe75f3b23;0;;;
'2023-11-22';774a7c20-82ac-11ee-a7d9-f390a3f73183;0;;;
'2023-11-22';a0ebf890-57cf-11ee-9d84-cd56aaf95e7b;0;;;
'2023-11-22';d0e78190-561c-11ee-9604-61cab66a9198;0;;;
'2023-11-22';3f35b8e0-101f-11ee-82db-d9eb8e0d664b;0;;;
'2023-11-22';2d1df530-83a3-11ee-add8-a3b9df526784;0;;;
'2023-11-22';6743cfe0-3048-11ee-b220-791bbb201f29;0;;;
'2023-11-22';b24afa20-3c5c-11ee-9724-7d47517e4da5;0;;;
'2023-11-22';066e8310-e663-11ed-b8a2-3fddc6e80d7f;0;;;
'2023-11-22';d69864c0-c0f7-11ed-a780-455d15144f67;0;;;
'2023-11-22';d7660620-5e6c-11ed-b4ca-9fd1b2002159;0;;;
'2023-11-22';25e326c0-88f6-11ee-89a7-719efb32bca7;0;;;
'2023-11-22';e03f6190-69a2-11ea-a9a5-51de07e8ae4e;0;;;
'2023-11-22';2c97c010-aa11-11ea-b260-43a005eb00ce;0;;;
'2023-11-22';942b14b0-3740-11ee-9c50-23d848797bb4;0;;;
'2023-11-22';9d64f710-7a31-11ee-8d7f-0725cd096fed;0;;;
'2023-11-22';2f35ccf0-796b-11ed-96d9-2b24e5ad01fb;0;;;
'2023-11-22';f165b8c0-bffd-11ed-b68b-cb215499e0ad;0;;;
'2023-11-22';86243f30-3076-11ed-b92a-738db5eada26;0;;;
'2023-11-22';c171ab00-7139-11ed-a0e1-cde8a4f88cd8;0;;;
'2023-11-22';9e6a8a90-6685-11ee-ac61-211023581130;0;;;
'2023-11-22';ad73c4b0-f480-11ed-bc1d-6bd3e43a7931;0;;;
'2023-11-22';d3510020-254b-11ee-841e-3590bf2ce428;0;;;
'2023-11-22';45152830-f10f-11eb-94d2-3b1b0d61e40d;0;;;
'2023-11-22';15a88c60-3cec-11ee-8cba-312661d0ca06;0;;;
'2023-11-22';bb864e00-a120-11ed-a147-8bbbf2754c1f;0;;;
'2023-11-22';5fa154d0-b4cc-11ed-b6bc-41f7c1a4f2bc;0;;;
'2023-11-22';0c5918f0-35c1-11ee-bebd-bfdf2d080bd2;0;;;
'2023-11-22';bd1964d0-3a65-11ee-93cb-77ee241186dd;0;;;
'2023-11-22';e5293c00-6c12-11ee-9781-c7db580cce2f;0;;;
'2023-11-22';17aab930-f457-11ed-a214-9360562c76dd;0;;;
'2023-11-22';152d7400-bcbb-11ed-a0af-3f0f438fc3d5;0;;;
'2023-11-22';037c8630-88d8-11ee-a760-4b677d2d7108;0;;;
'2023-11-22';fe96e230-8beb-11ed-bf64-9bc42f907bb5;0;;;
'2023-11-22';c2bc2ae0-7a2e-11ee-8b9a-7386b13c1f7f;0;;;
'2023-11-22';0c97ce60-7103-11ee-b9df-7738e9e57271;0;;;
'2023-11-22';762caed0-8838-11ee-960c-3722885ad033;0;;;
'2023-11-22';c20699e0-88fd-11ee-8fb1-45bf9e614157;0;;;
'2023-11-22';6c2d4d40-8919-11ee-b55f-3d4f91599e6c;0;;;
'2023-11-22';795af130-8931-11ee-b4a1-4f0a2386ffe3;1;;;
'2023-11-22';d50019f0-8375-11ee-9bb7-dd2f13a3add7;1;;;
'2023-11-22';3f69ee50-2c0c-11ed-be50-6fb693743b92;1;;;
'2023-11-22';16466610-8224-11ee-a67a-5767e0cc2239;1;;;
'2023-11-22';eb725850-f30c-11ed-8ff3-a3f0d6592f1a;1;;;
'2023-11-22';8d582c20-6c30-11ee-ae84-931626bad739;1;;;
'2023-11-22';78a43840-aec5-11ea-9804-bf635468b550;1;;;
'2023-11-22';65037060-d104-11ea-96a8-7f6dc4897de6;1;;;
'2023-11-22';ccb7d510-8705-11ee-b1c0-c78365fbc5ea;1;;;
'2023-11-22';0c755dd0-de7d-11ed-9bfa-ed2466a45bda;1;;;
'2023-11-22';ddef2360-3147-11ee-9b78-edbe9e3bbef3;1;;;
'2023-11-22';7422d5f0-4559-11ee-8887-55aa3a8ef55d;1;;;
'2023-11-22';3437e220-8dd9-11ec-8978-cfdc58e71213;1;;;
'2023-11-22';340f5f70-32ba-11ea-b6ab-095ec91ca0b3;1;;;
'2023-11-22';c9efe350-d38b-11ed-8a62-1149c48b0f0f;1;;;
'2023-11-22';57a7ee50-8754-11ee-81e2-df2c1083f17c;1;;;
'2023-11-22';45af9ea0-61bb-11ee-8396-771d48364852;1;;;
'2023-11-22';410ebc30-dd11-11ec-b78e-a10abce7f31b;1;;;
'2023-11-22';66080350-bcbf-11ed-b71f-f7e7728c0b20;1;;;
'2023-11-22';f5d4f120-88dc-11ee-99a9-378c7be4ead6;1;;;
'2023-11-22';9a331d70-2b19-11eb-9436-8fbb00537f08;1;;;
'2023-11-22';c9252b70-40c7-11ee-8af7-93e4dc85e9d5;1;;;
'2023-11-22';b91cbb20-db83-11ed-b2fe-e36082a9bff6;1;;;
'2023-11-22';c9641e20-40a4-11ee-b484-0550c5552af3;1;;;
'2023-11-22';c7976240-7219-11ee-a860-63947d289127;1;;;
'2023-11-22';598ac140-5107-11ed-9cdd-198dce05ff02;1;;;
'2023-11-22';61585220-f0ad-11ed-9421-13c7b109f79b;1;;;
'2023-11-22';4f852cd0-d5ca-11eb-9d76-5923b3c29c12;1;;;
'2023-11-22';3ff06180-3fed-11ec-8545-bb0340102f5c;1;;;
'2023-11-22';82c7dcc0-60a5-11ed-9232-f7e80a193ab0;1;;;
'2023-11-22';d4241610-878c-11ee-a56e-8956c1b84e92;1;;;
'2023-11-22';8aca5ab0-4c2d-11ed-ba4f-3339b0969613;1;;;
'2023-11-22';0a32c5a0-8907-11ee-bf1e-819e477fc926;1;;;
'2023-11-22';505fd910-5b30-11ed-a291-25a477b51728;1;;;
'2023-11-22';93b5a860-5cb3-11ec-875b-5d452910b7a3;1;;;
'2023-11-22';d66d3d70-8926-11ee-850d-47a4e6dfb89f;1;;;
'2023-11-22';494effd0-1efc-11ee-a8c1-c345a1e360ab;1;;;
'2023-11-22';8b8a6280-755b-11ee-b125-613c3beecd66;1;;;
'2023-11-22';fd868d40-891b-11ee-981a-0d0181d7d253;1;;;
'2023-11-22';d4067c10-0e63-11ee-a911-1136d3822e60;1;;;
'2023-11-22';339ff8f0-5c38-11ee-83e3-030b54ab2ead;1;;;
'2023-11-22';a016e0d0-3227-11ec-aa2b-7fa1f438e1bf;1;;;
'2023-11-22';bd60de30-970b-11ed-93bb-ffee1c050103;1;;;
'2023-11-22';a20dd8d0-570a-11ee-b0e9-5befd482f94b;1;;;
'2023-11-22';26360120-7235-11ed-93e4-1d2c1f4093f0;1;;;
'2023-11-22';c5d003d0-cded-11ec-a214-f7b73f87ffac;1;;;
'2023-11-22';fd7cc650-3cc9-11ee-b02a-a36d8802e803;1;;;
'2023-11-22';d2ce49f0-86a3-11ee-bcb5-218175b98971;1;;;
'2023-11-22';34cb7f90-88f9-11ee-bbba-ef2cdd9db640;1;;;
'2023-11-22';18a80130-d909-11ed-8bb7-a722cfcf3c65;1;;;
'2023-11-22';efdd9800-6747-11ee-8700-07a9e0f4b90b;1;;;
'2023-11-22';9ddda6e0-1412-11ee-8d7e-0594fc8b8a60;1;;;
'2023-11-22';fe97fd00-8749-11ee-bf7c-17441aae2f21;1;;;
'2023-11-22';83dc6ec0-5dec-11ed-a7f8-43cd2dca137b;1;;;
'2023-11-22';54c6de90-88ed-11ee-9d39-71a501376063;1;;;
'2023-11-22';c7b22140-81f3-11ee-b75c-bb0fc45962b2;1;;;
'2023-11-22';6407adc0-71dd-11ee-8dfc-25340a5abfbc;1;;;
'2023-11-22';cf7f8010-6c5d-11eb-a86f-97bd20503bcf;1;;;
'2023-11-22';7c9c2aa0-44ff-11ea-8a53-4b1245383b24;1;;;
'2023-11-22';dc710cf0-b1a5-11ed-bfd9-0dfbbf6dcdb6;1;;;
'2023-11-22';2a4d88a0-e136-11eb-89f8-bbb9b37ee5ab;1;;;
'2023-11-22';2e95a4e0-500d-11ee-b9b2-333ee73c3266;1;;;
'2023-11-22';5e6e8fa0-cd82-11ed-8d60-4f9cb5fbbe69;1;;;
'2023-11-22';fc825680-6275-11ee-a126-ff40476b8939;1;;;
'2023-11-22';405012f0-423a-11ee-9ce8-4d8302e7dcc8;1;;;
'2023-11-22';880f6dd0-416c-11ee-8820-d973c8eded16;1;;;
'2023-11-22';465be2f0-3bb0-11e8-8fa8-1b1427a6d2d1;1;;;
'2023-11-22';33864540-382f-11ee-a5a1-cfd5c6784c6b;1;;;
'2023-11-22';3aa5e760-d3a1-11ed-b6d4-25cf9788359e;1;;;
'2023-11-22';424d1220-63bd-11ee-bf5c-2915cf679904;1;;;
'2023-11-22';b515efa0-cc7f-11ed-b680-7740cfbcd455;1;;;
'2023-11-22';18d6bbc0-1a17-11ee-a642-63c85a1cf94e;1;;;
'2023-11-22';2a3e75a0-2777-11eb-a5c7-c3e2e3534623;1;;;
'2023-11-22';7abbb2a0-7e0d-11ee-9c0f-d582c0cbde2c;1;;;
'2023-11-22';5ae0e430-338c-11ee-b733-673dda80d65f;1;;;
'2023-11-22';02a1d900-a64c-11ed-a3c5-4da84c18504e;1;;;
'2023-11-22';33f55730-4f40-11eb-bbcc-8ff9da76cf40;1;;;
'2023-11-22';ec2530d0-eaf9-11ed-8633-41d5bf1dd80d;1;;;
'2023-11-22';da90eb90-2899-11eb-b0ae-4192bd58d5b2;1;;;
'2023-11-22';29fb1250-882d-11ee-9750-950c9e52b139;1;;;
'2023-11-22';22f53600-dd49-11ed-9ecf-6b373fb491d5;1;;;
'2023-11-22';6b59cff0-18d9-11eb-a819-bdd94c6f9988;1;;;
'2023-11-22';b50038a0-685a-11ee-9815-ab67b280a67b;1;;;
'2023-11-22';ff279b20-26b2-11e8-9c52-576cfffc5817;1;;;
'2023-11-22';4562f8b0-88e0-11ee-9e36-c3119c996df5;1;;;
'2023-11-22';78376ff0-8859-11ee-ae3b-811bb86f1f70;1;;;
'2023-11-22';505b5150-82fe-11ee-b2ca-0bf10fff3eec;1;;;
'2023-11-22';74e2ae80-bfff-11ea-a148-57e8a986b438;1;;;
'2023-11-22';519a7630-11ee-11ee-a349-332a7c2930af;1;;;
'2023-11-22';7d9e7de0-4d52-11ee-b40d-9357accae72d;1;;;
'2023-11-22';c2bb7050-c085-11ec-a6d6-05fa39c0b5d0;1;;;
'2023-11-22';f1e54a80-3da8-11ee-b023-35391fda87f5;1;;;
'2023-11-22';852a80a0-fca5-11ea-8036-7b80fe355e3b;1;;;
'2023-11-22';8a45d150-cadc-11ec-91b0-45d5da48b7f1;1;;;
'2023-11-22';c7af8560-6287-11ee-958e-3593f0855815;1;;;
'2023-11-22';3db82a10-1a66-11ee-908f-553062a53e04;1;;;
'2023-11-22';96387620-7d37-11ee-af01-e7daab1780b8;1;;;
'2023-11-22';5215f4f0-cd28-11ed-8301-5b0a799af48b;1;;;
'2023-11-22';3e04c590-7a17-11ed-8380-eb144f55cc68;1;;;
'2023-11-22';d40ef060-894d-11ee-878b-eb08e8b22138;1;;;
'2023-11-22';d2359200-2ff2-11ec-8506-85c3633e17a9;1;;;
'2023-11-22';55eb7340-7d7a-11ee-83f2-c918dbdb0679;1;;;
'2023-11-22';2d48ad60-e878-11ec-89e6-f50bb0107659;1;;;
'2023-11-22';34fbb1b0-e758-11ea-879d-3350358da159;1;;;
'2023-11-22';ef18cfb0-8778-11ee-b382-7f8b46cfaa90;1;;;
'2023-11-22';4f28ab70-54a0-11ee-b7db-b7d922f517f0;1;;;
'2023-11-22';6b848100-63f4-11ee-94c1-cd564f70789a;1;;;
'2023-11-22';cbd2df00-a155-11ed-887b-9b0c7c513b72;1;;;
'2023-11-22';dea92f50-cf6c-11ec-b290-cbd6f7acc2de;1;;;
'2023-11-22';c4056850-1979-11ee-b149-89758b73b4d7;1;;;
'2023-11-22';b3c22160-166b-11ee-b066-0385268c586c;1;;;
'2023-11-22';0604c1c0-b557-11ec-b7b5-4fdeb57ed229;1;;;
'2023-11-22';e0965730-3ccf-11ee-a9a9-0df85aed76ca;1;;;
'2023-11-22';4e1f8210-8201-11ee-bbad-0f72fb1da11d;1;;;
'2023-11-22';21af9600-701a-11ee-83b2-458fb7e3c214;1;;;
'2023-11-22';34061640-095f-11ec-8e63-4b3c41117f08;1;;;
'2023-11-22';b1de8170-5e99-11ed-b9ef-2b7d8c4da9f3;1;;;
'2023-11-22';a5f4fc40-3517-11ee-838e-e51c7695bc85;1;;;
'2023-11-22';766fcff0-6795-11ec-bc56-dbe773a8e784;1;;;
'2023-11-22';c6ffe040-64ff-11ee-b739-917c20951f92;1;;;
'2023-11-22';26b4b210-73c2-11ee-a465-efd025113760;1;;;
'2023-11-22';347ec390-4668-11ee-ac8f-6f0bae53d3e5;1;;;
'2023-11-22';2b975720-8933-11ee-bdc9-8fefc7c0954f;1;;;
'2023-11-22';fc0922c0-3836-11ed-93f9-8578d7146d4e;1;;;
'2023-11-22';b4d28780-046b-11eb-a7aa-2f3d29bb7930;1;;;
'2023-11-22';34f48ff0-8b54-11ed-871a-4992a8d40e9f;1;;;
'2023-11-22';cee853e0-68ac-11ee-b2c3-3303654196bc;1;;;
'2023-11-22';f9069e10-e2f8-11ec-bd8c-7dd9de1bcade;1;;;
'2023-11-22';3c566330-891f-11ee-acf8-91c6ca31a2f7;2;;;
'2023-11-22';4fc0da70-83cc-11ee-91ee-b12f7363f935;2;;;
'2023-11-22';f7d05c50-17cf-11ed-a78c-912ed4e7c32f;2;;;
'2023-11-22';382484b0-4976-11ee-920e-2dc0028340f6;2;;;
'2023-11-22';1630ded0-b33a-11ed-9b71-b3b5697b29f6;2;;;
'2023-11-22';fa43f760-cfd6-11e9-a723-e56c51915bc4;2;;;
'2023-11-22';4c749bc0-1ac6-11ec-b507-6d3180b60d38;2;;;
'2023-11-22';b49bfc30-fa07-11ed-af11-7da39136163e;2;;;
'2023-11-22';fd7f6070-3e60-11ee-b7b6-bf8216dde798;2;;;
'2023-11-22';6cbb9990-8763-11ee-9b9d-2fe695e4ff50;2;;;
'2023-11-22';c056c4e0-e979-11ed-b6b7-a96dd1b345be;2;;;
'2023-11-22';78205480-8914-11ee-ba3e-75b5e1bda2fc;2;;;
'2023-11-22';11bcf670-7899-11ee-8de6-3d8728fc5a02;2;;;
'2023-11-22';82d27e80-448b-11ee-90cd-538c962db324;2;;;
'2023-11-22';474218c0-1fc0-11ee-9277-c71cabf691c3;2;;;
'2023-11-22';455443b0-05af-11ee-b51a-2d408a019f8c;2;;;
'2023-11-22';ecde2300-aaef-11ed-bac8-1d59c674146a;2;;;
'2023-11-22';52ac4c10-6216-11ee-a030-83dcf99bb9b3;2;;;
'2023-11-22';55df43e0-88ca-11ed-a7d7-cbcda91d8747;2;;;
'2023-11-22';82bba210-69a1-11ee-b56c-f35bf6efbd6e;2;;;
'2023-11-22';648c2480-c0ab-11ed-9a17-8396e86aa4ff;2;;;
'2023-11-22';90694410-2f24-11ee-82be-ed4d2f30ad09;2;;;
'2023-11-22';5cadd100-3d17-11ec-8fe3-975ff41ee3ba;2;;;
'2023-11-22';f389d150-b7e6-11ed-8ad1-455c63298437;2;;;
'2023-11-22';16b99ad0-a1f7-11ed-9586-b1c171bc89ca;2;;;
'2023-11-22';e52e4850-57ca-11ee-9609-d5abc4afcfed;2;;;
'2023-11-22';491848d0-0086-11ee-af2c-ab4d4b149261;2;;;
'2023-11-22';5504fc90-b745-11ed-91f9-838a0178a0ef;2;;;
'2023-11-22';7ec506a0-3f27-11ee-a87e-431d85c705e5;2;;;
'2023-11-22';bbd52050-7d95-11ee-aa43-010471b24cf7;2;;;
'2023-11-22';c0798cb0-77a3-11ee-a404-b9c869083f86;2;;;
'2023-11-22';498f84e0-4875-11ee-8abc-61aeb8e0334b;2;;;
'2023-11-22';b11fb800-65c6-11ee-a44c-8feab167daf2;2;;;
'2023-11-22';0e7ac1c0-9e5b-11ea-95d7-b9d793bf257a;2;;;
'2023-11-22';8815d520-1959-11ee-a22b-fdf30c15a85e;2;;;
'2023-11-22';9ef1adc0-8928-11ee-a64a-196983fd4fc5;2;;;
'2023-11-22';0020a4c0-7402-11ee-b7d6-418bdd68d3fb;2;;;
'2023-11-22';8bfc0cc0-6aaa-11ee-bf87-2b053a78288c;2;;;
'2023-11-22';c8c41c30-88f3-11ee-94c3-3788e2d9a79c;2;;;
'2023-11-22';1c1578c0-1a27-11ee-bd88-2b897b20ac7e;2;;;
'2023-11-22';b7eaa300-d4a9-11e9-81e1-39370ddc74fe;2;;;
'2023-11-22';399b8a00-7951-11ed-88ce-25f687c6856f;2;;;
'2023-11-22';5e6c9a00-53ac-11ee-9180-63c3ed20ef5e;2;;;
'2023-11-22';81329ac0-f45b-11ea-92be-cdbb81c5233c;2;;;
'2023-11-22';f5c917b0-19f6-11ee-9ff9-bb2aeb994a1d;2;;;
'2023-11-22';cf5dc310-8368-11ee-b536-191be0cece0e;2;;;
'2023-11-22';15df70f0-7464-11ed-9f28-b56810ca9e30;2;;;
'2023-11-22';07fa5080-9e54-11ed-b36a-c7f4ef4928ce;2;;;
'2023-11-22';d61a63c0-b415-11ed-9d72-e903075bafd8;2;;;
'2023-11-22';4c80f380-8338-11ed-90c1-f9a436dd9936;2;;;
'2023-11-22';c03e3150-4c75-11ee-b46f-bf00f09a7b30;2;;;
'2023-11-22';9df9deb0-7b84-11eb-b2c1-c991f3b7f0fc;2;;;
'2023-11-22';dcf51090-291a-11ed-a247-df8afc345f37;2;;;
'2023-11-22';75274b40-cd2b-11ec-bea3-2fe188cf5eb9;3;;;
'2023-11-22';48e153d0-e249-11ed-95c5-9f032da39c9a;3;;;
'2023-11-22';eac394a0-67e2-11ee-8b31-1fd51f308c89;3;;;
'2023-11-22';cb7c76b0-88f9-11ee-848e-b706f5f0b4f1;3;;;
'2023-11-22';ccbf9720-1af2-11ee-aa64-bdeae422cee1;3;;;
'2023-11-22';05310ce0-9366-11eb-a436-cd30cafffa59;3;;;
'2023-11-22';00302bc0-56cf-11ee-92be-fd7b0d617e4e;3;;;
'2023-11-22';02c9d690-11bc-11ee-a413-a7536780393d;3;;;
'2023-11-22';d3ccfda0-13d6-11ee-8ffa-3b53c2f31749;3;;;
'2023-11-22';1d2cf510-57a5-11ee-a55f-77b27b7dd3cd;3;;;
'2023-11-22';e0964e40-03ee-11ed-b241-6157877557bf;3;;;
'2023-11-22';ae761f10-7aff-11ee-bbc4-db72061f928f;3;;;
'2023-11-22';13d06180-c1f3-11ec-81ec-0ba7d099fa9d;3;;;
'2023-11-22';03730d20-5ce2-11ee-9006-b178b960a5f1;3;;;
'2023-11-22';77b48290-807d-11ee-9638-5fb08ce02663;3;;;
'2023-11-22';cfbce6c0-9d54-11ec-8487-dbe8a6f96ab0;3;;;
'2023-11-22';32430120-b98e-11ed-8676-bb88dee690e2;3;;;
'2023-11-22';e8cc7d40-5844-11ee-a340-996a4b5e9a34;3;;;
'2023-11-22';9c8b8a50-7531-11eb-9d56-ad5d73c2050d;3;;;
'2023-11-22';15fe4620-889e-11ee-8f41-9dee35143227;3;;;
'2023-11-22';e3aa2b10-57a3-11ee-bd5a-f72794fcf488;3;;;
'2023-11-22';17449bb0-0d80-11ec-aebc-71bd723eb1f8;3;;;
'2023-11-22';18acbdd0-09c6-11ea-a25e-b97063d75f74;3;;;
'2023-11-22';c89ca050-a691-11ed-ac27-eb96d3d277c6;3;;;
'2023-11-22';56a3e9b0-21b6-11ec-8c7d-59f4a3904d36;3;;;
'2023-11-22';54c48600-c581-11ea-a84f-f57698549204;3;;;
'2023-11-22';955fb4e0-8915-11ee-a5a9-1dfd908390b2;3;;;
'2023-11-22';b5770f30-bcd8-11ed-beb9-83c8a7a24d15;3;;;
'2023-11-22';6b765430-e9b6-11ed-ae1c-43b9f0b4649c;4;;;
'2023-11-22';dcecebe0-9265-11ed-b63b-5f99b692759f;4;;;
'2023-11-22';ab6ac5d0-a7ea-11ec-a675-798b005bf57f;4;;;
'2023-11-22';afd60a50-7406-11ee-bb47-bf571cc653cf;4;;;
'2023-11-22';14dc23b0-97f0-11ed-bdd9-0fc02a126e1a;4;;;
'2023-11-22';695c5ef0-25e2-11eb-a938-6bff07fe5479;4;;;
'2023-11-22';2706d9a0-7b29-11ee-8826-0f45ad6377aa;4;;;
'2023-11-22';d1cc5080-6829-11ee-8aa3-3d2a71afccad;4;;;
'2023-11-22';c0f233f0-890e-11ee-82c2-bb272957aed2;4;;;
'2023-11-22';8ba73fb0-4e53-11ee-8bbb-539eea3dd82b;4;;;
'2023-11-22';2c61c650-780c-11ee-81bf-8b70932908d7;4;;;
'2023-11-22';14b7e7a0-87e5-11ec-8084-f1a1e39a6154;4;;;
'2023-11-22';9d378ed0-8600-11ee-8788-c5cb66ad9d43;4;;;
'2023-11-22';ef043d50-dd99-11ec-b67e-6150357587b6;4;;;
'2023-11-22';3c677c30-cf7d-11ed-90e9-bb85a3f1931f;4;;;
'2023-11-22';edf1ef20-2460-11ee-b1f6-e77ed7964e7f;4;;;
'2023-11-22';a63da2d0-82db-11ee-b7b6-318a8f9f484a;4;;;
'2023-11-22';37346470-1ac6-11ec-98f9-e912f416724e;4;;;
'2023-11-22';57d0bea0-d136-11ec-bf34-b9bf995b2286;4;;;
'2023-11-22';6fc39270-57e7-11e8-b8eb-5dd751d2ca2c;4;;;
'2023-11-22';63fae3d0-9bc6-11ed-b472-c983de5c443f;5;;;
'2023-11-22';d88e5760-fb3f-11ea-92ff-9dd84ed64731;5;;;
'2023-11-22';8a5b98f0-5d11-11ee-bc55-a1e8197a6051;5;;;
'2023-11-22';81db4a90-7260-11e9-9863-b7b7a001ac3e;5;;;
'2023-11-22';e73d1f50-ffdd-11eb-a49c-814d99123145;5;;;
'2023-11-22';bee38260-77ae-11ee-9e03-19b7cb09f8fa;5;;;
'2023-11-22';25b50bd0-3648-11ec-91a6-553b203f380b;5;;;
'2023-11-22';d271a930-29bf-11ed-92b7-e17dd1d46ec3;5;;;
'2023-11-22';b1678b10-f97e-11ea-a664-63c2b710d406;5;;;
'2023-11-22';9c717ef0-7937-11ee-ab82-3fed6061a5cd;6;;;
'2023-11-22';43364610-875e-11ee-8307-1b31f7f5187a;6;;;
'2023-11-22';397fdaf0-34b8-11ec-9b79-0bc2295b5ed8;6;;;
'2023-11-22';d234f070-2821-11ed-9ce0-b7a9dd423e66;6;;;
'2023-11-22';82712da0-6656-11ee-8ec4-1512b411dbd9;6;;;
'2023-11-22';53c854c0-7ef1-11ee-84d3-49d2c331b640;6;;;
'2023-11-22';e4c316d0-8bdc-11ed-8d87-0bd1e42735fc;7;;;
'2023-11-22';82c3a6b0-0974-11ed-92d9-17c41638c6a3;7;;;
'2023-11-22';2630a7f0-3a7d-11ee-88b2-d18fd7859087;7;;;
'2023-11-22';72f7ac50-73d0-11ee-96f5-3f4f8a11dc86;7;;;
'2023-11-22';5e6a2260-0edc-11eb-bd61-6b3aa71dd6cf;8;;;
'2023-11-22';f65363c0-0724-11ec-bd81-49e1f86f6eaa;8;;;
'2023-11-22';bec55e60-bd4d-11ec-bad1-352a3c90f6eb;8;;;
'2023-11-22';77d26ec0-9a8c-11ea-a2fd-3d9ff5d8d5c2;8;;;
'2023-11-23';ab6ac5d0-a7ea-11ec-a675-798b005bf57f;11;;;
'2023-11-23';7a88d920-7f89-11ee-ad44-39adfcd24fea;10;;;
'2023-11-23';53180ba0-468a-11ee-9ac5-7bbaf6e4289a;12;;;
'2023-11-23';2630a7f0-3a7d-11ee-88b2-d18fd7859087;10;;;
'2023-11-23';bea6d1b0-3a5c-11ee-a014-61f80b641ba5;28;;;
'2023-11-23';3db82a10-1a66-11ee-908f-553062a53e04;11;;;
'2023-11-23';302e5940-bcc0-11ed-bf87-9f2337527fae;21;;;
'2023-11-23';84e39510-89b4-11ee-9df5-f1906318f6e8;58;;;
'2023-11-23';f4ce1bf0-a14f-11ed-871f-fd8d0c40bfbb;18;;;
'2023-11-23';3c2d27c0-4fd6-11eb-b89f-2ffb31b67dd6;17;;;
'2023-11-23';7367e390-7df2-11ee-a01f-e5f2e5de981a;11;;;
'2023-11-23';c8af5290-838b-11ee-bdee-979d9506cbc0;14;;;
'2023-11-23';cb7c76b0-88f9-11ee-848e-b706f5f0b4f1;0;;;
'2023-11-23';05bf3030-f092-11ec-8780-971cccad7163;0;;;
'2023-11-23';ccfc8120-7def-11ee-8842-db96b8ca7a45;0;;;
'2023-11-23';a4db9460-d7f3-11ea-a881-d576d1a06d25;0;;;
'2023-11-23';78376ff0-8859-11ee-ae3b-811bb86f1f70;0;;;
'2023-11-23';884e28c0-89df-11ee-b310-f1b10d0833d3;0;;;
'2023-11-23';9b490c60-e57a-11ed-897f-a5f857ba1522;0;;;
'2023-11-23';022677c0-f259-11ed-922b-d13c6db8a544;0;;;
'2023-11-23';6a306b40-f89f-11ed-9078-cfaad71884b2;0;;;
'2023-11-23';e1a8a4f0-b00e-11ed-8e7b-0d89165678fb;0;;;
'2023-11-23';9204b820-1658-11ee-bc39-8349cecc3070;0;;;
'2023-11-23';2f94c6f0-9e38-11ed-b06a-7987044cd00d;0;;;
'2023-11-23';d5a3f210-87af-11eb-a941-9bc4ac6d7565;0;;;
'2023-11-23';edf1ef20-2460-11ee-b1f6-e77ed7964e7f;0;;;
'2023-11-23';89e24110-e33d-11ed-8b67-45eaf6602be0;0;;;
'2023-11-23';d95f40a0-57cb-11ee-96ca-adfc5645a424;0;;;
'2023-11-23';5cadd100-3d17-11ec-8fe3-975ff41ee3ba;0;;;
'2023-11-23';9de5bf20-877f-11ee-8485-ab8b6069d6bb;0;;;
'2023-11-23';5549f370-eed4-11ec-844a-37590d323efc;0;;;
'2023-11-23';88e90b80-06a8-11ed-bb8b-bbfd4aa03ca3;0;;;
'2023-11-23';b91494a0-ee32-11e9-92c5-b7dd5733eb60;0;;;
'2023-11-23';090dd4f0-715e-11ee-95ba-af3da24eb125;0;;;
'2023-11-23';cae78bc0-0449-11ee-a68c-d7482786be21;0;;;
'2023-11-23';5b9a2850-c25d-11ed-8620-5386402e7db1;0;;;
'2023-11-23';f27beb50-89fe-11ee-85e2-cf89f6a42c33;0;;;
'2023-11-23';973ddf10-30ad-11e8-94b5-05fb3f125577;0;;;
'2023-11-23';ddb40640-81c4-11ee-8f8b-9bf7f3ac8cdc;0;;;
'2023-11-23';1032eac0-708f-11ed-9686-3b616547ff8e;0;;;
'2023-11-23';29b8a6d0-8798-11ee-8f21-1d229be59ae7;0;;;
'2023-11-23';14df06b0-c16d-11ed-b92c-1b8fb2ebf894;0;;;
'2023-11-23';08d35bc0-d0da-11ec-bd1e-11aebb7d009c;0;;;
'2023-11-23';838fa5a0-1b5a-11ee-ab43-cd5044b151a8;0;;;
'2023-11-23';1da90f60-8d58-11ec-8446-41eb5caac821;0;;;
'2023-11-23';6b848100-63f4-11ee-94c1-cd564f70789a;0;;;
'2023-11-23';d0e78190-561c-11ee-9604-61cab66a9198;0;;;
'2023-11-23';f74b0c50-7dd9-11ee-9f7b-8153230f048a;0;;;
'2023-11-23';f0b18620-486b-11ed-b8d8-c35ee233e83d;0;;;
'2023-11-23';ef043d50-dd99-11ec-b67e-6150357587b6;0;;;
'2023-11-23';dcecebe0-9265-11ed-b63b-5f99b692759f;0;;;
'2023-11-23';ff7f7e70-0e54-11ec-94b7-a70b54151b4a;0;;;
'2023-11-23';e8ef2010-81d6-11e8-82b4-0ff3ffcd5726;0;;;
'2023-11-23';c9a3a830-03e6-11ec-94de-fb199350c024;0;;;
'2023-11-23';b7655e80-4b1e-11ee-8af4-dfc401157a83;0;;;
'2023-11-23';ccf1b180-47d2-11ee-8d0b-7dee74962c28;0;;;
'2023-11-23';f2114e60-2871-11ee-9ba4-5bc209f05128;0;;;
'2023-11-23';93268180-2f8a-11ed-9e5a-6f69efa68f58;0;;;
'2023-11-23';4286ab40-a769-11ed-a3a4-15ca05bb93e0;0;;;
'2023-11-23';c86322d0-43c2-11ed-93a5-8958ea89b78d;0;;;
'2023-11-23';b6de41e0-0fe5-11ed-a885-2f4908705b7b;0;;;
'2023-11-23';fd5c08a0-614c-11ee-9ce0-e14fc61820da;0;;;
'2023-11-23';cbfd1d70-aeb5-11ed-b277-192553cd6c9f;0;;;
'2023-11-23';d94f0b00-4988-11ee-90cb-573c0fdfe79d;0;;;
'2023-11-23';69508790-5ac0-11ee-be72-2b1cb3aefac8;0;;;
'2023-11-23';c2b7bab0-1804-11ed-8ff3-ed0a86f180fa;0;;;
'2023-11-23';e6679ec0-2ebc-11e8-a277-534c066c029e;0;;;
'2023-11-23';d0072b40-a93e-11ec-b14a-d5a93c330f4b;0;;;
'2023-11-23';715bc8e0-89c4-11ee-ab4a-e1aa1acac712;0;;;
'2023-11-23';80df1d90-8824-11ee-b5b8-49074799e028;0;;;
'2023-11-23';3a8fc3b0-557c-11ee-9343-b31e3ab30159;0;;;
'2023-11-23';480952b0-1c86-11ee-b8c0-2739316f7c37;0;;;
'2023-11-23';6ec306b0-8510-11ee-8d88-0d0c4816caab;0;;;
'2023-11-23';4568ada0-6d0b-11ee-a6e2-513ed9b1e043;0;;;
'2023-11-23';cca82fd0-a839-11ed-a2f8-e9581b9954ac;0;;;
'2023-11-23';466fbf60-fa36-11ed-a14a-67347299561e;0;;;
'2023-11-23';b7a1ce50-15e9-11eb-a3a8-c58e127adf0a;0;;;
'2023-11-23';3dc0e200-0857-11eb-a82c-d35f67c13518;0;;;
'2023-11-23';f5c917b0-19f6-11ee-9ff9-bb2aeb994a1d;0;;;
'2023-11-23';373961c0-35df-11ed-8206-bd519374e178;0;;;
'2023-11-23';942b14b0-3740-11ee-9c50-23d848797bb4;0;;;
'2023-11-23';65b5b460-2c46-11e8-b433-e9a46e5ade44;0;;;
'2023-11-23';823fa620-6a63-11ee-a621-53985e61effe;0;;;
'2023-11-23';124282b0-2f72-11ee-9b58-5738315d91fa;0;;;
'2023-11-23';94ecbf30-8a0f-11ee-bc47-790ba6f38c23;0;;;
'2023-11-23';06156c60-564a-11ee-9e42-b3913ca46edc;0;;;
'2023-11-23';62d648d0-7276-11eb-a24e-3b66914edb0e;0;;;
'2023-11-23';93cc2aa0-fea6-11ec-ab25-0f46192b67fb;0;;;
'2023-11-23';b0dcae50-3786-11eb-aeff-a3ff3a4100a5;0;;;
'2023-11-23';152d7400-bcbb-11ed-a0af-3f0f438fc3d5;0;;;
'2023-11-23';6716d230-26e1-11ee-8726-d5b75c527547;0;;;
'2023-11-23';718ef8a0-1e21-11e9-ba7f-639f3b9a8466;0;;;
'2023-11-23';dea1c060-7d8c-11ee-8258-bbdd4237a152;0;;;
'2023-11-23';f7046380-fa5b-11eb-94c8-eb6c89cb3e0c;0;;;
'2023-11-23';bce4b280-2dd2-11ed-a35f-97afa545b3df;0;;;
'2023-11-23';8194fe20-e331-11eb-8460-df9b86b1520e;0;;;
'2023-11-23';47c90e80-7a82-11ee-9397-93f94e7a026a;0;;;
'2023-11-23';ae6ab8f0-4004-11ed-bb59-6bc4ca1ae970;0;;;
'2023-11-23';caff1110-81ed-11ee-85f9-5b5a49f9e3e5;0;;;
'2023-11-23';5ca17180-6f38-11ee-a0d8-250f1703d8df;0;;;
'2023-11-23';9936fd00-6726-11ee-8ddd-1f5cee96f0c9;0;;;
'2023-11-23';0377f3b0-a60a-11ed-9c62-d5bcac106cb1;0;;;
'2023-11-23';c3ea1a10-747c-11ee-ae3c-171a2c49bbb4;0;;;
'2023-11-23';987a1860-043f-11e9-b29a-657a90787be9;0;;;
'2023-11-23';3b4dfd00-89a5-11ee-8f38-97f7ff2e64e8;0;;;
'2023-11-23';3c443a40-269f-11e8-9d03-5bf8d1f9eb7b;0;;;
'2023-11-23';45efb510-491d-11ed-a9f5-71ca9a1e60a5;0;;;
'2023-11-23';dcb922f0-61f0-11ee-8c03-2deb997c6e4f;0;;;
'2023-11-23';87bea2b0-89ce-11ee-aede-d7f46252f7fd;0;;;
'2023-11-23';fcd3b500-6e61-11ee-8a32-596792dfe63e;0;;;
'2023-11-23';ed9d8b60-5796-11ee-a434-1b2fc8add60a;0;;;
'2023-11-23';b8800af0-6dc8-11ee-8ada-c7d2dc4bb73d;0;;;
'2023-11-23';d6319b80-5ba9-11ee-ba7a-1b62d370ba72;0;;;
'2023-11-23';7775c2a0-0bf6-11ed-b997-b1adc8628e36;0;;;
'2023-11-23';d436d5a0-6883-11eb-9e21-a745138e8f44;0;;;
'2023-11-23';aaeac1a0-0941-11ee-8782-cb56425db2b6;0;;;
'2023-11-23';474218c0-1fc0-11ee-9277-c71cabf691c3;0;;;
'2023-11-23';753d0060-52be-11ee-8e74-5b685345f5a2;0;;;
'2023-11-23';f88b32c0-8874-11ee-8af3-c70b3bbd38fa;0;;;
'2023-11-23';0467a480-869e-11ee-85f6-d340cdacb9ed;0;;;
'2023-11-23';93970360-8e0d-11ed-9bfb-59d3cb046dbf;0;;;
'2023-11-23';5dd6e4d0-8b36-11e9-bf86-1d80cb2d7855;0;;;
'2023-11-23';3f35b8e0-101f-11ee-82db-d9eb8e0d664b;0;;;
'2023-11-23';19b0d5b0-5372-11ed-8f00-67b2c80a1d9c;0;;;
'2023-11-23';0db94550-c3eb-11ed-97dc-45d791b61932;0;;;
'2023-11-23';9f9ebe70-2221-11ee-a8a3-7b9385a8b996;0;;;
'2023-11-23';78205480-8914-11ee-ba3e-75b5e1bda2fc;0;;;
'2023-11-23';cb080190-90c5-11ed-8cee-093727d167be;0;;;
'2023-11-23';5f993750-683a-11ea-96c5-0b4aa9599a94;0;;;
'2023-11-23';48901090-7f7b-11ee-bfaa-79a6c6d3a69f;0;;;
'2023-11-23';71091de0-6ad3-11ed-bb75-fdc34cb5d3b3;0;;;
'2023-11-23';6532b2b0-26a9-11e8-90a3-bd20b7bc023b;0;;;
'2023-11-23';1939da40-9f73-11ec-9a38-af628d0be17b;0;;;
'2023-11-23';c63887f0-7cc1-11ee-88ca-c18613cc322e;0;;;
'2023-11-23';cd69d6f0-6fb6-11ed-95e4-2fe88c518eb8;0;;;
'2023-11-23';76fda270-e5ad-11ed-ac9e-417b67ea4362;0;;;
'2023-11-23';31451c10-89b6-11ee-84c9-6985e4a1bcd3;0;;;
'2023-11-23';c1814320-0132-11ed-b2c6-09f0df5ce4b7;0;;;
'2023-11-23';068beb70-b8d5-11eb-b7f7-41a34706eb4a;0;;;
'2023-11-23';0b7e3220-a8ff-11ed-ac6e-2b8b3b227614;0;;;
'2023-11-23';f0a828b0-844b-11ee-8685-cb60fb347e57;0;;;
'2023-11-23';5e45a6b0-0f1b-11ed-8f8f-e7057cff0cb2;0;;;
'2023-11-23';3266df50-5b74-11ed-9db1-fb9122b43b4b;0;;;
'2023-11-23';d1739bc0-7567-11ee-8be5-85bb77523c44;0;;;
'2023-11-23';91a2e210-2a88-11e8-8b29-bf1c80bcd10e;0;;;
'2023-11-23';862760e0-89ce-11ee-8c31-d3ca53869624;0;;;
'2023-11-23';48fd30e0-68eb-11ee-a3bd-f5cd330e0306;0;;;
'2023-11-23';986eaaf0-bbf3-11ed-acf5-cf76d90bca9a;0;;;
'2023-11-23';ec126ae0-76cc-11ee-8e04-5908be281676;0;;;
'2023-11-23';e8028560-89fb-11ee-a3b5-731a31f655ca;0;;;
'2023-11-23';f7c16bf0-448d-11ee-9152-5d2cf8d23c8d;0;;;
'2023-11-23';2418ed40-e322-11ed-a3c3-39019ef4fa21;0;;;
'2023-11-23';d3393290-404b-11ee-8c59-0577e34b01ff;0;;;
'2023-11-23';ad8b85f0-5097-11ee-bac1-95b6a705b089;0;;;
'2023-11-23';6d7c01d0-2075-11ee-9ec0-6f0b0b812226;0;;;
'2023-11-23';77e81210-85d5-11ee-b0f7-1b9a3938d8d8;0;;;
'2023-11-23';0c1031e0-e4a8-11ed-9e2b-e9731131cca2;0;;;
'2023-11-23';a89957f0-52c9-11ee-ab89-9f49151b6d41;0;;;
'2023-11-23';480d5b50-7891-11ee-b23f-d5beac5b0f89;0;;;
'2023-11-23';525dce20-89fb-11ee-b71f-5beba1db79df;0;;;
'2023-11-23';d03b9df0-7697-11ec-8479-c173b1dbb223;0;;;
'2023-11-23';382484b0-4976-11ee-920e-2dc0028340f6;0;;;
'2023-11-23';c84d4580-4b9d-11ee-b8d1-8f49424ec588;0;;;
'2023-11-23';e3b73680-68d2-11ee-94f8-e74144b3dd83;0;;;
'2023-11-23';7a90fc60-fd4e-11ea-b58f-25fed1f2453d;0;;;
'2023-11-23';71602190-89b7-11ee-bb38-15ad21e800b5;0;;;
'2023-11-23';28402750-3222-11e8-bf18-af6030bd73a2;0;;;
'2023-11-23';3a5bab80-269c-11e8-8319-456ad9d3b8d8;0;;;
'2023-11-23';73660410-64b0-11ec-9529-5f1fa52a8d42;0;;;
'2023-11-23';4f655250-3d12-11ee-8955-7166be52d0d4;0;;;
'2023-11-23';27d856f0-816a-11ee-85ea-8bc7702935f0;0;;;
'2023-11-23';372e4420-89bc-11ee-b887-cb4c29ee2b7f;0;;;
'2023-11-23';51fb65b0-88f1-11ee-aa40-55353f848763;0;;;
'2023-11-23';21cb72c0-64f1-11ec-b9c1-554f28876a26;0;;;
'2023-11-23';a2861660-9257-11ed-96ae-61ff958c7640;0;;;
'2023-11-23';405db4b0-5a3a-11ee-87f2-49831b92684d;0;;;
'2023-11-23';fdabc000-835e-11ee-86de-551e7781230e;0;;;
'2023-11-23';873f4590-8133-11ee-9a28-f3f0fd5f4dde;0;;;
'2023-11-23';bde71470-4bd1-11ee-92e9-d799cd438283;0;;;
'2023-11-23';c88822c0-4d9d-11e9-8430-751a4beee6c0;0;;;
'2023-11-23';4ae3de40-b735-11ec-965b-4bf532c89b23;0;;;
'2023-11-23';c59cace0-a1fd-11ec-b520-353035c84241;0;;;
'2023-11-23';79aa5c70-5297-11ec-a861-7ba358316127;0;;;
'2023-11-23';35dc86a0-c90f-11ec-801c-c32341e7529a;0;;;
'2023-11-23';c061d420-1efd-11ee-a34d-73ebe175cf79;0;;;
'2023-11-23';76fca8b0-de5c-11ec-aa5a-413ecb12b75f;0;;;
'2023-11-23';e05ce630-12d6-11ee-831d-2b63cc71a5bb;0;;;
'2023-11-23';bc419c30-74d3-11eb-a33e-e780b848c46f;0;;;
'2023-11-23';baa137b0-8389-11ee-8a50-09c217112b5a;0;;;
'2023-11-23';76b2e7f0-89bb-11ee-bec2-6bf6ceb0baa7;0;;;
'2023-11-23';89708e80-5151-11ee-95f9-79d7dafa8182;0;;;
'2023-11-23';f3b05090-6386-11ee-b738-411998dddbba;0;;;
'2023-11-23';9c5d2070-80dd-11ed-9779-b55fac7c879e;0;;;
'2023-11-23';2603ef60-fe34-11ed-910f-ed4de5f486e7;0;;;
'2023-11-23';f487ad20-51bb-11ed-8b5d-790907ccf4e0;0;;;
'2023-11-23';c305d4a0-a915-11ed-94f7-d9cc05d27ce1;0;;;
'2023-11-23';27201470-26b5-11e8-8b1e-f3cfc8f9b423;0;;;
'2023-11-23';598adde0-376d-11ee-8584-7b14d4f13f6b;0;;;
'2023-11-23';9b431500-ffbd-11ed-bbb8-3f5d2ad57c40;0;;;
'2023-11-23';cf9ebac0-269c-11e8-94a9-47a7c23168de;0;;;
'2023-11-23';dae92d50-fcb8-11ed-aaf3-df6001e93b43;0;;;
'2023-11-23';2bb74140-0457-11ee-bd36-2f1e6e4a0d5b;0;;;
'2023-11-23';cbb2af70-a51a-11eb-bc9a-9b8287359b8f;0;;;
'2023-11-23';ae05e830-31ad-11ee-97dd-09bd2b6fc929;0;;;
'2023-11-23';0a54b9f0-6a65-11ee-bf89-77b46f9d2e7f;0;;;
'2023-11-23';f7c42270-d75d-11ed-97f9-b9552bc26c77;0;;;
'2023-11-23';3aa5e760-d3a1-11ed-b6d4-25cf9788359e;0;;;
'2023-11-23';404deb50-e02a-11ed-a4cd-f3fc0d9aa7de;0;;;
'2023-11-23';1bda3c30-89bf-11ee-b2ce-8314c7a462ea;0;;;
'2023-11-23';c5c77150-ff67-11ed-9478-ebe39a40465c;0;;;
'2023-11-23';9d657c50-6965-11ec-a4a9-912dae094ad1;0;;;
'2023-11-23';663c6800-0c17-11ee-926d-1ff95fc3e077;0;;;
'2023-11-23';7e3d2410-f39b-11ed-a1b9-0b751515adfd;0;;;
'2023-11-23';0c97ce60-7103-11ee-b9df-7738e9e57271;0;;;
'2023-11-23';17a6d4d0-82f2-11ee-90dc-adefc86c23b6;0;;;
'2023-11-23';c1a28c20-ba1f-11eb-98a9-ffa5882c14df;0;;;
'2023-11-23';2500e0b0-1780-11ec-9749-15659cd02839;0;;;
'2023-11-23';bfb84fc0-b958-11eb-b3b5-714825858d67;0;;;
'2023-11-23';680182f0-ee4f-11ed-9753-4fca07e2a9b3;0;;;
'2023-11-23';96812890-87a3-11ee-9a88-f914bca26f84;0;;;
'2023-11-23';6a8edcc0-889b-11ee-9434-6b08cb913e74;0;;;
'2023-11-23';76f274c0-30e1-11ee-9049-53b064d49609;0;;;
'2023-11-23';e8370690-2237-11ee-9633-8f40abc9355c;0;;;
'2023-11-23';3d6a2840-53d9-11ee-a479-0d803dae7dad;0;;;
'2023-11-23';d8b3ff30-19ea-11ed-a00f-a70ad1c9c131;0;;;
'2023-11-23';c98b28f0-89f4-11ee-be56-1330091346e5;0;;;
'2023-11-23';9fbcd8d0-e8bd-11ed-aa0f-db59b1995aa3;0;;;
'2023-11-23';00a77190-7c68-11ed-882c-995e0a8bf029;0;;;
'2023-11-23';cdd07e10-722a-11ee-8633-f372814eb192;0;;;
'2023-11-23';c764cca0-ee02-11ec-bdf3-09d0adde421a;0;;;
'2023-11-23';416940a0-4175-11ee-bcd9-571b4810f402;0;;;
'2023-11-23';3017cde0-3f3f-11ee-8660-154ee58e7850;0;;;
'2023-11-23';0900b2e0-5eac-11ed-8b0d-dd2b465cafe3;0;;;
'2023-11-23';cb981500-0c76-11ee-9540-39e818b214fc;0;;;
'2023-11-23';398f00f0-6811-11ee-a9ca-3128596dc272;0;;;
'2023-11-23';980384b0-5a59-11ed-a994-0ff062283cc4;0;;;
'2023-11-23';ed962470-3a62-11ee-84da-2906692bcb3e;0;;;
'2023-11-23';7b293560-8bf5-11ed-a8b5-8971a181d712;0;;;
'2023-11-23';67925120-724b-11ee-94bf-f9dc90ecf60d;0;;;
'2023-11-23';838a9f60-6b4c-11ed-90d6-93290c38b802;0;;;
'2023-11-23';86f1d550-8c66-11ea-b5ed-650a2b17aba6;0;;;
'2023-11-23';3b6d9670-dd07-11ec-98cd-3179528cee05;0;;;
'2023-11-23';d70dcaa0-0d9b-11ec-9480-19aec6605e49;0;;;
'2023-11-23';d4e80a00-1f43-11ed-a30a-4b593f6f7cc0;0;;;
'2023-11-23';2742f020-c2cb-11eb-b97c-0f488a4c0ade;0;;;
'2023-11-23';df3bceb0-5e99-11ee-88e1-9ba78e205adb;0;;;
'2023-11-23';e4b5c630-6cc1-11ee-a911-a7f327ea2049;0;;;
'2023-11-23';07690c10-84d8-11ec-a5ec-659f78a8acae;0;;;
'2023-11-23';d9a53120-5648-11ee-a608-0d3249132a5e;0;;;
'2023-11-23';e7f5b7f0-47bf-11ee-998c-27bdd1a04265;0;;;
'2023-11-23';425f5490-6510-11ee-bc9b-c79e712f19a9;0;;;
'2023-11-23';55eb7340-7d7a-11ee-83f2-c918dbdb0679;0;;;
'2023-11-23';51dc3c40-69f3-11ec-848c-2714b3b1ce53;0;;;
'2023-11-23';e27194a0-89e3-11ee-8166-9369e7b15a12;0;;;
'2023-11-23';5bb5d6c0-3ca8-11ee-a061-51e7a79d61f1;0;;;
'2023-11-23';2d48ad60-e878-11ec-89e6-f50bb0107659;0;;;
'2023-11-23';2050bbc0-1a15-11ec-ba07-f334599e7950;0;;;
'2023-11-23';b2d9b190-a47a-11ed-8800-7f0b6be9ce29;0;;;
'2023-11-23';5be9b9c0-a844-11ed-9f0d-5f4dcc814e1e;0;;;
'2023-11-23';a4ed4420-ce28-11ed-b2be-33e433f3e31a;0;;;
'2023-11-23';575f62c0-4bef-11ee-811b-a34abc69d501;0;;;
'2023-11-23';50a55150-894e-11ee-80e3-212a776b2dbd;0;;;
'2023-11-23';d4067c10-0e63-11ee-a911-1136d3822e60;0;;;
'2023-11-23';5b6e24c0-12e1-11ed-bb7a-819582b3bcb0;0;;;
'2023-11-23';e859bb20-e946-11ec-989d-5dab79b99d67;0;;;
'2023-11-23';605068d0-dc45-11ed-9d44-810786957f5c;0;;;
'2023-11-23';b691c7e0-7f81-11ee-9080-6d8604be1b10;0;;;
'2023-11-23';429a41a0-8a26-11ee-bf04-e7c3b445a835;0;;;
'2023-11-23';f165b8c0-bffd-11ed-b68b-cb215499e0ad;0;;;
'2023-11-23';a31e81c0-89dc-11ee-88e9-038c93faef4b;0;;;
'2023-11-23';60c0b850-577f-11ee-8783-e5e48cc11455;0;;;
'2023-11-23';e670daa0-c51a-11ec-ba89-a390921901ac;0;;;
'2023-11-23';70f10d90-7a23-11e8-b476-29defa5a917d;0;;;
'2023-11-23';c43859a0-2576-11ee-95c0-f3a8eb36e260;0;;;
'2023-11-23';dca08940-7d78-11ee-940a-6fccf3ca8891;0;;;
'2023-11-23';43d03980-404a-11ec-b9d0-ab0178fa8667;0;;;
'2023-11-23';0e92c680-89da-11ee-b5cc-d1f7bd2b06c5;0;;;
'2023-11-23';51fc4970-b951-11eb-b18b-e576f0c0802a;0;;;
'2023-11-23';8313cd60-4303-11ee-b9f7-77e376310446;0;;;
'2023-11-23';5b786890-7de3-11ee-848e-1dfb8f527de4;0;;;
'2023-11-23';837322e0-73c0-11ee-a059-0b2409c267b4;0;;;
'2023-11-23';2fdebca0-6c1a-11ee-90a1-271745b17059;0;;;
'2023-11-23';fd1ed610-d9e8-11ed-8cf2-eb4cd9be2f79;0;;;
'2023-11-23';6801cc90-bee5-11ed-b703-f9ceb768f629;0;;;
'2023-11-23';522a5fd0-883f-11ee-8e8c-25771f882a90;0;;;
'2023-11-23';3e5f91d0-d874-11ed-8336-45790700458c;0;;;
'2023-11-23';762c1c60-736b-11ec-a4a7-93b99e007de6;0;;;
'2023-11-23';ad46c600-89d5-11ee-9766-798850683cef;0;;;
'2023-11-23';15b9df60-0bf5-11ee-aa95-11e8e8cc3e18;0;;;
'2023-11-23';8164e610-4a17-11ed-8513-0508d4bb89ef;0;;;
'2023-11-23';7ebd9730-2a83-11ed-a8ba-89d358137e29;0;;;
'2023-11-23';34061640-095f-11ec-8e63-4b3c41117f08;0;;;
'2023-11-23';cfaf4f90-8396-11ee-9f18-5ddc75db4c76;0;;;
'2023-11-23';72cde9a0-37e1-11ed-80e9-6d78b0b0ed08;0;;;
'2023-11-23';e09eb640-dc21-11e9-8863-3910ba2962c8;0;;;
'2023-11-23';34f78f90-6cd4-11ee-887c-efe51a7f9946;0;;;
'2023-11-23';02a1d900-a64c-11ed-a3c5-4da84c18504e;0;;;
'2023-11-23';2400a120-70a1-11ed-948a-d18e97ec1d4b;0;;;
'2023-11-23';1cd40f00-26d1-11e8-aed5-87569c2029e9;0;;;
'2023-11-23';956fecd0-2f55-11ee-87af-3b108b1d636f;0;;;
'2023-11-23';78f49ee0-882c-11ee-bc25-61c28f24ab12;0;;;
'2023-11-23';f136c220-60cd-11e8-8ebd-45fc1d9c550a;0;;;
'2023-11-23';56d74cd0-2478-11ee-a500-3b06ee498648;0;;;
'2023-11-23';dde8e850-8a1c-11ee-981d-451228a9b07e;0;;;
'2023-11-23';25181760-6d93-11ee-abf3-bfb51ca8976f;0;;;
'2023-11-23';7829b590-8a20-11ee-85e3-97ccbde868b0;0;;;
'2023-11-23';624bfb20-8872-11ee-96d6-e7bdafe84b7d;0;;;
'2023-11-23';38bea320-82a0-11ee-ad1e-910e622cef36;0;;;
'2023-11-23';a5f4fc40-3517-11ee-838e-e51c7695bc85;0;;;
'2023-11-23';289bc360-afde-11ec-a882-df5bc25920ab;0;;;
'2023-11-23';e066e4d0-16fd-11ed-b7b0-47b2474cb7da;0;;;
'2023-11-23';b4ca0ed0-03ce-11ec-8dba-21023f7307a2;0;;;
'2023-11-23';b7e4d4b0-47c5-11ed-9239-2f1acd79db72;0;;;
'2023-11-23';92dc8780-5543-11ee-b3dc-dfb7e3b511bb;0;;;
'2023-11-23';c996acf0-9afa-11ed-aebc-f7f0153dd253;0;;;
'2023-11-23';4c749bc0-1ac6-11ec-b507-6d3180b60d38;0;;;
'2023-11-23';7e220550-f31e-11ec-8e07-4b0945ab8457;0;;;
'2023-11-23';b5d0ac20-3ab4-11ee-9e73-07e0fbd281e7;0;;;
'2023-11-23';b5e19fa0-584e-11ee-855d-db6b021e207e;0;;;
'2023-11-23';41b81230-f323-11ec-b638-f1e2df75497f;0;;;
'2023-11-23';38b8a1c0-89c9-11ee-a7f7-d1761be583cd;0;;;
'2023-11-23';3d0629e0-d7fb-11ec-9cc6-892073864f49;0;;;
'2023-11-23';74e2ae80-bfff-11ea-a148-57e8a986b438;0;;;
'2023-11-23';d4ec2690-28e8-11e8-abd7-9123c60d10ed;0;;;
'2023-11-23';a7e208c0-c746-11ed-ad83-f3a9ba1fd18a;0;;;
'2023-11-23';61adaa40-0b29-11ee-86e5-e9d6363b32fa;0;;;
'2023-11-23';97610b70-170c-11ee-8bbb-330cbb1c1cf4;0;;;
'2023-11-23';cfc75bf0-269d-11e8-bff3-21083c6b8fc9;0;;;
'2023-11-23';58cbb670-b722-11ed-a98b-85b1ac8519a6;0;;;
'2023-11-23';85913cd0-81f6-11ee-8f56-b90a2112f546;0;;;
'2023-11-23';643b09d0-2685-11ed-a140-57b71d91f94a;0;;;
'2023-11-23';84ec8fd0-75aa-11ee-95cc-3129598ae327;0;;;
'2023-11-23';8ce85230-7034-11ee-80e4-b1d3c171f6b4;0;;;
'2023-11-23';6743cfe0-3048-11ee-b220-791bbb201f29;0;;;
'2023-11-23';d4b39ad0-890b-11ee-b778-3d1ddc924bfd;0;;;
'2023-11-23';4290ec90-15d7-11ee-bae3-ef32c7645a5d;0;;;
'2023-11-23';6b59cff0-18d9-11eb-a819-bdd94c6f9988;0;;;
'2023-11-23';22f02860-ba26-11eb-95b4-9bb66a80a2f5;0;;;
'2023-11-23';e313fce0-89e8-11ee-83c3-75f2cadc82f0;0;;;
'2023-11-23';8aca5ab0-4c2d-11ed-ba4f-3339b0969613;0;;;
'2023-11-23';79f33680-8a16-11ee-8e51-397413e7183d;0;;;
'2023-11-23';679acc00-6e6e-11ee-96a0-4d7aa9d5f121;0;;;
'2023-11-23';34f91c40-1d55-11ed-9728-19dd324dfcd3;0;;;
'2023-11-23';ed1244a0-b71f-11ed-b859-7f234622b326;0;;;
'2023-11-23';47bffcd0-da1b-11ed-b81d-931ec87504ad;0;;;
'2023-11-23';35c04500-4bde-11ee-8f40-ab330b08354c;0;;;
'2023-11-23';95ca9800-6660-11ee-8360-2917a3f6e3da;0;;;
'2023-11-23';852513c0-0e56-11ee-8c52-ab3628822b93;0;;;
'2023-11-23';875227e0-8963-11ee-81ad-cbf13bb0e5ad;0;;;
'2023-11-23';d2ce49f0-86a3-11ee-bcb5-218175b98971;0;;;
'2023-11-23';e6be3b70-8980-11ee-b964-d548dfb62f2a;0;;;
'2023-11-23';58bacd60-6343-11ee-910a-219bf466f77b;0;;;
'2023-11-23';48e34e70-4d9b-11ee-b6aa-61ece6cd1113;0;;;
'2023-11-23';f5912b00-0c51-11ee-82b4-47d4a006bbc9;0;;;
'2023-11-23';f29b25c0-548d-11ee-ad2d-41c8cca231f9;0;;;
'2023-11-23';34fbb1b0-e758-11ea-879d-3350358da159;0;;;
'2023-11-23';844b89c0-816f-11ee-ac83-b3cae77b71f2;0;;;
'2023-11-23';f1b05b00-895b-11ee-a998-b1c9b453ecd6;0;;;
'2023-11-23';f7662ee0-22a5-11ec-8160-0d3fd119ed49;0;;;
'2023-11-23';c44efdd0-2bdd-11eb-a6a8-374e84e5cb57;0;;;
'2023-11-23';5c281b00-39ff-11ee-915c-8d2b0f08048d;0;;;
'2023-11-23';9d8a8e80-7127-11ed-b4af-bfaf5c904ee9;0;;;
'2023-11-23';8c627ff0-2ec3-11ee-978d-bb5568488925;0;;;
'2023-11-23';8f868c50-5941-11ee-b38b-03e43b522cae;0;;;
'2023-11-23';525a8470-8827-11ee-93d7-936f78174265;0;;;
'2023-11-23';b4998810-0f38-11ee-9783-95cb32cfd865;0;;;
'2023-11-23';412efda0-7d48-11ee-b3d0-977528d20311;0;;;
'2023-11-23';d8457bd0-82c3-11ee-ba6e-e58e798f9991;0;;;
'2023-11-23';8695b740-31e3-11ee-848d-819c883f7e7d;0;;;
'2023-11-23';90bfe710-b64f-11ec-b220-0fc8135bb5dd;0;;;
'2023-11-23';39737110-55e6-11ee-b381-3556d62b5fb0;0;;;
'2023-11-23';dc644e90-d6fb-11ed-ba63-c7c8945732db;0;;;
'2023-11-23';38ac2450-8879-11ee-9c83-c969d82db832;0;;;
'2023-11-23';14dc23b0-97f0-11ed-bdd9-0fc02a126e1a;0;;;
'2023-11-23';a8af3330-4bc8-11ed-9e33-c9f4d0d03f0d;0;;;
'2023-11-23';65615ea0-60f8-11ee-be85-0d709b34c245;0;;;
'2023-11-23';4e1f8210-8201-11ee-bbad-0f72fb1da11d;1;;;
'2023-11-23';0020a4c0-7402-11ee-b7d6-418bdd68d3fb;1;;;
'2023-11-23';cf5dc310-8368-11ee-b536-191be0cece0e;1;;;
'2023-11-23';0679ea40-4694-11ec-869e-4dc38dfab889;1;;;
'2023-11-23';a6bc56a0-34e5-11ee-8807-d954c9419494;1;;;
'2023-11-23';2b17ac70-a4f4-11ec-b895-b714973c22a3;1;;;
'2023-11-23';0bfe95f0-4aea-11ed-a850-1fb5cbee8115;1;;;
'2023-11-23';e96f2840-de66-11ed-8fc1-372b1b85c63b;1;;;
'2023-11-23';f9d41990-83aa-11ee-b0e8-378655dc29f6;1;;;
'2023-11-23';f8344930-3dc2-11ee-b70a-17817da2dd83;1;;;
'2023-11-23';afd60a50-7406-11ee-bb47-bf571cc653cf;1;;;
'2023-11-23';eccc18c0-dd0f-11ed-ac14-f174b049b2e2;1;;;
'2023-11-23';d3510020-254b-11ee-841e-3590bf2ce428;1;;;
'2023-11-23';63fae3d0-9bc6-11ed-b472-c983de5c443f;1;;;
'2023-11-23';e1dcdaa0-51fc-11ee-9635-5d1eaad89030;1;;;
'2023-11-23';9a2a9f80-7c95-11ee-a196-3fad3dbfe0c2;1;;;
'2023-11-23';83ae8260-f8f5-11eb-b34f-d9e4914ec851;1;;;
'2023-11-23';17db1b10-7748-11ee-b7c2-b1298eeee3e8;1;;;
'2023-11-23';a63da2d0-82db-11ee-b7b6-318a8f9f484a;1;;;
'2023-11-23';fc825680-6275-11ee-a126-ff40476b8939;1;;;
'2023-11-23';97a73590-08fd-11ee-909b-ff7724e91f39;1;;;
'2023-11-23';8815d520-1959-11ee-a22b-fdf30c15a85e;1;;;
'2023-11-23';18d6bbc0-1a17-11ee-a642-63c85a1cf94e;1;;;
'2023-11-23';424d1220-63bd-11ee-bf5c-2915cf679904;1;;;
'2023-11-23';bd27f410-d6aa-11ed-b10e-ff3b2a9f7a5a;1;;;
'2023-11-23';295e57a0-8731-11ee-8b57-1b5515413870;1;;;
'2023-11-23';468ebab0-14b1-11ee-9165-5f88e7642ba0;1;;;
'2023-11-23';179bf5b0-c06c-11eb-befb-013e7ec51d06;1;;;
'2023-11-23';e03f6190-69a2-11ea-a9a5-51de07e8ae4e;1;;;
'2023-11-23';61585220-f0ad-11ed-9421-13c7b109f79b;1;;;
'2023-11-23';15a88c60-3cec-11ee-8cba-312661d0ca06;1;;;
'2023-11-23';466f72a0-dd29-11ed-b3e4-9116b8fa2b97;1;;;
'2023-11-23';4a2e61e0-7283-11ee-9d0a-6bb903e5ef38;1;;;
'2023-11-23';a906fa60-4ff6-11ee-a287-c5460bf17e1d;1;;;
'2023-11-23';bee38260-77ae-11ee-9e03-19b7cb09f8fa;1;;;
'2023-11-23';681908c0-4082-11ec-977d-59d90fc925c1;1;;;
'2023-11-23';3251f2f0-3037-11ee-bfc2-3dc4e841f05e;1;;;
'2023-11-23';32576a80-a39f-11ec-a680-09fcc5f5cdba;1;;;
'2023-11-23';c5c64ce0-88f0-11ee-8000-35e661bd17f0;1;;;
'2023-11-23';f54e2800-9bd6-11ed-9125-ab86006389ce;1;;;
'2023-11-23';45152830-f10f-11eb-94d2-3b1b0d61e40d;1;;;
'2023-11-23';2809fbe0-6cfe-11ee-9cf1-9f839b808b64;1;;;
'2023-11-23';8f8b4810-8503-11ee-99cd-9f8d529f9a8a;1;;;
'2023-11-23';2ae05ef0-9581-11ec-97d8-779d20007d37;1;;;
'2023-11-23';02fadd90-7fd9-11ee-8c17-0b6fe6d1b223;1;;;
'2023-11-23';7abbb2a0-7e0d-11ee-9c0f-d582c0cbde2c;1;;;
'2023-11-23';7a2afab0-31b6-11ee-8704-b1b68525419f;1;;;
'2023-11-23';56bcace0-8a26-11ee-ae65-2972448a1b80;1;;;
'2023-11-23';5251bae0-2ecf-11ee-b05a-93748963dcb9;1;;;
'2023-11-23';ce79df20-e0fb-11ed-ae6e-e9ce17e234c0;1;;;
'2023-11-23';b58f7e20-0432-11ee-a6db-e7ff4a9baa37;1;;;
'2023-11-23';a68ca7a0-89f6-11ee-8d98-9102779410be;1;;;
'2023-11-23';4e2259d0-3a32-11e8-8922-1b82ce359791;1;;;
'2023-11-23';7e6377b0-0b71-11eb-b493-d3a5e046c737;1;;;
'2023-11-23';ca7ee320-89c5-11ee-bca6-eb9bb5d05ab1;1;;;
'2023-11-23';3848ca70-3b14-11e9-9cba-e59762703993;1;;;
'2023-11-23';b0c4f9b0-5a95-11ee-8d1f-f9fff5394a09;1;;;
'2023-11-23';6b7cb6f0-c3d1-11ed-afd4-47ab15a9bd9f;1;;;
'2023-11-23';f7e4de20-89c8-11ee-9f17-4d46a0753b28;1;;;
'2023-11-23';64f4de30-6331-11ed-850b-d59d037b8cf1;1;;;
'2023-11-23';364f66e0-883d-11ee-ac9b-4d1a8e304d5d;1;;;
'2023-11-23';b9222880-c24c-11ed-87a1-03cc495e2fa5;1;;;
'2023-11-23';c6f084e0-1498-11ee-9a00-c1d45ba502dd;1;;;
'2023-11-23';d10790d0-6c79-11ed-a25a-e7964f4c8faf;1;;;
'2023-11-23';2ffd3450-75e0-11ec-95a6-3b7e9a532760;1;;;
'2023-11-23';574cd1b0-88e3-11ee-a43f-35aa32908baa;1;;;
'2023-11-23';26883cc0-3d64-11ed-aa1a-d575131f38cc;1;;;
'2023-11-23';8fb25600-7255-11ee-998b-67ca29ea254a;1;;;
'2023-11-23';0b0bd990-89a1-11ee-a0b3-a365b5fd543f;1;;;
'2023-11-23';0175f040-3db7-11ee-9478-d5f586ef2c17;1;;;
'2023-11-23';2684db90-89d3-11ee-b114-dfc52c26725c;1;;;
'2023-11-23';56352440-2264-11ec-8be0-c1c90f36b6f2;1;;;
'2023-11-23';2bdffb40-8967-11ee-ade7-9fd7bfc83001;1;;;
'2023-11-23';f6affa70-3c12-11ee-8ed6-a9edb5076365;1;;;
'2023-11-23';1d296320-98a9-11ed-9994-47870efcca00;1;;;
'2023-11-23';a7221870-3018-11eb-a7e7-b774d83c11b2;1;;;
'2023-11-23';1d903250-a20c-11ed-b434-11cf8087d6c5;1;;;
'2023-11-23';82aff070-57bc-11ed-a1f1-d9a024bf871f;1;;;
'2023-11-23';57a7ee50-8754-11ee-81e2-df2c1083f17c;1;;;
'2023-11-23';7d2cf490-5d4b-11ea-a6da-6907c0265f74;1;;;
'2023-11-23';212a9fa0-b3fe-11ed-b967-5b7c915895eb;1;;;
'2023-11-23';98dfbf20-76e6-11ee-ab6a-b1c095fcffd3;1;;;
'2023-11-23';e94b3f20-6345-11ee-9b1b-7985eb1a6cef;1;;;
'2023-11-23';07b72fd0-9b9d-11ed-b7f1-ad5503750a0d;1;;;
'2023-11-23';18554290-dfdd-11ec-bd0b-89a07386757e;1;;;
'2023-11-23';86a70a90-f56c-11ec-8cb3-e7a9f8b35e24;1;;;
'2023-11-23';554d5750-89d7-11ee-99b0-450a0f881920;1;;;
'2023-11-23';cdc920e0-e74a-11ed-9a9a-17b27ddc1b10;1;;;
'2023-11-23';8d3bf540-74ba-11ee-a8fe-f5f706b519bf;1;;;
'2023-11-23';266ccb80-54da-11eb-bfc5-01c8acab60e2;1;;;
'2023-11-23';d61a63c0-b415-11ed-9d72-e903075bafd8;1;;;
'2023-11-23';47d74d70-8224-11ee-910e-d7383a9c6fea;1;;;
'2023-11-23';c2bb7050-c085-11ec-a6d6-05fa39c0b5d0;1;;;
'2023-11-23';cc58a6a0-866a-11ec-817c-5dbddbe8af0b;1;;;
'2023-11-23';7b3d2810-e585-11ed-a524-d983167b6653;1;;;
'2023-11-23';a2d7f320-877c-11ee-9bde-7f75a083bae6;1;;;
'2023-11-23';cb77ea80-eafa-11ec-815a-913545fe7734;1;;;
'2023-11-23';28d3bf20-8987-11ee-9499-b138024229fd;1;;;
'2023-11-23';c89ca050-a691-11ed-ac27-eb96d3d277c6;1;;;
'2023-11-23';2200add0-8503-11ee-8a8e-432ee99192e7;1;;;
'2023-11-23';3a4afa70-028d-11ed-a0b2-5b00e6836481;1;;;
'2023-11-23';aaa6b750-17dc-11ed-b0a1-03029108e69b;1;;;
'2023-11-23';9f712aa0-89af-11ee-8d22-7fa5f57f6565;1;;;
'2023-11-23';2f3014e0-ff8b-11ec-8225-57f11fa5eec3;1;;;
'2023-11-23';ec3f06d0-110b-11ee-b09e-752b0d93df92;1;;;
'2023-11-23';d40ef060-894d-11ee-878b-eb08e8b22138;1;;;
'2023-11-23';f4ecc880-8933-11ee-96a1-6364199c7a1f;1;;;
'2023-11-23';80049fe0-9d73-11ed-b238-7943571b17a9;1;;;
'2023-11-23';ff279b20-26b2-11e8-9c52-576cfffc5817;1;;;
'2023-11-23';882e9da0-fba7-11ed-9f1e-9144145f235b;1;;;
'2023-11-23';04b10c20-69ab-11ee-a98b-4da83d82dd03;1;;;
'2023-11-23';65fa7360-b9cd-11ed-a134-87982fe1853c;1;;;
'2023-11-23';2bbf35a0-88df-11ee-9eb2-6d896ab69705;1;;;
'2023-11-23';9765ca40-662f-11ed-92b2-9b4e1e13d0f4;1;;;
'2023-11-23';b513e8c0-89b9-11ee-8652-93f7b8c7dcad;1;;;
'2023-11-23';116f7a80-f928-11ed-95a1-e57bc428a977;1;;;
'2023-11-23';b264ccb0-434c-11ee-935c-0f8bd90c2e23;1;;;
'2023-11-23';17e3c5e0-f2d2-11ec-9a9d-15ce92c49139;1;;;
'2023-11-23';d59b3240-0612-11ee-ac42-85b526cea66c;1;;;
'2023-11-23';47c38990-b2f9-11eb-a296-41ebfd879584;1;;;
'2023-11-23';b78dda40-6329-11ee-a18f-53d7a32f6224;1;;;
'2023-11-23';cfdfd760-81d3-11ee-bae5-953239227cd0;1;;;
'2023-11-23';adbdffd0-f5b4-11ea-9ba2-c9a2de53aa70;1;;;
'2023-11-23';18a5ea40-9be7-11ec-afb2-9f4971139d45;2;;;
'2023-11-23';48e153d0-e249-11ed-95c5-9f032da39c9a;2;;;
'2023-11-23';ca015b40-58dc-11ee-94ed-ff7c8c3013ef;2;;;
'2023-11-23';7e494e20-3271-11ed-946e-d7c82c1c13ae;2;;;
'2023-11-23';fb1011f0-4f26-11ee-8ed6-133681015de2;2;;;
'2023-11-23';5a658050-0c93-11ec-ab65-cb67d5fe8127;2;;;
'2023-11-23';656f6310-f674-11eb-bcc7-0def8037b576;2;;;
'2023-11-23';0810a900-74bb-11ee-8708-fb02a4375865;2;;;
'2023-11-23';bc4dcab0-59b9-11ed-bcf2-712a05d274ae;2;;;
'2023-11-23';3ec45d80-2c22-11ed-944e-0bf5ee0674e6;2;;;
'2023-11-23';0684be60-f7ca-11ec-8359-9fcf1c8f718a;2;;;
'2023-11-23';74f02dd0-9df1-11ed-bfbd-2f41c8fdf9a1;2;;;
'2023-11-23';7017a720-2d61-11ee-90ac-75a9a49209d9;2;;;
'2023-11-23';b5b65c40-9e46-11ed-9b7b-1fcfe56c7989;2;;;
'2023-11-23';f65363c0-0724-11ec-bd81-49e1f86f6eaa;2;;;
'2023-11-23';ff52b590-2297-11ed-8cb9-e5dc54b353b6;2;;;
'2023-11-23';fa43f760-cfd6-11e9-a723-e56c51915bc4;2;;;
'2023-11-23';ccbf9720-1af2-11ee-aa64-bdeae422cee1;2;;;
'2023-11-23';eb873190-89f6-11ee-bff8-152d15e4c2e5;2;;;
'2023-11-23';a2bc6340-e064-11ed-84a1-1951054b9c93;2;;;
'2023-11-23';560a52f0-85eb-11ee-a483-2909bd80e792;2;;;
'2023-11-23';81db4a90-7260-11e9-9863-b7b7a001ac3e;2;;;
'2023-11-23';262f13e0-7aa7-11ed-8af5-2fc8820d33f9;2;;;
'2023-11-23';ce562800-5ed2-11ee-9783-4d6c12b76402;2;;;
'2023-11-23';4d517200-7ef3-11ee-b092-3329c4c4f50b;2;;;
'2023-11-23';8f4544a0-c291-11eb-9c83-57f7cf8b0a74;2;;;
'2023-11-23';191c9110-9087-11ec-ace4-d10f5b687971;2;;;
'2023-11-23';58cf3110-9edc-11ec-8748-eb3c380e3c39;2;;;
'2023-11-23';b0c4b750-4353-11ea-b71d-9325d41eec6a;2;;;
'2023-11-23';8ba2ae90-9be6-11eb-9d8f-4f71aa2d7fda;2;;;
'2023-11-23';77d26ec0-9a8c-11ea-a2fd-3d9ff5d8d5c2;2;;;
'2023-11-23';704fa250-c082-11ea-bb43-c1bfd3d804d5;2;;;
'2023-11-23';4504a070-0eea-11ec-a1a4-27899addea3f;2;;;
'2023-11-23';cbc491b0-6e11-11ed-b3cb-43413812874c;2;;;
'2023-11-23';955fb4e0-8915-11ee-a5a9-1dfd908390b2;2;;;
'2023-11-23';9a0f4460-a9a2-11eb-be82-75b0b9b423a9;2;;;
'2023-11-23';43a7fda0-69a4-11ee-9df6-939923a38d51;2;;;
'2023-11-23';bd501cb0-7c86-11ee-8122-ff387d7601ef;2;;;
'2023-11-23';ccf41470-9163-11eb-81d9-1daa2227a896;2;;;
'2023-11-23';df7fffc0-13a6-11ed-b8d7-2fa365d5505c;2;;;
'2023-11-23';545d8d60-8a09-11ee-b76e-df17cf2d67e1;2;;;
'2023-11-23';57bad1b0-4306-11ee-93f5-d5ac32d5ea3f;2;;;
'2023-11-23';1c1dc3d0-971a-11ed-81d0-61fa6d7d6068;2;;;
'2023-11-23';eb3ea0d0-c057-11eb-955a-75d4d10e7343;2;;;
'2023-11-23';56f4c890-3de2-11ee-ad11-db699943eb10;2;;;
'2023-11-23';ecde2300-aaef-11ed-bac8-1d59c674146a;2;;;
'2023-11-23';4fc0da70-83cc-11ee-91ee-b12f7363f935;2;;;
'2023-11-23';c98fade0-89d5-11ee-a93d-69b27984680a;2;;;
'2023-11-23';6449dce0-17f6-11ee-ac28-7d22f95c877a;2;;;
'2023-11-23';aefbb1c0-8a0d-11ea-b8cd-0147df1ada60;2;;;
'2023-11-23';bbf66870-837e-11ee-b074-19eb4ee3d64e;2;;;
'2023-11-23';7995de60-7e5c-11ee-9904-0939d871dc4d;2;;;
'2023-11-23';29bcb510-09ce-11ee-a114-073c1e11f29e;2;;;
'2023-11-23';b2a21c20-a872-11ed-a9aa-9567fc592108;2;;;
'2023-11-23';916ef940-586e-11ee-b945-e3dd1c873e91;2;;;
'2023-11-23';c093ceb0-b393-11ed-bf8e-b76725d8942c;2;;;
'2023-11-23';648c2480-c0ab-11ed-9a17-8396e86aa4ff;2;;;
'2023-11-23';8a45d150-cadc-11ec-91b0-45d5da48b7f1;2;;;
'2023-11-23';bd1fb920-2388-11ec-b18e-4700a275e16b;2;;;
'2023-11-23';82c3a6b0-0974-11ed-92d9-17c41638c6a3;2;;;
'2023-11-23';5a736c00-206a-11ee-bddf-3d0398856c53;2;;;
'2023-11-23';465be2f0-3bb0-11e8-8fa8-1b1427a6d2d1;2;;;
'2023-11-23';cc2e7360-f057-11ec-a3bb-efceb4f881d5;2;;;
'2023-11-23';532a6270-5a7a-11ed-8d26-b1bd1e5173c1;3;;;
'2023-11-23';ac25a8b0-7939-11ee-844d-c97f903509c5;3;;;
'2023-11-23';deda8360-1ef4-11ee-b302-f1f56b29558e;3;;;
'2023-11-23';01ebbf70-c17e-11ec-910c-e50045a10512;3;;;
'2023-11-23';e4d08a20-498a-11ed-a2c9-d599f1443b68;3;;;
'2023-11-23';b9c17600-7657-11ee-a819-3b50579a0e4d;3;;;
'2023-11-23';22f53600-dd49-11ed-9ecf-6b373fb491d5;3;;;
'2023-11-23';bc06a620-2a1b-11ee-aa7f-b74af0ed65dd;3;;;
'2023-11-23';c056c4e0-e979-11ed-b6b7-a96dd1b345be;3;;;
'2023-11-23';fa883790-c123-11ec-9eec-e74fcb1279a2;3;;;
'2023-11-23';bf9ce040-89d6-11ee-bf73-db2f05c544c0;3;;;
'2023-11-23';33864540-382f-11ee-a5a1-cfd5c6784c6b;3;;;
'2023-11-23';6aa37de0-eaf5-11ed-a68f-9fff7ee80ec8;3;;;
'2023-11-23';f60c44d0-7ae6-11ee-badf-7358c7062ad1;3;;;
'2023-11-23';7d9e7de0-4d52-11ee-b40d-9357accae72d;3;;;
'2023-11-23';2a841d70-d241-11ea-ada3-9dca90d0a109;3;;;
'2023-11-23';00302bc0-56cf-11ee-92be-fd7b0d617e4e;3;;;
'2023-11-23';af5465b0-32b4-11ee-83a1-ebe062f76121;3;;;
'2023-11-23';46ec3f90-d84e-11ed-a8fa-45025301ceb0;3;;;
'2023-11-23';d7027f60-8a73-11ec-b5f2-c9a98f660e75;3;;;
'2023-11-23';78148710-342c-11ed-9e20-b7bdd5b95642;3;;;
'2023-11-23';b7249820-73f3-11ee-b4c5-d528e1db82de;3;;;
'2023-11-23';a1d57640-89f8-11ee-aad4-e7d4e2183b78;3;;;
'2023-11-23';f126fbc0-6b7d-11eb-8919-85cff85f96a6;3;;;
'2023-11-23';eb725850-f30c-11ed-8ff3-a3f0d6592f1a;3;;;
'2023-11-23';7a247360-4c83-11ee-83f6-534833fa0a92;3;;;
'2023-11-23';161d7110-b8d0-11ed-b863-7b96c0c35e77;3;;;
'2023-11-23';27bcbb20-5101-11ec-891e-9b7b6489f94e;4;;;
'2023-11-23';71aa0370-bc01-11ed-b475-112ce88e695c;4;;;
'2023-11-23';0fb584e0-6a7b-11ee-9aad-a3bae7943f92;4;;;
'2023-11-23';c18a4d20-cc80-11ed-9623-d11afc5925d7;4;;;
'2023-11-23';43364610-875e-11ee-8307-1b31f7f5187a;4;;;
'2023-11-23';f1f74db0-21e0-11ec-a103-474bca3e4725;4;;;
'2023-11-23';6cc47010-13dc-11ee-a659-7d4eae410082;4;;;
'2023-11-23';878e2850-1c52-11ed-9ea1-0702a8ee86f9;4;;;
'2023-11-23';9ddda6e0-1412-11ee-8d7e-0594fc8b8a60;4;;;
'2023-11-23';2898a450-7954-11ee-b75a-9953746b229e;4;;;
'2023-11-23';7168e350-8937-11ee-ae65-05f99e966203;4;;;
'2023-11-23';e3aa2b10-57a3-11ee-bd5a-f72794fcf488;4;;;
'2023-11-23';4cedb770-1174-11ee-b5d1-5190f485ef48;4;;;
'2023-11-23';6261b740-7872-11ee-961f-5517ccf7abcc;4;;;
'2023-11-23';f389d150-b7e6-11ed-8ad1-455c63298437;4;;;
'2023-11-23';5e5fca00-f854-11ec-8498-cf600a3250d2;4;;;
'2023-11-23';ea4d9220-4634-11ee-bb5e-c53841e2b234;4;;;
'2023-11-23';62bfe730-6e8a-11ee-ac29-9f6e169b060e;4;;;
'2023-11-23';ce481ab0-76ee-11ee-9139-ef1e83fa2a18;4;;;
'2023-11-23';9d01a210-2671-11e8-92f4-65a7e7cd4ad4;4;;;
'2023-11-23';9c717ef0-7937-11ee-ab82-3fed6061a5cd;4;;;
'2023-11-23';397fdaf0-34b8-11ec-9b79-0bc2295b5ed8;5;;;
'2023-11-23';9a1bb5a0-2670-11e8-bfc6-df51f8419a76;5;;;
'2023-11-23';81329ac0-f45b-11ea-92be-cdbb81c5233c;5;;;
'2023-11-23';601d66a0-63b6-11ec-8a00-81f651d0b14a;5;;;
'2023-11-23';2f00c9f0-350a-11ee-8b58-db9fbd6ed130;5;;;
'2023-11-23';a5acc7a0-8935-11ee-bbdf-cbc299aa3c98;5;;;
'2023-11-23';94ded920-8504-11ee-8f6c-7f8637270fb4;6;;;
'2023-11-23';4c80f380-8338-11ed-90c1-f9a436dd9936;6;;;
'2023-11-23';b5b06b80-73ef-11ee-9eeb-4f63d38f7c2e;6;;;
'2023-11-23';90694410-2f24-11ee-82be-ed4d2f30ad09;6;;;
'2023-11-23';d234f070-2821-11ed-9ce0-b7a9dd423e66;7;;;
'2023-11-23';7eb3aff0-89c2-11ee-930a-7168b2899732;7;;;
'2023-11-23';870add20-b915-11eb-8336-d56d59841a1e;7;;;
'2023-11-23';a515b550-8754-11ee-81a0-fd9f38c6e7b2;7;;;
'2023-11-23';11f58880-8453-11ee-afb3-7bd5493ebb29;7;;;
'2023-11-23';695c5ef0-25e2-11eb-a938-6bff07fe5479;7;;;
'2023-11-23';29843e50-1235-11e9-8417-bb824d69967c;8;;;
'2023-11-23';bc435aa0-11a9-11ee-9a16-3d5209744430;8;;;
'2023-11-23';498f84e0-4875-11ee-8abc-61aeb8e0334b;8;;;
'2023-11-23';94f98cb0-31b8-11ee-8dee-379a2513eb91;8;;;
'2023-11-23';17449bb0-0d80-11ec-aebc-71bd723eb1f8;8;;;
'2023-11-23';adefd2f0-576d-11ec-840f-2d59d966b0b2;8;;;
'2023-11-24';3c2d27c0-4fd6-11eb-b89f-2ffb31b67dd6;11;;;
'2023-11-24';87b83df0-fb1f-11ed-a7d0-91e1f7cf1912;14;;;
'2023-11-24';2630a7f0-3a7d-11ee-88b2-d18fd7859087;15;;;
'2023-11-24';82c3a6b0-0974-11ed-92d9-17c41638c6a3;12;;;
'2023-11-24';11ad1180-635c-11ee-86ec-df414b7ae8f4;22;;;
'2023-11-24';11f58880-8453-11ee-afb3-7bd5493ebb29;112;;;
'2023-11-24';3ec10520-3fe2-11ee-a15c-017c8f96e422;15;;;
'2023-11-24';bed30e00-35cb-11ee-bb0c-49db89dd467a;12;;;
'2023-11-24';de0dc6c0-ea54-11ec-86c1-ddc8a0ef0fc8;17;;;
'2023-11-24';178b4de0-a8f6-11ed-826a-539c5e9897cb;10;;;
'2023-11-24';a5acc7a0-8935-11ee-bbdf-cbc299aa3c98;11;;;
'2023-11-24';458a6740-47e3-11ed-9583-afe03a540b17;12;;;
'2023-11-24';5512da90-4aad-11ed-a31d-b3d165a134f1;15;;;
'2023-11-24';c782aae0-eba6-11eb-8119-89cbb7057b3d;40;;;
'2023-11-24';97a73590-08fd-11ee-909b-ff7724e91f39;0;;;
'2023-11-24';8e8ca450-8796-11ee-bbe6-c506c4fa2167;0;;;
'2023-11-24';cbb2af70-a51a-11eb-bc9a-9b8287359b8f;0;;;
'2023-11-24';0fecb350-8aad-11ee-91f2-054906e9e95d;0;;;
'2023-11-24';7ace6dc0-409f-11ed-acfc-751d4232f4e7;0;;;
'2023-11-24';2418ed40-e322-11ed-a3c3-39019ef4fa21;0;;;
'2023-11-24';7829b590-8a20-11ee-85e3-97ccbde868b0;0;;;
'2023-11-24';637af7b0-63f3-11ee-95fe-df5ea84dbbb3;0;;;
'2023-11-24';405db4b0-5a3a-11ee-87f2-49831b92684d;0;;;
'2023-11-24';37ac8f60-61a4-11ed-9995-6b120fa4305a;0;;;
'2023-11-24';74ccfd80-5a32-11ee-8897-1d746f19b32a;0;;;
'2023-11-24';0a54b9f0-6a65-11ee-bf89-77b46f9d2e7f;0;;;
'2023-11-24';679cf1a0-49f4-11ed-9ceb-d17b883f8cc3;0;;;
'2023-11-24';b0dcae50-3786-11eb-aeff-a3ff3a4100a5;0;;;
'2023-11-24';657ffd60-eeed-11ed-a3f2-95075062a87c;0;;;
'2023-11-24';e4fd1750-8a2c-11ee-bd8a-db8f237c10fd;0;;;
'2023-11-24';a9b64710-e8c5-11ed-81e0-03844b4e323d;0;;;
'2023-11-24';f0918d10-74eb-11ec-9d29-b5a5384eb65b;0;;;
'2023-11-24';5f993750-683a-11ea-96c5-0b4aa9599a94;0;;;
'2023-11-24';32d3cb60-40c5-11ee-812d-17ae92fec375;0;;;
'2023-11-24';c9e38850-8766-11ee-9071-3b3788a33418;0;;;
'2023-11-24';2400a120-70a1-11ed-948a-d18e97ec1d4b;0;;;
'2023-11-24';db051bc0-93a7-11ed-95d3-979ead0f2a89;0;;;
'2023-11-24';7abbb2a0-7e0d-11ee-9c0f-d582c0cbde2c;0;;;
'2023-11-24';015f60d0-0529-11ee-8894-35c927d4f1a0;0;;;
'2023-11-24';ec6fa8d0-292a-11ee-98cc-7f27e622bdb4;0;;;
'2023-11-24';936e3110-faaa-11ed-a140-d74e46de1cd2;0;;;
'2023-11-24';22101090-05e2-11ee-a093-033aa6bb674c;0;;;
'2023-11-24';2f0201a0-5ebb-11ee-a0e7-3fed594dce8d;0;;;
'2023-11-24';90694410-2f24-11ee-82be-ed4d2f30ad09;0;;;
'2023-11-24';9c0067f0-81da-11ee-8b43-9b5b32487066;0;;;
'2023-11-24';e87c7600-7471-11ec-989a-356c562fbf27;0;;;
'2023-11-24';7b41d280-7c60-11ee-be13-8bea4a6c2782;0;;;
'2023-11-24';1fd1e750-8a2f-11ee-ac48-333ea473113a;0;;;
'2023-11-24';d03b9df0-7697-11ec-8479-c173b1dbb223;0;;;
'2023-11-24';7e3d2410-f39b-11ed-a1b9-0b751515adfd;0;;;
'2023-11-24';1cfade40-8a4a-11ee-b3ed-d323c7647092;0;;;
'2023-11-24';e32dda20-8a6f-11ee-b778-ed3eac3cca70;0;;;
'2023-11-24';38e36d90-b9da-11eb-a386-99254fc8580c;0;;;
'2023-11-24';f5072b20-b1a5-11eb-a765-1f1a013f4417;0;;;
'2023-11-24';3f4fd2c0-8a40-11ee-8d0b-33d710d44d14;0;;;
'2023-11-24';ea7a7810-8a9c-11ee-be5d-bdb49676c445;0;;;
'2023-11-24';a9a46650-8aa3-11ee-a751-af2c2cff0647;0;;;
'2023-11-24';c98b28f0-89f4-11ee-be56-1330091346e5;0;;;
'2023-11-24';dcdc8e10-8826-11ed-9413-c3d2e153ba23;0;;;
'2023-11-24';3c80e7a0-820d-11ed-9432-7126a13029ed;0;;;
'2023-11-24';512a0d40-013c-11ee-8bb3-35f1b0792c87;0;;;
'2023-11-24';05bf3030-f092-11ec-8780-971cccad7163;0;;;
'2023-11-24';7f7df4d0-7ffc-11ec-a894-9b6d2c1b26b2;0;;;
'2023-11-24';77bd30f0-8a48-11ee-af50-f903ea5b7197;0;;;
'2023-11-24';3885f5d0-8754-11ee-8031-71929e2cdc0e;0;;;
'2023-11-24';c3ea1a10-747c-11ee-ae3c-171a2c49bbb4;0;;;
'2023-11-24';d611b730-8aab-11ee-b504-236caf1a4f42;0;;;
'2023-11-24';3abe32c0-8779-11ee-a939-1507f1a2a02a;0;;;
'2023-11-24';2684db90-89d3-11ee-b114-dfc52c26725c;0;;;
'2023-11-24';7b4bacb0-67b2-11ed-bfc0-053dc73cef2c;0;;;
'2023-11-24';ef7b6ca0-4a70-11ee-94a8-fb3be79af114;0;;;
'2023-11-24';42d14f80-891b-11ee-ad67-590d31cb5a3f;0;;;
'2023-11-24';a7f34190-f144-11ec-98e2-ef54bd049b19;0;;;
'2023-11-24';679d9000-8829-11ee-889c-8f8ddb60ef1c;0;;;
'2023-11-24';9e0effe0-bb59-11ed-b4a3-db6721b1ba61;0;;;
'2023-11-24';42751810-8852-11ee-a8b6-57b11f49fbab;0;;;
'2023-11-24';c72ddbc0-6034-11ec-a2a5-85ec95d9725f;0;;;
'2023-11-24';96e17630-8a02-11ee-8163-25aa1c689cfe;0;;;
'2023-11-24';1ae23600-4245-11e9-8b79-216e904e085c;0;;;
'2023-11-24';1581dbc0-31ce-11ee-8ae9-ef3e73e42015;0;;;
'2023-11-24';f36243b0-745c-11ed-95d1-dd87d160039b;0;;;
'2023-11-24';27d856f0-816a-11ee-85ea-8bc7702935f0;0;;;
'2023-11-24';404deb50-e02a-11ed-a4cd-f3fc0d9aa7de;0;;;
'2023-11-24';419c6410-893e-11ee-bcb9-99a5c2126e31;0;;;
'2023-11-24';c20ba830-76b7-11ed-8fa7-796aca3c36db;0;;;
'2023-11-24';d96e5980-8054-11ee-86b0-c39107dca769;0;;;
'2023-11-24';0742f010-89b4-11ee-a95a-ebbcce450be3;0;;;
'2023-11-24';0dbff6a0-65be-11ee-ad95-2b31084c8c9d;0;;;
'2023-11-24';f7c42270-d75d-11ed-97f9-b9552bc26c77;0;;;
'2023-11-24';bd6af2b0-1633-11ee-bd50-6def4a4b0398;0;;;
'2023-11-24';79390b40-8a37-11ee-9add-b3b11e289655;0;;;
'2023-11-24';319e1310-bf77-11ed-b44d-99db99ff0f87;0;;;
'2023-11-24';d271a930-29bf-11ed-92b7-e17dd1d46ec3;0;;;
'2023-11-24';9be84cc0-3e24-11ec-8ef7-cd23da4d5ef5;0;;;
'2023-11-24';d3510020-254b-11ee-841e-3590bf2ce428;0;;;
'2023-11-24';e7430f50-f013-11ed-9e31-ff2057682a14;0;;;
'2023-11-24';545d8d60-8a09-11ee-b76e-df17cf2d67e1;0;;;
'2023-11-24';4e10fdd0-860c-11ee-b5fe-653ed959114b;0;;;
'2023-11-24';adece050-52d7-11ea-96e3-db8521965d42;0;;;
'2023-11-24';6286a5f0-3d33-11eb-9277-2b4bedfdf8ad;0;;;
'2023-11-24';78988710-8a9b-11ee-9399-0d1610f41389;0;;;
'2023-11-24';152d7400-bcbb-11ed-a0af-3f0f438fc3d5;0;;;
'2023-11-24';980384b0-5a59-11ed-a994-0ff062283cc4;0;;;
'2023-11-24';fc825680-6275-11ee-a126-ff40476b8939;0;;;
'2023-11-24';002bb460-2f65-11ed-851c-a5abf4597cd3;0;;;
'2023-11-24';e859bb20-e946-11ec-989d-5dab79b99d67;0;;;
'2023-11-24';f881e690-8a7a-11ee-943a-29775c38e0a3;0;;;
'2023-11-24';f487ad20-51bb-11ed-8b5d-790907ccf4e0;0;;;
'2023-11-24';164de610-5e07-11ee-a79c-b3bd607cf9b2;0;;;
'2023-11-24';9d64f710-7a31-11ee-8d7f-0725cd096fed;0;;;
'2023-11-24';c6fa9b80-1c99-11ed-9a10-89b27c7c554c;0;;;
'2023-11-24';cb77ea80-eafa-11ec-815a-913545fe7734;0;;;
'2023-11-24';880f6dd0-416c-11ee-8820-d973c8eded16;0;;;
'2023-11-24';778585c0-e2fb-11eb-897d-b93e22429839;0;;;
'2023-11-24';223a80c0-8209-11ee-900b-576c0fe9ff22;0;;;
'2023-11-24';f3129ca0-f530-11ea-9cd7-458e2cc00919;0;;;
'2023-11-24';62734080-0c0a-11ed-a7a0-b347ab626e82;0;;;
'2023-11-24';f7e9d300-8a7f-11ee-8745-33991ea8e8ec;0;;;
'2023-11-24';c8ba1670-37cf-11ed-99bb-c38c85594e3f;0;;;
'2023-11-24';090dd4f0-715e-11ee-95ba-af3da24eb125;0;;;
'2023-11-24';3ea6ceb0-5de4-11ee-9ce2-9b139009f2b0;0;;;
'2023-11-24';955fb4e0-8915-11ee-a5a9-1dfd908390b2;0;;;
'2023-11-24';47c90e80-7a82-11ee-9397-93f94e7a026a;0;;;
'2023-11-24';46fb00e0-8a6c-11ee-b150-dbf513430608;0;;;
'2023-11-24';1d265690-099d-11ec-8c1f-279bde56d3d4;0;;;
'2023-11-24';8bdefb30-6759-11ed-922b-5b3d32d28343;0;;;
'2023-11-24';c73ffcb0-02e1-11ed-9462-c7a26bd29f38;0;;;
'2023-11-24';79f33680-8a16-11ee-8e51-397413e7183d;0;;;
'2023-11-24';74e2ae80-bfff-11ea-a148-57e8a986b438;0;;;
'2023-11-24';34fbb1b0-e758-11ea-879d-3350358da159;0;;;
'2023-11-24';f165b8c0-bffd-11ed-b68b-cb215499e0ad;0;;;
'2023-11-24';507835e0-0dd3-11ee-a082-a568e5471219;0;;;
'2023-11-24';e7669450-5b68-11ee-9359-b7e9cf3cd8d5;0;;;
'2023-11-24';d6b80ff0-f1ab-11ea-9799-a3b3e1c9f29c;0;;;
'2023-11-24';1d97a880-e02a-11ed-ba55-6330d2dd566d;0;;;
'2023-11-24';17449bb0-0d80-11ec-aebc-71bd723eb1f8;0;;;
'2023-11-24';c77e5170-8a82-11ee-928b-c1db4a0a6cab;0;;;
'2023-11-24';33cef610-456c-11ee-84d1-210693c6b149;0;;;
'2023-11-24';537ccfb0-6a5f-11ee-83f9-3d79d5a1b56e;0;;;
'2023-11-24';75a31c30-8a98-11ee-ac26-7fe73b8632c0;0;;;
'2023-11-24';2c7eaa90-8a8b-11ee-91b5-37d01a385ae2;0;;;
'2023-11-24';0f004890-8a8e-11ee-860d-4521f53cffaa;0;;;
'2023-11-24';51796950-8a42-11ee-b7c7-c5cba5b5aa38;0;;;
'2023-11-24';08c1e5c0-4807-11ee-90fe-41792bb2c819;0;;;
'2023-11-24';17ef2390-d33f-11ea-8923-e9987a7d3c58;0;;;
'2023-11-24';94256790-8abf-11ee-a657-8d3d2581b255;0;;;
'2023-11-24';f389d150-b7e6-11ed-8ad1-455c63298437;0;;;
'2023-11-24';f366fe00-e28e-11ed-9db1-e751168b0dfc;0;;;
'2023-11-24';f0c9aef0-5423-11eb-b7b5-b194a144b6b5;0;;;
'2023-11-24';c90e1020-e334-11ed-aba2-9f713385643a;0;;;
'2023-11-24';ab944000-332c-11ec-a9f7-d1f8e28e447e;0;;;
'2023-11-24';0dfe8800-8ae6-11ee-91b2-53fb7e86eaf7;0;;;
'2023-11-24';0172d0d0-d022-11ec-add7-4d217eb6dbb3;0;;;
'2023-11-24';27578f90-2ea7-11ee-9fdf-2f0158ff8387;0;;;
'2023-11-24';3aca7b90-5cf7-11ee-a4fc-13229e19c4ca;0;;;
'2023-11-24';96e7b4d0-5138-11ee-b955-999ab64afc14;0;;;
'2023-11-24';d628e7e0-8adb-11ee-b1a5-fdd0590bcc0c;0;;;
'2023-11-24';77614a10-5cfd-11ee-9fae-6fe9b43efebe;0;;;
'2023-11-24';309dd140-586e-11ee-af5c-bb89e5600568;0;;;
'2023-11-24';3f935ca0-c549-11ed-96f3-8950da6cb5ee;0;;;
'2023-11-24';721943a0-995d-11ed-b7c8-dfdca2a50f52;0;;;
'2023-11-24';7ed19f20-8a39-11ee-a4b5-fdeea49ca85b;0;;;
'2023-11-24';9354a680-8a71-11ee-b870-67c45e17273d;0;;;
'2023-11-24';6b848100-63f4-11ee-94c1-cd564f70789a;0;;;
'2023-11-24';4e5d8470-1fb4-11ee-8219-1b289808c948;0;;;
'2023-11-24';ecdaf8c0-8a59-11ee-8a4f-7b2202c3f967;0;;;
'2023-11-24';f2c0c0c0-8fd4-11ec-8104-43d4d0d84c35;0;;;
'2023-11-24';2f3014e0-ff8b-11ec-8225-57f11fa5eec3;0;;;
'2023-11-24';7eda4700-846d-11ee-b0d1-918277b5b7a9;0;;;
'2023-11-24';71bace50-115e-11ee-b294-ebbec11354e8;0;;;
'2023-11-24';718ef8a0-1e21-11e9-ba7f-639f3b9a8466;0;;;
'2023-11-24';b77416c0-9c62-11ed-9490-71b39d2a250f;0;;;
'2023-11-24';6716d230-26e1-11ee-8726-d5b75c527547;0;;;
'2023-11-24';d1359000-6fdf-11ea-8975-29de54045dc6;0;;;
'2023-11-24';b2d9b190-a47a-11ed-8800-7f0b6be9ce29;0;;;
'2023-11-24';480d5b50-7891-11ee-b23f-d5beac5b0f89;0;;;
'2023-11-24';475cb960-8aef-11ee-8e37-198f1e7d3822;0;;;
'2023-11-24';9bc2ea80-bcad-11ed-a486-4b46640be6ac;0;;;
'2023-11-24';43fbd560-8a92-11ee-bec3-570b3860383a;0;;;
'2023-11-24';497ed350-042a-11ee-bb88-0d30dbb3b303;0;;;
'2023-11-24';c171ab00-7139-11ed-a0e1-cde8a4f88cd8;0;;;
'2023-11-24';29fb1250-882d-11ee-9750-950c9e52b139;0;;;
'2023-11-24';1f762220-e696-11ea-a926-9d205cabc8db;0;;;
'2023-11-24';b8252810-b8ce-11ed-b9e0-d1d4c0ce5973;0;;;
'2023-11-24';f5912b00-0c51-11ee-82b4-47d4a006bbc9;0;;;
'2023-11-24';00ca2a50-a518-11ec-adf1-d3d8949cd1bb;0;;;
'2023-11-24';b68160c0-0449-11ee-9d50-3bc9f4d14e8b;0;;;
'2023-11-24';1c8e2760-74cd-11ee-a5e2-294818a50bcd;0;;;
'2023-11-24';9661e020-8a69-11ee-9b4e-eb18501dd7f2;0;;;
'2023-11-24';e1dcdaa0-51fc-11ee-9635-5d1eaad89030;0;;;
'2023-11-24';a5bae700-c450-11ec-9e5c-b3c67178a250;0;;;
'2023-11-24';dd3d1d20-656b-11ee-aba9-8706d5b4f805;0;;;
'2023-11-24';dcb922f0-61f0-11ee-8c03-2deb997c6e4f;0;;;
'2023-11-24';d6e11b10-7a16-11ee-8587-897dfc9f3dd2;0;;;
'2023-11-24';023237e0-b3ed-11ed-bad4-3d074da56cae;0;;;
'2023-11-24';0adc4f00-efdb-11ed-a190-936714630dee;0;;;
'2023-11-24';75240e80-e44f-11ed-a951-e539fad9f4b9;0;;;
'2023-11-24';16d7c3c0-dd98-11ed-a04b-09996374ca98;0;;;
'2023-11-24';b5d0ac20-3ab4-11ee-9e73-07e0fbd281e7;0;;;
'2023-11-24';24d05470-801a-11eb-883b-d53bce706764;0;;;
'2023-11-24';ca73f550-6855-11ee-8115-2fbcbfcbaa3e;0;;;
'2023-11-24';1efd53d0-b408-11ed-a448-63dd0bc2e7b3;0;;;
'2023-11-24';d5f15a40-29e4-11ed-bcba-a712587e84d6;0;;;
'2023-11-24';42c1f1b0-c521-11e9-b276-1fb00a3a11e5;0;;;
'2023-11-24';c78e6fe0-4107-11ec-9d68-d57be10953b4;0;;;
'2023-11-24';00f1c610-5e7a-11ee-8b2e-f1e9270b009b;0;;;
'2023-11-24';e94b3f20-6345-11ee-9b1b-7985eb1a6cef;0;;;
'2023-11-24';e3b73680-68d2-11ee-94f8-e74144b3dd83;0;;;
'2023-11-24';3e03f560-c581-11e8-8865-81dd7861a7a3;0;;;
'2023-11-24';a2409ea0-836a-11ee-b415-c79d48fe04c7;0;;;
'2023-11-24';f136c220-60cd-11e8-8ebd-45fc1d9c550a;0;;;
'2023-11-24';bb5c5cd0-f65c-11ed-b474-69ecea70b686;0;;;
'2023-11-24';2288f3f0-8ad2-11ee-b490-3fc6a1399906;0;;;
'2023-11-24';9d657c50-6965-11ec-a4a9-912dae094ad1;0;;;
'2023-11-24';a1b40550-8ad9-11ee-b3de-8fcf0029a363;0;;;
'2023-11-24';e9820b90-6a61-11ee-abcc-dd75dcdd7e70;0;;;
'2023-11-24';e3325060-7c52-11eb-a43d-49f95f282812;0;;;
'2023-11-24';8f573b80-8ab0-11ee-a979-1f1ad2a8051a;0;;;
'2023-11-24';f1f74db0-21e0-11ec-a103-474bca3e4725;0;;;
'2023-11-24';8ac758b0-8f71-11ed-93e2-bb1d349f94c8;0;;;
'2023-11-24';afe913b0-71c0-11ec-a39a-1d0894f5a843;0;;;
'2023-11-24';191c9110-9087-11ec-ace4-d10f5b687971;0;;;
'2023-11-24';4c749bc0-1ac6-11ec-b507-6d3180b60d38;0;;;
'2023-11-24';abccf380-7d2d-11ee-bb81-d7f81a8e62a5;0;;;
'2023-11-24';53e4ed10-6ef8-11ed-b7cf-a7444a03008b;0;;;
'2023-11-24';9765ca40-662f-11ed-92b2-9b4e1e13d0f4;0;;;
'2023-11-24';55dd0b50-b8d4-11ec-a5cf-6ff7cfa0bdc8;0;;;
'2023-11-24';d70dcaa0-0d9b-11ec-9480-19aec6605e49;0;;;
'2023-11-24';de74d600-b5f4-11ed-b34d-2fcf249f55b1;0;;;
'2023-11-24';0d2ae280-5c65-11ed-b081-d56108f900dc;0;;;
'2023-11-24';612732f0-1bde-11ea-8b40-5717de2b039d;0;;;
'2023-11-24';aa37aba0-8a61-11ee-ac13-17d42432c6d0;0;;;
'2023-11-24';483895f0-74fc-11ea-bc6d-857809c5e39f;0;;;
'2023-11-24';7ab50a60-c468-11eb-8e5b-8971515a3075;0;;;
'2023-11-24';15eabff0-6312-11ec-a738-2ba595a08e5b;0;;;
'2023-11-24';6407adc0-71dd-11ee-8dfc-25340a5abfbc;0;;;
'2023-11-24';7f37a0b0-8456-11ee-9824-0d1149625108;0;;;
'2023-11-24';b0892120-e628-11ec-a33b-c549cd2a3add;0;;;
'2023-11-24';80730230-8a7d-11ee-9563-c5dde55cf4cc;0;;;
'2023-11-24';f7662ee0-22a5-11ec-8160-0d3fd119ed49;0;;;
'2023-11-24';3db5def0-5755-11ee-ae76-279051658c1b;0;;;
'2023-11-24';73ca22e0-47af-11ee-bb4e-fd7992b7e4ef;0;;;
'2023-11-24';0c517380-8a52-11ee-bb58-4536adef8939;0;;;
'2023-11-24';9eedc830-8a0f-11ee-ad21-a5b0a3e6e130;0;;;
'2023-11-24';c14bf210-ec88-11ec-9b58-a97dbd538fb9;0;;;
'2023-11-24';5549f370-eed4-11ec-844a-37590d323efc;0;;;
'2023-11-24';6c2d4d40-8919-11ee-b55f-3d4f91599e6c;0;;;
'2023-11-24';e42ce7f0-90d7-11ed-a400-937a5d7f0278;0;;;
'2023-11-24';f7a0f340-8ab8-11ee-975a-e536d158fe7a;0;;;
'2023-11-24';74b32710-b817-11ed-b0f3-61697d13745c;0;;;
'2023-11-24';07690c10-84d8-11ec-a5ec-659f78a8acae;0;;;
'2023-11-24';fd402830-268b-11e8-add2-cd9f0baebc30;0;;;
'2023-11-24';fcd3b500-6e61-11ee-8a32-596792dfe63e;0;;;
'2023-11-24';d72d41b0-b8a7-11ed-a375-cf334d352e98;0;;;
'2023-11-24';795af130-8931-11ee-b4a1-4f0a2386ffe3;0;;;
'2023-11-24';1f331a90-439e-11ed-b00e-a597df3c4d33;0;;;
'2023-11-24';414b4970-8a94-11ee-bad9-bdfc4b99ffb4;0;;;
'2023-11-24';28402750-3222-11e8-bf18-af6030bd73a2;0;;;
'2023-11-24';2ff6b680-2dbd-11ed-b4ae-8979dae7a2b9;0;;;
'2023-11-24';24773e30-6cbc-11ee-a8c0-2d62c1b16a4d;0;;;
'2023-11-24';510dd8c0-5cfc-11ee-8a47-f95ef282204a;0;;;
'2023-11-24';496e6520-3b8a-11ec-a905-2b5619b8e17c;0;;;
'2023-11-24';9a97ea50-6f2e-11ee-83df-cb04145b89c3;0;;;
'2023-11-24';197ecdd0-974d-11ed-aeb4-bb339fb5a40d;0;;;
'2023-11-24';85ecaf60-89ae-11ee-bb61-bd5ab34f1a5d;0;;;
'2023-11-24';c7976240-7219-11ee-a860-63947d289127;0;;;
'2023-11-24';6dd371d0-6c3e-11ee-b63a-f10aa103144c;0;;;
'2023-11-24';d81655e0-ba82-11ec-936e-df3f238dea17;0;;;
'2023-11-24';d45f0c40-7290-11ee-a68d-a576871da231;0;;;
'2023-11-24';f0540ab0-892c-11ee-a6bc-39d565e4e11f;0;;;
'2023-11-24';63db41f0-8ac8-11ee-8bef-2bd798f6cd5f;0;;;
'2023-11-24';bc9f8590-6843-11ea-b680-3512113680cb;0;;;
'2023-11-24';73e6a0e0-110f-11ee-a1c7-cf92b9226146;0;;;
'2023-11-24';5bb5d6c0-3ca8-11ee-a061-51e7a79d61f1;0;;;
'2023-11-24';7422d5f0-4559-11ee-8887-55aa3a8ef55d;0;;;
'2023-11-24';e0df9d10-31ca-11ee-b938-070d7148932a;0;;;
'2023-11-24';48a84c40-2612-11ee-ae83-9b0d8ee98c08;0;;;
'2023-11-24';ec126ae0-76cc-11ee-8e04-5908be281676;0;;;
'2023-11-24';780e2fd0-f923-11ec-b483-55f9ac380315;0;;;
'2023-11-24';1f76af90-1f87-11eb-8341-89daa6a35f49;0;;;
'2023-11-24';9936fd00-6726-11ee-8ddd-1f5cee96f0c9;0;;;
'2023-11-24';c3301160-6761-11ee-8ab3-7d558c5109c5;0;;;
'2023-11-24';c80417c0-8757-11ee-9b75-d59e9618e40d;0;;;
'2023-11-24';61aa9be0-586b-11ee-9d78-ed8dd114beb7;0;;;
'2023-11-24';7b3d2810-e585-11ed-a524-d983167b6653;0;;;
'2023-11-24';38bea320-82a0-11ee-ad1e-910e622cef36;0;;;
'2023-11-24';a5f4fc40-3517-11ee-838e-e51c7695bc85;0;;;
'2023-11-24';7d95dfd0-8841-11ee-bddd-711c8973c604;0;;;
'2023-11-24';26174310-8a8b-11ee-b0dd-a54dc5853846;0;;;
'2023-11-24';97f2b2a0-8200-11ee-8c66-93aa07d9a2ab;0;;;
'2023-11-24';8e35bc10-f238-11ed-8344-d34c9e0dec06;0;;;
'2023-11-24';27bcbb20-5101-11ec-891e-9b7b6489f94e;0;;;
'2023-11-24';ee512000-172b-11ed-bc3d-49356233a5f3;0;;;
'2023-11-24';11414ea0-82dd-11ee-b602-2bd1b50e3f32;0;;;
'2023-11-24';c5832ea0-8a8b-11ee-aca3-71045b079a10;0;;;
'2023-11-24';e0b25cf0-63da-11ee-bd6f-5f98e65dabfc;0;;;
'2023-11-24';fc2675d0-8a80-11ee-96f5-935621032e2d;0;;;
'2023-11-24';10f7b140-8919-11ee-9dec-4978b476204e;0;;;
'2023-11-24';5b6e24c0-12e1-11ed-bb7a-819582b3bcb0;0;;;
'2023-11-24';302e5940-bcc0-11ed-bf87-9f2337527fae;0;;;
'2023-11-24';fdffd420-5da6-11ee-a030-9dc64c38dc9a;0;;;
'2023-11-24';67bda410-a4cb-11eb-a5bb-ed369e39fb00;0;;;
'2023-11-24';b0ee9200-a5fc-11ed-aa78-11929e10975f;0;;;
'2023-11-24';2e89e1c0-efe9-11ed-9775-e70e63026409;0;;;
'2023-11-24';1d143bc0-8ad0-11ee-b399-6d8ca0539e1c;0;;;
'2023-11-24';084e6540-9804-11ed-bc94-8dd1b55f15b7;0;;;
'2023-11-24';bad90990-68fb-11ee-aeb8-99c7c00fcd20;0;;;
'2023-11-24';d9183270-7f10-11ee-9c86-1b7a545b69bf;0;;;
'2023-11-24';1bc6e6c0-6369-11ee-9726-b9788b41f3e7;0;;;
'2023-11-24';f67f43c0-b05f-11ec-b910-cbb0b23ba974;0;;;
'2023-11-24';b140cd70-cb5b-11ed-a307-c39fdf1cb639;0;;;
'2023-11-24';7b31d170-d763-11ed-9e8a-e5be8783088e;0;;;
'2023-11-24';62bfe730-6e8a-11ee-ac29-9f6e169b060e;0;;;
'2023-11-24';77d26ec0-9a8c-11ea-a2fd-3d9ff5d8d5c2;0;;;
'2023-11-24';07905670-8aa9-11ee-8f18-a5aeb4417528;0;;;
'2023-11-24';802e4a00-46cd-11ec-b182-0123b788ccc1;0;;;
'2023-11-24';13ae4240-8a78-11ee-93c6-95f4e09d951d;0;;;
'2023-11-24';424d1220-63bd-11ee-bf5c-2915cf679904;0;;;
'2023-11-24';f139f870-1dbf-11ec-a343-3bd737cb851d;0;;;
'2023-11-24';5d120860-d482-11e8-84cb-3b32700906f9;0;;;
'2023-11-24';1cc846a0-413a-11ee-954c-a711345f9b82;0;;;
'2023-11-24';8c1900c0-18ff-11ee-b3c8-89750e6b01d2;0;;;
'2023-11-24';200dc970-cf93-11ed-9a46-cf1e3e2e9030;0;;;
'2023-11-24';92bdab50-8aed-11ee-a9cf-cbc2e9f6a83b;0;;;
'2023-11-24';3a9c2df0-8abd-11ee-80e0-415e2da84c34;0;;;
'2023-11-24';5e45a6b0-0f1b-11ed-8f8f-e7057cff0cb2;0;;;
'2023-11-24';3336c720-01f4-11ee-a90c-9f7a3efb8f02;0;;;
'2023-11-24';d4bdd2b0-8a79-11ee-9068-49cd01fab834;0;;;
'2023-11-24';f25b58a0-8a7a-11ee-9c42-7f498096b9b4;0;;;
'2023-11-24';c5c64ce0-88f0-11ee-8000-35e661bd17f0;0;;;
'2023-11-24';6e9c7ce0-ab0c-11ed-a633-0b153bb373c8;0;;;
'2023-11-24';afbdc900-7af9-11ee-9ba7-0b37d347b293;0;;;
'2023-11-24';2cf86ca0-8ac6-11ee-b56e-cf3c77651aee;0;;;
'2023-11-24';758cf600-5b8e-11ee-8cb9-b3d85f237496;0;;;
'2023-11-24';9801ace0-a6ed-11ed-9d0e-4907b16db0f7;0;;;
'2023-11-24';38b05f70-845a-11ee-840a-6195662efddd;0;;;
'2023-11-24';32b3ba10-33a2-11eb-8aee-8751efd2dc63;0;;;
'2023-11-24';2309e400-430d-11ed-9bcf-23a4fa3d9f65;0;;;
'2023-11-24';d4067c10-0e63-11ee-a911-1136d3822e60;0;;;
'2023-11-24';61585220-f0ad-11ed-9421-13c7b109f79b;0;;;
'2023-11-24';a6d832e0-8ae3-11ee-8f73-711b8e55754e;0;;;
'2023-11-24';262fe3d0-35cb-11ee-bf75-5ba290ef6734;0;;;
'2023-11-24';34061640-095f-11ec-8e63-4b3c41117f08;0;;;
'2023-11-24';045d39c0-8abb-11ee-866d-3f11d3f94497;0;;;
'2023-11-24';ff631da0-77d1-11ee-87a7-8f4c04b09c82;0;;;
'2023-11-24';2a5878f0-e4b8-11ed-8a0f-c989283013a6;0;;;
'2023-11-24';3d349ab0-4301-11ee-9d85-37ac8534ffcf;0;;;
'2023-11-24';65fa7360-b9cd-11ed-a134-87982fe1853c;0;;;
'2023-11-24';ce79df20-e0fb-11ed-ae6e-e9ce17e234c0;0;;;
'2023-11-24';f0b18620-486b-11ed-b8d8-c35ee233e83d;0;;;
'2023-11-24';3d6a2840-53d9-11ee-a479-0d803dae7dad;0;;;
'2023-11-24';27e7f050-2b94-11ee-a05f-bb6a4517466c;0;;;
'2023-11-24';d23a5fd0-55fa-11ee-a03c-139c780160bb;0;;;
'2023-11-24';242ec7b0-c38e-11eb-a988-01ea511f072a;0;;;
'2023-11-24';fcdeee90-79a4-11ee-a91d-99e785e1452f;0;;;
'2023-11-24';78148710-342c-11ed-9e20-b7bdd5b95642;0;;;
'2023-11-24';f5600450-8b02-11ee-8146-ddccc5f47339;0;;;
'2023-11-24';77001d20-2677-11e8-8d3c-6b24158d6b30;0;;;
'2023-11-24';ff52b590-2297-11ed-8cb9-e5dc54b353b6;0;;;
'2023-11-24';9d378ed0-8600-11ee-8788-c5cb66ad9d43;0;;;
'2023-11-24';5ecc0bc0-c640-11ec-a4c1-bbd0802c7c81;0;;;
'2023-11-24';9a49c8c0-9c22-11eb-ba27-ab3b78a53e46;0;;;
'2023-11-24';d4021a30-2fd1-11eb-a413-8d939cea62b3;0;;;
'2023-11-24';e26653a0-cabd-11ed-b621-c715a4e897cd;0;;;
'2023-11-24';cdc920e0-e74a-11ed-9a9a-17b27ddc1b10;0;;;
'2023-11-24';ae5ba620-4c84-11ee-bece-f7b95856c052;0;;;
'2023-11-24';f6420610-0604-11eb-84c3-512169fb6007;0;;;
'2023-11-24';9271b200-882b-11ee-a8d0-714de92a14f4;0;;;
'2023-11-24';efef24b0-8032-11ec-8965-c940e3c253e2;0;;;
'2023-11-24';6e2fa820-f10c-11ea-8693-bdc77e62186b;0;;;
'2023-11-24';60a41f40-0c36-11ee-b57d-09d38bf052a6;0;;;
'2023-11-24';7bba4370-9d5c-11ed-866c-31fc81343242;0;;;
'2023-11-24';28dec450-8a87-11ee-bab8-217985103b7d;0;;;
'2023-11-24';da3a3630-8a32-11ee-8a51-b94b391dfe21;0;;;
'2023-11-24';605068d0-dc45-11ed-9d44-810786957f5c;0;;;
'2023-11-24';30cd1e20-4f8f-11ed-9a31-79fc221106b9;0;;;
'2023-11-24';552561c0-c149-11ed-9f99-85b6a8bd732a;0;;;
'2023-11-24';ad2cd360-56a6-11ee-8757-73b81b2207ee;0;;;
'2023-11-24';f4254240-c3a7-11ec-b4a6-edf74cdbe9b7;0;;;
'2023-11-24';f6affa70-3c12-11ee-8ed6-a9edb5076365;0;;;
'2023-11-24';6f4ba810-5901-11ea-9b53-85a695007b59;0;;;
'2023-11-24';e8975ce0-2e4f-11eb-92b4-dbbfe0532c6e;0;;;
'2023-11-24';3d4832f0-d5ed-11ec-9452-737e88671961;0;;;
'2023-11-24';a0689900-635a-11ee-a12d-471797f5c2c5;0;;;
'2023-11-24';9c7ddfa0-9a32-11ec-8622-49d01b56e6f8;0;;;
'2023-11-24';1939da40-9f73-11ec-9a38-af628d0be17b;1;;;
'2023-11-24';2809fbe0-6cfe-11ee-9cf1-9f839b808b64;1;;;
'2023-11-24';3266df50-5b74-11ed-9db1-fb9122b43b4b;1;;;
'2023-11-24';f65363c0-0724-11ec-bd81-49e1f86f6eaa;1;;;
'2023-11-24';11c0a930-acf4-11ed-9fb1-5fbb02c2397b;1;;;
'2023-11-24';bd27f410-d6aa-11ed-b10e-ff3b2a9f7a5a;1;;;
'2023-11-24';9553c500-8496-11ee-8e04-9f4edc39b919;1;;;
'2023-11-24';15a88c60-3cec-11ee-8cba-312661d0ca06;1;;;
'2023-11-24';8a4d7320-7ec6-11ee-9dd9-8d0b135c4bf1;1;;;
'2023-11-24';838a9f60-6b4c-11ed-90d6-93290c38b802;1;;;
'2023-11-24';7bdb4500-c9c5-11eb-a1a8-e39d0a9f20df;1;;;
'2023-11-24';9ddda6e0-1412-11ee-8d7e-0594fc8b8a60;1;;;
'2023-11-24';cbc491b0-6e11-11ed-b3cb-43413812874c;1;;;
'2023-11-24';a31e81c0-89dc-11ee-88e9-038c93faef4b;1;;;
'2023-11-24';24a504d0-41a0-11ec-8a64-e5e52181d4fb;1;;;
'2023-11-24';9b431500-ffbd-11ed-bbb8-3f5d2ad57c40;1;;;
'2023-11-24';02a1d900-a64c-11ed-a3c5-4da84c18504e;1;;;
'2023-11-24';9f9ebe70-2221-11ee-a8a3-7b9385a8b996;1;;;
'2023-11-24';82712da0-6656-11ee-8ec4-1512b411dbd9;1;;;
'2023-11-24';62bc2a40-8ab0-11ee-9787-c1e12411a934;1;;;
'2023-11-24';b33c5e60-8ad1-11ee-aece-c35c9a3178b3;1;;;
'2023-11-24';58851d80-f39c-11ed-a8e8-0fb5ffe22ca5;1;;;
'2023-11-24';0318f3b0-bc17-11ed-96f2-8b13a1ef48fc;1;;;
'2023-11-24';4ae3de40-b735-11ec-965b-4bf532c89b23;1;;;
'2023-11-24';8c1e2440-5ab8-11eb-9877-2f9b543fd058;1;;;
'2023-11-24';09638c70-8a80-11ee-bc4b-2d6f4db4ec22;1;;;
'2023-11-24';426c0c10-2670-11e8-952c-5397ebbba8bb;1;;;
'2023-11-24';48977cb0-db0c-11eb-8c56-3f2df32abc96;1;;;
'2023-11-24';631f1060-d098-11ed-b307-693b2e755621;1;;;
'2023-11-24';9ea21d90-266f-11e8-bdcc-8bfb8cd4ee41;1;;;
'2023-11-24';b9651520-3b76-11e9-a866-4375a2709e36;1;;;
'2023-11-24';bf7a2d50-5df5-11ee-832a-37e0ed135bb2;1;;;
'2023-11-24';6734d920-1eea-11ec-a797-b508d2ee995d;1;;;
'2023-11-24';8aca5ab0-4c2d-11ed-ba4f-3339b0969613;1;;;
'2023-11-24';39184740-cf27-11ed-a14b-51ff800a2225;1;;;
'2023-11-24';956905f0-d5ce-11ec-af16-13a38daa0a74;1;;;
'2023-11-24';a108be90-081e-11ee-ba05-3f262321dc51;1;;;
'2023-11-24';7263f880-9df7-11ec-a066-731a470919e5;1;;;
'2023-11-24';d14fd7c0-5f17-11ec-bbb6-499c26bd2da2;1;;;
'2023-11-24';ba8a4fb0-777c-11ed-9907-f54eddb3c738;1;;;
'2023-11-24';a70f9da0-8761-11ee-abe9-71b48389d259;1;;;
'2023-11-24';5a658050-0c93-11ec-ab65-cb67d5fe8127;1;;;
'2023-11-24';d7027f60-8a73-11ec-b5f2-c9a98f660e75;1;;;
'2023-11-24';4504a070-0eea-11ec-a1a4-27899addea3f;1;;;
'2023-11-24';b0c4b750-4353-11ea-b71d-9325d41eec6a;1;;;
'2023-11-24';0467a480-869e-11ee-85f6-d340cdacb9ed;1;;;
'2023-11-24';4fc0da70-83cc-11ee-91ee-b12f7363f935;1;;;
'2023-11-24';3762f2d0-8c4f-11ed-a01d-b96922b4e812;1;;;
'2023-11-24';eeded0b0-8aa9-11ee-a616-a1f54a00a304;1;;;
'2023-11-24';687339b0-549b-11ee-bae8-8b7a04a5bb59;1;;;
'2023-11-24';e792f090-775e-11eb-aafd-4bb79a92e7d1;1;;;
'2023-11-24';9aa7c240-6f01-11ee-b90c-43bf9a5a5ffc;1;;;
'2023-11-24';c89ca050-a691-11ed-ac27-eb96d3d277c6;1;;;
'2023-11-24';1bda3c30-89bf-11ee-b2ce-8314c7a462ea;1;;;
'2023-11-24';52e6d580-86e0-11ee-9032-a1ba0595c048;1;;;
'2023-11-24';987a1860-043f-11e9-b29a-657a90787be9;1;;;
'2023-11-24';fbde3bd0-2aee-11ea-96ed-bb92a41ca4fc;1;;;
'2023-11-24';b02bc8d0-8a6a-11ee-a48e-d52557c989c4;1;;;
'2023-11-24';71ade4e0-f3ea-11ea-8811-35b85ca99cf8;1;;;
'2023-11-24';d8157db0-2b95-11ea-880c-9179c07bc858;1;;;
'2023-11-24';f053b420-b274-11eb-8bc8-0bc8bb6291b5;1;;;
'2023-11-24';32430120-b98e-11ed-8676-bb88dee690e2;1;;;
'2023-11-24';4cedb770-1174-11ee-b5d1-5190f485ef48;1;;;
'2023-11-24';afd60a50-7406-11ee-bb47-bf571cc653cf;1;;;
'2023-11-24';08f34860-a076-11ed-b8ba-8da806888bc7;1;;;
'2023-11-24';e9d17f30-84fc-11ee-9a55-ad7189a11e86;1;;;
'2023-11-24';364f66e0-883d-11ee-ac9b-4d1a8e304d5d;1;;;
'2023-11-24';075bef30-7801-11ee-b8f4-79af9e09a768;1;;;
'2023-11-24';f9d41990-83aa-11ee-b0e8-378655dc29f6;1;;;
'2023-11-24';9c717ef0-7937-11ee-ab82-3fed6061a5cd;1;;;
'2023-11-24';aefbb1c0-8a0d-11ea-b8cd-0147df1ada60;1;;;
'2023-11-24';bee38260-77ae-11ee-9e03-19b7cb09f8fa;1;;;
'2023-11-24';3b9de6d0-7361-11ee-aa1b-19a11dfbbdeb;1;;;
'2023-11-24';2898a450-7954-11ee-b75a-9953746b229e;1;;;
'2023-11-24';97610b70-170c-11ee-8bbb-330cbb1c1cf4;1;;;
'2023-11-24';b2a21c20-a872-11ed-a9aa-9567fc592108;1;;;
'2023-11-24';bc1d08e0-2687-11e8-88f8-b7e472fd554c;1;;;
'2023-11-24';58c03fe0-87c7-11ee-abb4-ff53fff26c6d;1;;;
'2023-11-24';5e6c9a00-53ac-11ee-9180-63c3ed20ef5e;1;;;
'2023-11-24';b11fb800-65c6-11ee-a44c-8feab167daf2;1;;;
'2023-11-24';c5c8bbb0-4bd8-11ee-bf3c-f95b3c982500;1;;;
'2023-11-24';f500b590-c06f-11ec-8b2f-e9f5deb0405e;1;;;
'2023-11-24';d234f070-2821-11ed-9ce0-b7a9dd423e66;1;;;
'2023-11-24';f40336b0-8a42-11ee-ad90-f557d9a4daa7;1;;;
'2023-11-24';7cef4bd0-7878-11ee-a466-e1a680a1d56c;1;;;
'2023-11-24';da912f40-c7d9-11ea-acbf-ed4ee1e0a563;1;;;
'2023-11-24';edaf81b0-d76e-11ed-aa81-fd66fe9b4970;1;;;
'2023-11-24';852513c0-0e56-11ee-8c52-ab3628822b93;1;;;
'2023-11-24';65615ea0-60f8-11ee-be85-0d709b34c245;1;;;
'2023-11-24';b6cc7270-09fa-11ee-b472-6b87a0e1e329;1;;;
'2023-11-24';70226180-8250-11ee-be20-cbdec8e522c0;1;;;
'2023-11-24';5abb6a90-c75d-11eb-8093-59fd9c6f6d32;1;;;
'2023-11-24';648c2480-c0ab-11ed-9a17-8396e86aa4ff;1;;;
'2023-11-24';e18d9c20-7524-11ed-8009-85ebb31c4293;1;;;
'2023-11-24';1032eac0-708f-11ed-9686-3b616547ff8e;1;;;
'2023-11-24';b3473220-515d-11ee-aba7-4db4086ba446;1;;;
'2023-11-24';f4af8f60-5986-11ee-ba15-499e54618a02;1;;;
'2023-11-24';13ed82d0-74a2-11ed-89c7-9515e1080dd1;1;;;
'2023-11-24';364e7880-8ada-11ee-b67b-e5a9d60d3276;1;;;
'2023-11-24';31214450-2690-11e8-b8fd-0b549d32ed37;1;;;
'2023-11-24';45efb510-491d-11ed-a9f5-71ca9a1e60a5;1;;;
'2023-11-24';784aeb80-6c0b-11ee-992c-b19f41552425;1;;;
'2023-11-24';893f8fc0-60d8-11ed-93ac-bdc11d75942e;1;;;
'2023-11-24';6acf4490-8a71-11ee-bac4-f70ccb8bb05c;1;;;
'2023-11-24';aca43560-34c0-11eb-8e9b-c9f4e7dbaf0f;1;;;
'2023-11-24';8f27ffd0-278f-11e8-ad75-fd55c59e8a22;1;;;
'2023-11-24';450c7780-6381-11ee-96b4-197b9dfa437e;1;;;
'2023-11-24';7a5bd010-2b56-11e9-8e43-a9efbe328384;1;;;
'2023-11-24';22d18d40-537d-11ee-a15d-ebce2c055483;1;;;
'2023-11-24';9a1bb5a0-2670-11e8-bfc6-df51f8419a76;1;;;
'2023-11-24';1c54cbb0-8a75-11ee-8bea-8307cf1e2e2b;1;;;
'2023-11-24';3aa5e760-d3a1-11ed-b6d4-25cf9788359e;2;;;
'2023-11-24';d1739bc0-7567-11ee-8be5-85bb77523c44;2;;;
'2023-11-24';3f35b8e0-101f-11ee-82db-d9eb8e0d664b;2;;;
'2023-11-24';d61a63c0-b415-11ed-9d72-e903075bafd8;2;;;
'2023-11-24';d4c90d00-9115-11ed-b9f3-3399415305d0;2;;;
'2023-11-24';a6307360-2789-11ee-9a7d-6554776fa5ac;2;;;
'2023-11-24';c0336c20-8aa0-11ee-bb3b-adeb0220139f;2;;;
'2023-11-24';8a5b98f0-5d11-11ee-bc55-a1e8197a6051;2;;;
'2023-11-24';dba24cc0-47ba-11ee-acd2-4b7d0b980f26;2;;;
'2023-11-24';cc58a6a0-866a-11ec-817c-5dbddbe8af0b;2;;;
'2023-11-24';48e27e60-8a94-11ee-a273-af928caa8562;2;;;
'2023-11-24';3d0629e0-d7fb-11ec-9cc6-892073864f49;2;;;
'2023-11-24';195259d0-8420-11ec-bfc4-2f1afe274b2b;2;;;
'2023-11-24';e00bbcd0-2c9c-11ee-87a7-3f33b7dd19dd;2;;;
'2023-11-24';f5c917b0-19f6-11ee-9ff9-bb2aeb994a1d;2;;;
'2023-11-24';bbae82b0-cba2-11ed-94f9-d313057b9a6d;2;;;
'2023-11-24';ce864ed0-8abb-11ee-bae8-6fd4ef6aa117;2;;;
'2023-11-24';4d07c180-644f-11eb-879c-b7c02edf4f37;2;;;
'2023-11-24';8a45d150-cadc-11ec-91b0-45d5da48b7f1;2;;;
'2023-11-24';dcecebe0-9265-11ed-b63b-5f99b692759f;2;;;
'2023-11-24';f5638100-8aa5-11ee-8a4d-0523d43dfe05;2;;;
'2023-11-24';38d42440-09bd-11ee-9c8f-79e04d85822e;2;;;
'2023-11-24';29bcb510-09ce-11ee-a114-073c1e11f29e;2;;;
'2023-11-24';d9424be0-81d2-11ee-9717-8dd4b40da410;2;;;
'2023-11-24';d9f4ff00-9ea0-11eb-93e0-f5efbc5ca016;2;;;
'2023-11-24';a0391400-8aab-11ee-84d8-895226beeb13;2;;;
'2023-11-24';1ae69760-7bb8-11ea-9592-3912f9881946;2;;;
'2023-11-24';89e14760-5ce6-11ee-9f02-dd3a8bd674f4;2;;;
'2023-11-24';9d01a210-2671-11e8-92f4-65a7e7cd4ad4;2;;;
'2023-11-24';766fcff0-6795-11ec-bc56-dbe773a8e784;2;;;
'2023-11-24';b7249820-73f3-11ee-b4c5-d528e1db82de;2;;;
'2023-11-24';ad72b1f0-3cbb-11ee-b3ab-59d21131b2cf;2;;;
'2023-11-24';be0a5de0-4f3a-11eb-8acf-69d3bdfb693c;2;;;
'2023-11-24';56d74cd0-2478-11ee-a500-3b06ee498648;2;;;
'2023-11-24';73b8a040-c069-11ea-8f6e-73b4bc9df9ed;2;;;
'2023-11-24';295e57a0-8731-11ee-8b57-1b5515413870;2;;;
'2023-11-24';deda8360-1ef4-11ee-b302-f1f56b29558e;2;;;
'2023-11-24';42b182e0-3820-11ea-976f-cdfdf33cea70;2;;;
'2023-11-24';451549c0-c209-11ec-8dcf-2d52591f7568;2;;;
'2023-11-24';495b3730-7bf6-11ee-833c-1bf6a046f0d9;2;;;
'2023-11-24';8c579640-8a93-11ee-8590-6b39fa18df04;2;;;
'2023-11-24';7adcddf0-102a-11ee-8bf2-5d441ae60d63;2;;;
'2023-11-24';443aa6f0-812d-11ee-b4c7-058c60bf2061;2;;;
'2023-11-24';d94f0b00-4988-11ee-90cb-573c0fdfe79d;3;;;
'2023-11-24';652b6530-a5e5-11ed-90b8-63ac56cc4b22;3;;;
'2023-11-24';57bad1b0-4306-11ee-93f5-d5ac32d5ea3f;3;;;
'2023-11-24';1d903250-a20c-11ed-b434-11cf8087d6c5;3;;;
'2023-11-24';22a44590-4d44-11ee-b09f-a5dfa9cf210c;3;;;
'2023-11-24';6e5f0ee0-09b8-11ee-b7f5-7b3e68943dcd;3;;;
'2023-11-24';8313cd60-4303-11ee-b9f7-77e376310446;3;;;
'2023-11-24';c58e76e0-b7af-11eb-b0b0-ed6d7305ed50;3;;;
'2023-11-24';56bcace0-8a26-11ee-ae65-2972448a1b80;3;;;
'2023-11-24';03ccde60-46bb-11ed-a45b-b7db8c961393;3;;;
'2023-11-24';cb1ee610-26eb-11e8-b934-6bbbc6fca064;3;;;
'2023-11-24';ed65f580-23e1-11ee-a9c7-016d3e729c9d;3;;;
'2023-11-24';62a2dcf0-f241-11ed-ac84-55286017df33;3;;;
'2023-11-24';ee4d8b30-a2d0-11ed-b4ad-8b492dd367a5;3;;;
'2023-11-24';468ebab0-14b1-11ee-9165-5f88e7642ba0;3;;;
'2023-11-24';382484b0-4976-11ee-920e-2dc0028340f6;3;;;
'2023-11-24';84066d80-808a-11ee-873e-4b4316a0a741;3;;;
'2023-11-24';cee853e0-68ac-11ee-b2c3-3303654196bc;3;;;
'2023-11-24';9204b820-1658-11ee-bc39-8349cecc3070;3;;;
'2023-11-24';5906bfa0-511d-11ee-9520-57772194dda1;4;;;
'2023-11-24';55eb7340-7d7a-11ee-83f2-c918dbdb0679;4;;;
'2023-11-24';c6792410-7f81-11ed-94c7-a5d4de4c9d65;4;;;
'2023-11-24';851f3bd0-155a-11ed-a6cc-4debcb4d11e3;4;;;
'2023-11-24';6663f4a0-08df-11ee-81cb-8be2005d9c9c;4;;;
'2023-11-24';ceae6d50-b0cf-11ed-af2e-71ad053d2cdd;4;;;
'2023-11-24';6cd12bd0-9925-11ec-9765-cfe6d22adf4a;4;;;
'2023-11-24';cd083ae0-4352-11eb-8ab9-7d7fff870fdd;4;;;
'2023-11-24';f3bd5380-ae19-11ed-afdc-cf2bfc8f89b0;4;;;
'2023-11-24';a1b18970-9817-11ed-a2cb-f5ab5626f8a4;4;;;
'2023-11-24';65a76ce0-93ce-11ec-b4a5-99d500c079e4;4;;;
'2023-11-24';5a4cd2c0-62b9-11ee-865c-df3295653ca0;5;;;
'2023-11-24';9ebd1a70-2681-11e8-9e78-9bc371a9e9b1;5;;;
'2023-11-24';ef54cfc0-1c35-11ec-8bb1-c51a0727a6f0;5;;;
'2023-11-24';55df43e0-88ca-11ed-a7d7-cbcda91d8747;5;;;
'2023-11-24';6261b740-7872-11ee-961f-5517ccf7abcc;5;;;
'2023-11-24';37346470-1ac6-11ec-98f9-e912f416724e;5;;;
'2023-11-24';fda734c0-0364-11ed-b7db-1911160c2710;5;;;
'2023-11-24';eb186e60-5b8c-11ee-b3a6-897a75b89e38;5;;;
'2023-11-24';289bc360-afde-11ec-a882-df5bc25920ab;5;;;
'2023-11-24';5e6a2260-0edc-11eb-bd61-6b3aa71dd6cf;6;;;
'2023-11-24';89f03290-8395-11ee-b131-abf8e318a5d3;6;;;
'2023-11-24';05310ce0-9366-11eb-a436-cd30cafffa59;6;;;
'2023-11-24';efbdc0c0-816e-11ee-9cc3-0739fd02c351;6;;;
'2023-11-24';16b34aa0-7965-11ed-a7d6-077bd5309183;7;;;
'2023-11-24';e4c316d0-8bdc-11ed-8d87-0bd1e42735fc;7;;;
'2023-11-24';7e220550-f31e-11ec-8e07-4b0945ab8457;7;;;
'2023-11-24';5e752ca0-89fe-11ee-8e3d-374f986c6444;7;;;
'2023-11-24';498f84e0-4875-11ee-8abc-61aeb8e0334b;7;;;
'2023-11-24';83ae8260-f8f5-11eb-b34f-d9e4914ec851;8;;;
'2023-11-24';8440d590-e6fc-11ea-a842-65029eedd4ca;8;;;
'2023-11-24';cf733600-e3ea-11ed-a5b9-b3c6a94e0cba;8;;;
'2023-11-24';66dc87c0-8a8b-11ee-be5d-57e4ffa09efa;8;;;
'2023-11-24';63fae3d0-9bc6-11ed-b472-c983de5c443f;8;;;
'2023-11-24';8f4544a0-c291-11eb-9c83-57f7cf8b0a74;9;;;
'2023-11-24';c7af8560-6287-11ee-958e-3593f0855815;9;;;
'2023-11-24';a7028a00-4a1a-11ed-b72f-c5a7d1383b41;9;;;
'2023-11-25';f1a197f0-8b5e-11ee-9065-fd3e6f3b0ca0;28;;;
'2023-11-25';ef54cfc0-1c35-11ec-8bb1-c51a0727a6f0;15;;;
'2023-11-25';d29acd70-0d62-11ed-8597-6d099b2d8582;10;;;
'2023-11-25';2c2e7300-7e92-11ed-a650-2f56127ef2a8;11;;;
'2023-11-25';7dcf0010-097e-11ec-b32f-71281354a61e;12;;;
'2023-11-25';1d46abf0-8305-11ee-85e9-595f4cab2040;12;;;
'2023-11-25';28f964b0-727f-11ee-be52-892917c2cb4a;13;;;
'2023-11-25';4c3e5760-87d2-11ee-a323-67d2163f26af;10;;;
'2023-11-25';483895f0-74fc-11ea-bc6d-857809c5e39f;0;;;
'2023-11-25';015e7040-6e41-11ee-b1dc-6119ce6cae0b;0;;;
'2023-11-25';50c2a580-8b8c-11ee-9db8-35c99be903f6;0;;;
'2023-11-25';c5c8bbb0-4bd8-11ee-bf3c-f95b3c982500;0;;;
'2023-11-25';efa63ec0-8afe-11ee-afcc-0f3267fc1d3c;0;;;
'2023-11-25';545d8d60-8a09-11ee-b76e-df17cf2d67e1;0;;;
'2023-11-25';d0e78190-561c-11ee-9604-61cab66a9198;0;;;
'2023-11-25';303ac730-680f-11ed-bc64-e162e43d294c;0;;;
'2023-11-25';a2d5df80-d50c-11e9-884d-ef73fe1f3607;0;;;
'2023-11-25';6b3d8040-2672-11e8-a7ed-f1fd67684f98;0;;;
'2023-11-25';8695b740-31e3-11ee-848d-819c883f7e7d;0;;;
'2023-11-25';132ed2e0-8f1e-11ed-9597-1907a439a94e;0;;;
'2023-11-25';80721020-9a30-11ed-a185-fd312b53db28;0;;;
'2023-11-25';42d840b0-ff83-11ec-9ea4-bf6bb1bb641f;0;;;
'2023-11-25';672acfc0-8b44-11ee-bf79-1bb77194adf4;0;;;
'2023-11-25';957ae630-8b53-11ee-9305-4944fd3a6de9;0;;;
'2023-11-25';5e6c9a00-53ac-11ee-9180-63c3ed20ef5e;0;;;
'2023-11-25';33864540-382f-11ee-a5a1-cfd5c6784c6b;0;;;
'2023-11-25';1229dc30-77a0-11ee-9e15-27af59f19b25;0;;;
'2023-11-25';0e8d8a60-f7e2-11ed-ab11-41d588b01da0;0;;;
'2023-11-25';163cace0-3848-11ee-a899-13ff96982bb2;0;;;
'2023-11-25';fdabc000-835e-11ee-86de-551e7781230e;0;;;
'2023-11-25';f1a65620-76bd-11ed-99e2-05f96b6f6215;0;;;
'2023-11-25';f5912b00-0c51-11ee-82b4-47d4a006bbc9;0;;;
'2023-11-25';94cc83f0-8b36-11ee-92b3-6377aa8e8c22;0;;;
'2023-11-25';8d256a40-9a64-11ed-925b-8faf9599f7a9;0;;;
'2023-11-25';7d95dfd0-8841-11ee-bddd-711c8973c604;0;;;
'2023-11-25';15afe630-596d-11ed-89dc-f1f99923ecaa;0;;;
'2023-11-25';6b5fc840-8b83-11ee-a2ed-11c995cfc43d;0;;;
'2023-11-25';34061640-095f-11ec-8e63-4b3c41117f08;0;;;
'2023-11-25';597cbe80-8bab-11ee-941c-f1ccc20dd244;0;;;
'2023-11-25';24f04fc0-4280-11ee-b81a-431e15fa3a85;0;;;
'2023-11-25';623c1700-8b6f-11ee-b0f4-394c9e16eff3;0;;;
'2023-11-25';060960b0-8b4b-11ee-b1ee-bb82c617ff5f;0;;;
'2023-11-25';ca6f7380-8b6a-11ee-b42f-5f0ded368d5f;0;;;
'2023-11-25';b22c8630-632b-11ee-bc09-195fa30a1e59;0;;;
'2023-11-25';cb991e20-8ab4-11ee-bb7e-d54e5d9edba0;0;;;
'2023-11-25';0fe2a480-2c0a-11ed-b6f0-0f6e4060d1d6;0;;;
'2023-11-25';bc519200-5580-11ec-8490-bddb6154694a;0;;;
'2023-11-25';f49bebd0-8b14-11ee-80e2-c3d6ca314544;0;;;
'2023-11-25';2706d9a0-7b29-11ee-8826-0f45ad6377aa;0;;;
'2023-11-25';4f655250-3d12-11ee-8955-7166be52d0d4;0;;;
'2023-11-25';5e3a4c80-556c-11eb-a503-8fb56e9680fd;0;;;
'2023-11-25';75b20420-0d69-11eb-8c71-d7addfc31ca7;0;;;
'2023-11-25';c03484a0-6497-11ed-b1a5-6192fb60d0ec;0;;;
'2023-11-25';3695d8f0-8b62-11ee-b1ff-83826a787ed1;0;;;
'2023-11-25';c5fe5a80-e9fd-11ea-b47f-77e61bc8ee91;0;;;
'2023-11-25';17ef2390-d33f-11ea-8923-e9987a7d3c58;0;;;
'2023-11-25';b4d28780-046b-11eb-a7aa-2f3d29bb7930;0;;;
'2023-11-25';d61a63c0-b415-11ed-9d72-e903075bafd8;0;;;
'2023-11-25';11cd60d0-87a5-11ee-b9ff-c9859da0b9f8;0;;;
'2023-11-25';5549f370-eed4-11ec-844a-37590d323efc;0;;;
'2023-11-25';06156c60-564a-11ee-9e42-b3913ca46edc;0;;;
'2023-11-25';18b53ec0-56d8-11ee-a3ed-f9ca1b7ce543;0;;;
'2023-11-25';0bf336b0-822a-11ee-96b9-b7eb5535a403;0;;;
'2023-11-25';c4326140-8b73-11ee-b24a-632ea145b0a9;0;;;
'2023-11-25';18ce05f0-3341-11ee-bc73-e15a34d28a05;0;;;
'2023-11-25';95bf7c60-8b6b-11ee-9996-7b08dfed403a;0;;;
'2023-11-25';afd60a50-7406-11ee-bb47-bf571cc653cf;0;;;
'2023-11-25';4d0c59e0-8b00-11ee-b6f7-19cedf251f0c;0;;;
'2023-11-25';c2bd86e0-8af7-11ee-b42e-9d660e643653;0;;;
'2023-11-25';acb08170-ec8b-11eb-8eb0-9714f19c13ef;0;;;
'2023-11-25';01bfd440-284a-11e8-9b9e-1db8181a6676;0;;;
'2023-11-25';0a81acf0-8b4c-11ee-9f8b-e9a846eff9ce;0;;;
'2023-11-25';73085740-87de-11ee-880b-41d40e2130e4;0;;;
'2023-11-25';382484b0-4976-11ee-920e-2dc0028340f6;0;;;
'2023-11-25';68469ad0-1d79-11ee-9d95-07788ad80e8d;0;;;
'2023-11-25';17db1b10-7748-11ee-b7c2-b1298eeee3e8;0;;;
'2023-11-25';cb570af0-89d6-11ee-9aba-5b5c872c37a7;0;;;
'2023-11-25';1ce98380-dbc4-11ea-9602-c558fecff054;0;;;
'2023-11-25';37ca6ba0-431f-11e8-8a1d-b37352c63da2;0;;;
'2023-11-25';34804670-5b95-11ed-a84f-ef575c8f954e;0;;;
'2023-11-25';6fc39270-57e7-11e8-b8eb-5dd751d2ca2c;0;;;
'2023-11-25';e64e9970-106a-11ea-a81f-2d486e26c435;0;;;
'2023-11-25';4f2f4510-aef2-11ed-861a-c12ce37770ee;0;;;
'2023-11-25';b85a9ef0-7374-11ec-9750-1584d64f6462;0;;;
'2023-11-25';a9b64710-e8c5-11ed-81e0-03844b4e323d;0;;;
'2023-11-25';6bc28c90-853f-11ee-850e-83a78ad70f87;0;;;
'2023-11-25';c6121340-37ac-11ee-9043-b3cc44e31ca7;0;;;
'2023-11-25';189f0710-8b6f-11ee-9337-5be885ee2889;0;;;
'2023-11-25';2dd72f50-7bdd-11ee-bb27-83bc253f7bae;0;;;
'2023-11-25';c08e8a90-35d4-11ee-b6d1-ab20eabcfa5c;0;;;
'2023-11-25';cc0cb6a0-de4f-11eb-aac7-3d305af6d418;0;;;
'2023-11-25';f22d11b0-8af3-11ee-a6d7-a5fb0c3a8f0b;0;;;
'2023-11-25';d7852180-23c1-11ed-80b6-75f0d0fa89b6;0;;;
'2023-11-25';883a8720-e6a9-11ea-a364-0556a5a6c04f;0;;;
'2023-11-25';8c81def0-0411-11ed-99fa-3722f70332f6;0;;;
'2023-11-25';0ef660d0-8b7b-11ee-a458-d58d763aada6;0;;;
'2023-11-25';f136c220-60cd-11e8-8ebd-45fc1d9c550a;0;;;
'2023-11-25';c510fe80-4728-11e9-935b-a78ce399b5c8;0;;;
'2023-11-25';bf46e370-8b07-11ee-b9c1-ef4f44049317;0;;;
'2023-11-25';5f993750-683a-11ea-96c5-0b4aa9599a94;0;;;
'2023-11-25';e3325060-7c52-11eb-a43d-49f95f282812;0;;;
'2023-11-25';4c74dbc0-2494-11ed-a524-e5c8fdfa1659;0;;;
'2023-11-25';e066e4d0-16fd-11ed-b7b0-47b2474cb7da;0;;;
'2023-11-25';875227e0-8963-11ee-81ad-cbf13bb0e5ad;0;;;
'2023-11-25';bd1fb920-2388-11ec-b18e-4700a275e16b;0;;;
'2023-11-25';486dcb10-8b7a-11ee-866a-b37625a44f35;0;;;
'2023-11-25';daa888d0-f4cb-11ed-8a53-451d09597401;0;;;
'2023-11-25';02f2df70-3cb2-11ed-a8bb-c1c49be73825;0;;;
'2023-11-25';a8159f20-2f81-11ee-9bff-674b29168c50;0;;;
'2023-11-25';e7929a20-8b3b-11ee-93d2-87f7220b342c;0;;;
'2023-11-25';6d656ad0-24ce-11ee-98ae-69359935c18d;0;;;
'2023-11-25';d96713d0-770f-11ee-a4f0-09f62626fb0e;0;;;
'2023-11-25';f0b3c160-9edf-11eb-a621-a52206b18040;0;;;
'2023-11-25';289bc360-afde-11ec-a882-df5bc25920ab;0;;;
'2023-11-25';8c10f3f0-0c8f-11eb-8d6c-516333fcf066;0;;;
'2023-11-25';2265d520-8b8e-11ee-b0bc-f5297bfecef1;0;;;
'2023-11-25';aefbb1c0-8a0d-11ea-b8cd-0147df1ada60;0;;;
'2023-11-25';a31e81c0-89dc-11ee-88e9-038c93faef4b;0;;;
'2023-11-25';8ba2ae90-9be6-11eb-9d8f-4f71aa2d7fda;0;;;
'2023-11-25';78ca3840-5285-11ed-974b-47335844240f;0;;;
'2023-11-25';8e436470-8b06-11ee-ac6b-fb0577776b9e;0;;;
'2023-11-25';0b69efb0-e4bc-11ed-b2d7-2384b7769b50;0;;;
'2023-11-25';854aef60-8fc6-11ec-b240-39a442b687a1;0;;;
'2023-11-25';7775c2a0-0bf6-11ed-b997-b1adc8628e36;0;;;
'2023-11-25';93c4d680-5123-11ee-8d13-1b847819cac9;0;;;
'2023-11-25';6743cfe0-3048-11ee-b220-791bbb201f29;0;;;
'2023-11-25';07440d30-f335-11ed-ac8a-1fe68af46528;0;;;
'2023-11-25';ff279b20-26b2-11e8-9c52-576cfffc5817;0;;;
'2023-11-25';9f9ebe70-2221-11ee-a8a3-7b9385a8b996;0;;;
'2023-11-25';2bb74140-0457-11ee-bd36-2f1e6e4a0d5b;0;;;
'2023-11-25';6716d230-26e1-11ee-8726-d5b75c527547;0;;;
'2023-11-25';96ec68d0-0e7d-11ed-8af3-43ddd3638fae;0;;;
'2023-11-25';823fa620-6a63-11ee-a621-53985e61effe;0;;;
'2023-11-25';51dc3c40-69f3-11ec-848c-2714b3b1ce53;0;;;
'2023-11-25';a17ba780-19ea-11ec-928f-6970f3109f1f;0;;;
'2023-11-25';334a5740-8b3d-11ee-8d26-416e282517c0;0;;;
'2023-11-25';53e49e70-8b6a-11ee-af79-97a18d96a939;0;;;
'2023-11-25';47c90e80-7a82-11ee-9397-93f94e7a026a;0;;;
'2023-11-25';6885da00-8b93-11ee-80c5-577ab471942e;0;;;
'2023-11-25';987a1860-043f-11e9-b29a-657a90787be9;0;;;
'2023-11-25';d9a53120-5648-11ee-a608-0d3249132a5e;0;;;
'2023-11-25';d45f0c40-7290-11ee-a68d-a576871da231;0;;;
'2023-11-25';60355210-28de-11eb-aa02-c3649cfe7f71;0;;;
'2023-11-25';6a1a5bd0-6a59-11ee-89f2-35ca1796d5cd;0;;;
'2023-11-25';bde17cb0-8167-11ee-83b7-5380d74f8be8;0;;;
'2023-11-25';7700e7c0-8af6-11ee-957f-ab502a0e66b0;0;;;
'2023-11-25';5cbf6370-1f9c-11ee-bded-eba55a285c9b;0;;;
'2023-11-25';82fd2c60-89b5-11ee-8fe2-258e83ae6207;0;;;
'2023-11-25';154a3c20-8b82-11ee-ba88-057513260e71;0;;;
'2023-11-25';036c87b0-267a-11e8-8408-f9f917206103;0;;;
'2023-11-25';ca015b40-58dc-11ee-94ed-ff7c8c3013ef;0;;;
'2023-11-25';62bfe730-6e8a-11ee-ac29-9f6e169b060e;0;;;
'2023-11-25';f67f43c0-b05f-11ec-b910-cbb0b23ba974;0;;;
'2023-11-25';fa883790-c123-11ec-9eec-e74fcb1279a2;0;;;
'2023-11-25';266b4640-5d1e-11ed-98ae-755b4c781f1f;0;;;
'2023-11-25';c2b7bab0-1804-11ed-8ff3-ed0a86f180fa;0;;;
'2023-11-25';1052e590-8b65-11ee-8bf3-df861a1fe87e;0;;;
'2023-11-25';ee512000-172b-11ed-bc3d-49356233a5f3;0;;;
'2023-11-25';15f570b0-a531-11ec-a519-075a1edcd694;0;;;
'2023-11-25';f1a893b0-1a8a-11ee-a87f-afbfb9716265;0;;;
'2023-11-25';4a76ae60-5c49-11e8-a455-f70b7f9fde9a;0;;;
'2023-11-25';47d1d680-b5d1-11ed-819a-7fe655647e59;0;;;
'2023-11-25';aaf30390-e110-11e9-8cc2-63400dc2fa8c;0;;;
'2023-11-25';425f5490-6510-11ee-bc9b-c79e712f19a9;0;;;
'2023-11-25';0a693a10-3e78-11ee-b9b5-7b8ca3d2941f;0;;;
'2023-11-25';17f7a6b0-8b73-11ee-9a2c-df8299bd59b2;0;;;
'2023-11-25';fa07b8d0-8b62-11ee-bf2b-61a05b51b18d;0;;;
'2023-11-25';46023a60-8b5b-11ee-a1e4-351ce8859d78;0;;;
'2023-11-25';480952b0-1c86-11ee-b8c0-2739316f7c37;0;;;
'2023-11-25';ff52b590-2297-11ed-8cb9-e5dc54b353b6;0;;;
'2023-11-25';be836ea0-5443-11ed-ba85-43364d731e7a;0;;;
'2023-11-25';9a1bb5a0-2670-11e8-bfc6-df51f8419a76;0;;;
'2023-11-25';e2aa48f0-9811-11ed-8e91-45829fd1c2b4;0;;;
'2023-11-25';27d856f0-816a-11ee-85ea-8bc7702935f0;0;;;
'2023-11-25';c44efdd0-2bdd-11eb-a6a8-374e84e5cb57;0;;;
'2023-11-25';f73dea70-8b62-11ee-9dcd-23badff92ee0;0;;;
'2023-11-25';693c94f0-8b95-11ee-8972-95ff35dd6cec;0;;;
'2023-11-25';c2d3e7c0-80b4-11ee-afe7-f9a782299181;0;;;
'2023-11-25';83dc6ec0-5dec-11ed-a7f8-43cd2dca137b;0;;;
'2023-11-25';7432e020-81e1-11ee-a051-cdbb3be609b6;0;;;
'2023-11-25';f0b18620-486b-11ed-b8d8-c35ee233e83d;0;;;
'2023-11-25';c9252b70-40c7-11ee-8af7-93e4dc85e9d5;0;;;
'2023-11-25';b321b130-8859-11ed-b31e-f721da5fa9d3;0;;;
'2023-11-25';24015240-b7b6-11ec-9c4c-a7a47adfe025;0;;;
'2023-11-25';bd27f410-d6aa-11ed-b10e-ff3b2a9f7a5a;0;;;
'2023-11-25';315afa40-0b5e-11ec-951c-458a8135ac0d;0;;;
'2023-11-25';25c939f0-8b16-11ee-a407-ef20e2ea6191;0;;;
'2023-11-25';295e57a0-8731-11ee-8b57-1b5515413870;0;;;
'2023-11-25';6e5f0ee0-09b8-11ee-b7f5-7b3e68943dcd;0;;;
'2023-11-25';55dd0b50-b8d4-11ec-a5cf-6ff7cfa0bdc8;0;;;
'2023-11-25';977df370-a628-11ed-a14e-0199b5c3aefe;0;;;
'2023-11-25';fdb8d8b0-7d66-11ee-a194-a32661f94751;0;;;
'2023-11-25';c0942410-86b5-11ed-9a09-33cdb4b2dd16;0;;;
'2023-11-25';b4138bd0-8b92-11ee-8f20-6b85e40028e9;0;;;
'2023-11-25';3abe32c0-8779-11ee-a939-1507f1a2a02a;0;;;
'2023-11-25';d623b7d0-8a17-11ee-9bef-39662147a0f6;0;;;
'2023-11-25';9a1366d0-8b63-11ee-aaa7-db932148c241;0;;;
'2023-11-25';67f9f050-8b28-11ee-95cb-23255a15f5c7;0;;;
'2023-11-25';a8d86120-8b0e-11ee-9eab-b99183bea80d;0;;;
'2023-11-25';470235b0-80c2-11eb-a8c5-b1679e82f09d;0;;;
'2023-11-25';9f016c90-8b96-11ee-b1f9-cba3c571f262;0;;;
'2023-11-25';8f868c50-5941-11ee-b38b-03e43b522cae;0;;;
'2023-11-25';a189b220-89f6-11ee-acb0-3924fe9f0ca5;0;;;
'2023-11-25';2418ed40-e322-11ed-a3c3-39019ef4fa21;0;;;
'2023-11-25';69611fd0-d414-11ec-bbd8-1d56831a1b7d;0;;;
'2023-11-25';2a4d88a0-e136-11eb-89f8-bbb9b37ee5ab;0;;;
'2023-11-25';6dd95300-8aef-11ee-a6fd-4d5e978b854c;0;;;
'2023-11-25';2153de40-8af1-11ee-89c7-39fd79005140;0;;;
'2023-11-25';38e36d90-b9da-11eb-a386-99254fc8580c;0;;;
'2023-11-25';7ad5bf10-8b5a-11ee-9ddf-332fd9b0b32e;0;;;
'2023-11-25';a7716c50-41b0-11eb-9116-197013892916;0;;;
'2023-11-25';b7710c60-ee5a-11ed-9336-6d66a9c19fd0;0;;;
'2023-11-25';dcc466a0-80dd-11ed-b2fe-e552ed66125b;0;;;
'2023-11-25';528ac7b0-8b52-11ee-97fe-4151569cb585;0;;;
'2023-11-25';3a8fc3b0-557c-11ee-9343-b31e3ab30159;0;;;
'2023-11-25';f165b8c0-bffd-11ed-b68b-cb215499e0ad;0;;;
'2023-11-25';6b765430-e9b6-11ed-ae1c-43b9f0b4649c;0;;;
'2023-11-25';55b02950-e5ab-11ed-be6a-ed25535a89ac;0;;;
'2023-11-25';6261b740-7872-11ee-961f-5517ccf7abcc;0;;;
'2023-11-25';19c69e50-fca2-11ea-8e1f-0b2f1f358f1b;0;;;
'2023-11-25';432d3930-6f53-11ee-80c2-f5b958780dd8;0;;;
'2023-11-25';f6420610-0604-11eb-84c3-512169fb6007;0;;;
'2023-11-25';8fb25600-7255-11ee-998b-67ca29ea254a;0;;;
'2023-11-25';5d120860-d482-11e8-84cb-3b32700906f9;0;;;
'2023-11-25';79aa5c70-5297-11ec-a861-7ba358316127;0;;;
'2023-11-25';6f4ad9e0-8548-11ee-9e41-436c95f162a8;0;;;
'2023-11-25';77d26ec0-9a8c-11ea-a2fd-3d9ff5d8d5c2;0;;;
'2023-11-25';a37b0d40-270e-11ee-8e44-d51a412c3f36;0;;;
'2023-11-25';c29e3a40-7f1e-11ee-92e7-e945cccb79d8;0;;;
'2023-11-25';d4a76390-1490-11ee-8a47-370034f12d32;0;;;
'2023-11-25';6f4ba810-5901-11ea-9b53-85a695007b59;0;;;
'2023-11-25';319d60c0-d4b5-11ed-b3f1-075c94612de9;0;;;
'2023-11-25';3885f5d0-8754-11ee-8031-71929e2cdc0e;0;;;
'2023-11-25';f3cfb9a0-e9db-11ed-bab5-830b2578a139;0;;;
'2023-11-25';aebf8450-8e53-11ed-9627-e7b6ed4b0270;0;;;
'2023-11-25';8be080a0-d1a0-11ea-ad5f-c582ce05da28;0;;;
'2023-11-25';7540ab00-5aef-11ee-a906-4bfb9f19a010;0;;;
'2023-11-25';8c1900c0-18ff-11ee-b3c8-89750e6b01d2;0;;;
'2023-11-25';c11732e0-b30a-11eb-b6b7-bd27ab537e44;0;;;
'2023-11-25';ddef2360-3147-11ee-9b78-edbe9e3bbef3;0;;;
'2023-11-25';447b2170-6d9c-11ee-b6ab-0d6b1772159a;0;;;
'2023-11-25';f0261ff0-65c0-11ed-b8ec-79c229c6a66c;0;;;
'2023-11-25';72895d50-4f35-11ee-ac2c-47f6fe2c9bad;0;;;
'2023-11-25';4846f2b0-f21e-11e8-8da8-8f4d9c825d5e;0;;;
'2023-11-25';4290ec90-15d7-11ee-bae3-ef32c7645a5d;0;;;
'2023-11-25';151ecb80-8b23-11ee-9e8e-efecb18a8653;0;;;
'2023-11-25';bb5c5cd0-f65c-11ed-b474-69ecea70b686;1;;;
'2023-11-25';dadeef30-0a1f-11ec-a7ab-cdfa1812f3dd;1;;;
'2023-11-25';5a736c00-206a-11ee-bddf-3d0398856c53;1;;;
'2023-11-25';3e94f550-351c-11ee-891b-b94a79e495eb;1;;;
'2023-11-25';55eb7340-7d7a-11ee-83f2-c918dbdb0679;1;;;
'2023-11-25';63fae3d0-9bc6-11ed-b472-c983de5c443f;1;;;
'2023-11-25';9d01a210-2671-11e8-92f4-65a7e7cd4ad4;1;;;
'2023-11-25';7dc60490-3610-11ee-b12b-514727177b47;1;;;
'2023-11-25';02a1d900-a64c-11ed-a3c5-4da84c18504e;1;;;
'2023-11-25';ff631da0-77d1-11ee-87a7-8f4c04b09c82;1;;;
'2023-11-25';eb4ab090-836c-11ec-8960-e1ff2004772a;1;;;
'2023-11-25';763f3240-8931-11ee-9dfa-6f09e326090b;1;;;
'2023-11-25';3d039410-6751-11ed-a989-6fad21ed25f3;1;;;
'2023-11-25';b1c5c7b0-4b71-11ed-8951-d11ae3810bc1;1;;;
'2023-11-25';8a13c6d0-823a-11ee-96b5-1b633dcdcd55;1;;;
'2023-11-25';dbe2b270-7615-11eb-9c69-f712d94d943f;1;;;
'2023-11-25';cbb2af70-a51a-11eb-bc9a-9b8287359b8f;1;;;
'2023-11-25';e0acf180-6073-11ee-b76b-df82c49c585e;1;;;
'2023-11-25';cbfd1d70-aeb5-11ed-b277-192553cd6c9f;1;;;
'2023-11-25';68fd2fc0-c9aa-11ed-a3a8-01438239eb21;1;;;
'2023-11-25';c03091a0-890e-11ee-b759-07687f018fb8;1;;;
'2023-11-25';3d29c750-27a7-11e8-bde2-1d9969c0dea3;1;;;
'2023-11-25';ea5d0be0-24f4-11ed-a9fe-2d1f62947850;1;;;
'2023-11-25';8a45d150-cadc-11ec-91b0-45d5da48b7f1;1;;;
'2023-11-25';5b3e3720-52e0-11ee-9281-11e59fc463a7;1;;;
'2023-11-25';dae92d50-fcb8-11ed-aaf3-df6001e93b43;1;;;
'2023-11-25';dee3fef0-8eff-11ea-b9b7-9d2300737446;1;;;
'2023-11-25';c3cc73f0-728f-11ee-951b-25fd306d7297;1;;;
'2023-11-25';1391cf50-b242-11ea-81c9-a16a0eac3e42;1;;;
'2023-11-25';9d657c50-6965-11ec-a4a9-912dae094ad1;1;;;
'2023-11-25';2603ef60-fe34-11ed-910f-ed4de5f486e7;1;;;
'2023-11-25';3c2d27c0-4fd6-11eb-b89f-2ffb31b67dd6;1;;;
'2023-11-25';4ae3de40-b735-11ec-965b-4bf532c89b23;1;;;
'2023-11-25';ec81ba10-0722-11ec-8bf6-e3167904ebd3;1;;;
'2023-11-25';9a088ae0-4fda-11ee-a962-ff1976a8b822;1;;;
'2023-11-25';542ace20-8b2e-11eb-a590-57ab2352d9a7;1;;;
'2023-11-25';3f641480-5d37-11eb-8dac-3d1747340271;1;;;
'2023-11-25';57c8c940-60f3-11ee-be2e-79588e48dd15;1;;;
'2023-11-25';f5c917b0-19f6-11ee-9ff9-bb2aeb994a1d;1;;;
'2023-11-25';d4b39ad0-890b-11ee-b778-3d1ddc924bfd;1;;;
'2023-11-25';ce79df20-e0fb-11ed-ae6e-e9ce17e234c0;1;;;
'2023-11-25';e03f6190-69a2-11ea-a9a5-51de07e8ae4e;1;;;
'2023-11-25';3d6a2840-53d9-11ee-a479-0d803dae7dad;1;;;
'2023-11-25';7ec506a0-3f27-11ee-a87e-431d85c705e5;1;;;
'2023-11-25';a63da2d0-82db-11ee-b7b6-318a8f9f484a;1;;;
'2023-11-25';935d3ed0-bca9-11ed-aa7c-75702a76f034;1;;;
'2023-11-25';c56ae8a0-0959-11ec-bf82-053511df7a4c;1;;;
'2023-11-25';513b4f60-8904-11ee-afc9-bdfcd672bf51;1;;;
'2023-11-25';e3aa2b10-57a3-11ee-bd5a-f72794fcf488;1;;;
'2023-11-25';373961c0-35df-11ed-8206-bd519374e178;1;;;
'2023-11-25';f97e8030-da1c-11ed-80d6-97e888283b21;1;;;
'2023-11-25';aa9b5be0-6f95-11ea-bd4f-81608d74ea67;1;;;
'2023-11-25';1607c6f0-1fee-11ee-9951-411d38d4680d;1;;;
'2023-11-25';4f1ba8b0-5f4c-11ee-966f-eb06eeb20da0;1;;;
'2023-11-25';2f389840-911d-11ec-8204-53d61bc9d296;1;;;
'2023-11-25';2d70ead0-6420-11ee-b1bc-c16b88187032;1;;;
'2023-11-25';845993e0-0bd7-11ec-b047-27eb1f51c720;1;;;
'2023-11-25';6734d920-1eea-11ec-a797-b508d2ee995d;1;;;
'2023-11-25';d3aaff70-4d9f-11eb-beb2-778cb11c16bd;1;;;
'2023-11-25';d837a190-8bb5-11ee-92cf-630923b1b0a9;1;;;
'2023-11-25';70226180-8250-11ee-be20-cbdec8e522c0;1;;;
'2023-11-25';347b5250-658f-11ee-8934-034263963805;2;;;
'2023-11-25';fb91bf00-65cc-11ed-a7a0-0defa86cfff0;2;;;
'2023-11-25';f65363c0-0724-11ec-bd81-49e1f86f6eaa;2;;;
'2023-11-25';9b676690-8651-11eb-9248-119991b39ad4;2;;;
'2023-11-25';0e5167e0-aad7-11ed-8d8d-ab1bcb5d0683;2;;;
'2023-11-25';9ddda6e0-1412-11ee-8d7e-0594fc8b8a60;2;;;
'2023-11-25';38d42440-09bd-11ee-9c8f-79e04d85822e;2;;;
'2023-11-25';e94b3f20-6345-11ee-9b1b-7985eb1a6cef;2;;;
'2023-11-25';74b32710-b817-11ed-b0f3-61697d13745c;2;;;
'2023-11-25';41929e00-ed7f-11ec-9312-0d11536d0b37;2;;;
'2023-11-25';d70dcaa0-0d9b-11ec-9480-19aec6605e49;2;;;
'2023-11-25';bf7a2d50-5df5-11ee-832a-37e0ed135bb2;2;;;
'2023-11-25';48e27e60-8a94-11ee-a273-af928caa8562;2;;;
'2023-11-25';aa9d14f0-8934-11ee-8303-3746cd57755c;2;;;
'2023-11-25';b3473220-515d-11ee-aba7-4db4086ba446;2;;;
'2023-11-25';06a289c0-7cbd-11ea-bbd2-0f2d5406e0c5;2;;;
'2023-11-25';5a658050-0c93-11ec-ab65-cb67d5fe8127;3;;;
'2023-11-25';65615ea0-60f8-11ee-be85-0d709b34c245;3;;;
'2023-11-25';4b9cea70-f667-11e9-85bf-232af0490b00;3;;;
'2023-11-25';c89ca050-a691-11ed-ac27-eb96d3d277c6;3;;;
'2023-11-25';3f69ee50-2c0c-11ed-be50-6fb693743b92;3;;;
'2023-11-25';e7f8e4f0-8b5a-11ee-a97a-73d5410e95f8;3;;;
'2023-11-25';164de610-5e07-11ee-a79c-b3bd607cf9b2;3;;;
'2023-11-25';e560f2c0-0615-11ee-87c3-47757cb166b3;3;;;
'2023-11-25';1ae7f3b0-8a11-11ee-b1ff-0194410d318e;3;;;
'2023-11-25';d17533a0-a6f9-11ed-8801-7957b24f8397;3;;;
'2023-11-25';152d7400-bcbb-11ed-a0af-3f0f438fc3d5;4;;;
'2023-11-25';aafa9760-dd13-11ed-b9c7-67fccc4223ef;4;;;
'2023-11-25';260751c0-869f-11ee-ba23-c5f56e410512;4;;;
'2023-11-25';82c3a6b0-0974-11ed-92d9-17c41638c6a3;4;;;
'2023-11-25';e8924b40-6288-11ee-81e1-df513c6a5402;4;;;
'2023-11-25';17449bb0-0d80-11ec-aebc-71bd723eb1f8;4;;;
'2023-11-25';4e3daf80-50cc-11ee-9ebe-591999f6a7a6;4;;;
'2023-11-25';a2bc6340-e064-11ed-84a1-1951054b9c93;4;;;
'2023-11-25';ceae6d50-b0cf-11ed-af2e-71ad053d2cdd;4;;;
'2023-11-25';4661f8d0-47b2-11ed-9627-45b8e0679f42;4;;;
'2023-11-25';0f362790-ca04-11ec-a4db-b3e333908277;4;;;
'2023-11-25';1fd4c6e0-7474-11ed-9951-5107b82a94ab;4;;;
'2023-11-25';d9019820-62bf-11ee-8b61-21253dd65b02;4;;;
'2023-11-25';eb725850-f30c-11ed-8ff3-a3f0d6592f1a;5;;;
'2023-11-25';68ba3770-43c7-11ec-a88d-a1a157303ee8;5;;;
'2023-11-25';d234f070-2821-11ed-9ce0-b7a9dd423e66;5;;;
'2023-11-25';7a2ea320-d29c-11eb-aba0-cba9b7b0b7ed;5;;;
'2023-11-25';26294cd0-56df-11ed-9a66-895324db225b;5;;;
'2023-11-25';c9e0a960-8b5c-11ee-9998-05f4474fef89;5;;;
'2023-11-25';1297a180-689f-11ee-83db-693882983005;5;;;
'2023-11-25';426c0c10-2670-11e8-952c-5397ebbba8bb;5;;;
'2023-11-25';687339b0-549b-11ee-bae8-8b7a04a5bb59;6;;;
'2023-11-25';d94f0b00-4988-11ee-90cb-573c0fdfe79d;6;;;
'2023-11-25';eb14e7a0-8b7e-11ee-82d1-7f7c705b235c;6;;;
'2023-11-25';150c95b0-0c74-11ee-9ec2-173f7c738890;6;;;
'2023-11-25';72f7ac50-73d0-11ee-96f5-3f4f8a11dc86;6;;;
'2023-11-25';5875f070-7b92-11ee-a6fb-8b298e83f4f7;7;;;
'2023-11-25';894d5f40-8b5e-11ee-b949-113989dd01f8;7;;;
'2023-11-25';22f02860-ba26-11eb-95b4-9bb66a80a2f5;7;;;
'2023-11-25';8bfc0cc0-6aaa-11ee-bf87-2b053a78288c;8;;;
'2023-11-25';cf733600-e3ea-11ed-a5b9-b3c6a94e0cba;8;;;
'2023-11-25';efbdc0c0-816e-11ee-9cc3-0739fd02c351;9;;;
'2023-11-25';97a73590-08fd-11ee-909b-ff7724e91f39;9;;;
'2023-11-26';d234f070-2821-11ed-9ce0-b7a9dd423e66;30;;;
'2023-11-26';4661f8d0-47b2-11ed-9627-45b8e0679f42;16;;;
'2023-11-26';0607e7d0-8b50-11ee-ba84-6d3deaf3cba8;15;;;
'2023-11-26';d94f0b00-4988-11ee-90cb-573c0fdfe79d;16;;;
'2023-11-26';a5cce980-5592-11ee-ba18-210c696207dc;10;;;
'2023-11-26';ef54cfc0-1c35-11ec-8bb1-c51a0727a6f0;19;;;
'2023-11-26';3c2d27c0-4fd6-11eb-b89f-2ffb31b67dd6;15;;;
'2023-11-26';346b42a0-decd-11ed-994f-1f332ce93094;19;;;
'2023-11-26';adefd2f0-576d-11ec-840f-2d59d966b0b2;12;;;
'2023-11-26';cbb2af70-a51a-11eb-bc9a-9b8287359b8f;0;;;
'2023-11-26';fe4e2d40-16b5-11eb-9b9c-65dd91a6a991;0;;;
'2023-11-26';b670b140-8c38-11ee-b1de-f94383d6b162;0;;;
'2023-11-26';369bb660-627a-11ed-9783-415677af7f4a;0;;;
'2023-11-26';4c106f90-8c72-11ee-ae12-f9fe73a237e4;0;;;
'2023-11-26';1a633e20-6745-11ee-ad73-95d1cc768655;0;;;
'2023-11-26';74ccfd80-5a32-11ee-8897-1d746f19b32a;0;;;
'2023-11-26';a4db9460-d7f3-11ea-a881-d576d1a06d25;0;;;
'2023-11-26';e718fc40-8c0a-11ee-b0e0-353d843c9461;0;;;
'2023-11-26';3a162160-6f5b-11ee-b5e3-f9568e742001;0;;;
'2023-11-26';34061640-095f-11ec-8e63-4b3c41117f08;0;;;
'2023-11-26';fdb1cca0-7853-11ed-a78c-ed0675c839ba;0;;;
'2023-11-26';004787c0-c9a7-11e9-8e14-db6b13941703;0;;;
'2023-11-26';7fef4420-8075-11ee-be9c-1577f2b6e078;0;;;
'2023-11-26';6693e850-2ebd-11ee-ac2d-39750080f559;0;;;
'2023-11-26';60355210-28de-11eb-aa02-c3649cfe7f71;0;;;
'2023-11-26';33d73000-40cc-11ed-988f-fd407eade8d3;0;;;
'2023-11-26';41bf5660-c101-11ed-883e-b5c7c2066a0f;0;;;
'2023-11-26';ce995d00-7c96-11ee-9ae5-03fa366f619e;0;;;
'2023-11-26';f65363c0-0724-11ec-bd81-49e1f86f6eaa;0;;;
'2023-11-26';22d27640-8b65-11ee-8f3a-5962183f8771;0;;;
'2023-11-26';83dc6ec0-5dec-11ed-a7f8-43cd2dca137b;0;;;
'2023-11-26';f7b384b0-4b9d-11ee-8dff-e17d6adaae2b;0;;;
'2023-11-26';e883dca0-6caa-11ee-b996-971d960a1deb;0;;;
'2023-11-26';4c80f380-8338-11ed-90c1-f9a436dd9936;0;;;
'2023-11-26';53ab6080-2921-11e8-87db-6f7a0132396c;0;;;
'2023-11-26';fbe77310-5608-11ed-ba51-3d212b9db0c8;0;;;
'2023-11-26';4c74dbc0-2494-11ed-a524-e5c8fdfa1659;0;;;
'2023-11-26';03b8f310-8c32-11ee-b330-87b18705f356;0;;;
'2023-11-26';a6848cf0-8c49-11ee-906f-f929c37d58a9;0;;;
'2023-11-26';8be080a0-d1a0-11ea-ad5f-c582ce05da28;0;;;
'2023-11-26';1fca9e80-8c57-11ee-9d03-51846c9f27c9;0;;;
'2023-11-26';0d824f70-cae8-11ec-a473-21c5953b4856;0;;;
'2023-11-26';1bc38910-8bf2-11ee-9925-97940bf35eb8;0;;;
'2023-11-26';fcdeee90-79a4-11ee-a91d-99e785e1452f;0;;;
'2023-11-26';96f63650-8c29-11ee-bb00-2bdd476abefd;0;;;
'2023-11-26';ee512000-172b-11ed-bc3d-49356233a5f3;0;;;
'2023-11-26';cce7c020-83b6-11ed-8ed5-8bab46b1bbe5;0;;;
'2023-11-26';2a3e75a0-2777-11eb-a5c7-c3e2e3534623;0;;;
'2023-11-26';bf94c6c0-64da-11ed-9615-db13cf3c7073;0;;;
'2023-11-26';b6cc7270-09fa-11ee-b472-6b87a0e1e329;0;;;
'2023-11-26';302e5940-bcc0-11ed-bf87-9f2337527fae;0;;;
'2023-11-26';d70dcaa0-0d9b-11ec-9480-19aec6605e49;0;;;
'2023-11-26';7c500480-8c82-11ee-b055-814f7f904058;0;;;
'2023-11-26';af142b30-4114-11ee-a7af-95b819bc48f9;0;;;
'2023-11-26';d4a2f510-8cfc-11ed-a09c-598aed5cd1a2;0;;;
'2023-11-26';48e27e60-8a94-11ee-a273-af928caa8562;0;;;
'2023-11-26';f165b8c0-bffd-11ed-b68b-cb215499e0ad;0;;;
'2023-11-26';c44efdd0-2bdd-11eb-a6a8-374e84e5cb57;0;;;
'2023-11-26';f0b18620-486b-11ed-b8d8-c35ee233e83d;0;;;
'2023-11-26';6ef059e0-8c03-11ee-8146-6198998e2a2f;0;;;
'2023-11-26';8e7ce020-4a7d-11ee-a087-89c3f4bc2a91;0;;;
'2023-11-26';f2691db0-8c0e-11ee-b104-677403c910c4;0;;;
'2023-11-26';f500f960-8acb-11ee-bc81-293926e11c85;0;;;
'2023-11-26';893f8fc0-60d8-11ed-93ac-bdc11d75942e;0;;;
'2023-11-26';9d8a8e80-7127-11ed-b4af-bfaf5c904ee9;0;;;
'2023-11-26';a8159f20-2f81-11ee-9bff-674b29168c50;0;;;
'2023-11-26';2a4d88a0-e136-11eb-89f8-bbb9b37ee5ab;0;;;
'2023-11-26';00004230-d665-11eb-b2d7-a15ffd6a3364;0;;;
'2023-11-26';887dfa90-a2c4-11ec-ada8-b78007a57161;0;;;
'2023-11-26';ae72bb80-8c49-11ee-a1de-35bf1d005031;0;;;
'2023-11-26';9994bd90-eefa-11ed-a0d3-1da892d56575;0;;;
'2023-11-26';32430120-b98e-11ed-8676-bb88dee690e2;0;;;
'2023-11-26';8bdefb30-6759-11ed-922b-5b3d32d28343;0;;;
'2023-11-26';f65a23f0-5519-11ee-ac23-838806977348;0;;;
'2023-11-26';459d54d0-8c5d-11ee-a177-67c37d57ea48;0;;;
'2023-11-26';2c282e70-83ee-11ee-9036-9b75e85802d5;0;;;
'2023-11-26';d6e11b10-7a16-11ee-8587-897dfc9f3dd2;0;;;
'2023-11-26';87df5600-365a-11ec-8f46-8f60c9069f19;0;;;
'2023-11-26';864d52f0-a130-11ed-9f9f-cb9f3946c618;0;;;
'2023-11-26';d5d99ed0-8c2d-11ee-9446-018086d7d1d0;0;;;
'2023-11-26';9c194940-8c71-11ee-a9c8-71cda511621c;0;;;
'2023-11-26';377cb9d0-8c4f-11ee-8f5f-f96e6ced1976;0;;;
'2023-11-26';9d01a210-2671-11e8-92f4-65a7e7cd4ad4;0;;;
'2023-11-26';b1b40b60-8c6b-11ee-9e3d-915253406f7f;0;;;
'2023-11-26';8f6e8ff0-8c64-11ee-9d91-d70aafe3680e;0;;;
'2023-11-26';309dd140-586e-11ee-af5c-bb89e5600568;0;;;
'2023-11-26';8f813760-8bd1-11ee-a62e-81f92c2f30aa;0;;;
'2023-11-26';f7fbbac0-8be7-11ee-bc63-7f1684e44aa3;0;;;
'2023-11-26';6d48eea0-eae5-11ed-97f8-9d2738b2cbfb;0;;;
'2023-11-26';62679ef0-8bdf-11ee-a2f5-2bdc82a42e65;0;;;
'2023-11-26';63fae3d0-9bc6-11ed-b472-c983de5c443f;0;;;
'2023-11-26';11cd60d0-87a5-11ee-b9ff-c9859da0b9f8;0;;;
'2023-11-26';438855d0-67d7-11eb-ba32-55dcd093b535;0;;;
'2023-11-26';c3406410-8c0b-11ee-a3d6-958983977647;0;;;
'2023-11-26';9d9c7760-8c30-11ee-8051-574af0eed8b3;0;;;
'2023-11-26';ee7dd1e0-5c7b-11ee-a790-43425efc6565;0;;;
'2023-11-26';f67f43c0-b05f-11ec-b910-cbb0b23ba974;0;;;
'2023-11-26';64036ea0-8c21-11ee-86f0-514fb9568fcf;0;;;
'2023-11-26';896f0b90-125c-11ec-8084-f362ceee34a1;0;;;
'2023-11-26';33311650-8c63-11ee-8024-859d5d94691d;0;;;
'2023-11-26';ddef2360-3147-11ee-9b78-edbe9e3bbef3;0;;;
'2023-11-26';9456b7a0-8bfa-11ee-bfe9-35a597df3370;0;;;
'2023-11-26';d6d9dcc0-cfac-11ed-8970-7bd89f6e8385;0;;;
'2023-11-26';f6420610-0604-11eb-84c3-512169fb6007;0;;;
'2023-11-26';dd1ef000-f1aa-11ed-907b-ad4bf8c96dee;0;;;
'2023-11-26';d98ef990-d454-11ec-b3f4-8913374e2678;0;;;
'2023-11-26';f5912b00-0c51-11ee-82b4-47d4a006bbc9;0;;;
'2023-11-26';1229dc30-77a0-11ee-9e15-27af59f19b25;0;;;
'2023-11-26';5bba3640-5493-11ee-95d1-cb062f2bd5ab;0;;;
'2023-11-26';93e89240-765e-11ee-8538-d775a3f8f4c1;0;;;
'2023-11-26';54871430-8c13-11ee-bcaf-e5add3c70c79;0;;;
'2023-11-26';349d5800-8ad8-11ee-ae38-25d70855ab91;0;;;
'2023-11-26';afd60a50-7406-11ee-bb47-bf571cc653cf;0;;;
'2023-11-26';759c5b80-4d39-11ee-93e6-91fddc7b1be5;0;;;
'2023-11-26';2505d1a0-862e-11ee-80a3-cbae4a52c93c;0;;;
'2023-11-26';77bfa0b0-4425-11ee-afee-1bf80aa57045;0;;;
'2023-11-26';605068d0-dc45-11ed-9d44-810786957f5c;0;;;
'2023-11-26';2809fbe0-6cfe-11ee-9cf1-9f839b808b64;0;;;
'2023-11-26';178b4de0-a8f6-11ed-826a-539c5e9897cb;0;;;
'2023-11-26';00a77190-7c68-11ed-882c-995e0a8bf029;0;;;
'2023-11-26';303ac730-680f-11ed-bc64-e162e43d294c;0;;;
'2023-11-26';d6319b80-5ba9-11ee-ba7a-1b62d370ba72;0;;;
'2023-11-26';545d8d60-8a09-11ee-b76e-df17cf2d67e1;0;;;
'2023-11-26';be048970-8bf9-11ee-a98c-95169b18e489;0;;;
'2023-11-26';0ad165f0-f7a2-11eb-bc04-d56a2fa92dcd;0;;;
'2023-11-26';ff5d5d30-8b99-11ee-b7c0-e533c4da552b;0;;;
'2023-11-26';4e07b260-83c4-11ee-88e2-fd547afef156;0;;;
'2023-11-26';9ea21d90-266f-11e8-bdcc-8bfb8cd4ee41;0;;;
'2023-11-26';8c1900c0-18ff-11ee-b3c8-89750e6b01d2;0;;;
'2023-11-26';0c97ce60-7103-11ee-b9df-7738e9e57271;0;;;
'2023-11-26';447b2170-6d9c-11ee-b6ab-0d6b1772159a;0;;;
'2023-11-26';6b14a680-8c28-11ee-8bd1-c183ebfa5da8;0;;;
'2023-11-26';4562f8b0-88e0-11ee-9e36-c3119c996df5;0;;;
'2023-11-26';61aa9be0-586b-11ee-9d78-ed8dd114beb7;0;;;
'2023-11-26';6f9f2a20-8c48-11ee-9969-3f28a693d21b;0;;;
'2023-11-26';5549f370-eed4-11ec-844a-37590d323efc;0;;;
'2023-11-26';795af130-8931-11ee-b4a1-4f0a2386ffe3;0;;;
'2023-11-26';522a5fd0-883f-11ee-8e8c-25771f882a90;0;;;
'2023-11-26';fe10df90-8c13-11ee-8812-a7c79ccc5142;0;;;
'2023-11-26';537ccfb0-6a5f-11ee-83f9-3d79d5a1b56e;0;;;
'2023-11-26';3aa5e760-d3a1-11ed-b6d4-25cf9788359e;0;;;
'2023-11-26';aa4722f0-7faa-11ed-a165-25f73b222244;0;;;
'2023-11-26';ec6fa8d0-292a-11ee-98cc-7f27e622bdb4;0;;;
'2023-11-26';fc825680-6275-11ee-a126-ff40476b8939;0;;;
'2023-11-26';8758be90-a87a-11ed-bb6c-c97449eddfbb;0;;;
'2023-11-26';d05793a0-8c40-11ee-bc93-b52e42232bf6;0;;;
'2023-11-26';90694410-2f24-11ee-82be-ed4d2f30ad09;0;;;
'2023-11-26';fa04c580-9d85-11eb-b366-5bf28c116536;0;;;
'2023-11-26';d00cfe10-8be8-11ee-a6be-f501712edfb1;0;;;
'2023-11-26';e9820b90-6a61-11ee-abcc-dd75dcdd7e70;0;;;
'2023-11-26';734cbe50-6bc6-11ee-9623-e3423ce5821d;0;;;
'2023-11-26';373961c0-35df-11ed-8206-bd519374e178;0;;;
'2023-11-26';80abe890-8c56-11ee-b040-1fa34d636c85;0;;;
'2023-11-26';bf335b20-8c6a-11ee-9c11-0d82c67f6419;0;;;
'2023-11-26';b0dcae50-3786-11eb-aeff-a3ff3a4100a5;0;;;
'2023-11-26';1af97e50-8c1e-11ee-b66a-6dc7732572c2;0;;;
'2023-11-26';10efec50-7e95-11ee-b506-3b0dc8943061;0;;;
'2023-11-26';a5f9e430-a7a6-11ec-8ced-118c9815229a;0;;;
'2023-11-26';06e02760-6b3b-11ee-b350-1bbcfb623601;0;;;
'2023-11-26';6aafc040-8bd2-11ee-b969-27ff02ca156d;0;;;
'2023-11-26';a254f4e0-443b-11ee-a9e1-7d768719c111;0;;;
'2023-11-26';c9e38850-8766-11ee-9071-3b3788a33418;0;;;
'2023-11-26';59028680-47e6-11eb-81dc-c93bf2dede07;0;;;
'2023-11-26';fd36b740-1c47-11ec-b40b-a9460dbc6a80;0;;;
'2023-11-26';009f8090-ffb5-11ed-8c75-0970d0b1341f;0;;;
'2023-11-26';20bd6b30-8b60-11ee-9d77-07853e9420eb;0;;;
'2023-11-26';8695b740-31e3-11ee-848d-819c883f7e7d;0;;;
'2023-11-26';1d265690-099d-11ec-8c1f-279bde56d3d4;0;;;
'2023-11-26';883e02f0-8bde-11ee-8050-7564d50aa203;0;;;
'2023-11-26';e9e87970-683b-11ee-9a01-ebe9a7ac0e13;0;;;
'2023-11-26';9d657c50-6965-11ec-a4a9-912dae094ad1;0;;;
'2023-11-26';8ce21850-8c1a-11ee-8f0f-75831bc06136;0;;;
'2023-11-26';0fe2a480-2c0a-11ed-b6f0-0f6e4060d1d6;0;;;
'2023-11-26';da71df80-8bc8-11ee-b892-41a8459fe3ab;0;;;
'2023-11-26';acbf7d10-809f-11ee-83e1-e37bd57fe01a;0;;;
'2023-11-26';f4c7ad30-1a08-11ec-9895-75c0d1eb6ffe;0;;;
'2023-11-26';e066e4d0-16fd-11ed-b7b0-47b2474cb7da;0;;;
'2023-11-26';04ce2160-7ef1-11ee-8a70-e9950a6dd82b;0;;;
'2023-11-26';23d75400-4f7e-11eb-b0e3-57af39205648;0;;;
'2023-11-26';aa1f6b20-8c42-11ee-b778-9374f26a9c40;0;;;
'2023-11-26';9133e5a0-878d-11ee-99b3-099310f83ae4;0;;;
'2023-11-26';fceea040-fa53-11ed-94af-c5f4c879e8d4;0;;;
'2023-11-26';a944fe30-8bd5-11ee-affe-f1629102799c;0;;;
'2023-11-26';b85a9ef0-7374-11ec-9750-1584d64f6462;0;;;
'2023-11-26';74f3b580-89ec-11ee-a077-7f135cc04d57;0;;;
'2023-11-26';71112ab0-2ae2-11ee-a396-c555c4a69e17;0;;;
'2023-11-26';bb04b780-cad7-11eb-97f8-8dd5b5a19a6b;0;;;
'2023-11-26';0b88b6a0-8c52-11ee-859d-0703c47562ee;0;;;
'2023-11-26';68762c10-8c63-11ee-9803-07a88d07deab;0;;;
'2023-11-26';71c1a050-fbb5-11ec-b3ae-63fdc1b3782f;0;;;
'2023-11-26';cdba1410-ddea-11e8-9dd4-fd158fbdf95b;0;;;
'2023-11-26';1eccef10-fedc-11ec-ace8-53e40e44693d;0;;;
'2023-11-26';e31553f0-8b7e-11ee-8ac4-effe5b01f32f;0;;;
'2023-11-26';483895f0-74fc-11ea-bc6d-857809c5e39f;0;;;
'2023-11-26';7cc36170-8b5e-11ee-b98b-5d3dac28cce1;0;;;
'2023-11-26';d3cdea60-86c9-11ee-ae0c-bb236cd027e3;0;;;
'2023-11-26';878e2850-1c52-11ed-9ea1-0702a8ee86f9;0;;;
'2023-11-26';5cdb4150-8546-11eb-910d-a15f761d7111;0;;;
'2023-11-26';a515b550-8754-11ee-81a0-fd9f38c6e7b2;0;;;
'2023-11-26';ff279b20-26b2-11e8-9c52-576cfffc5817;0;;;
'2023-11-26';9fd544b0-24c7-11ee-9967-3dddc2f830cd;0;;;
'2023-11-26';2dbe5870-0870-11ea-b317-1dd5e0180316;0;;;
'2023-11-26';ce79df20-e0fb-11ed-ae6e-e9ce17e234c0;0;;;
'2023-11-26';7bed58c0-5201-11ec-b0ac-2338a55bfe7a;0;;;
'2023-11-26';a8dc4bd0-f0b1-11ec-a131-7ffa998d16b0;0;;;
'2023-11-26';7d8289c0-8bc1-11ee-8f50-339a96642820;0;;;
'2023-11-26';f71e9ff0-7698-11ee-ba46-e3464bf649a1;0;;;
'2023-11-26';37de4680-7671-11ee-ab67-79b02b90d6bc;0;;;
'2023-11-26';78ab62f0-7b1d-11ee-9aac-c99d2437bfde;0;;;
'2023-11-26';2d3755d0-3fe3-11ec-9bd5-55e2e6e796d0;0;;;
'2023-11-26';32058cb0-e01d-11eb-b11e-1720220b378d;0;;;
'2023-11-26';7168e350-8937-11ee-ae65-05f99e966203;0;;;
'2023-11-26';319d60c0-d4b5-11ed-b3f1-075c94612de9;0;;;
'2023-11-26';1c3d1120-8c3a-11ee-b0d4-97c7490efee3;0;;;
'2023-11-26';46c8e4e0-8c4f-11ee-ba0b-91cb5dc0e945;0;;;
'2023-11-26';197ecdd0-974d-11ed-aeb4-bb339fb5a40d;0;;;
'2023-11-26';d04fc540-8c5d-11ee-8a56-ed67c4a4f0fb;0;;;
'2023-11-26';9b179470-cbac-11ec-84f3-c1c6ebdc63ac;0;;;
'2023-11-26';2c1d6b20-61e3-11ee-b5f4-f9dd6e6b1ca2;0;;;
'2023-11-26';8c81def0-0411-11ed-99fa-3722f70332f6;0;;;
'2023-11-26';6b59cff0-18d9-11eb-a819-bdd94c6f9988;0;;;
'2023-11-26';65a8aed0-8c50-11ee-b845-8955f62741df;0;;;
'2023-11-26';e9725eb0-8273-11ed-afe9-d5dc9fa7c7fc;0;;;
'2023-11-26';2e44b9f0-6b91-11ee-b91c-c3ed2b3af3ac;0;;;
'2023-11-26';e7ce5a70-8bc6-11ee-bf5a-35142ce97dc5;0;;;
'2023-11-26';429c6650-c107-11eb-919c-2b8cd2bff7e9;0;;;
'2023-11-26';435f5ba0-8c71-11ee-bafe-6f36719f88d6;0;;;
'2023-11-26';48bd66a0-2f98-11ed-9e1e-41cb2943ebe5;0;;;
'2023-11-26';d2845100-7a60-11ee-a1c2-1dc774f5e269;0;;;
'2023-11-26';15f570b0-a531-11ec-a519-075a1edcd694;0;;;
'2023-11-26';62480b80-7221-11ee-afa6-5d251983dd30;0;;;
'2023-11-26';51dc3c40-69f3-11ec-848c-2714b3b1ce53;0;;;
'2023-11-26';a7716c50-41b0-11eb-9116-197013892916;0;;;
'2023-11-26';a8af3330-4bc8-11ed-9e33-c9f4d0d03f0d;0;;;
'2023-11-26';f0976000-c768-11ea-aa38-0b146f4a044e;0;;;
'2023-11-26';aeb36aa0-8c20-11ee-aae1-0325a36eb291;0;;;
'2023-11-26';8d3bf540-74ba-11ee-a8fe-f5f706b519bf;0;;;
'2023-11-26';f0261ff0-65c0-11ed-b8ec-79c229c6a66c;0;;;
'2023-11-26';cb1ee610-26eb-11e8-b934-6bbbc6fca064;0;;;
'2023-11-26';4f3401e0-8c1e-11ee-b026-1d197193bce1;0;;;
'2023-11-26';6c3b5da0-57ae-11ee-8354-d77ee1a0b9a0;0;;;
'2023-11-26';ff52b590-2297-11ed-8cb9-e5dc54b353b6;0;;;
'2023-11-26';5edd2b50-81fb-11ec-87d1-b1eeb32ce78f;0;;;
'2023-11-26';cc2e7360-f057-11ec-a3bb-efceb4f881d5;0;;;
'2023-11-26';9f81ea30-4237-11ee-a734-371854eed0d0;0;;;
'2023-11-26';c8a2c970-8c86-11eb-92ec-3b717516b5b0;0;;;
'2023-11-26';cbfd1d70-aeb5-11ed-b277-192553cd6c9f;0;;;
'2023-11-26';1654f950-8c1a-11ee-9fe4-337884671482;0;;;
'2023-11-26';38e36d90-b9da-11eb-a386-99254fc8580c;0;;;
'2023-11-26';f7aa1270-7fd2-11eb-9598-b7a8c395db31;0;;;
'2023-11-26';01eb3b00-113b-11ee-bb03-319d0e12a46a;0;;;
'2023-11-26';f1b56aa0-efb9-11ed-8e6a-0310e78b5072;0;;;
'2023-11-26';d464b0c0-8ce9-11ec-919b-bb5c673b6789;0;;;
'2023-11-26';240fd990-8c68-11ee-bee2-5f7130a3e6c6;0;;;
'2023-11-26';f1a65620-76bd-11ed-99e2-05f96b6f6215;0;;;
'2023-11-26';42a707d0-0c6f-11ee-8369-55db3c8cca2a;0;;;
'2023-11-26';c2f189a0-b335-11eb-8afe-8b116aff9ee9;1;;;
'2023-11-26';0467a480-869e-11ee-85f6-d340cdacb9ed;1;;;
'2023-11-26';d61a63c0-b415-11ed-9d72-e903075bafd8;1;;;
'2023-11-26';99e437e0-8c10-11ee-959f-513d3c1d3dfe;1;;;
'2023-11-26';33767260-26a5-11e8-94dd-f36b03bbaff4;1;;;
'2023-11-26';34804670-5b95-11ed-a84f-ef575c8f954e;1;;;
'2023-11-26';c9e0a960-8b5c-11ee-9998-05f4474fef89;1;;;
'2023-11-26';b3473220-515d-11ee-aba7-4db4086ba446;1;;;
'2023-11-26';8b9758c0-a3e6-11ec-ba08-bdfbba009f42;1;;;
'2023-11-26';339ff8f0-5c38-11ee-83e3-030b54ab2ead;1;;;
'2023-11-26';9c1c3bd0-15fc-11eb-bedf-8996c72fae43;1;;;
'2023-11-26';74f789f0-9724-11ed-aca3-455ff68ddbc2;1;;;
'2023-11-26';b5d74ee0-a6a3-11ed-8386-8baca65acc23;1;;;
'2023-11-26';52e6d580-86e0-11ee-9032-a1ba0595c048;1;;;
'2023-11-26';2603ef60-fe34-11ed-910f-ed4de5f486e7;1;;;
'2023-11-26';359a4160-ffc6-11e9-97e5-833298726389;1;;;
'2023-11-26';31214450-2690-11e8-b8fd-0b549d32ed37;1;;;
'2023-11-26';686cbc40-8b5d-11ee-9d01-61910350bbc1;1;;;
'2023-11-26';9a1bb5a0-2670-11e8-bfc6-df51f8419a76;1;;;
'2023-11-26';b2d9b190-a47a-11ed-8800-7f0b6be9ce29;1;;;
'2023-11-26';f3442640-28b7-11ee-8bfc-2f2d398b3974;1;;;
'2023-11-26';38ffdc10-8b0a-11ee-8924-ade14f8e3a76;1;;;
'2023-11-26';f291d240-8b88-11ee-9551-ff5ae1115318;1;;;
'2023-11-26';295e57a0-8731-11ee-8b57-1b5515413870;1;;;
'2023-11-26';4cedb770-1174-11ee-b5d1-5190f485ef48;1;;;
'2023-11-26';e1c43d90-0407-11ed-9d90-99c6ea4693fe;1;;;
'2023-11-26';a5acc7a0-8935-11ee-bbdf-cbc299aa3c98;1;;;
'2023-11-26';b9e6c290-cd83-11eb-8c20-33f34c371fbf;1;;;
'2023-11-26';94f98cb0-31b8-11ee-8dee-379a2513eb91;1;;;
'2023-11-26';a7512ce0-d237-11e9-97d5-9992dabd02e6;1;;;
'2023-11-26';68af3fd0-6ac4-11e8-94ce-630b05417bef;1;;;
'2023-11-26';cdeace60-df62-11ed-ad29-7fc8bb4f55f4;1;;;
'2023-11-26';17449bb0-0d80-11ec-aebc-71bd723eb1f8;1;;;
'2023-11-26';628298b0-5573-11ee-babd-b1c17c85706f;1;;;
'2023-11-26';33864540-382f-11ee-a5a1-cfd5c6784c6b;1;;;
'2023-11-26';e94b3f20-6345-11ee-9b1b-7985eb1a6cef;1;;;
'2023-11-26';3425b550-0d08-11ee-ab87-6f647fa6cb92;1;;;
'2023-11-26';894d5f40-8b5e-11ee-b949-113989dd01f8;1;;;
'2023-11-26';af0bf330-3870-11ea-933b-1dfe53e32035;1;;;
'2023-11-26';d2e09d60-6138-11ea-9a59-8dedaeff83ca;1;;;
'2023-11-26';4290ec90-15d7-11ee-bae3-ef32c7645a5d;1;;;
'2023-11-26';866d4ce0-8c26-11ee-9379-357d62acd4f6;1;;;
'2023-11-26';830df250-35b7-11ed-90aa-57b19ecfdf18;1;;;
'2023-11-26';7d95dfd0-8841-11ee-bddd-711c8973c604;1;;;
'2023-11-26';d5556300-07fc-11ee-8250-117c7a6b7312;1;;;
'2023-11-26';91411250-98ca-11ed-9b09-779a683509cb;1;;;
'2023-11-26';6407adc0-71dd-11ee-8dfc-25340a5abfbc;1;;;
'2023-11-26';648c2480-c0ab-11ed-9a17-8396e86aa4ff;1;;;
'2023-11-26';fdf0f620-9f2f-11ed-96f0-f119dd704836;1;;;
'2023-11-26';3a5bab80-269c-11e8-8319-456ad9d3b8d8;1;;;
'2023-11-26';d4ef4750-722d-11ee-93a0-0524a7eaba2b;1;;;
'2023-11-26';93970360-8e0d-11ed-9bfb-59d3cb046dbf;1;;;
'2023-11-26';dd2ffdf0-2671-11e8-b53c-c18ebfb7a046;1;;;
'2023-11-26';c25326f0-8602-11ee-a9e9-67543d912c63;2;;;
'2023-11-26';597cbe80-8bab-11ee-941c-f1ccc20dd244;2;;;
'2023-11-26';d9f4ff00-9ea0-11eb-93e0-f5efbc5ca016;2;;;
'2023-11-26';02a1d900-a64c-11ed-a3c5-4da84c18504e;2;;;
'2023-11-26';a7daa580-0f09-11ed-bf6a-5dbff2e76752;2;;;
'2023-11-26';0a693a10-3e78-11ee-b9b5-7b8ca3d2941f;2;;;
'2023-11-26';e6679ec0-2ebc-11e8-a277-534c066c029e;2;;;
'2023-11-26';f014c2e0-8249-11ee-b69c-9788c013357b;2;;;
'2023-11-26';ceae6d50-b0cf-11ed-af2e-71ad053d2cdd;2;;;
'2023-11-26';061c2330-f64f-11ed-b453-c5162b977fe5;2;;;
'2023-11-26';6734d920-1eea-11ec-a797-b508d2ee995d;2;;;
'2023-11-26';0f362790-ca04-11ec-a4db-b3e333908277;2;;;
'2023-11-26';69098740-8994-11ec-ab8a-910b1ec86f60;2;;;
'2023-11-26';cfbce6c0-9d54-11ec-8487-dbe8a6f96ab0;2;;;
'2023-11-26';97a1abe0-99a2-11ed-a70a-9b2572ed9c0f;2;;;
'2023-11-26';c8b3a360-581b-11ec-901e-25cd5272c878;2;;;
'2023-11-26';d45f0c40-7290-11ee-a68d-a576871da231;2;;;
'2023-11-26';17ef2390-d33f-11ea-8923-e9987a7d3c58;2;;;
'2023-11-26';a527e980-4313-11ee-9162-4dffe92543c4;2;;;
'2023-11-26';bd27f410-d6aa-11ed-b10e-ff3b2a9f7a5a;2;;;
'2023-11-26';2a841d70-d241-11ea-ada3-9dca90d0a109;2;;;
'2023-11-26';280c2c50-2fd5-11ee-9207-0df034280fb0;2;;;
'2023-11-26';6fc1bf90-1e66-11ee-bd8f-d52ab30b5049;2;;;
'2023-11-26';e96f2840-de66-11ed-8fc1-372b1b85c63b;2;;;
'2023-11-26';38dfa6f0-ba89-11ec-b984-fd0a31283cbe;2;;;
'2023-11-26';f5072b20-b1a5-11eb-a765-1f1a013f4417;2;;;
'2023-11-26';f5d94970-728c-11ee-a86d-e76e9bce3578;2;;;
'2023-11-26';491848d0-0086-11ee-af2c-ab4d4b149261;2;;;
'2023-11-26';afa01350-d820-11ed-98cd-5f901793bf18;2;;;
'2023-11-26';55eb7340-7d7a-11ee-83f2-c918dbdb0679;2;;;
'2023-11-26';4b15ad00-4ee1-11e8-b599-b986fa6127b8;2;;;
'2023-11-26';73b8a040-c069-11ea-8f6e-73b4bc9df9ed;2;;;
'2023-11-26';2524cec0-9a28-11ea-9185-7f8955ba3aa0;3;;;
'2023-11-26';5f993750-683a-11ea-96c5-0b4aa9599a94;3;;;
'2023-11-26';f487ad20-51bb-11ed-8b5d-790907ccf4e0;3;;;
'2023-11-26';8126e850-8a0e-11ee-8292-d199c5321720;3;;;
'2023-11-26';f1b21600-8c4b-11ee-8273-7bad167b06a5;3;;;
'2023-11-26';d858e6b0-e093-11e9-877f-15d3c2421a59;3;;;
'2023-11-26';976a5960-0314-11ea-99db-7944a9e253b3;3;;;
'2023-11-26';426c0c10-2670-11e8-952c-5397ebbba8bb;3;;;
'2023-11-26';aafa9760-dd13-11ed-b9c7-67fccc4223ef;3;;;
'2023-11-26';03ccde60-46bb-11ed-a45b-b7db8c961393;3;;;
'2023-11-26';57c8c940-60f3-11ee-be2e-79588e48dd15;3;;;
'2023-11-26';f136c220-60cd-11e8-8ebd-45fc1d9c550a;3;;;
'2023-11-26';e3aa2b10-57a3-11ee-bd5a-f72794fcf488;4;;;
'2023-11-26';7555c1d0-6480-11ee-9fa7-c706fcdc5297;4;;;
'2023-11-26';956fecd0-2f55-11ee-87af-3b108b1d636f;4;;;
'2023-11-26';85653eb0-a366-11ed-8a25-679b250201e8;4;;;
'2023-11-26';7626ed10-8c57-11ee-b497-239c04afc28b;4;;;
'2023-11-26';c24826b0-7e3c-11ee-a8d5-bfbc81fe4095;5;;;
'2023-11-26';d6901c10-4650-11ed-891f-69031b73122d;5;;;
'2023-11-26';c9252b70-40c7-11ee-8af7-93e4dc85e9d5;5;;;
'2023-11-26';5dc71ff0-8b8b-11ee-b793-97e7cd4ea9a7;5;;;
'2023-11-26';65615ea0-60f8-11ee-be85-0d709b34c245;5;;;
'2023-11-26';42d840b0-ff83-11ec-9ea4-bf6bb1bb641f;5;;;
'2023-11-26';b6c126b0-80bd-11ee-b361-01be4de3b8be;5;;;
'2023-11-26';b0c4b750-4353-11ea-b71d-9325d41eec6a;6;;;
'2023-11-26';81329ac0-f45b-11ea-92be-cdbb81c5233c;6;;;
'2023-11-26';a12f0dd0-78c5-11ee-b9ab-c73848c5cc7f;7;;;
'2023-11-26';35b8cc30-85cc-11ee-8375-3d86e2f2c59b;7;;;
'2023-11-26';cd083ae0-4352-11eb-8ab9-7d7fff870fdd;8;;;
'2023-11-26';e37edd50-26d2-11e8-b05d-b12b25b8adfa;9;;;
'2023-11-26';cf733600-e3ea-11ed-a5b9-b3c6a94e0cba;9;;;
'2023-11-27';97a73590-08fd-11ee-909b-ff7724e91f39;10;;;
'2023-11-27';7fe00660-7547-11ee-bc59-dd87e03a0af9;10;;;
'2023-11-27';11f58880-8453-11ee-afb3-7bd5493ebb29;16;;;
'2023-11-27';d234f070-2821-11ed-9ce0-b7a9dd423e66;21;;;
'2023-11-27';e567bf80-5f78-11ee-8f61-db6d3ee22d08;34;;;
'2023-11-27';6261b740-7872-11ee-961f-5517ccf7abcc;13;;;
'2023-11-27';a5acc7a0-8935-11ee-bbdf-cbc299aa3c98;11;;;
'2023-11-27';3f69ee50-2c0c-11ed-be50-6fb693743b92;13;;;
'2023-11-27';c62be960-7e64-11ee-9ec3-d3fce62405ab;20;;;
'2023-11-27';d139f480-a5ea-11ed-a680-c9cc7a6703b2;13;;;
'2023-11-27';043da6a0-3020-11ee-9d33-0b9da90bee35;10;;;
'2023-11-27';0da51480-2f6c-11ee-98a7-4520a67df927;14;;;
'2023-11-27';d4f3bea0-570c-11eb-812f-cff2c71ff46b;72;;;
'2023-11-27';5512da90-4aad-11ed-a31d-b3d165a134f1;19;;;
'2023-11-27';d9296cb0-3518-11eb-a6ce-f1f65652a8df;10;;;
'2023-11-27';ef54cfc0-1c35-11ec-8bb1-c51a0727a6f0;15;;;
'2023-11-27';8f19ec40-848d-11ee-97b5-2f709bb671dc;12;;;
'2023-11-27';af02a890-7e29-11ee-8203-cd315a2e1a83;0;;;
'2023-11-27';2418ed40-e322-11ed-a3c3-39019ef4fa21;0;;;
'2023-11-27';d45f0c40-7290-11ee-a68d-a576871da231;0;;;
'2023-11-27';e2bb8070-3319-11eb-901a-b97201ed249a;0;;;
'2023-11-27';2bd27670-b91f-11eb-be4e-4745f1237f5d;0;;;
'2023-11-27';9f9ebe70-2221-11ee-a8a3-7b9385a8b996;0;;;
'2023-11-27';eb725850-f30c-11ed-8ff3-a3f0d6592f1a;0;;;
'2023-11-27';5aed7dd0-ffd6-11eb-b388-b586eff13796;0;;;
'2023-11-27';38745000-7c87-11ee-bff4-f31e650bae05;0;;;
'2023-11-27';405012f0-423a-11ee-9ce8-4d8302e7dcc8;0;;;
'2023-11-27';07296630-8d39-11ee-a2f7-3f70270a3e1e;0;;;
'2023-11-27';dad5b8e0-4e4d-11eb-bbd1-61bc814a8324;0;;;
'2023-11-27';38bea320-82a0-11ee-ad1e-910e622cef36;0;;;
'2023-11-27';bac62580-eff4-11ed-9d74-253643a74ef2;0;;;
'2023-11-27';7f671400-8d3c-11ee-8da4-dbe9ae9d2251;0;;;
'2023-11-27';aebffcb0-89ce-11ee-aed7-3b53541cfec2;0;;;
'2023-11-27';74769220-29f8-11ee-a776-3f0973aa90dd;0;;;
'2023-11-27';34f48ff0-8b54-11ed-871a-4992a8d40e9f;0;;;
'2023-11-27';eecf6dc0-8d22-11ee-8fe0-f120a725087c;0;;;
'2023-11-27';9a1bb5a0-2670-11e8-bfc6-df51f8419a76;0;;;
'2023-11-27';5770d150-6a76-11ed-a28c-01943a70f31b;0;;;
'2023-11-27';988bd060-90db-11ec-a077-d1d1ccd9dc3c;0;;;
'2023-11-27';6449dce0-17f6-11ee-ac28-7d22f95c877a;0;;;
'2023-11-27';a5f9e430-a7a6-11ec-8ced-118c9815229a;0;;;
'2023-11-27';cbfd1d70-aeb5-11ed-b277-192553cd6c9f;0;;;
'2023-11-27';b77416c0-9c62-11ed-9490-71b39d2a250f;0;;;
'2023-11-27';796719c0-f542-11ed-8644-ebf739c9f803;0;;;
'2023-11-27';eeae79f0-6da7-11eb-9cbe-974b838a1a4f;0;;;
'2023-11-27';17db1b10-7748-11ee-b7c2-b1298eeee3e8;0;;;
'2023-11-27';029115c0-83eb-11ee-bee6-1138c088433d;0;;;
'2023-11-27';90694410-2f24-11ee-82be-ed4d2f30ad09;0;;;
'2023-11-27';bfb2a9c0-8d19-11ee-a567-61848943d5c6;0;;;
'2023-11-27';9f712aa0-89af-11ee-8d22-7fa5f57f6565;0;;;
'2023-11-27';d2da0b30-888f-11ee-8aac-63f43931d0bd;0;;;
'2023-11-27';46948a80-88ed-11ed-b5a6-cb7582f5d1c5;0;;;
'2023-11-27';2c1d6b20-61e3-11ee-b5f4-f9dd6e6b1ca2;0;;;
'2023-11-27';f0a828b0-844b-11ee-8685-cb60fb347e57;0;;;
'2023-11-27';b2d9b190-a47a-11ed-8800-7f0b6be9ce29;0;;;
'2023-11-27';319e1310-bf77-11ed-b44d-99db99ff0f87;0;;;
'2023-11-27';d22dc750-dbd3-11eb-b543-51feb96bc016;0;;;
'2023-11-27';4759db30-3524-11ee-85c1-01a2aa7eea1d;0;;;
'2023-11-27';c061d420-1efd-11ee-a34d-73ebe175cf79;0;;;
'2023-11-27';bd27f410-d6aa-11ed-b10e-ff3b2a9f7a5a;0;;;
'2023-11-27';f7662ee0-22a5-11ec-8160-0d3fd119ed49;0;;;
'2023-11-27';82a478b0-73f6-11ee-9084-5b3df14fc7f9;0;;;
'2023-11-27';bf7a2d50-5df5-11ee-832a-37e0ed135bb2;0;;;
'2023-11-27';d98ef990-d454-11ec-b3f4-8913374e2678;0;;;
'2023-11-27';4b065740-f8b1-11ed-a0ea-43015548e4d6;0;;;
'2023-11-27';177d5680-b66e-11eb-b3c0-9d91e2a22b87;0;;;
'2023-11-27';f32cb7a0-8c15-11ee-b769-1dfad5852a11;0;;;
'2023-11-27';c01585f0-8755-11ee-ad92-fb64867b3ac4;0;;;
'2023-11-27';f523f7e0-8cd2-11ee-886b-e9dd8d2e8612;0;;;
'2023-11-27';61fab6c0-48b3-11ed-beea-6ba0cee7d21b;0;;;
'2023-11-27';b7e4d4b0-47c5-11ed-9239-2f1acd79db72;0;;;
'2023-11-27';6b848100-63f4-11ee-94c1-cd564f70789a;0;;;
'2023-11-27';741bef80-8cd3-11ee-bbd6-45ebad6421e3;0;;;
'2023-11-27';37c5c020-dffd-11ed-ae8d-132864e3858b;0;;;
'2023-11-27';a5aef390-5e8d-11ee-9706-890e3ccdd7ee;0;;;
'2023-11-27';30d09420-ad53-11ed-a6aa-d7f1e63f2704;0;;;
'2023-11-27';ce965860-881e-11ee-b040-8d953949289e;0;;;
'2023-11-27';7abad720-297d-11ee-8411-37f4d16b6d62;0;;;
'2023-11-27';70bc5790-9cd2-11ed-9f57-1bdb686870e3;0;;;
'2023-11-27';0c1031e0-e4a8-11ed-9e2b-e9731131cca2;0;;;
'2023-11-27';b35ee380-8cdf-11ee-8643-43d62c96e26d;0;;;
'2023-11-27';0c0c5440-6978-11ed-b37c-cf8f6de7f9cc;0;;;
'2023-11-27';c5c64ce0-88f0-11ee-8000-35e661bd17f0;0;;;
'2023-11-27';d9a53120-5648-11ee-a608-0d3249132a5e;0;;;
'2023-11-27';78148710-342c-11ed-9e20-b7bdd5b95642;0;;;
'2023-11-27';90e084c0-56d5-11ee-82e7-095e0c88f0fd;0;;;
'2023-11-27';824b40a0-8d1a-11ee-b118-0f1c5a5305ce;0;;;
'2023-11-27';605068d0-dc45-11ed-9d44-810786957f5c;0;;;
'2023-11-27';8b7dca80-8d24-11ee-853e-25a63f1a62f4;0;;;
'2023-11-27';278edd90-26e3-11ee-a05a-398345d3c672;0;;;
'2023-11-27';6b59cff0-18d9-11eb-a819-bdd94c6f9988;0;;;
'2023-11-27';38e36d90-b9da-11eb-a386-99254fc8580c;0;;;
'2023-11-27';a2b6fc40-5346-11ec-bd5f-e5a08ce628c7;0;;;
'2023-11-27';f930ad80-6a57-11ee-be41-2f8bd860a1ca;0;;;
'2023-11-27';4f6967e0-962f-11ec-9ef5-058ef0d03ada;0;;;
'2023-11-27';6338f140-b575-11ec-ba2a-4528f3e3c1bd;0;;;
'2023-11-27';bad68880-baa7-11ed-8328-c77c719e8768;0;;;
'2023-11-27';7a09ad50-d1f5-11ec-9d95-adee3068ff25;0;;;
'2023-11-27';ff279b20-26b2-11e8-9c52-576cfffc5817;0;;;
'2023-11-27';caa608d0-738b-11ec-9bd3-4d9c9c0c7fec;0;;;
'2023-11-27';6441aca0-68e1-11ee-9a22-f9abda6409e0;0;;;
'2023-11-27';0285c1b0-5db8-11ee-91a0-bd8641dc8912;0;;;
'2023-11-27';32a348d0-bb12-11ec-ae2d-bdcd8744f10c;0;;;
'2023-11-27';db26e4b0-f588-11ed-a8ca-71e5c8648649;0;;;
'2023-11-27';14b5faf0-553d-11ed-a0bc-855179dbd9bf;0;;;
'2023-11-27';deda8360-1ef4-11ee-b302-f1f56b29558e;0;;;
'2023-11-27';c295ad20-6e67-11ee-a15c-e7c716362c20;0;;;
'2023-11-27';7ca71aa0-e67d-11ed-b52f-730afe4cbf5d;0;;;
'2023-11-27';d7660620-5e6c-11ed-b4ca-9fd1b2002159;0;;;
'2023-11-27';bf28a8c0-66ec-11eb-be19-3fe247b69d5b;0;;;
'2023-11-27';05ad1e80-7945-11ee-8328-7dddc3358f93;0;;;
'2023-11-27';56d74cd0-2478-11ee-a500-3b06ee498648;0;;;
'2023-11-27';795af130-8931-11ee-b4a1-4f0a2386ffe3;0;;;
'2023-11-27';d3cd4470-2b26-11ed-9a9b-4d69ca182522;0;;;
'2023-11-27';c1ea52e0-d551-11ed-a413-f5b94e8385e6;0;;;
'2023-11-27';6fc39270-57e7-11e8-b8eb-5dd751d2ca2c;0;;;
'2023-11-27';18554290-dfdd-11ec-bd0b-89a07386757e;0;;;
'2023-11-27';680182f0-ee4f-11ed-9753-4fca07e2a9b3;0;;;
'2023-11-27';23d75400-4f7e-11eb-b0e3-57af39205648;0;;;
'2023-11-27';c6d9df70-56b5-11ed-9474-475865b6547c;0;;;
'2023-11-27';27e9e620-8b0d-11ee-858c-c72d65e98f98;0;;;
'2023-11-27';cb07fd60-2f7d-11ee-8843-73818fe4cfbd;0;;;
'2023-11-27';57ed8560-1706-11ed-b41c-a524b2e501a4;0;;;
'2023-11-27';91411250-98ca-11ed-9b09-779a683509cb;0;;;
'2023-11-27';13cefdf0-5eb8-11ee-8390-fb7e99f81912;0;;;
'2023-11-27';fd3f5b70-f639-11ed-b105-b51d1a0a4753;0;;;
'2023-11-27';42ecf080-7946-11ee-be48-e58a746f865d;0;;;
'2023-11-27';21c84230-8844-11ee-9dc6-cfd0824f2596;0;;;
'2023-11-27';01bfd440-284a-11e8-9b9e-1db8181a6676;0;;;
'2023-11-27';53d27330-1cc8-11eb-9490-63714afe7a16;0;;;
'2023-11-27';b3c1e8d0-a6b2-11e9-8cb9-b55ee8a1a6c2;0;;;
'2023-11-27';86983ac0-3d21-11ea-ad65-45326c515cfa;0;;;
'2023-11-27';d6e11b10-7a16-11ee-8587-897dfc9f3dd2;0;;;
'2023-11-27';e7f35030-6198-11ee-aa7d-e3a7337ba5f1;0;;;
'2023-11-27';0848cde0-6007-11ed-9e3e-a15ade71966b;0;;;
'2023-11-27';71e9e640-d60b-11ea-93ae-4d37c0232071;0;;;
'2023-11-27';42c1f1b0-c521-11e9-b276-1fb00a3a11e5;0;;;
'2023-11-27';6330fb60-e257-11ed-b41d-27398b4ae9fd;0;;;
'2023-11-27';5549f370-eed4-11ec-844a-37590d323efc;0;;;
'2023-11-27';17ef2390-d33f-11ea-8923-e9987a7d3c58;0;;;
'2023-11-27';c9d26d30-604d-11e9-b11b-8b938e2f368e;0;;;
'2023-11-27';dcde4cb0-3a68-11ee-8563-915c649cf6d5;0;;;
'2023-11-27';f3b05090-6386-11ee-b738-411998dddbba;0;;;
'2023-11-27';e694b4a0-8294-11ee-9ed1-8de73f4363ca;0;;;
'2023-11-27';ca73f550-6855-11ee-8115-2fbcbfcbaa3e;0;;;
'2023-11-27';7c0ee240-6732-11ee-b199-274b03b902da;0;;;
'2023-11-27';dbe2cac0-8d1f-11ee-9a13-9d8dd8cdb502;0;;;
'2023-11-27';1fec5eb0-88d8-11eb-aed9-07f57085d384;0;;;
'2023-11-27';005d09e0-8d0e-11ee-96a2-8f9d2bcd1fd8;0;;;
'2023-11-27';792670d0-cc81-11e8-b2b7-b742126c4679;0;;;
'2023-11-27';bfb1b590-4dd9-11ed-84ed-6baa0af96a39;0;;;
'2023-11-27';3fa34620-8d02-11ee-870c-adb5dc94051b;0;;;
'2023-11-27';8b37f440-8cea-11ee-baa7-dbbc319d383f;0;;;
'2023-11-27';ba819900-dad8-11ed-be96-0b4d6367ccec;0;;;
'2023-11-27';7caf9300-8787-11ee-bf1e-29b3797510bd;0;;;
'2023-11-27';b82b6c50-47aa-11ee-a5ed-657a4c0adef5;0;;;
'2023-11-27';278e29f0-0727-11ec-831d-195eaa84618f;0;;;
'2023-11-27';5f089140-3fde-11ed-8a99-5121a16b14dd;0;;;
'2023-11-27';24619050-5202-11ee-aaf0-057b47c3b0c5;0;;;
'2023-11-27';390074a0-6b7c-11eb-8ef9-73f675c1c29c;0;;;
'2023-11-27';f5912b00-0c51-11ee-82b4-47d4a006bbc9;0;;;
'2023-11-27';7048a140-e582-11ec-8d0e-f78e45bdf7d6;0;;;
'2023-11-27';df985510-c2f2-11ed-acfb-fd18a64a4691;0;;;
'2023-11-27';eccc18c0-dd0f-11ed-ac14-f174b049b2e2;0;;;
'2023-11-27';97eddc80-3df6-11ec-8968-315368755a67;0;;;
'2023-11-27';51dc3c40-69f3-11ec-848c-2714b3b1ce53;0;;;
'2023-11-27';41666990-52d0-11ee-966a-a92b8d8b4193;0;;;
'2023-11-27';e066e4d0-16fd-11ed-b7b0-47b2474cb7da;0;;;
'2023-11-27';b9af3a30-8cd7-11ee-8de5-e5bc188091f4;0;;;
'2023-11-27';f7913940-ba28-11eb-95ca-f73408b5d00a;0;;;
'2023-11-27';28bc4050-6031-11e8-9366-cb66763dc667;0;;;
'2023-11-27';5617fef0-bbe9-11ec-83f6-1bec3606fd59;0;;;
'2023-11-27';60c194f0-69f7-11eb-96b5-2f96ec576e47;0;;;
'2023-11-27';e4e73ae0-8d3e-11eb-ae9c-df9ea2b7f22a;0;;;
'2023-11-27';d038c7a0-6176-11ec-8ac1-4b977e5ed8f8;0;;;
'2023-11-27';f36243b0-745c-11ed-95d1-dd87d160039b;0;;;
'2023-11-27';7298fd90-8d16-11ee-91b5-6564fb52758d;0;;;
'2023-11-27';08e68620-89d8-11ed-ab79-29705994e766;0;;;
'2023-11-27';5f29e230-faf6-11e9-827d-c73d44133f24;0;;;
'2023-11-27';c1792290-505f-11ed-b01a-81b73475e032;0;;;
'2023-11-27';71d06080-f633-11ed-b525-0f6a37bdae54;0;;;
'2023-11-27';5dca5390-8ca4-11ee-bbd6-11a98293c4f9;0;;;
'2023-11-27';298b29d0-fec2-11ed-be08-07d13990cc88;0;;;
'2023-11-27';a74dab40-8a86-11ee-9a47-357579521d64;0;;;
'2023-11-27';04aa4b00-7d57-11ee-ab09-15405c574e24;0;;;
'2023-11-27';9d8e6ee0-48e9-11ec-9ed7-9dad8ce12472;0;;;
'2023-11-27';a438b300-8d0b-11ee-8a39-5d0c5fd72095;0;;;
'2023-11-27';d4021a30-2fd1-11eb-a413-8d939cea62b3;0;;;
'2023-11-27';f802bb50-7401-11eb-b4b2-315b6350a5ed;0;;;
'2023-11-27';8ff52fb0-5c8c-11ec-8375-b1e490a77bd0;0;;;
'2023-11-27';6e7dfd10-8cd4-11ee-b226-47c94dfdeb22;0;;;
'2023-11-27';893f8fc0-60d8-11ed-93ac-bdc11d75942e;0;;;
'2023-11-27';c43859a0-2576-11ee-95c0-f3a8eb36e260;0;;;
'2023-11-27';890c50c0-f7f4-11ed-ba77-a1cc0dac1925;0;;;
'2023-11-27';36a05740-6997-11ee-bf2b-1bcff0420bca;0;;;
'2023-11-27';3acfe070-6784-11ee-97a7-796516ccc422;0;;;
'2023-11-27';5aa2ccf0-6d1d-11eb-b958-cf1982889191;0;;;
'2023-11-27';3bfc6100-268d-11e8-9ee0-b785759a93de;0;;;
'2023-11-27';26b4b210-73c2-11ee-a465-efd025113760;0;;;
'2023-11-27';70547d20-2ab0-11ee-9032-bfec01820334;0;;;
'2023-11-27';f4254240-c3a7-11ec-b4a6-edf74cdbe9b7;0;;;
'2023-11-27';1f8ba1c0-1aed-11ee-8d66-8f0521673ea6;0;;;
'2023-11-27';d28c5a40-4a2d-11ec-a833-5fea4416a1ac;0;;;
'2023-11-27';69211710-c612-11ec-a993-b35eed708481;0;;;
'2023-11-27';cdba1410-ddea-11e8-9dd4-fd158fbdf95b;0;;;
'2023-11-27';5c5225c0-9870-11ed-ae85-019e14031a0e;0;;;
'2023-11-27';68f43580-3afb-11ec-af06-cd904b666c4b;0;;;
'2023-11-27';238720c0-fc8d-11ed-a055-7977df5d9f95;0;;;
'2023-11-27';cfadb7d0-8d2c-11ee-87bd-bd61706c9acb;0;;;
'2023-11-27';164de610-5e07-11ee-a79c-b3bd607cf9b2;0;;;
'2023-11-27';fc8fc350-8d0f-11ee-a84b-899edf881448;0;;;
'2023-11-27';7e3d2410-f39b-11ed-a1b9-0b751515adfd;0;;;
'2023-11-27';f3cfb9a0-e9db-11ed-bab5-830b2578a139;0;;;
'2023-11-27';5d120860-d482-11e8-84cb-3b32700906f9;0;;;
'2023-11-27';aa234b00-8770-11ed-af22-8d9b10b58042;0;;;
'2023-11-27';0adc4f00-efdb-11ed-a190-936714630dee;0;;;
'2023-11-27';c3416b40-8d18-11ee-b840-112a68a13771;0;;;
'2023-11-27';d92ce3b0-f52b-11ed-9532-9fb2bd6a5840;0;;;
'2023-11-27';0318f3b0-bc17-11ed-96f2-8b13a1ef48fc;0;;;
'2023-11-27';4c1ac6c0-d8ef-11ed-902b-374a18e74844;0;;;
'2023-11-27';64afb750-8ce9-11ee-bae5-79e9ad682235;0;;;
'2023-11-27';8c0c0c20-0ade-11ec-b21a-37b18db0821e;0;;;
'2023-11-27';99ba1230-8ce2-11ee-80aa-8d49dc7ab569;0;;;
'2023-11-27';70e97040-8cff-11ee-be2a-cf780fc7facd;0;;;
'2023-11-27';1d296320-98a9-11ed-9994-47870efcca00;0;;;
'2023-11-27';942b14b0-3740-11ee-9c50-23d848797bb4;0;;;
'2023-11-27';c72ddbc0-6034-11ec-a2a5-85ec95d9725f;0;;;
'2023-11-27';451434b0-8146-11ee-b592-3ff69b0ba0aa;0;;;
'2023-11-27';46c710b0-0a4e-11eb-802a-ab5a5c14fc97;0;;;
'2023-11-27';00fc8580-a5e0-11ed-8f66-476d57da0b36;0;;;
'2023-11-27';382484b0-4976-11ee-920e-2dc0028340f6;0;;;
'2023-11-27';308c0460-8839-11ee-9755-2fe2180cafe5;0;;;
'2023-11-27';d4c20990-2a06-11ed-81f9-61d4f0382a99;0;;;
'2023-11-27';ddb40640-81c4-11ee-8f8b-9bf7f3ac8cdc;0;;;
'2023-11-27';96fe5990-89ed-11ee-8fe2-cf02a063dac6;0;;;
'2023-11-27';c1a28c20-ba1f-11eb-98a9-ffa5882c14df;0;;;
'2023-11-27';d4548f00-89c8-11ee-b1c1-f1d8694c98d9;0;;;
'2023-11-27';bd955030-b503-11ea-b6f3-fba4ff5122e6;0;;;
'2023-11-27';36ca52f0-42d1-11ec-b0a7-3be0ee380056;0;;;
'2023-11-27';9936fd00-6726-11ee-8ddd-1f5cee96f0c9;0;;;
'2023-11-27';dabcc850-963d-11ed-b58c-a9ff7a5e4504;0;;;
'2023-11-27';e64e9970-106a-11ea-a81f-2d486e26c435;0;;;
'2023-11-27';dcb922f0-61f0-11ee-8c03-2deb997c6e4f;0;;;
'2023-11-27';b022bdc0-8cff-11ee-953e-2d76de575f0a;0;;;
'2023-11-27';271c0f40-4637-11ee-b619-651fec759f9d;0;;;
'2023-11-27';b9cf3940-7f79-11ee-b587-1f3956ff2cf2;0;;;
'2023-11-27';a126f450-89d8-11ee-86e7-290bd454cfc2;0;;;
'2023-11-27';0d7460f0-34e5-11ee-b176-d12671d3ad6a;0;;;
'2023-11-27';2c4ca150-b4b2-11eb-bceb-c907bb5088fb;0;;;
'2023-11-27';00302bc0-56cf-11ee-92be-fd7b0d617e4e;0;;;
'2023-11-27';8b9758c0-a3e6-11ec-ba08-bdfbba009f42;0;;;
'2023-11-27';83b88940-e255-11ed-9473-451736be6d0c;0;;;
'2023-11-27';26e999e0-52f6-11ee-ac10-3bcbca0f5102;0;;;
'2023-11-27';7ab50a60-c468-11eb-8e5b-8971515a3075;0;;;
'2023-11-27';31214450-2690-11e8-b8fd-0b549d32ed37;0;;;
'2023-11-27';1aa55bb0-67ff-11ee-a834-4b5a72510458;0;;;
'2023-11-27';803b8700-9d1d-11ec-8f20-e74c0e25f6af;0;;;
'2023-11-27';bee9d580-3cca-11ee-a991-7be24ca7682a;0;;;
'2023-11-27';1b082100-0be4-11ed-93ea-93e8cdd5dd27;0;;;
'2023-11-27';a64228a0-7322-11ee-9b92-45bccc0876e4;0;;;
'2023-11-27';b17079f0-890e-11ee-86fd-7bebce49677e;0;;;
'2023-11-27';e6a4ecb0-8b65-11ee-b368-fd02a8479f4f;0;;;
'2023-11-27';e7430f50-f013-11ed-9e31-ff2057682a14;0;;;
'2023-11-27';70b39370-c1bd-11ed-b290-a1a120fcbe4b;0;;;
'2023-11-27';40e009b0-8cf3-11ee-9dab-f360bf7db2fd;0;;;
'2023-11-27';ce79df20-e0fb-11ed-ae6e-e9ce17e234c0;0;;;
'2023-11-27';a2409ea0-836a-11ee-b415-c79d48fe04c7;0;;;
'2023-11-27';d2ae4e50-3d9a-11ed-a3b8-d5b28dcf3633;0;;;
'2023-11-27';c7a2a740-7e28-11ec-91e0-9d5062ed501b;0;;;
'2023-11-27';74306570-87e6-11ed-9073-39f12a19b426;0;;;
'2023-11-27';819322c0-8cef-11ee-bb5b-13c4f218dbd9;0;;;
'2023-11-27';3aca7b90-5cf7-11ee-a4fc-13229e19c4ca;0;;;
'2023-11-27';b7db8350-a6a3-11ed-b01c-f7e27d413dd4;0;;;
'2023-11-27';cbb2af70-a51a-11eb-bc9a-9b8287359b8f;0;;;
'2023-11-27';33864540-382f-11ee-a5a1-cfd5c6784c6b;0;;;
'2023-11-27';d696a5a0-dd07-11ed-b95d-85671caafde0;0;;;
'2023-11-27';e1314870-2f61-11ed-83e9-3d212452be67;0;;;
'2023-11-27';424d1220-63bd-11ee-bf5c-2915cf679904;0;;;
'2023-11-27';bb2f9760-52e9-11ee-b232-ebe789dad4f9;0;;;
'2023-11-27';a7f34190-f144-11ec-98e2-ef54bd049b19;0;;;
'2023-11-27';50e51380-83ea-11ee-8ed7-ab2afb1f0a94;0;;;
'2023-11-27';32576a80-a39f-11ec-a680-09fcc5f5cdba;0;;;
'2023-11-27';e1c15380-698e-11ee-aad1-3d54b501aa9e;0;;;
'2023-11-27';91850110-2e23-11ee-a01c-c565ce8672b0;0;;;
'2023-11-27';d4067c10-0e63-11ee-a911-1136d3822e60;0;;;
'2023-11-27';500a4260-3bf5-11ee-9cb3-cbca6796ebff;0;;;
'2023-11-27';a875a160-8cb3-11ee-9487-e136962eb6d5;0;;;
'2023-11-27';2a5878f0-e4b8-11ed-8a0f-c989283013a6;0;;;
'2023-11-27';45efb510-491d-11ed-a9f5-71ca9a1e60a5;0;;;
'2023-11-27';ccbf9720-1af2-11ee-aa64-bdeae422cee1;0;;;
'2023-11-27';48ae2eb0-0446-11ed-8249-8dc4ea81e842;0;;;
'2023-11-27';8b576990-752a-11eb-994e-a1157d2244bf;0;;;
'2023-11-27';7b41d280-7c60-11ee-be13-8bea4a6c2782;0;;;
'2023-11-27';da7d1840-d121-11ec-9d49-434c4221e2d2;0;;;
'2023-11-27';5906bfa0-511d-11ee-9520-57772194dda1;0;;;
'2023-11-27';b5852990-448b-11ee-b673-e74066d9e557;0;;;
'2023-11-27';19c62dd0-56bd-11ee-aac3-7b004e623b5f;0;;;
'2023-11-27';bd32afe0-3e43-11ed-b099-a72a7562c931;0;;;
'2023-11-27';3ccaaae0-5bfa-11ed-a8ac-b1b144148f58;0;;;
'2023-11-27';b4b64860-1862-11ed-909c-fbc8e9a5a4fb;0;;;
'2023-11-27';0467a480-869e-11ee-85f6-d340cdacb9ed;0;;;
'2023-11-27';3b9de6d0-7361-11ee-aa1b-19a11dfbbdeb;0;;;
'2023-11-27';0816b470-b063-11ed-ac04-d7a61b9be185;0;;;
'2023-11-27';eea80720-234c-11ee-a773-6fa61de9b2cc;0;;;
'2023-11-27';3f956d00-c26b-11ed-9798-a123bf719960;0;;;
'2023-11-27';3ec45d80-2c22-11ed-944e-0bf5ee0674e6;0;;;
'2023-11-27';2e89e1c0-efe9-11ed-9775-e70e63026409;0;;;
'2023-11-27';06156c60-564a-11ee-9e42-b3913ca46edc;0;;;
'2023-11-27';8c1900c0-18ff-11ee-b3c8-89750e6b01d2;0;;;
'2023-11-27';177860a0-886a-11ee-b697-edda78464b10;0;;;
'2023-11-27';02a1d900-a64c-11ed-a3c5-4da84c18504e;0;;;
'2023-11-27';2a3e75a0-2777-11eb-a5c7-c3e2e3534623;0;;;
'2023-11-27';295e57a0-8731-11ee-8b57-1b5515413870;0;;;
'2023-11-27';4e1f8210-8201-11ee-bbad-0f72fb1da11d;0;;;
'2023-11-27';27e7f050-2b94-11ee-a05f-bb6a4517466c;0;;;
'2023-11-27';303ac730-680f-11ed-bc64-e162e43d294c;0;;;
'2023-11-27';6e255e80-5ead-11ee-b9ab-514ff5ef01dc;0;;;
'2023-11-27';1654f950-8c1a-11ee-9fe4-337884671482;0;;;
'2023-11-27';643496a0-e281-11ed-9017-9762a192c6ca;0;;;
'2023-11-27';2603ef60-fe34-11ed-910f-ed4de5f486e7;0;;;
'2023-11-27';35dc86a0-c90f-11ec-801c-c32341e7529a;0;;;
'2023-11-27';74f3b580-89ec-11ee-a077-7f135cc04d57;0;;;
'2023-11-27';77b61800-d1aa-11eb-a78f-99557b0657db;0;;;
'2023-11-27';545d8d60-8a09-11ee-b76e-df17cf2d67e1;0;;;
'2023-11-27';d960de90-68f3-11ee-b52f-83e299bedb2b;0;;;
'2023-11-27';65615ea0-60f8-11ee-be85-0d709b34c245;0;;;
'2023-11-27';0f406150-49c0-11ee-913c-e1d2599dcda8;0;;;
'2023-11-27';d2ce49f0-86a3-11ee-bcb5-218175b98971;0;;;
'2023-11-27';7a7e6930-57c6-11ee-8ae8-c951d28f2e3d;0;;;
'2023-11-27';27bcbb20-5101-11ec-891e-9b7b6489f94e;0;;;
'2023-11-27';1bda3c30-89bf-11ee-b2ce-8314c7a462ea;0;;;
'2023-11-27';a1466940-8126-11ed-9709-dfb3b52bb52a;0;;;
'2023-11-27';0a693a10-3e78-11ee-b9b5-7b8ca3d2941f;0;;;
'2023-11-27';cafb1200-14d7-11ee-bbbe-977c7b344c2c;0;;;
'2023-11-27';c3a52560-ff9a-11ed-bbf7-e31ac64d3d7d;0;;;
'2023-11-27';1f1cd160-9298-11ed-8474-7bd963433a2a;0;;;
'2023-11-27';375f4e70-a9f4-11ec-b0f4-375f163c4be0;0;;;
'2023-11-27';bd71d0d0-8c71-11ee-9dbb-510d2dd0c8d4;0;;;
'2023-11-27';160fee00-b6d7-11ed-9117-23038039da22;0;;;
'2023-11-27';9f261370-1bc6-11ec-9fce-59b8d7fe4e22;0;;;
'2023-11-27';87281770-2225-11ee-934e-97a33e5a10db;0;;;
'2023-11-27';255e3f10-72ea-11ec-8a7d-b31519f9f388;0;;;
'2023-11-27';0604c1c0-b557-11ec-b7b5-4fdeb57ed229;0;;;
'2023-11-27';f1b56aa0-efb9-11ed-8e6a-0310e78b5072;0;;;
'2023-11-27';282b12d0-7c30-11ee-8050-abd83b486176;0;;;
'2023-11-27';c6f084e0-1498-11ee-9a00-c1d45ba502dd;0;;;
'2023-11-27';9f5ef5e0-2e77-11ed-ab74-8d65ce62e8a3;0;;;
'2023-11-27';a5f4fc40-3517-11ee-838e-e51c7695bc85;0;;;
'2023-11-27';b7710c60-ee5a-11ed-9336-6d66a9c19fd0;0;;;
'2023-11-27';a273e600-57ac-11ee-a89f-b587e811a053;0;;;
'2023-11-27';319d60c0-d4b5-11ed-b3f1-075c94612de9;0;;;
'2023-11-27';f1b1d3e0-5a9a-11ed-9bc9-8f1cf05ea07d;0;;;
'2023-11-27';80436300-511f-11ee-a29c-23f6d170ff76;0;;;
'2023-11-27';78abd940-798a-11ee-b3a3-57f4018ab536;0;;;
'2023-11-27';21d9d870-69c6-11ee-b926-f1301b99dd33;0;;;
'2023-11-27';784aeb80-6c0b-11ee-992c-b19f41552425;0;;;
'2023-11-27';4c749bc0-1ac6-11ec-b507-6d3180b60d38;0;;;
'2023-11-27';4b0bf120-dc58-11ed-a85d-3d94de706e43;0;;;
'2023-11-27';364354f0-e4d6-11ed-857b-f11dd0dac507;0;;;
'2023-11-27';20474b10-8892-11ee-9d4f-d7a8c0016384;0;;;
'2023-11-27';cc06f190-8aa8-11ee-8787-0fe3282bac37;0;;;
'2023-11-27';a8dc4bd0-f0b1-11ec-a131-7ffa998d16b0;0;;;
'2023-11-27';34c0fc40-3a54-11ed-ac61-0f392b51708e;0;;;
'2023-11-27';d7256b90-14ea-11ed-b472-fde50b26d7cf;0;;;
'2023-11-27';c2bb7050-c085-11ec-a6d6-05fa39c0b5d0;0;;;
'2023-11-27';c1ee2250-88c4-11ed-959e-45f7a1a9e6bf;0;;;
'2023-11-27';43a7fda0-69a4-11ee-9df6-939923a38d51;0;;;
'2023-11-27';c7909540-c812-11eb-a0f8-29cecf194de9;1;;;
'2023-11-27';a7716c50-41b0-11eb-9116-197013892916;1;;;
'2023-11-27';7bd68030-680e-11ee-a064-4f18e5211fda;1;;;
'2023-11-27';015f6a10-8cdf-11ee-8fa9-1ba724b8bd76;1;;;
'2023-11-27';3f35b8e0-101f-11ee-82db-d9eb8e0d664b;1;;;
'2023-11-27';474218c0-1fc0-11ee-9277-c71cabf691c3;1;;;
'2023-11-27';89305b40-8d28-11ee-8b34-b37879715f98;1;;;
'2023-11-27';18a5ea40-9be7-11ec-afb2-9f4971139d45;1;;;
'2023-11-27';83dc6ec0-5dec-11ed-a7f8-43cd2dca137b;1;;;
'2023-11-27';f136c220-60cd-11e8-8ebd-45fc1d9c550a;1;;;
'2023-11-27';910825a0-87d8-11ee-9f92-534e96cd6340;1;;;
'2023-11-27';6fa133d0-e250-11ed-a9ba-79b1e2ddbbf4;1;;;
'2023-11-27';6363fe00-b680-11ed-99b1-87c8815afb72;1;;;
'2023-11-27';5edda700-85b6-11ed-89db-791595c6dafe;1;;;
'2023-11-27';f885bbb0-5a9d-11e9-a377-c52baece22df;1;;;
'2023-11-27';dc441620-dc0c-11eb-9edd-adf79a7bb4c8;1;;;
'2023-11-27';7cb269b0-f5e3-11ea-9dd4-31c66fbb672d;1;;;
'2023-11-27';3d703fd0-66be-11ee-aaac-11944e7e0be4;1;;;
'2023-11-27';c5a844e0-e72b-11e9-be67-e1fcfbd5cf2c;1;;;
'2023-11-27';0aad3240-8c27-11ee-8e47-0330d9d7d1cb;1;;;
'2023-11-27';aedde3e0-8d0e-11ee-82d9-4be4917cccb1;1;;;
'2023-11-27';acd39680-813d-11ee-bcb6-7bcca9b69e57;1;;;
'2023-11-27';6cd12bd0-9925-11ec-9765-cfe6d22adf4a;1;;;
'2023-11-27';35449720-8cde-11ee-a0f1-a94a8bea7700;1;;;
'2023-11-27';9ea21d90-266f-11e8-bdcc-8bfb8cd4ee41;1;;;
'2023-11-27';22f02860-ba26-11eb-95b4-9bb66a80a2f5;1;;;
'2023-11-27';a74484d0-f379-11eb-9b4e-c1d2edf41fe8;1;;;
'2023-11-27';8e494880-0038-11ee-b66b-99edbc721dbb;1;;;
'2023-11-27';ec03b530-3b28-11ed-aaae-c5b954d13273;1;;;
'2023-11-27';1da90f60-8d58-11ec-8446-41eb5caac821;1;;;
'2023-11-27';0a35d6a0-5153-11ee-94b3-9bc0fa21e11d;1;;;
'2023-11-27';8ba73fb0-4e53-11ee-8bbb-539eea3dd82b;1;;;
'2023-11-27';1753e860-875c-11ee-a00b-0b739bd3be52;1;;;
'2023-11-27';afd60a50-7406-11ee-bb47-bf571cc653cf;1;;;
'2023-11-27';92b57090-b139-11ed-bc50-8f526e7e063d;1;;;
'2023-11-27';7d01ee20-8368-11ee-b739-93d2ce5e5566;1;;;
'2023-11-27';07b59ed0-4c96-11ea-a1df-eb15a5422693;1;;;
'2023-11-27';e3b73680-68d2-11ee-94f8-e74144b3dd83;1;;;
'2023-11-27';afe913b0-71c0-11ec-a39a-1d0894f5a843;1;;;
'2023-11-27';3db5def0-5755-11ee-ae76-279051658c1b;1;;;
'2023-11-27';a63da2d0-82db-11ee-b7b6-318a8f9f484a;1;;;
'2023-11-27';f60b7d40-0681-11ee-ae71-8702f8ec5dc0;1;;;
'2023-11-27';17e3c5e0-f2d2-11ec-9a9d-15ce92c49139;1;;;
'2023-11-27';878e2850-1c52-11ed-9ea1-0702a8ee86f9;1;;;
'2023-11-27';a66c38b0-786e-11ee-828b-bb07aba6dcff;1;;;
'2023-11-27';357d11d0-8834-11ee-aa8a-b9f12ec2c88b;1;;;
'2023-11-27';7a247360-4c83-11ee-83f6-534833fa0a92;1;;;
'2023-11-27';088007b0-3f85-11ea-a1ba-9d323bd5e36a;1;;;
'2023-11-27';29bcb510-09ce-11ee-a114-073c1e11f29e;1;;;
'2023-11-27';247c1670-36d5-11ee-ad1e-3bb14eb917bc;1;;;
'2023-11-27';3e03f560-c581-11e8-8865-81dd7861a7a3;1;;;
'2023-11-27';b9677da0-8ce9-11ee-9689-1dfa888cb2cc;1;;;
'2023-11-27';0020a4c0-7402-11ee-b7d6-418bdd68d3fb;1;;;
'2023-11-27';62bfe730-6e8a-11ee-ac29-9f6e169b060e;1;;;
'2023-11-27';260751c0-869f-11ee-ba23-c5f56e410512;1;;;
'2023-11-27';30cd1e20-4f8f-11ed-9a31-79fc221106b9;1;;;
'2023-11-27';c11732e0-b30a-11eb-b6b7-bd27ab537e44;1;;;
'2023-11-27';c58e76e0-b7af-11eb-b0b0-ed6d7305ed50;1;;;
'2023-11-27';417a3070-47df-11ee-ac58-319bfea74057;1;;;
'2023-11-27';b54ce1f0-f074-11ec-ba12-1f525c58d746;1;;;
'2023-11-27';61adaa40-0b29-11ee-86e5-e9d6363b32fa;1;;;
'2023-11-27';9d378ed0-8600-11ee-8788-c5cb66ad9d43;1;;;
'2023-11-27';6f4ba810-5901-11ea-9b53-85a695007b59;1;;;
'2023-11-27';97f2b2a0-8200-11ee-8c66-93aa07d9a2ab;1;;;
'2023-11-27';648c2480-c0ab-11ed-9a17-8396e86aa4ff;1;;;
'2023-11-27';c2bc2ae0-7a2e-11ee-8b9a-7386b13c1f7f;1;;;
'2023-11-27';f3812fb0-4589-11ee-bbe2-51028697f07d;1;;;
'2023-11-27';cdf2e480-ce26-11ed-8ca2-9da5ff15ab9e;1;;;
'2023-11-27';f7c42270-d75d-11ed-97f9-b9552bc26c77;1;;;
'2023-11-27';df5194c0-efb8-11ed-b67a-9183ef9e38f9;1;;;
'2023-11-27';ec6fa8d0-292a-11ee-98cc-7f27e622bdb4;1;;;
'2023-11-27';5e6c9a00-53ac-11ee-9180-63c3ed20ef5e;1;;;
'2023-11-27';34061640-095f-11ec-8e63-4b3c41117f08;1;;;
'2023-11-27';617c76c0-8cff-11ee-8947-41e519cddab6;1;;;
'2023-11-27';6aa6c850-f992-11ed-b8b8-e1cf333f8891;1;;;
'2023-11-27';fdb1cca0-7853-11ed-a78c-ed0675c839ba;1;;;
'2023-11-27';466fbf60-fa36-11ed-a14a-67347299561e;1;;;
'2023-11-27';05069640-8201-11ee-a707-09839aea96b7;1;;;
'2023-11-27';fee78c30-04ea-11ee-b596-0dc7b6e39fd5;1;;;
'2023-11-27';99360e30-a6ed-11ed-ab43-15ce34b22cc0;1;;;
'2023-11-27';940d43b0-248d-11ee-bd73-5fa65ea7339a;1;;;
'2023-11-27';b2be1e20-fafc-11ed-9a9d-b7cfc0948799;1;;;
'2023-11-27';7d95dfd0-8841-11ee-bddd-711c8973c604;1;;;
'2023-11-27';a2fab990-988b-11ed-89d2-e383ef579655;1;;;
'2023-11-27';509016f0-8d04-11ee-b6da-290ca9f7cbb7;1;;;
'2023-11-27';da85dc50-7e97-11ec-a89e-f548a822569d;1;;;
'2023-11-27';d8157db0-2b95-11ea-880c-9179c07bc858;1;;;
'2023-11-27';f09a2f50-5047-11ed-aed6-77ddc8f67664;1;;;
'2023-11-27';d3aaff70-4d9f-11eb-beb2-778cb11c16bd;1;;;
'2023-11-27';b931cd00-5e40-11ed-be59-cd8c375b0146;1;;;
'2023-11-27';61ae0260-a6a2-11ed-8f7f-7df15ac93c97;1;;;
'2023-11-27';2780d230-79ec-11ed-80c8-4f93470208c7;1;;;
'2023-11-27';718e9310-6d04-11ee-a7ad-477a937c892e;1;;;
'2023-11-27';640d3710-18bc-11ee-891f-27adaae9838f;1;;;
'2023-11-27';e7ab5b40-8ad8-11ee-8a2c-ebf290244517;1;;;
'2023-11-27';17449bb0-0d80-11ec-aebc-71bd723eb1f8;1;;;
'2023-11-27';03ccde60-46bb-11ed-a45b-b7db8c961393;1;;;
'2023-11-27';555b8b40-8d10-11ee-9d9a-d1d21f20e346;1;;;
'2023-11-27';06f62f60-6825-11ee-8bca-b962e6f68df2;1;;;
'2023-11-27';33df3f20-42b3-11eb-b76f-854479eadc44;1;;;
'2023-11-27';abeabbc0-8d33-11ee-a1ba-d32dc43a7e3f;1;;;
'2023-11-27';1b4d8e70-baa1-11ea-a3b0-ad9b975d5fe0;1;;;
'2023-11-27';34fbb1b0-e758-11ea-879d-3350358da159;1;;;
'2023-11-27';f71e9ff0-7698-11ee-ba46-e3464bf649a1;1;;;
'2023-11-27';2b4d1eb0-8d18-11ee-b97c-5d816d39f8f4;1;;;
'2023-11-27';e8ef2010-81d6-11e8-82b4-0ff3ffcd5726;1;;;
'2023-11-27';7d9779c0-860d-11ee-a480-e709e7d8b9ee;1;;;
'2023-11-27';61797880-56a4-11ee-8ae5-a14c4c40687a;1;;;
'2023-11-27';9801ace0-a6ed-11ed-9d0e-4907b16db0f7;1;;;
'2023-11-27';780e2fd0-f923-11ec-b483-55f9ac380315;1;;;
'2023-11-27';b6cc7270-09fa-11ee-b472-6b87a0e1e329;1;;;
'2023-11-27';f9d41990-83aa-11ee-b0e8-378655dc29f6;1;;;
'2023-11-27';f424d590-8d0d-11ee-b626-e53865166aef;1;;;
'2023-11-27';35b8cc30-85cc-11ee-8375-3d86e2f2c59b;1;;;
'2023-11-27';8d582c20-6c30-11ee-ae84-931626bad739;1;;;
'2023-11-27';9b5a7fb0-83b6-11ee-8987-09fc2fb0dcd0;1;;;
'2023-11-27';5e8eb3d0-fc26-11ec-a640-d991b378bd12;1;;;
'2023-11-27';e9e87970-683b-11ee-9a01-ebe9a7ac0e13;1;;;
'2023-11-27';fe96e230-8beb-11ed-bf64-9bc42f907bb5;1;;;
'2023-11-27';97610b70-170c-11ee-8bbb-330cbb1c1cf4;1;;;
'2023-11-27';5f1c01a0-3f18-11ee-a4c3-0d2919c214b6;1;;;
'2023-11-27';29851e80-7d36-11ee-88c4-7d1f8457a1ab;1;;;
'2023-11-27';81612e50-7690-11eb-80da-c9831175f4e0;1;;;
'2023-11-27';7eb45430-8488-11ee-a407-c584ebd2f98a;1;;;
'2023-11-27';e94b3f20-6345-11ee-9b1b-7985eb1a6cef;1;;;
'2023-11-27';7e8eb160-83a4-11ee-89ca-593b5215b57d;1;;;
'2023-11-27';6f99e980-8bc5-11ee-845b-cd61ac05f7ff;1;;;
'2023-11-27';57bad1b0-4306-11ee-93f5-d5ac32d5ea3f;1;;;
'2023-11-27';426c0c10-2670-11e8-952c-5397ebbba8bb;2;;;
'2023-11-27';54954880-4fc3-11ed-a2ff-35e907aad3c8;2;;;
'2023-11-27';d4506f50-8c44-11ee-a49b-fddaab68def1;2;;;
'2023-11-27';c3cc73f0-728f-11ee-951b-25fd306d7297;2;;;
'2023-11-27';5202f6f0-09d9-11e9-ba60-d19f8ae664ed;2;;;
'2023-11-27';6d8da660-a282-11eb-a6f8-75f96cb40610;2;;;
'2023-11-27';cf7bd5c0-ebda-11ec-8bf5-5904d3eb491b;2;;;
'2023-11-27';69098740-8994-11ec-ab8a-910b1ec86f60;2;;;
'2023-11-27';7abbb2a0-7e0d-11ee-9c0f-d582c0cbde2c;2;;;
'2023-11-27';63fae3d0-9bc6-11ed-b472-c983de5c443f;2;;;
'2023-11-27';f6affa70-3c12-11ee-8ed6-a9edb5076365;2;;;
'2023-11-27';a193c320-86a7-11ee-8e26-935fd95e6244;2;;;
'2023-11-27';d61a63c0-b415-11ed-9d72-e903075bafd8;2;;;
'2023-11-27';f65363c0-0724-11ec-bd81-49e1f86f6eaa;2;;;
'2023-11-27';1d4b0710-863f-11eb-8866-abe960b89cdc;2;;;
'2023-11-27';3d34d200-6651-11ee-bb42-879a73c6e773;2;;;
'2023-11-27';704fa250-c082-11ea-bb43-c1bfd3d804d5;2;;;
'2023-11-27';c0000050-e3fd-11ed-b7f9-7fbc52469510;2;;;
'2023-11-27';65a76ce0-93ce-11ec-b4a5-99d500c079e4;2;;;
'2023-11-27';695c5ef0-25e2-11eb-a938-6bff07fe5479;2;;;
'2023-11-27';2630a7f0-3a7d-11ee-88b2-d18fd7859087;2;;;
'2023-11-27';fda734c0-0364-11ed-b7db-1911160c2710;2;;;
'2023-11-27';45c325f0-89e4-11ee-ae5c-ad9c2a17f8f4;2;;;
'2023-11-27';8aca5ab0-4c2d-11ed-ba4f-3339b0969613;2;;;
'2023-11-27';b1de8170-5e99-11ed-b9ef-2b7d8c4da9f3;2;;;
'2023-11-27';33f65360-e3f4-11ed-938d-79de9a83a21e;2;;;
'2023-11-27';e7ae87a0-4881-11ee-9b02-abb1d0dc41e2;2;;;
'2023-11-27';b9c97cd0-4766-11ee-b17e-ff45088ab1d1;2;;;
'2023-11-27';2e592e30-7e75-11e8-99fe-877fced2befe;2;;;
'2023-11-27';9ddda6e0-1412-11ee-8d7e-0594fc8b8a60;2;;;
'2023-11-27';c6f23560-515b-11ee-8a4c-cb1e90b4915a;2;;;
'2023-11-27';a3571100-31c3-11ee-814a-7d416b5c6a38;3;;;
'2023-11-27';83515c30-ad11-11ed-884a-9989fec8d74f;3;;;
'2023-11-27';3fad9220-6398-11ea-9789-39cafe3b86b6;3;;;
'2023-11-27';8a1d6320-89e2-11ee-ad3a-9705f752be4b;3;;;
'2023-11-27';48776a10-8d11-11ee-b86c-07ce52790395;3;;;
'2023-11-27';3a5bab80-269c-11e8-8319-456ad9d3b8d8;3;;;
'2023-11-27';5e6a2260-0edc-11eb-bd61-6b3aa71dd6cf;3;;;
'2023-11-27';548d6db0-730c-11ed-a51a-6b63d138e835;3;;;
'2023-11-27';f5c917b0-19f6-11ee-9ff9-bb2aeb994a1d;3;;;
'2023-11-27';bfb84fc0-b958-11eb-b3b5-714825858d67;3;;;
'2023-11-27';766fcff0-6795-11ec-bc56-dbe773a8e784;3;;;
'2023-11-27';e609de80-1ee3-11ee-bad2-93fb9572c499;3;;;
'2023-11-27';3aa5e760-d3a1-11ed-b6d4-25cf9788359e;3;;;
'2023-11-27';6663f4a0-08df-11ee-81cb-8be2005d9c9c;3;;;
'2023-11-27';69c867e0-eb3c-11ed-85fa-e95a6aa1c440;3;;;
'2023-11-27';b12c6af0-8d12-11ee-9dff-bb3702789e72;3;;;
'2023-11-27';cfbce6c0-9d54-11ec-8487-dbe8a6f96ab0;3;;;
'2023-11-27';61585220-f0ad-11ed-9421-13c7b109f79b;3;;;
'2023-11-27';50a4dff0-2c37-11ee-a180-5d4f1bc6c254;3;;;
'2023-11-27';969fb5e0-cac5-11ec-b73b-d59cb4cad08d;3;;;
'2023-11-27';81a62dd0-23ad-11ee-aa3f-732a118b19a8;3;;;
'2023-11-27';5e45a6b0-0f1b-11ed-8f8f-e7057cff0cb2;3;;;
'2023-11-27';364f66e0-883d-11ee-ac9b-4d1a8e304d5d;3;;;
'2023-11-27';4a4b0bd0-37f9-11ed-b15e-f9f1af8eacd7;3;;;
'2023-11-27';3db82a10-1a66-11ee-908f-553062a53e04;3;;;
'2023-11-27';ecd25d10-adc6-11e9-96d6-edb0fb92cb92;3;;;
'2023-11-27';c2347040-8ce5-11ee-acbb-0fd387fbe991;3;;;
'2023-11-27';f487ad20-51bb-11ed-8b5d-790907ccf4e0;4;;;
'2023-11-27';54c6de90-88ed-11ee-9d39-71a501376063;4;;;
'2023-11-27';ad72b1f0-3cbb-11ee-b3ab-59d21131b2cf;4;;;
'2023-11-27';8440d590-e6fc-11ea-a842-65029eedd4ca;4;;;
'2023-11-27';0f362790-ca04-11ec-a4db-b3e333908277;4;;;
'2023-11-27';89cd4e00-bb73-11ed-9030-a5e2a93379f9;4;;;
'2023-11-27';72f7ac50-73d0-11ee-96f5-3f4f8a11dc86;4;;;
'2023-11-27';7b3d2810-e585-11ed-a524-d983167b6653;4;;;
'2023-11-27';e9208850-55e1-11ee-8570-a1a3128fa652;4;;;
'2023-11-27';41929e00-ed7f-11ec-9312-0d11536d0b37;4;;;
'2023-11-27';d88e5760-fb3f-11ea-92ff-9dd84ed64731;4;;;
'2023-11-27';a9823e20-8cad-11ee-b367-532594e3cc34;4;;;
'2023-11-27';4504a070-0eea-11ec-a1a4-27899addea3f;4;;;
'2023-11-27';7168e350-8937-11ee-ae65-05f99e966203;4;;;
'2023-11-27';48e27e60-8a94-11ee-a273-af928caa8562;5;;;
'2023-11-27';cecce9a0-e1d6-11ed-9202-1122500419db;5;;;
'2023-11-27';77d26ec0-9a8c-11ea-a2fd-3d9ff5d8d5c2;5;;;
'2023-11-27';d94f0b00-4988-11ee-90cb-573c0fdfe79d;5;;;
'2023-11-27';05310ce0-9366-11eb-a436-cd30cafffa59;5;;;
'2023-11-27';b4d28780-046b-11eb-a7aa-2f3d29bb7930;5;;;
'2023-11-27';df1d21a0-bdb5-11ea-8092-71a29941a8ed;6;;;
'2023-11-27';53dadfa0-7c59-11ed-98a4-89e2ae30ba19;6;;;
'2023-11-27';9d657c50-6965-11ec-a4a9-912dae094ad1;6;;;
'2023-11-27';26de58e0-8cd6-11ee-8040-d94752456021;6;;;
'2023-11-27';a12f0dd0-78c5-11ee-b9ab-c73848c5cc7f;6;;;
'2023-11-27';31929ef0-8d1b-11ee-aec0-17e1ba9877bf;7;;;
'2023-11-27';498f84e0-4875-11ee-8abc-61aeb8e0334b;7;;;
'2023-11-27';7d52a8c0-c553-11ed-b313-49e57f485e6b;7;;;
'2023-11-27';c4da6a10-7edb-11ee-a36d-e7d10178a840;7;;;
'2023-11-27';aafa9760-dd13-11ed-b9c7-67fccc4223ef;7;;;
'2023-11-27';7a88d920-7f89-11ee-ad44-39adfcd24fea;8;;;
'2023-11-27';af62dd40-8d0c-11ee-af35-57a7ef09a496;8;;;
'2023-11-27';f3d1e450-7e4b-11ee-9e67-afb66b65b0bc;8;;;
'2023-11-27';c171ab00-7139-11ed-a0e1-cde8a4f88cd8;8;;;
'2023-11-27';3829bf60-8575-11eb-a25f-f3e01892c1ce;9;;;
'2023-11-27';44c13110-8b6a-11ee-95c8-777a98e0ef85;9;;;
'2023-11-28';4d07c180-644f-11eb-879c-b7c02edf4f37;10;;;
'2023-11-28';4fbd86d0-be52-11ed-97f4-13c0be0f6d4b;13;;;
'2023-11-28';77d26ec0-9a8c-11ea-a2fd-3d9ff5d8d5c2;18;;;
'2023-11-28';d97c0c70-db68-11ec-91bb-890bdabdaa3e;11;;;
'2023-11-28';92f985c0-f3e5-11ed-85d8-b9ce144446ac;10;;;
'2023-11-28';346b42a0-decd-11ed-994f-1f332ce93094;22;;;
'2023-11-28';48e27e60-8a94-11ee-a273-af928caa8562;10;;;
'2023-11-28';8440d590-e6fc-11ea-a842-65029eedd4ca;12;;;
'2023-11-28';26de58e0-8cd6-11ee-8040-d94752456021;12;;;
'2023-11-28';b7249820-73f3-11ee-b4c5-d528e1db82de;16;;;
'2023-11-28';34804670-5b95-11ed-a84f-ef575c8f954e;13;;;
'2023-11-28';bb702930-03c6-11eb-8aab-41d9fa53bef0;11;;;
'2023-11-28';1f4804d0-97e2-11ed-b0b7-15d49477ecda;11;;;
'2023-11-28';cd52c640-4ec2-11ee-8c82-d949aeea4d5b;10;;;
'2023-11-28';0db94550-c3eb-11ed-97dc-45d791b61932;10;;;
'2023-11-28';3ec10520-3fe2-11ee-a15c-017c8f96e422;16;;;
'2023-11-28';2866e1d0-1960-11ee-9ae0-dbe20bd3d138;21;;;
'2023-11-28';65d5afc0-8da4-11ee-acf8-a355404a6d69;44;;;
'2023-11-28';5cadd100-3d17-11ec-8fe3-975ff41ee3ba;14;;;
'2023-11-28';20bf7300-c039-11ed-a2a2-cd53326df3c6;0;;;
'2023-11-28';22f02860-ba26-11eb-95b4-9bb66a80a2f5;0;;;
'2023-11-28';ae484720-267d-11e8-af33-791621ef828e;0;;;
'2023-11-28';d61a63c0-b415-11ed-9d72-e903075bafd8;0;;;
'2023-11-28';e280f760-1e4a-11ee-86e8-b13ced4dad7a;0;;;
'2023-11-28';33864540-382f-11ee-a5a1-cfd5c6784c6b;0;;;
'2023-11-28';57bad1b0-4306-11ee-93f5-d5ac32d5ea3f;0;;;
'2023-11-28';00cbcfc0-6bd0-11ed-82b7-4bb8d074cae9;0;;;
'2023-11-28';68c5d770-0f96-11ec-bc22-2fcf25d4e60c;0;;;
'2023-11-28';17ef2390-d33f-11ea-8923-e9987a7d3c58;0;;;
'2023-11-28';f36243b0-745c-11ed-95d1-dd87d160039b;0;;;
'2023-11-28';5c883090-8daa-11ee-8cbe-09e47cb25f10;0;;;
'2023-11-28';c9252b70-40c7-11ee-8af7-93e4dc85e9d5;0;;;
'2023-11-28';7c0ee240-6732-11ee-b199-274b03b902da;0;;;
'2023-11-28';4a3c3470-f08c-11ec-94e6-777a06189b2f;0;;;
'2023-11-28';71f0f750-61e0-11ee-ba29-f55e6377a17b;0;;;
'2023-11-28';d1739bc0-7567-11ee-8be5-85bb77523c44;0;;;
'2023-11-28';9d8e6ee0-48e9-11ec-9ed7-9dad8ce12472;0;;;
'2023-11-28';70b39370-c1bd-11ed-b290-a1a120fcbe4b;0;;;
'2023-11-28';30c1d280-7492-11ee-b37e-6f8096c4e55b;0;;;
'2023-11-28';c024ef90-a074-11ed-9305-912b317c593f;0;;;
'2023-11-28';796719c0-f542-11ed-8644-ebf739c9f803;0;;;
'2023-11-28';6b929fa0-8e16-11ee-a9fe-c315ac5f8ec5;0;;;
'2023-11-28';8a45d150-cadc-11ec-91b0-45d5da48b7f1;0;;;
'2023-11-28';0edbd090-ef12-11ed-92e9-3d21b1d977df;0;;;
'2023-11-28';2128a3b0-6ca1-11ee-a289-fdd303cc2315;0;;;
'2023-11-28';bcf72300-c36c-11ec-839a-1582c1c85b48;0;;;
'2023-11-28';ce79df20-e0fb-11ed-ae6e-e9ce17e234c0;0;;;
'2023-11-28';a1515550-d4f9-11ec-a12c-71b56b9d1990;0;;;
'2023-11-28';ad8b85f0-5097-11ee-bac1-95b6a705b089;0;;;
'2023-11-28';e1c15380-698e-11ee-aad1-3d54b501aa9e;0;;;
'2023-11-28';97610b70-170c-11ee-8bbb-330cbb1c1cf4;0;;;
'2023-11-28';cbc7f3d0-b960-11eb-8d43-3b1b2164a13a;0;;;
'2023-11-28';dae28050-7e4e-11ee-9c4e-3b9f429e415c;0;;;
'2023-11-28';bd27f410-d6aa-11ed-b10e-ff3b2a9f7a5a;0;;;
'2023-11-28';58c03fe0-87c7-11ee-abb4-ff53fff26c6d;0;;;
'2023-11-28';6f4ba810-5901-11ea-9b53-85a695007b59;0;;;
'2023-11-28';59028680-47e6-11eb-81dc-c93bf2dede07;0;;;
'2023-11-28';637387c0-8def-11ee-8e85-ed618825768a;0;;;
'2023-11-28';b931cd00-5e40-11ed-be59-cd8c375b0146;0;;;
'2023-11-28';3848d790-548a-11eb-a07e-53e190bfcf09;0;;;
'2023-11-28';18554290-dfdd-11ec-bd0b-89a07386757e;0;;;
'2023-11-28';b4998810-0f38-11ee-9783-95cb32cfd865;0;;;
'2023-11-28';218eb820-3430-11ee-ad3a-819b4f874108;0;;;
'2023-11-28';6d6bef70-6ef0-11ed-9e19-fbb8a7554281;0;;;
'2023-11-28';c623d850-9a81-11ed-8dba-b96883157351;0;;;
'2023-11-28';191c9110-9087-11ec-ace4-d10f5b687971;0;;;
'2023-11-28';c70adf30-869d-11ee-a609-0b893d62545f;0;;;
'2023-11-28';4e4e8f50-6633-11ed-b09b-63932e180a28;0;;;
'2023-11-28';123e0a00-8da5-11ee-8c50-09ab2d83f7ba;0;;;
'2023-11-28';32430120-b98e-11ed-8676-bb88dee690e2;0;;;
'2023-11-28';4ae3de40-b735-11ec-965b-4bf532c89b23;0;;;
'2023-11-28';b6677f90-d8f7-11eb-a940-f73251ac5f95;0;;;
'2023-11-28';17449bb0-0d80-11ec-aebc-71bd723eb1f8;0;;;
'2023-11-28';f82cc470-5060-11ee-b97f-8726d3d5ac57;0;;;
'2023-11-28';aa6ebcf0-5094-11ee-913d-f168a1c498b5;0;;;
'2023-11-28';75b20420-0d69-11eb-8c71-d7addfc31ca7;0;;;
'2023-11-28';bbac4b30-8db2-11ee-8fd9-d3ae7a4e6135;0;;;
'2023-11-28';62bc2a40-8ab0-11ee-9787-c1e12411a934;0;;;
'2023-11-28';6dd2a150-5920-11ee-a044-89f637f11197;0;;;
'2023-11-28';fee78c30-04ea-11ee-b596-0dc7b6e39fd5;0;;;
'2023-11-28';a1cab900-8b86-11ee-b2c1-f7dba0cbf51d;0;;;
'2023-11-28';2aaa83f0-b8ed-11eb-993b-03139f6c1134;0;;;
'2023-11-28';a2409ea0-836a-11ee-b415-c79d48fe04c7;0;;;
'2023-11-28';83515c30-ad11-11ed-884a-9989fec8d74f;0;;;
'2023-11-28';a6307360-2789-11ee-9a7d-6554776fa5ac;0;;;
'2023-11-28';70b0e2b0-1bc2-11ee-a6a9-b7a0848d6432;0;;;
'2023-11-28';3eb9a030-8e04-11ee-830e-43f8839e3ab1;0;;;
'2023-11-28';e1dcdaa0-51fc-11ee-9635-5d1eaad89030;0;;;
'2023-11-28';afe913b0-71c0-11ec-a39a-1d0894f5a843;0;;;
'2023-11-28';7e3d2410-f39b-11ed-a1b9-0b751515adfd;0;;;
'2023-11-28';d39c42a0-c4a3-11ed-992a-531d5748e971;0;;;
'2023-11-28';2418ed40-e322-11ed-a3c3-39019ef4fa21;0;;;
'2023-11-28';9133e5a0-878d-11ee-99b3-099310f83ae4;0;;;
'2023-11-28';5549f370-eed4-11ec-844a-37590d323efc;0;;;
'2023-11-28';5c064620-3822-11ea-9e14-7dd8641a84eb;0;;;
'2023-11-28';7b3d2810-e585-11ed-a524-d983167b6653;0;;;
'2023-11-28';3ed5cba0-8dc0-11ee-8baf-15f013d7b571;0;;;
'2023-11-28';d34245f0-49ef-11ec-b180-e91617ea3976;0;;;
'2023-11-28';aa234b00-8770-11ed-af22-8d9b10b58042;0;;;
'2023-11-28';00bba140-f587-11ed-8bc0-eb1aead8ceaf;0;;;
'2023-11-28';ddef2360-3147-11ee-9b78-edbe9e3bbef3;0;;;
'2023-11-28';ef609f50-0684-11ed-9ca0-f3eca5e64f25;0;;;
'2023-11-28';774b8360-4ace-11ee-92b6-39cf1beadba7;0;;;
'2023-11-28';72d5ea70-812c-11ee-9082-2f06e2ab1c1b;0;;;
'2023-11-28';338995f0-760d-11ec-9ef0-1b3b404092e2;0;;;
'2023-11-28';0c97ce60-7103-11ee-b9df-7738e9e57271;0;;;
'2023-11-28';5e8eb3d0-fc26-11ec-a640-d991b378bd12;0;;;
'2023-11-28';4290ec90-15d7-11ee-bae3-ef32c7645a5d;0;;;
'2023-11-28';d464b0c0-8ce9-11ec-919b-bb5c673b6789;0;;;
'2023-11-28';b5d74ee0-a6a3-11ed-8386-8baca65acc23;0;;;
'2023-11-28';22b3e1b0-9a1b-11ea-b96c-7991fc2207dc;0;;;
'2023-11-28';cdc920e0-e74a-11ed-9a9a-17b27ddc1b10;0;;;
'2023-11-28';c175b720-cbe5-11ed-bf77-d5b29ad6a156;0;;;
'2023-11-28';a43122f0-bc07-11ed-a410-d781d743a63f;0;;;
'2023-11-28';6bc28c90-853f-11ee-850e-83a78ad70f87;0;;;
'2023-11-28';78148710-342c-11ed-9e20-b7bdd5b95642;0;;;
'2023-11-28';712edce0-487a-11ed-974f-8d58761845ce;0;;;
'2023-11-28';e87ec960-25cd-11ed-b5f2-4301aa54fb45;0;;;
'2023-11-28';69016b60-1485-11ed-8cdc-2fde362d9f0e;0;;;
'2023-11-28';a0ad6970-6537-11ee-aba1-a34840e2b589;0;;;
'2023-11-28';6e583aa0-8d9a-11ee-af21-49e8fae361e1;0;;;
'2023-11-28';0a2b48b0-852f-11ee-bf20-81a096511b82;0;;;
'2023-11-28';ac6214a0-f804-11ed-b87c-5f1b065937be;0;;;
'2023-11-28';5906bfa0-511d-11ee-9520-57772194dda1;0;;;
'2023-11-28';f1b21600-8c4b-11ee-8273-7bad167b06a5;0;;;
'2023-11-28';cdb45d60-f3a0-11ed-b8e3-3df02c926c2e;0;;;
'2023-11-28';93666490-47e8-11ee-859b-4f3a63e4e240;0;;;
'2023-11-28';b7db8350-a6a3-11ed-b01c-f7e27d413dd4;0;;;
'2023-11-28';14b5faf0-553d-11ed-a0bc-855179dbd9bf;0;;;
'2023-11-28';5be9b9c0-a844-11ed-9f0d-5f4dcc814e1e;0;;;
'2023-11-28';9f9ebe70-2221-11ee-a8a3-7b9385a8b996;0;;;
'2023-11-28';8ff93380-8db3-11ee-8983-d1c3cdd0683f;0;;;
'2023-11-28';300ba730-8dd3-11ee-b672-956b8ef12dc7;0;;;
'2023-11-28';d3393290-404b-11ee-8c59-0577e34b01ff;0;;;
'2023-11-28';74ccfd80-5a32-11ee-8897-1d746f19b32a;0;;;
'2023-11-28';446d5420-1039-11ee-bb3b-0360c3e01388;0;;;
'2023-11-28';33fca5c0-8dfa-11ee-8deb-45d3fd7c3a3d;0;;;
'2023-11-28';8cb762a0-7d23-11ee-bdcc-51ac2c044a9c;0;;;
'2023-11-28';f5c917b0-19f6-11ee-9ff9-bb2aeb994a1d;0;;;
'2023-11-28';bf89cd40-47c6-11ee-aedd-ef5f5f776ccd;0;;;
'2023-11-28';476e66d0-8dc7-11ee-8cd7-1fb78738869a;0;;;
'2023-11-28';f06d6ad0-3752-11ea-ac33-855bb15645fe;0;;;
'2023-11-28';099145c0-8dfa-11ee-8f2a-b777f4dce71d;0;;;
'2023-11-28';a0e53900-8e0d-11ee-a886-432d9a94b0c7;0;;;
'2023-11-28';fc8ccbf0-8da5-11ee-aa45-9b9cb6b7d023;0;;;
'2023-11-28';938550a0-60dd-11ed-94d2-0958f9e80160;0;;;
'2023-11-28';9a1bb5a0-2670-11e8-bfc6-df51f8419a76;0;;;
'2023-11-28';cbba8c40-0b25-11ee-9a82-0111fbc5cb81;0;;;
'2023-11-28';2f0201a0-5ebb-11ee-a0e7-3fed594dce8d;0;;;
'2023-11-28';0377f3b0-a60a-11ed-9c62-d5bcac106cb1;0;;;
'2023-11-28';a5f4fc40-3517-11ee-838e-e51c7695bc85;0;;;
'2023-11-28';1f8d76b0-8dd1-11ee-b14c-e7802822e9e3;0;;;
'2023-11-28';c33f1d20-8d1f-11ee-b59b-5313cfcb7278;0;;;
'2023-11-28';f44c0e20-a37c-11ec-8442-53860ae678cc;0;;;
'2023-11-28';f014c2e0-8249-11ee-b69c-9788c013357b;0;;;
'2023-11-28';4286ab40-a769-11ed-a3a4-15ca05bb93e0;0;;;
'2023-11-28';d8ae7050-536f-11ee-95b4-0b88d2e1f82a;0;;;
'2023-11-28';e8ef2010-81d6-11e8-82b4-0ff3ffcd5726;0;;;
'2023-11-28';ba70b6c0-7cc3-11ee-a2af-1f5270303e18;0;;;
'2023-11-28';8d4ed660-004d-11ee-997b-4164cb9b1ce1;0;;;
'2023-11-28';e4d5ad30-4add-11ed-b668-373f911ad951;0;;;
'2023-11-28';304ad350-8370-11ee-91a1-7783ab246793;0;;;
'2023-11-28';55d7d4a0-4377-11ec-b659-99ea6803bac5;0;;;
'2023-11-28';0ad165f0-f7a2-11eb-bc04-d56a2fa92dcd;0;;;
'2023-11-28';438855d0-67d7-11eb-ba32-55dcd093b535;0;;;
'2023-11-28';61776c00-f884-11eb-ab81-03105d488744;0;;;
'2023-11-28';7c500480-8c82-11ee-b055-814f7f904058;0;;;
'2023-11-28';1da90f60-8d58-11ec-8446-41eb5caac821;0;;;
'2023-11-28';eac394a0-67e2-11ee-8b31-1fd51f308c89;0;;;
'2023-11-28';93420480-7e1e-11ee-8a89-1d395dfef3e2;0;;;
'2023-11-28';322978b0-a7a2-11e9-a76a-a507233a89cd;0;;;
'2023-11-28';01a016f0-bb1c-11ec-b66e-0d45a5ac37c9;0;;;
'2023-11-28';ff847860-b685-11ec-988b-f7bc901f6613;0;;;
'2023-11-28';29d26fc0-7e29-11ee-b4d4-4da6746327ab;0;;;
'2023-11-28';90694410-2f24-11ee-82be-ed4d2f30ad09;0;;;
'2023-11-28';8c1900c0-18ff-11ee-b3c8-89750e6b01d2;0;;;
'2023-11-28';dd4efc50-2f49-11e9-8600-39c11ee2b406;0;;;
'2023-11-28';c44efdd0-2bdd-11eb-a6a8-374e84e5cb57;0;;;
'2023-11-28';7bc2a300-8dbe-11ee-9d35-376610b86ebd;0;;;
'2023-11-28';68af3fd0-6ac4-11e8-94ce-630b05417bef;0;;;
'2023-11-28';795af130-8931-11ee-b4a1-4f0a2386ffe3;0;;;
'2023-11-28';22a44590-4d44-11ee-b09f-a5dfa9cf210c;0;;;
'2023-11-28';07beec60-7f78-11ee-bfd8-011a27fc2937;0;;;
'2023-11-28';c3a52560-ff9a-11ed-bbf7-e31ac64d3d7d;0;;;
'2023-11-28';a5f21770-7900-11ec-bc33-81d98b0232a2;0;;;
'2023-11-28';0c1031e0-e4a8-11ed-9e2b-e9731131cca2;0;;;
'2023-11-28';6663f4a0-08df-11ee-81cb-8be2005d9c9c;0;;;
'2023-11-28';605068d0-dc45-11ed-9d44-810786957f5c;0;;;
'2023-11-28';c011f610-9dfe-11ed-8c05-df4ea4111227;0;;;
'2023-11-28';8f05c840-8db2-11ee-9bf0-e5f6ba6786c4;0;;;
'2023-11-28';4ddaef10-7d0b-11ee-b8cb-f56f420ecade;0;;;
'2023-11-28';42b182e0-3820-11ea-976f-cdfdf33cea70;0;;;
'2023-11-28';a0d5dfb0-2462-11ee-9d1f-633dd78dc168;0;;;
'2023-11-28';57c8c940-60f3-11ee-be2e-79588e48dd15;0;;;
'2023-11-28';36d5c140-6f4c-11ee-8d6a-9f5e47090baf;0;;;
'2023-11-28';d8a4f550-8d55-11ee-90ca-23e72b4fd294;0;;;
'2023-11-28';e0867e60-7d6a-11ee-8cbe-d3b63801f01a;0;;;
'2023-11-28';d025a9e0-2588-11e9-b5f5-7f1828f89663;0;;;
'2023-11-28';e6cc88f0-efd5-11ed-8b68-712a0617f4fd;0;;;
'2023-11-28';07e16640-363d-11ec-a115-978cd7a1fda2;0;;;
'2023-11-28';74f3b580-89ec-11ee-a077-7f135cc04d57;0;;;
'2023-11-28';7c9c2aa0-44ff-11ea-8a53-4b1245383b24;0;;;
'2023-11-28';91411250-98ca-11ed-9b09-779a683509cb;0;;;
'2023-11-28';76abfaa0-8e0f-11ee-9eb9-a76ed63d29b6;0;;;
'2023-11-28';21c8f710-39d4-11ea-9492-f7813319a953;0;;;
'2023-11-28';c5ad2e80-8df1-11ee-8184-d31b9069eead;0;;;
'2023-11-28';5d7a69e0-88f6-11ee-bc92-c96f65a0368b;0;;;
'2023-11-28';f487ad20-51bb-11ed-8b5d-790907ccf4e0;0;;;
'2023-11-28';b0827070-8df0-11ee-a876-37d2ed6029c5;0;;;
'2023-11-28';7362a740-1c50-11ed-891f-6117da7ddeb2;0;;;
'2023-11-28';62bfe730-6e8a-11ee-ac29-9f6e169b060e;0;;;
'2023-11-28';f776bfb0-a78f-11ed-8320-8f0c27b58155;0;;;
'2023-11-28';f0b18620-486b-11ed-b8d8-c35ee233e83d;0;;;
'2023-11-28';c441bfa0-b880-11eb-9c24-c789e3357879;0;;;
'2023-11-28';77403770-8463-11ee-ad25-171b9010960b;0;;;
'2023-11-28';bdfa7240-5046-11e8-b423-7bdd020fdc75;0;;;
'2023-11-28';7f4c3a20-88df-11ed-9944-8d6d747064a8;0;;;
'2023-11-28';6b371270-f073-11ed-9128-3d6a41f47b1e;0;;;
'2023-11-28';f123e810-4ff8-11ee-bbd2-a3d55a780203;0;;;
'2023-11-28';796b02b0-c3b0-11ed-b455-cda6f047d918;0;;;
'2023-11-28';9204b820-1658-11ee-bc39-8349cecc3070;0;;;
'2023-11-28';962bde00-4be6-11ea-8895-c5a074fddb81;0;;;
'2023-11-28';33070ed0-7d6a-11ee-a952-599179402cb4;0;;;
'2023-11-28';7048a140-e582-11ec-8d0e-f78e45bdf7d6;0;;;
'2023-11-28';baa137b0-8389-11ee-8a50-09c217112b5a;0;;;
'2023-11-28';7422d5f0-4559-11ee-8887-55aa3a8ef55d;0;;;
'2023-11-28';e9155040-8db1-11ee-b799-53273a5ec141;0;;;
'2023-11-28';cce7c020-83b6-11ed-8ed5-8bab46b1bbe5;0;;;
'2023-11-28';b4b64860-1862-11ed-909c-fbc8e9a5a4fb;0;;;
'2023-11-28';55dd0b50-b8d4-11ec-a5cf-6ff7cfa0bdc8;0;;;
'2023-11-28';347971d0-8c84-11ee-855e-957d4c782a96;0;;;
'2023-11-28';b8a35250-d465-11ed-ad08-934bfbbe0e73;0;;;
'2023-11-28';5a217b80-ca33-11ed-8375-59adbbd44177;0;;;
'2023-11-28';50c7c740-7b79-11e9-9226-3f120cba0247;0;;;
'2023-11-28';d7660620-5e6c-11ed-b4ca-9fd1b2002159;0;;;
'2023-11-28';99735ee0-9a10-11e9-830a-13ce75663e67;0;;;
'2023-11-28';3cae9a90-0632-11ec-b053-59179947da3e;0;;;
'2023-11-28';ca9a72e0-829d-11ee-8118-89306161f89a;0;;;
'2023-11-28';e2a66d80-7693-11eb-acc5-97520d1ca422;0;;;
'2023-11-28';5f089140-3fde-11ed-8a99-5121a16b14dd;0;;;
'2023-11-28';2ed7c630-1ad2-11ec-98f0-f9a5dc6f98a3;0;;;
'2023-11-28';7d9779c0-860d-11ee-a480-e709e7d8b9ee;0;;;
'2023-11-28';73b8a040-c069-11ea-8f6e-73b4bc9df9ed;0;;;
'2023-11-28';f488faa0-539e-11ee-b341-cfe3c25e5d51;0;;;
'2023-11-28';d2ce49f0-86a3-11ee-bcb5-218175b98971;0;;;
'2023-11-28';ab111250-9656-11ed-b1c3-8fef59fd01ec;0;;;
'2023-11-28';69685390-1f9f-11ee-910f-157cf25f1d3b;0;;;
'2023-11-28';c12d8140-0ab4-11ee-a26e-9bd3c5130ece;0;;;
'2023-11-28';7f671400-8d3c-11ee-8da4-dbe9ae9d2251;0;;;
'2023-11-28';7bd68030-680e-11ee-a064-4f18e5211fda;0;;;
'2023-11-28';1670ebd0-0d86-11eb-9860-d7086a4d9c43;0;;;
'2023-11-28';1a1fed60-0a9c-11ee-bf62-9d52c515203b;0;;;
'2023-11-28';451549c0-c209-11ec-8dcf-2d52591f7568;0;;;
'2023-11-28';08cf7980-3299-11e8-a5cb-d91595f436ff;0;;;
'2023-11-28';34061640-095f-11ec-8e63-4b3c41117f08;0;;;
'2023-11-28';309dd140-586e-11ee-af5c-bb89e5600568;0;;;
'2023-11-28';d6e0be90-8dee-11ee-9267-f5859e7e381d;0;;;
'2023-11-28';2630a7f0-3a7d-11ee-88b2-d18fd7859087;0;;;
'2023-11-28';002bb460-2f65-11ed-851c-a5abf4597cd3;0;;;
'2023-11-28';d4236920-9a13-11ed-adfa-1f744f8e40e5;0;;;
'2023-11-28';f7c42270-d75d-11ed-97f9-b9552bc26c77;0;;;
'2023-11-28';2a86c1f0-5cc5-11ec-867b-ab04ac152048;0;;;
'2023-11-28';278e29f0-0727-11ec-831d-195eaa84618f;0;;;
'2023-11-28';37346470-1ac6-11ec-98f9-e912f416724e;0;;;
'2023-11-28';f2e7fea0-8da3-11ee-9212-fd456da558dd;0;;;
'2023-11-28';45152830-f10f-11eb-94d2-3b1b0d61e40d;0;;;
'2023-11-28';07008890-ea42-11ed-9a53-0f6e03e3ccf8;0;;;
'2023-11-28';10745590-36c9-11ee-ad37-39b130fd7969;0;;;
'2023-11-28';dcb922f0-61f0-11ee-8c03-2deb997c6e4f;0;;;
'2023-11-28';f44017c0-8da7-11ee-aa70-414cad6644f0;0;;;
'2023-11-28';6cc47010-13dc-11ee-a659-7d4eae410082;0;;;
'2023-11-28';7abbb2a0-7e0d-11ee-9c0f-d582c0cbde2c;0;;;
'2023-11-28';466fbf60-fa36-11ed-a14a-67347299561e;0;;;
'2023-11-28';948270b0-8da9-11ee-a2d9-6f136a557a55;0;;;
'2023-11-28';eccc18c0-dd0f-11ed-ac14-f174b049b2e2;0;;;
'2023-11-28';b379c220-718e-11ee-bece-f90cc1421d4a;0;;;
'2023-11-28';7ba487f0-5041-11ed-a25d-25ddd1545087;0;;;
'2023-11-28';eb8c0040-c023-11e9-8c44-1bbbbcd7c7af;0;;;
'2023-11-28';b2d9b190-a47a-11ed-8800-7f0b6be9ce29;0;;;
'2023-11-28';f424d590-8d0d-11ee-b626-e53865166aef;0;;;
'2023-11-28';be3b6900-8216-11ee-a879-99d013a861a7;0;;;
'2023-11-28';e679d860-bf95-11ec-954c-cf056fc041d0;0;;;
'2023-11-28';3ee49ae0-4be4-11ee-8f57-ab8a0db8f8b6;0;;;
'2023-11-28';6734d920-1eea-11ec-a797-b508d2ee995d;0;;;
'2023-11-28';2898a450-7954-11ee-b75a-9953746b229e;0;;;
'2023-11-28';431772c0-8d59-11ee-b512-01976fa33a86;0;;;
'2023-11-28';c7976240-7219-11ee-a860-63947d289127;0;;;
'2023-11-28';137417f0-99f7-11ec-a617-53fc6d6cd52a;0;;;
'2023-11-28';548d6db0-730c-11ed-a51a-6b63d138e835;0;;;
'2023-11-28';209b81c0-fc56-11e9-874f-bf612e3c72e0;0;;;
'2023-11-28';483895f0-74fc-11ea-bc6d-857809c5e39f;0;;;
'2023-11-28';81612e50-7690-11eb-80da-c9831175f4e0;0;;;
'2023-11-28';e9eac040-7f84-11ed-b1b0-55b64c196bcf;0;;;
'2023-11-28';19206650-bda5-11ec-87dd-8fef2cde0364;0;;;
'2023-11-28';9936fd00-6726-11ee-8ddd-1f5cee96f0c9;0;;;
'2023-11-28';3f35b8e0-101f-11ee-82db-d9eb8e0d664b;0;;;
'2023-11-28';9d01a210-2671-11e8-92f4-65a7e7cd4ad4;0;;;
'2023-11-28';124282b0-2f72-11ee-9b58-5738315d91fa;0;;;
'2023-11-28';4c749bc0-1ac6-11ec-b507-6d3180b60d38;0;;;
'2023-11-28';02a1d900-a64c-11ed-a3c5-4da84c18504e;0;;;
'2023-11-28';52e3ec30-e285-11ed-9e3c-cb2ae8a052de;0;;;
'2023-11-28';42334680-6e5b-11ee-ac43-134676d3ef27;0;;;
'2023-11-28';496e6520-3b8a-11ec-a905-2b5619b8e17c;0;;;
'2023-11-28';d4ec2690-28e8-11e8-abd7-9123c60d10ed;0;;;
'2023-11-28';6c3b5da0-57ae-11ee-8354-d77ee1a0b9a0;0;;;
'2023-11-28';c061d420-1efd-11ee-a34d-73ebe175cf79;0;;;
'2023-11-28';11cd60d0-87a5-11ee-b9ff-c9859da0b9f8;0;;;
'2023-11-28';f366fe00-e28e-11ed-9db1-e751168b0dfc;0;;;
'2023-11-28';b691c7e0-7f81-11ee-9080-6d8604be1b10;0;;;
'2023-11-28';29e694b0-2e97-11ed-8dc3-3742abce6e54;0;;;
'2023-11-28';e8370690-2237-11ee-9633-8f40abc9355c;0;;;
'2023-11-28';537ccfb0-6a5f-11ee-83f9-3d79d5a1b56e;0;;;
'2023-11-28';77b61800-d1aa-11eb-a78f-99557b0657db;0;;;
'2023-11-28';6aac2a80-8e06-11ee-967e-a318280cf893;0;;;
'2023-11-28';debc0c10-e4ff-11e9-ae89-21fc33adff6f;0;;;
'2023-11-28';402b01d0-c479-11ec-a46a-2df59aff7e13;0;;;
'2023-11-28';5a658050-0c93-11ec-ab65-cb67d5fe8127;0;;;
'2023-11-28';72fb6480-e965-11ed-983d-610e00711d39;0;;;
'2023-11-28';61aa9be0-586b-11ee-9d78-ed8dd114beb7;0;;;
'2023-11-28';4bba2950-56a8-11ee-8a34-93031a050fa2;0;;;
'2023-11-28';e9820b90-6a61-11ee-abcc-dd75dcdd7e70;0;;;
'2023-11-28';f2ab0560-815d-11ee-b478-774930459979;0;;;
'2023-11-28';b1ce6130-c1c6-11eb-83c2-592614a0aaf0;0;;;
'2023-11-28';663c6800-0c17-11ee-926d-1ff95fc3e077;0;;;
'2023-11-28';c5c64ce0-88f0-11ee-8000-35e661bd17f0;0;;;
'2023-11-28';3ddab620-b3f0-11ed-97fb-dbf5ebd64c11;0;;;
'2023-11-28';637af7b0-63f3-11ee-95fe-df5ea84dbbb3;0;;;
'2023-11-28';677bab80-8d8c-11ee-9ffb-4f16b3620128;0;;;
'2023-11-28';18a15b40-71f8-11ee-9016-ed8d65f0ff2d;0;;;
'2023-11-28';7a0acd40-82af-11ee-b1e2-dd7efd5336df;0;;;
'2023-11-28';006f4ac0-8dfd-11ee-a49e-9fba2d8b7914;0;;;
'2023-11-28';98523bf0-fbb2-11ed-adaf-fb0cfc8f450b;0;;;
'2023-11-28';e9e87970-683b-11ee-9a01-ebe9a7ac0e13;0;;;
'2023-11-28';352f0810-8df6-11ee-964b-b1219ff57976;0;;;
'2023-11-28';93268180-2f8a-11ed-9e5a-6f69efa68f58;0;;;
'2023-11-28';61ca7490-f481-11ed-b1a4-598f0a02262e;0;;;
'2023-11-28';80a33bf0-280d-11ec-8a50-d357e2855c5a;0;;;
'2023-11-28';940d43b0-248d-11ee-bd73-5fa65ea7339a;0;;;
'2023-11-28';c7a2a740-7e28-11ec-91e0-9d5062ed501b;0;;;
'2023-11-28';575f62c0-4bef-11ee-811b-a34abc69d501;0;;;
'2023-11-28';164de610-5e07-11ee-a79c-b3bd607cf9b2;0;;;
'2023-11-28';ff279b20-26b2-11e8-9c52-576cfffc5817;0;;;
'2023-11-28';e94b3f20-6345-11ee-9b1b-7985eb1a6cef;0;;;
'2023-11-28';2c079400-5aa2-11ee-9d24-49e9e7fab6ba;0;;;
'2023-11-28';612170f0-2bc4-11ee-8aa2-852e73e040df;0;;;
'2023-11-28';56ad2790-7e73-11ec-9613-294e3becd76a;0;;;
'2023-11-28';d4cac3f0-7a73-11ee-ad54-839fd62d8a35;0;;;
'2023-11-28';6e2e5160-8dcf-11ee-a89a-9ba9599850df;0;;;
'2023-11-28';cbb2af70-a51a-11eb-bc9a-9b8287359b8f;0;;;
'2023-11-28';1cf0d730-07a8-11ee-9b52-43e76cf8e6fb;0;;;
'2023-11-28';fa33bc90-8dac-11ee-87a1-8f69d0bc9c76;0;;;
'2023-11-28';e47a23c0-8485-11ed-8a15-8589d85bec01;0;;;
'2023-11-28';97f2b2a0-8200-11ee-8c66-93aa07d9a2ab;0;;;
'2023-11-28';9ea21d90-266f-11e8-bdcc-8bfb8cd4ee41;0;;;
'2023-11-28';e9208850-55e1-11ee-8570-a1a3128fa652;0;;;
'2023-11-28';819322c0-8cef-11ee-bb5b-13c4f218dbd9;0;;;
'2023-11-28';d5ed4140-8d06-11ee-9ca1-2dbf34cfaef2;0;;;
'2023-11-28';0c564110-2f3d-11e8-86fe-192b553f9733;0;;;
'2023-11-28';5af38ab0-032b-11ec-89e1-b93a5cd18a5c;0;;;
'2023-11-28';eb1b9300-5b8d-11e9-bc07-057b2d70c393;0;;;
'2023-11-28';4f43eaa0-7edc-11ee-80aa-0dbeae2caa34;0;;;
'2023-11-28';9aa23a00-9897-11ed-a374-4507087a3f02;0;;;
'2023-11-28';2bd54ca0-0ff4-11ee-accb-7d185acab4d2;0;;;
'2023-11-28';7d053c30-5fb0-11eb-aac7-173c981a2032;0;;;
'2023-11-28';de48cf10-4b04-11ee-9edc-397f5b9055aa;0;;;
'2023-11-28';b2a21c20-a872-11ed-a9aa-9567fc592108;0;;;
'2023-11-28';79a82a70-8d9d-11ee-81d8-938f275d6064;0;;;
'2023-11-28';4e3daf80-50cc-11ee-9ebe-591999f6a7a6;0;;;
'2023-11-28';d6d9dcc0-cfac-11ed-8970-7bd89f6e8385;0;;;
'2023-11-28';a0772ca0-ac09-11eb-856f-f12739608ae4;0;;;
'2023-11-28';6d964860-d074-11e9-bbae-ddd14b21b757;0;;;
'2023-11-28';dea9d400-d805-11eb-900c-b38b424d9453;0;;;
'2023-11-28';e64e9970-106a-11ea-a81f-2d486e26c435;0;;;
'2023-11-28';61d53060-ee96-11ed-a82c-69c968f169b7;0;;;
'2023-11-28';5edd2b50-81fb-11ec-87d1-b1eeb32ce78f;0;;;
'2023-11-28';13839740-f624-11ed-b79c-111484b15718;0;;;
'2023-11-28';17a11480-8ddf-11ee-90db-2924317b4d8f;1;;;
'2023-11-28';4c1ac6c0-d8ef-11ed-902b-374a18e74844;1;;;
'2023-11-28';838a9f60-6b4c-11ed-90d6-93290c38b802;1;;;
'2023-11-28';e323fc60-6062-11eb-bb1d-cb0e2861a02e;1;;;
'2023-11-28';295e57a0-8731-11ee-8b57-1b5515413870;1;;;
'2023-11-28';ded85690-6f2f-11ee-90dc-d3739fe86b1a;1;;;
'2023-11-28';66195bc0-d1e4-11ed-8c2f-017ce622d0d3;1;;;
'2023-11-28';a8159f20-2f81-11ee-9bff-674b29168c50;1;;;
'2023-11-28';b78dda40-6329-11ee-a18f-53d7a32f6224;1;;;
'2023-11-28';595b3590-8d94-11ee-a75f-f7341e8a37cf;1;;;
'2023-11-28';54954880-4fc3-11ed-a2ff-35e907aad3c8;1;;;
'2023-11-28';4b29d4d0-2e0c-11eb-bdcb-f373866a326f;1;;;
'2023-11-28';28402b30-e239-11ec-9284-93b19b90c6ba;1;;;
'2023-11-28';b9c97cd0-4766-11ee-b17e-ff45088ab1d1;1;;;
'2023-11-28';95d1e280-25b2-11ed-a86c-8db7d492c068;1;;;
'2023-11-28';370e57d0-8d24-11ee-91ab-6ddc99d0a577;1;;;
'2023-11-28';f8f07260-f69c-11ea-94f4-7b79309fd4e8;1;;;
'2023-11-28';4fb4fcf0-1365-11ee-9b75-e75e1b94a0b4;1;;;
'2023-11-28';4b9cea70-f667-11e9-85bf-232af0490b00;1;;;
'2023-11-28';9c1c3bd0-15fc-11eb-bedf-8996c72fae43;1;;;
'2023-11-28';31145bd0-ab4e-11ed-bd00-fdde66b73256;1;;;
'2023-11-28';4b15ad00-4ee1-11e8-b599-b986fa6127b8;1;;;
'2023-11-28';987a1860-043f-11e9-b29a-657a90787be9;1;;;
'2023-11-28';f3812fb0-4589-11ee-bbe2-51028697f07d;1;;;
'2023-11-28';c44d4e70-6a0a-11eb-8d2e-d3afd18fb515;1;;;
'2023-11-28';3a5bab80-269c-11e8-8319-456ad9d3b8d8;1;;;
'2023-11-28';b6cc7270-09fa-11ee-b472-6b87a0e1e329;1;;;
'2023-11-28';0c0219c0-26e3-11ee-be55-fdfe12ac233f;1;;;
'2023-11-28';0a785400-7749-11ee-81dc-d10bff479dd5;1;;;
'2023-11-28';c11ed4f0-8dbe-11ee-97c8-db87d0f0b47d;1;;;
'2023-11-28';0c9c7500-b1b1-11eb-ad60-073280f4b9c1;1;;;
'2023-11-28';637a9350-fa18-11ed-8538-cb173129b98a;1;;;
'2023-11-28';b15417d0-633c-11ee-95a8-cdcb38872e8e;1;;;
'2023-11-28';f8a801f0-8df8-11ee-ab10-f539dfdc7813;1;;;
'2023-11-28';455d3750-0868-11eb-b874-8fd90ec924a2;1;;;
'2023-11-28';c10c3b00-cba5-11ed-b79c-315b473f5fe7;1;;;
'2023-11-28';bfb1b590-4dd9-11ed-84ed-6baa0af96a39;1;;;
'2023-11-28';b05e46a0-312a-11ee-9b16-3fdc26b7aaba;1;;;
'2023-11-28';3fdcf380-6c80-11ea-9f47-3761c0d1fac8;1;;;
'2023-11-28';df985510-c2f2-11ed-acfb-fd18a64a4691;1;;;
'2023-11-28';d45f0c40-7290-11ee-a68d-a576871da231;1;;;
'2023-11-28';1c54cbb0-8a75-11ee-8bea-8307cf1e2e2b;1;;;
'2023-11-28';97a1abe0-99a2-11ed-a70a-9b2572ed9c0f;1;;;
'2023-11-28';cb1074a0-505c-11ed-911b-f7a9c0466b95;1;;;
'2023-11-28';f136c220-60cd-11e8-8ebd-45fc1d9c550a;1;;;
'2023-11-28';3ca7f550-09cd-11ee-a529-29a8549a386c;1;;;
'2023-11-28';825bb820-68e2-11ed-a57d-a1986253a8a5;1;;;
'2023-11-28';0c19aa90-42e7-11ec-a2c8-cd995cf54a07;1;;;
'2023-11-28';6f33cdf0-8de4-11ee-ac4e-fd7beb915045;1;;;
'2023-11-28';ccf41470-9163-11eb-81d9-1daa2227a896;1;;;
'2023-11-28';695c5ef0-25e2-11eb-a938-6bff07fe5479;1;;;
'2023-11-28';38af1890-0cb0-11ed-86d8-b599943ca3ed;1;;;
'2023-11-28';373961c0-35df-11ed-8206-bd519374e178;1;;;
'2023-11-28';890c50c0-f7f4-11ed-ba77-a1cc0dac1925;1;;;
'2023-11-28';d59b3240-0612-11ee-ac42-85b526cea66c;1;;;
'2023-11-28';c18a4d20-cc80-11ed-9623-d11afc5925d7;1;;;
'2023-11-28';e1443040-adbd-11ed-a0d9-051e0aa78b52;1;;;
'2023-11-28';bf2a6280-30f9-11ee-8058-57d204b97b10;1;;;
'2023-11-28';d5c39fd0-56b9-11ee-a43f-fb7b62bd6318;1;;;
'2023-11-28';f43b07b0-6e37-11ee-9cbc-c91be27dc09e;1;;;
'2023-11-28';2050bbc0-1a15-11ec-ba07-f334599e7950;1;;;
'2023-11-28';6b4e30e0-53b0-11ee-9478-e72b3e25675c;1;;;
'2023-11-28';4b0bf120-dc58-11ed-a85d-3d94de706e43;1;;;
'2023-11-28';24492390-8417-11ec-986d-ad2efb8abac5;1;;;
'2023-11-28';b5c3e560-f4ac-11ed-b652-13aa70ba51b7;1;;;
'2023-11-28';319d60c0-d4b5-11ed-b3f1-075c94612de9;1;;;
'2023-11-28';f8c48f00-8934-11ee-b9c0-6dfb7731094e;1;;;
'2023-11-28';07207330-8e02-11ee-9d5a-0d6435a31c18;1;;;
'2023-11-28';942b14b0-3740-11ee-9c50-23d848797bb4;1;;;
'2023-11-28';aefbb1c0-8a0d-11ea-b8cd-0147df1ada60;1;;;
'2023-11-28';5aed7dd0-ffd6-11eb-b388-b586eff13796;1;;;
'2023-11-28';7ec12bb0-3cda-11ee-9e53-d54ebe9dcd5b;1;;;
'2023-11-28';0bcbd8e0-155b-11ee-8c1a-2bd62c060f82;1;;;
'2023-11-28';43a7fda0-69a4-11ee-9df6-939923a38d51;1;;;
'2023-11-28';9994bd90-eefa-11ed-a0d3-1da892d56575;1;;;
'2023-11-28';385732d0-8903-11ee-a5f2-87e377438689;1;;;
'2023-11-28';4aa4e130-0384-11ee-974c-fbe5c3c8b7fc;1;;;
'2023-11-28';e3aa2b10-57a3-11ee-bd5a-f72794fcf488;1;;;
'2023-11-28';f65363c0-0724-11ec-bd81-49e1f86f6eaa;1;;;
'2023-11-28';405012f0-423a-11ee-9ce8-4d8302e7dcc8;1;;;
'2023-11-28';9d83c4e0-b84a-11e9-88c7-c99a432d58ab;1;;;
'2023-11-28';69759090-3088-11eb-a05b-3303464aeeab;1;;;
'2023-11-28';32b3ba10-33a2-11eb-8aee-8751efd2dc63;1;;;
'2023-11-28';14ccb210-3803-11ed-b7f7-03b832d8f9c6;1;;;
'2023-11-28';06aa5940-52f0-11ee-bbff-d59f5ffd9f71;1;;;
'2023-11-28';c9a682c0-442e-11ec-8af6-63266f901379;1;;;
'2023-11-28';30757020-a792-11ed-9c00-693ec2d0bc13;1;;;
'2023-11-28';99360e30-a6ed-11ed-ab43-15ce34b22cc0;1;;;
'2023-11-28';15eabff0-6312-11ec-a738-2ba595a08e5b;1;;;
'2023-11-28';bb864e00-a120-11ed-a147-8bbbf2754c1f;1;;;
'2023-11-28';e18d9c20-7524-11ed-8009-85ebb31c4293;1;;;
'2023-11-28';930c9890-8db4-11ee-a5d1-1fbd65aaac56;1;;;
'2023-11-28';0e778aa0-7684-11ee-ac68-8f91f91de11e;1;;;
'2023-11-28';ad7c3ca0-4a55-11ee-af7f-751830de72d9;1;;;
'2023-11-28';059d83c0-18ce-11ea-ab24-3f193f0222b3;1;;;
'2023-11-28';424d1220-63bd-11ee-bf5c-2915cf679904;1;;;
'2023-11-28';3aa5e760-d3a1-11ed-b6d4-25cf9788359e;1;;;
'2023-11-28';28b382d0-387b-11ee-be78-39889ce96ff7;1;;;
'2023-11-28';728429c0-76e0-11ee-8829-470b2840068d;1;;;
'2023-11-28';b4d28780-046b-11eb-a7aa-2f3d29bb7930;1;;;
'2023-11-28';cb1ee610-26eb-11e8-b934-6bbbc6fca064;1;;;
'2023-11-28';3d737280-6e71-11ee-ad33-4bde5fecf184;1;;;
'2023-11-28';1737c430-8e07-11ee-8b89-0bd3d9cab956;1;;;
'2023-11-28';74812c30-2c37-11ee-9f84-51b7a86094a3;1;;;
'2023-11-28';f9d41990-83aa-11ee-b0e8-378655dc29f6;1;;;
'2023-11-28';405db4b0-5a3a-11ee-87f2-49831b92684d;1;;;
'2023-11-28';015f60d0-0529-11ee-8894-35c927d4f1a0;1;;;
'2023-11-28';c32e10b0-59db-11ee-a8bd-579a1d99a10d;1;;;
'2023-11-28';6e255e80-5ead-11ee-b9ab-514ff5ef01dc;1;;;
'2023-11-28';27f23400-49a5-11ee-9ae2-c50fc35d0bce;1;;;
'2023-11-28';abbaa9d0-3117-11ee-8803-fb6aac9e487d;1;;;
'2023-11-28';41dbf880-6414-11ea-9e10-eb01cb48fc54;1;;;
'2023-11-28';ec10c620-6d69-11ee-b29f-774ecccd7059;1;;;
'2023-11-28';7c86f0e0-75b6-11ee-97d7-fd2b25005eec;1;;;
'2023-11-28';969fb5e0-cac5-11ec-b73b-d59cb4cad08d;1;;;
'2023-11-28';62925160-e1b1-11ec-9e43-a1b6fbddc9ee;1;;;
'2023-11-28';639797f0-488a-11ee-be26-b1b10679e947;2;;;
'2023-11-28';649ff7b0-eba1-11ec-91b7-99105d1e7ba7;2;;;
'2023-11-28';d71c9ad0-006f-11ee-8d83-ed3f305e843d;2;;;
'2023-11-28';c0cc6d20-8745-11ee-a8b6-65a9232bd5fc;2;;;
'2023-11-28';74731580-0e5d-11ed-95eb-8f9931399295;2;;;
'2023-11-28';364f66e0-883d-11ee-ac9b-4d1a8e304d5d;2;;;
'2023-11-28';c88822c0-4d9d-11e9-8430-751a4beee6c0;2;;;
'2023-11-28';97a73590-08fd-11ee-909b-ff7724e91f39;2;;;
'2023-11-28';1f76af90-1f87-11eb-8341-89daa6a35f49;2;;;
'2023-11-28';d16211e0-10e2-11ea-a091-8b5f374162b1;2;;;
'2023-11-28';b19e8650-ac20-11ec-900e-cff99ee551dc;2;;;
'2023-11-28';4cb18410-c60d-11ed-a850-4182ae039862;2;;;
'2023-11-28';4a4b1990-7e72-11ec-940b-01d8904f1583;2;;;
'2023-11-28';6b7cb6f0-c3d1-11ed-afd4-47ab15a9bd9f;2;;;
'2023-11-28';5f076360-7c7d-11ee-8375-49a0ba7f07bc;2;;;
'2023-11-28';b2fbeac0-035d-11ee-be1a-5954a140ec77;2;;;
'2023-11-28';3522c450-f163-11ec-891c-677e674243d7;2;;;
'2023-11-28';687339b0-549b-11ee-bae8-8b7a04a5bb59;2;;;
'2023-11-28';af9a0610-1f7e-11ec-b613-9de6d222c569;2;;;
'2023-11-28';bf7a2d50-5df5-11ee-832a-37e0ed135bb2;2;;;
'2023-11-28';d1f19c80-8c53-11ed-939a-2f0a7ce2b68a;2;;;
'2023-11-28';eb873190-89f6-11ee-bff8-152d15e4c2e5;2;;;
'2023-11-28';661a4a60-8d16-11ee-812a-c3419dd43d33;2;;;
'2023-11-28';34f48ff0-8b54-11ed-871a-4992a8d40e9f;2;;;
'2023-11-28';afdb39c0-5080-11ee-9fa6-790ff0f8f840;2;;;
'2023-11-28';af62dd40-8d0c-11ee-af35-57a7ef09a496;2;;;
'2023-11-28';3db82a10-1a66-11ee-908f-553062a53e04;2;;;
'2023-11-28';de195430-8dab-11ee-b5da-b3201f7a331d;2;;;
'2023-11-28';1a36e360-9e15-11ed-afaa-81f0cf94942a;2;;;
'2023-11-28';35b8cc30-85cc-11ee-8375-3d86e2f2c59b;2;;;
'2023-11-28';80049fe0-9d73-11ed-b238-7943571b17a9;2;;;
'2023-11-28';036c87b0-267a-11e8-8408-f9f917206103;2;;;
'2023-11-28';32da9db0-c86a-11ed-88c5-2dba88bc4662;2;;;
'2023-11-28';38152520-8e03-11ee-9cdd-7bab8884b445;2;;;
'2023-11-28';dd99c830-7958-11ee-8abb-c5ce98a5d967;2;;;
'2023-11-28';d24da9c0-c0a6-11e9-afee-ed1f301da960;2;;;
'2023-11-28';f7396900-4785-11ec-8aaf-3182e40824ab;2;;;
'2023-11-28';465be2f0-3bb0-11e8-8fa8-1b1427a6d2d1;2;;;
'2023-11-28';d8157db0-2b95-11ea-880c-9179c07bc858;2;;;
'2023-11-28';0644c1c0-c26b-11ea-9f17-b1f3d24cc1d9;2;;;
'2023-11-28';5dc76a90-80b5-11ee-8674-d1d2f9964566;2;;;
'2023-11-28';73e45530-dce8-11ec-b368-3312f9ef4b6f;2;;;
'2023-11-28';22f53600-dd49-11ed-9ecf-6b373fb491d5;2;;;
'2023-11-28';a12f0dd0-78c5-11ee-b9ab-c73848c5cc7f;2;;;
'2023-11-28';908d34c0-2745-11e8-81c5-4d43ea858062;2;;;
'2023-11-28';c32513c0-2498-11ee-87bf-09b45af96ba3;2;;;
'2023-11-28';af0bf330-3870-11ea-933b-1dfe53e32035;3;;;
'2023-11-28';260751c0-869f-11ee-ba23-c5f56e410512;3;;;
'2023-11-28';57ecbe30-8da4-11ee-b865-31f3676e0ed6;3;;;
'2023-11-28';0f362790-ca04-11ec-a4db-b3e333908277;3;;;
'2023-11-28';d17533a0-a6f9-11ed-8801-7957b24f8397;3;;;
'2023-11-28';83dc6ec0-5dec-11ed-a7f8-43cd2dca137b;3;;;
'2023-11-28';dcda4570-6ea7-11ee-b4c2-bd83b6d6eec5;3;;;
'2023-11-28';d2c51ca0-8dbe-11ee-a1f9-5b8cec9f4548;3;;;
'2023-11-28';69098740-8994-11ec-ab8a-910b1ec86f60;3;;;
'2023-11-28';8b9da3f0-8de7-11ee-9e23-39aef3624081;3;;;
'2023-11-28';e8cc7d40-5844-11ee-a340-996a4b5e9a34;3;;;
'2023-11-28';6723b850-ecea-11ed-a504-498d4d859427;3;;;
'2023-11-28';7997b8a0-8dfe-11ee-8751-7bf4abfaa0ba;3;;;
'2023-11-28';7626ed10-8c57-11ee-b497-239c04afc28b;3;;;
'2023-11-28';6aaeefc0-2f76-11ee-ad04-6fe2f46fe6bc;3;;;
'2023-11-28';c0e0bc50-41d4-11ee-b2b0-03778352b313;3;;;
'2023-11-28';8bfc0cc0-6aaa-11ee-bf87-2b053a78288c;3;;;
'2023-11-28';a9130d90-1488-11ee-bf9c-334665fce815;3;;;
'2023-11-28';c6d9df70-56b5-11ed-9474-475865b6547c;3;;;
'2023-11-28';63fae3d0-9bc6-11ed-b472-c983de5c443f;3;;;
'2023-11-28';eab84b00-9d34-11ed-9dbc-55746651b4a4;3;;;
'2023-11-28';a70a5b50-7639-11ec-b913-8d8fb7b27010;3;;;
'2023-11-28';8bee5cb0-7bb7-11ee-a28f-cf8f03990b47;3;;;
'2023-11-28';17a6d4d0-82f2-11ee-90dc-adefc86c23b6;3;;;
'2023-11-28';9d657c50-6965-11ec-a4a9-912dae094ad1;3;;;
'2023-11-28';cfbce6c0-9d54-11ec-8487-dbe8a6f96ab0;3;;;
'2023-11-28';0e7ac1c0-9e5b-11ea-95d7-b9d793bf257a;3;;;
'2023-11-28';c89fec90-29ca-11ed-8e97-8f4179588fa1;3;;;
'2023-11-28';cea546e0-4ba1-11ee-a33e-c7b80c434b71;3;;;
'2023-11-28';60355210-28de-11eb-aa02-c3649cfe7f71;3;;;
'2023-11-28';e0adeb30-269f-11e8-acfa-5b24a5b6c810;3;;;
'2023-11-28';2603ef60-fe34-11ed-910f-ed4de5f486e7;4;;;
'2023-11-28';b5a45540-3366-11ed-bc20-4fe5bb9c73c5;4;;;
'2023-11-28';ad88f5c0-66b5-11eb-8b8d-6d5d42b844a2;4;;;
'2023-11-28';aa31d3b0-8cdc-11ee-a2d3-21f6a8be4244;4;;;
'2023-11-28';fda734c0-0364-11ed-b7db-1911160c2710;4;;;
'2023-11-28';f4ecc880-8933-11ee-96a1-6364199c7a1f;4;;;
'2023-11-28';cf0d9e50-98a7-11ed-9bf7-a59dc3f788fd;4;;;
'2023-11-28';8f65a920-375b-11ee-9a5a-196c8c8924c8;4;;;
'2023-11-28';8f4544a0-c291-11eb-9c83-57f7cf8b0a74;4;;;
'2023-11-28';c5212440-67c2-11e8-a4d6-f99da50c4b43;4;;;
'2023-11-28';648c2480-c0ab-11ed-9a17-8396e86aa4ff;4;;;
'2023-11-28';8d882410-4323-11ee-819c-0bb34dbb2013;4;;;
'2023-11-28';784aeb80-6c0b-11ee-992c-b19f41552425;5;;;
'2023-11-28';af523540-6d6c-11ee-81d8-478796b18961;5;;;
'2023-11-28';bdebb690-8a12-11ee-9ca0-ad53f607d906;5;;;
'2023-11-28';23f194a0-d2ae-11ec-b8f4-3d3ee5b5f629;5;;;
'2023-11-28';ef54cfc0-1c35-11ec-8bb1-c51a0727a6f0;5;;;
'2023-11-28';c9fa1470-846f-11ee-97c8-a3d09174eb67;5;;;
'2023-11-28';e1626450-b689-11ed-9b96-7b01cb02c780;5;;;
'2023-11-28';efbdc0c0-816e-11ee-9cc3-0739fd02c351;5;;;
'2023-11-28';82712da0-6656-11ee-8ec4-1512b411dbd9;6;;;
'2023-11-28';b0c4b750-4353-11ea-b71d-9325d41eec6a;6;;;
'2023-11-28';127db1d0-8df7-11ee-bef5-2184970055ea;6;;;
'2023-11-28';510bba50-5c56-11ee-bcee-c9f46ad93bee;6;;;
'2023-11-28';e4c316d0-8bdc-11ed-8d87-0bd1e42735fc;7;;;
'2023-11-28';390074a0-6b7c-11eb-8ef9-73f675c1c29c;7;;;
'2023-11-28';7a88d920-7f89-11ee-ad44-39adfcd24fea;7;;;
'2023-11-28';01560ef0-055c-11ec-8af6-4b98053e4a5d;7;;;
'2023-11-28';48e153d0-e249-11ed-95c5-9f032da39c9a;7;;;
'2023-11-28';a2f8b9e0-0c06-11ed-ad2e-4b827ff888b8;7;;;
'2023-11-28';a31e81c0-89dc-11ee-88e9-038c93faef4b;7;;;
'2023-11-28';8aca5ab0-4c2d-11ed-ba4f-3339b0969613;7;;;
'2023-11-28';6261b740-7872-11ee-961f-5517ccf7abcc;8;;;
'2023-11-28';d234f070-2821-11ed-9ce0-b7a9dd423e66;8;;;
'2023-11-28';9d378ed0-8600-11ee-8788-c5cb66ad9d43;8;;;
'2023-11-28';4719a700-b65d-11ec-adb0-358e2c164a5f;8;;;
'2023-11-28';234a96d0-ad16-11ed-a2e6-793ddfeeba1f;9;;;
'2023-11-28';7fe00660-7547-11ee-bc59-dd87e03a0af9;9;;;
'2023-11-28';bd4b8010-e00a-11ed-9840-975d6b0f6649;9;;;
'2023-11-28';cf733600-e3ea-11ed-a5b9-b3c6a94e0cba;9;;;
'2023-11-28';73083910-8ffd-11ed-bc2f-4d8344b9c03c;9;;;
'2023-11-29';3c2d27c0-4fd6-11eb-b89f-2ffb31b67dd6;21;;;
'2023-11-29';234a96d0-ad16-11ed-a2e6-793ddfeeba1f;23;;;
'2023-11-29';4d07c180-644f-11eb-879c-b7c02edf4f37;12;;;
'2023-11-29';302e5940-bcc0-11ed-bf87-9f2337527fae;37;;;
'2023-11-29';3ec10520-3fe2-11ee-a15c-017c8f96e422;28;;;
'2023-11-29';90e084c0-56d5-11ee-82e7-095e0c88f0fd;19;;;
'2023-11-29';cf733600-e3ea-11ed-a5b9-b3c6a94e0cba;10;;;
'2023-11-29';fc072e50-fad1-11eb-8228-0f28e5506454;14;;;
'2023-11-29';e2e8c3d0-9054-11eb-b128-c71c66ca104f;35;;;
'2023-11-29';96268380-8e48-11ee-bbd1-7b9667e51737;11;;;
'2023-11-29';5512da90-4aad-11ed-a31d-b3d165a134f1;16;;;
'2023-11-29';efbdc0c0-816e-11ee-9cc3-0739fd02c351;30;;;
'2023-11-29';c9fa1470-846f-11ee-97c8-a3d09174eb67;23;;;
'2023-11-29';11f58880-8453-11ee-afb3-7bd5493ebb29;32;;;
'2023-11-29';74f9b680-8eae-11ee-a471-affcbcaeaca2;22;;;
'2023-11-29';5875f070-7b92-11ee-a6fb-8b298e83f4f7;11;;;
'2023-11-29';e6077620-6292-11ee-84c0-cbdf73581831;13;;;
'2023-11-29';512e94a0-8e27-11ee-b078-93efa996fe33;0;;;
'2023-11-29';7c0ee240-6732-11ee-b199-274b03b902da;0;;;
'2023-11-29';2b2622e0-8ed2-11ee-8309-f5214f9b3e36;0;;;
'2023-11-29';a5883e80-8ead-11ee-a0a2-c79bc280313d;0;;;
'2023-11-29';a2409ea0-836a-11ee-b415-c79d48fe04c7;0;;;
'2023-11-29';debc0c10-e4ff-11e9-ae89-21fc33adff6f;0;;;
'2023-11-29';3a8fc3b0-557c-11ee-9343-b31e3ab30159;0;;;
'2023-11-29';20bf7300-c039-11ed-a2a2-cd53326df3c6;0;;;
'2023-11-29';191c9110-9087-11ec-ace4-d10f5b687971;0;;;
'2023-11-29';b362bce0-8ec8-11ee-b044-b701b861c326;0;;;
'2023-11-29';f7c16bf0-448d-11ee-9152-5d2cf8d23c8d;0;;;
'2023-11-29';cdd07e10-722a-11ee-8633-f372814eb192;0;;;
'2023-11-29';648c2480-c0ab-11ed-9a17-8396e86aa4ff;0;;;
'2023-11-29';17ef2390-d33f-11ea-8923-e9987a7d3c58;0;;;
'2023-11-29';8c81def0-0411-11ed-99fa-3722f70332f6;0;;;
'2023-11-29';8c1900c0-18ff-11ee-b3c8-89750e6b01d2;0;;;
'2023-11-29';4f2f4510-aef2-11ed-861a-c12ce37770ee;0;;;
'2023-11-29';e70e26c0-2f56-11ec-a64d-5102c2fc7f3b;0;;;
'2023-11-29';86e6e530-68f1-11ee-97c1-492d9f705dec;0;;;
'2023-11-29';e6bac4c0-8e7d-11ee-94cf-33de9a3794f0;0;;;
'2023-11-29';f8c48f00-8934-11ee-b9c0-6dfb7731094e;0;;;
'2023-11-29';2e045fa0-0218-11e9-aa56-bd14aa2f57fb;0;;;
'2023-11-29';f17f8a40-8b0c-11ee-a390-e7a181c12aa5;0;;;
'2023-11-29';2c16a2c0-4336-11ee-b7ab-f9cc7a3a275c;0;;;
'2023-11-29';cc58a6a0-866a-11ec-817c-5dbddbe8af0b;0;;;
'2023-11-29';74306570-87e6-11ed-9073-39f12a19b426;0;;;
'2023-11-29';59d29950-8e61-11ee-8b01-e1dbf44deb56;0;;;
'2023-11-29';e4d5ad30-4add-11ed-b668-373f911ad951;0;;;
'2023-11-29';9d01a210-2671-11e8-92f4-65a7e7cd4ad4;0;;;
'2023-11-29';87dc6370-8566-11ee-8d12-9d3b467ec90d;0;;;
'2023-11-29';ea4d9220-4634-11ee-bb5e-c53841e2b234;0;;;
'2023-11-29';9a5f6410-8ebd-11ee-b4ae-bb23a5ea83e8;0;;;
'2023-11-29';2b17ac70-a4f4-11ec-b895-b714973c22a3;0;;;
'2023-11-29';aa43fd90-8775-11ee-8587-5506b83a4816;0;;;
'2023-11-29';45efb510-491d-11ed-a9f5-71ca9a1e60a5;0;;;
'2023-11-29';35c1d190-6e8e-11ee-b986-6bef89f055c1;0;;;
'2023-11-29';a69fbab0-8e39-11ee-b0b3-09d83286e738;0;;;
'2023-11-29';56bbc170-83a2-11ee-9d97-694f19ef182c;0;;;
'2023-11-29';164de610-5e07-11ee-a79c-b3bd607cf9b2;0;;;
'2023-11-29';244298e0-8e56-11ee-b813-9dc27e9c5ae0;0;;;
'2023-11-29';07beec60-7f78-11ee-bfd8-011a27fc2937;0;;;
'2023-11-29';8c10f3f0-0c8f-11eb-8d6c-516333fcf066;0;;;
'2023-11-29';bf89cd40-47c6-11ee-aedd-ef5f5f776ccd;0;;;
'2023-11-29';0dc52390-8254-11ec-8f65-6784a8d46ba5;0;;;
'2023-11-29';987a1860-043f-11e9-b29a-657a90787be9;0;;;
'2023-11-29';ee84b290-8eb6-11ee-8278-3fc109dcf0e0;0;;;
'2023-11-29';b5770f30-bcd8-11ed-beb9-83c8a7a24d15;0;;;
'2023-11-29';4a76ae60-5c49-11e8-a455-f70b7f9fde9a;0;;;
'2023-11-29';090dd4f0-715e-11ee-95ba-af3da24eb125;0;;;
'2023-11-29';a1466940-8126-11ed-9709-dfb3b52bb52a;0;;;
'2023-11-29';9714cfb0-878f-11ed-9f2d-3d1284e9a87c;0;;;
'2023-11-29';8a28fd10-89fc-11ee-8043-01fd1b5cbcfe;0;;;
'2023-11-29';a9c9e540-949d-11ec-9115-c37c08b8c9b3;0;;;
'2023-11-29';483895f0-74fc-11ea-bc6d-857809c5e39f;0;;;
'2023-11-29';e3e5de60-0d0e-11ee-a40e-dba8edd5ece4;0;;;
'2023-11-29';c3405590-a5f4-11ed-84bb-359dd012499d;0;;;
'2023-11-29';b5852990-448b-11ee-b673-e74066d9e557;0;;;
'2023-11-29';a0d5dfb0-2462-11ee-9d1f-633dd78dc168;0;;;
'2023-11-29';5e45a6b0-0f1b-11ed-8f8f-e7057cff0cb2;0;;;
'2023-11-29';718e9310-6d04-11ee-a7ad-477a937c892e;0;;;
'2023-11-29';5be9b9c0-a844-11ed-9f0d-5f4dcc814e1e;0;;;
'2023-11-29';91c7ca60-8ea2-11ee-989c-edd22b8c258b;0;;;
'2023-11-29';d7ac0320-8ec5-11ee-94e2-d1175635e617;0;;;
'2023-11-29';9b60fbf0-8ec5-11ee-94f3-bdf281205a5e;0;;;
'2023-11-29';97a6fdd0-8e9c-11ee-bc2a-0bf35c9372af;0;;;
'2023-11-29';3f35b8e0-101f-11ee-82db-d9eb8e0d664b;0;;;
'2023-11-29';405012f0-423a-11ee-9ce8-4d8302e7dcc8;0;;;
'2023-11-29';eb725850-f30c-11ed-8ff3-a3f0d6592f1a;0;;;
'2023-11-29';1045f920-8eda-11ee-b325-0137f8f01cb1;0;;;
'2023-11-29';3885f5d0-8754-11ee-8031-71929e2cdc0e;0;;;
'2023-11-29';aebccf50-89ec-11ed-9ffd-857ac2565136;0;;;
'2023-11-29';c6f084e0-1498-11ee-9a00-c1d45ba502dd;0;;;
'2023-11-29';795af130-8931-11ee-b4a1-4f0a2386ffe3;0;;;
'2023-11-29';d0e78190-561c-11ee-9604-61cab66a9198;0;;;
'2023-11-29';44c40330-8d0a-11ee-a71e-a305d55c9a26;0;;;
'2023-11-29';02a1d900-a64c-11ed-a3c5-4da84c18504e;0;;;
'2023-11-29';fe2281f0-8db7-11ee-806d-2936e1228afd;0;;;
'2023-11-29';ed962470-3a62-11ee-84da-2906692bcb3e;0;;;
'2023-11-29';962bde00-4be6-11ea-8895-c5a074fddb81;0;;;
'2023-11-29';74812c30-2c37-11ee-9f84-51b7a86094a3;0;;;
'2023-11-29';6407adc0-71dd-11ee-8dfc-25340a5abfbc;0;;;
'2023-11-29';2418ed40-e322-11ed-a3c3-39019ef4fa21;0;;;
'2023-11-29';9495a1e0-680a-11ee-aa77-73dc5fefdfcc;0;;;
'2023-11-29';6e5f0ee0-09b8-11ee-b7f5-7b3e68943dcd;0;;;
'2023-11-29';74627910-f65f-11ed-8a5f-25ef5c67149b;0;;;
'2023-11-29';f500b590-c06f-11ec-8b2f-e9f5deb0405e;0;;;
'2023-11-29';262fe3d0-35cb-11ee-bf75-5ba290ef6734;0;;;
'2023-11-29';47e169b0-8ed4-11ee-8cd3-d349aba76a7a;0;;;
'2023-11-29';6492b9c0-a126-11ed-a8d4-2db08ad6c8ad;0;;;
'2023-11-29';d4067c10-0e63-11ee-a911-1136d3822e60;0;;;
'2023-11-29';6347e400-6caa-11ee-8d18-fbe14b99ffbb;0;;;
'2023-11-29';278e29f0-0727-11ec-831d-195eaa84618f;0;;;
'2023-11-29';b49bfc30-fa07-11ed-af11-7da39136163e;0;;;
'2023-11-29';938550a0-60dd-11ed-94d2-0958f9e80160;0;;;
'2023-11-29';def0c600-7578-11ed-ab77-b775bf341df2;0;;;
'2023-11-29';f3105170-8e43-11ee-99be-01651febc460;0;;;
'2023-11-29';1ad17ad0-7a28-11ed-87a8-b9b79b035a7a;0;;;
'2023-11-29';eac647a0-8e8d-11ee-9eb3-3f42677ad114;0;;;
'2023-11-29';99360e30-a6ed-11ed-ab43-15ce34b22cc0;0;;;
'2023-11-29';171f6a50-895e-11ee-9f7b-bf1566859701;0;;;
'2023-11-29';f0a828b0-844b-11ee-8685-cb60fb347e57;0;;;
'2023-11-29';cf36e590-24a4-11eb-a5ac-875afe1267d5;0;;;
'2023-11-29';fdaf4010-23f3-11ee-ad7b-1384058637f4;0;;;
'2023-11-29';34804670-5b95-11ed-a84f-ef575c8f954e;0;;;
'2023-11-29';5071b120-4df3-11e8-a5df-a30b52351894;0;;;
'2023-11-29';5d550cd0-4abe-11ed-bae9-8756461b1c20;0;;;
'2023-11-29';66b5df00-571c-11ee-bf62-dfa233a52792;0;;;
'2023-11-29';03ccde60-46bb-11ed-a45b-b7db8c961393;0;;;
'2023-11-29';7332dad0-16ad-11ee-8ceb-4323db79ec81;0;;;
'2023-11-29';414a4190-a2b1-11ed-9f5f-fbd11ab0f45d;0;;;
'2023-11-29';1d593180-ab88-11ed-9025-d583c43eb3b4;0;;;
'2023-11-29';e247acc0-1c7a-11ee-bda5-8961e2ebcb05;0;;;
'2023-11-29';95a78800-6547-11eb-8f8e-f92fa5342d22;0;;;
'2023-11-29';48fd30e0-68eb-11ee-a3bd-f5cd330e0306;0;;;
'2023-11-29';cddb3970-195e-11ed-b890-e5ca2d98f850;0;;;
'2023-11-29';e8370690-2237-11ee-9633-8f40abc9355c;0;;;
'2023-11-29';62312700-66cd-11ec-902f-d94327631eed;0;;;
'2023-11-29';3b6d9670-dd07-11ec-98cd-3179528cee05;0;;;
'2023-11-29';2bf44560-634a-11ea-ba91-bbf1a9c101ff;0;;;
'2023-11-29';13f3f150-8eab-11ee-b050-2708d6cbfd5a;0;;;
'2023-11-29';c3301160-6761-11ee-8ab3-7d558c5109c5;0;;;
'2023-11-29';5c6c5200-0e99-11eb-9b25-db36492c93e0;0;;;
'2023-11-29';bbab5e70-72a3-11ee-a221-75f90ae701fd;0;;;
'2023-11-29';4e1125d0-8e18-11ee-85b6-c9dba54497c5;0;;;
'2023-11-29';273e5350-72e4-11ee-bdb9-e3efef118a92;0;;;
'2023-11-29';22f02860-ba26-11eb-95b4-9bb66a80a2f5;0;;;
'2023-11-29';2630a7f0-3a7d-11ee-88b2-d18fd7859087;0;;;
'2023-11-29';2a4d22a0-8ebf-11ee-8f00-d3767c2db3be;0;;;
'2023-11-29';e78e4f50-8ea7-11ee-b9e5-2332e4bc3d2a;0;;;
'2023-11-29';bed772e0-6ff7-11ee-aba9-3b59bb50f6a6;0;;;
'2023-11-29';088007b0-3f85-11ea-a1ba-9d323bd5e36a;0;;;
'2023-11-29';d8a35780-8e2d-11ee-bf0f-2d814bf49f2e;0;;;
'2023-11-29';ec4f9c60-6ef4-11ee-9c7d-5d11eb875b05;0;;;
'2023-11-29';a3549cf0-1ec7-11ed-adc7-a9d3b5d972bf;0;;;
'2023-11-29';5c064620-3822-11ea-9e14-7dd8641a84eb;0;;;
'2023-11-29';03987870-399f-11ec-b29e-f1a65855e6a6;0;;;
'2023-11-29';47a13ff0-e9d4-11ea-b2a3-ebc87957b0a1;0;;;
'2023-11-29';ee2f06a0-fcde-11ea-8348-cd88965626d2;0;;;
'2023-11-29';b0c405b0-8e92-11ee-8649-89ecf037b02b;0;;;
'2023-11-29';4bd97800-270f-11ee-9573-87f3c31eb515;0;;;
'2023-11-29';fa04c580-9d85-11eb-b366-5bf28c116536;0;;;
'2023-11-29';43f91c20-8e49-11ee-aa76-eb29c5258b0c;0;;;
'2023-11-29';9eddf9f0-4e28-11ee-970b-555a077b0b29;0;;;
'2023-11-29';cbb2af70-a51a-11eb-bc9a-9b8287359b8f;0;;;
'2023-11-29';641766a0-8ea4-11ee-b979-dd4753052853;0;;;
'2023-11-29';13b10210-1165-11ed-b8fb-71ee091b3c68;0;;;
'2023-11-29';8aca8850-8e9e-11ee-accb-6362c7a08b14;0;;;
'2023-11-29';5edda700-85b6-11ed-89db-791595c6dafe;0;;;
'2023-11-29';b3fc2f50-665b-11ee-a149-83de05bbb7ab;0;;;
'2023-11-29';541e0840-8e7b-11ee-a433-fd2a8f952818;0;;;
'2023-11-29';098b6020-91c4-11ed-8b56-bd130d123d3f;0;;;
'2023-11-29';2898a450-7954-11ee-b75a-9953746b229e;0;;;
'2023-11-29';5ae0e430-338c-11ee-b733-673dda80d65f;0;;;
'2023-11-29';2b2e7370-8e26-11ee-864d-eba1c39fff15;0;;;
'2023-11-29';c44efdd0-2bdd-11eb-a6a8-374e84e5cb57;0;;;
'2023-11-29';b6677f90-d8f7-11eb-a940-f73251ac5f95;0;;;
'2023-11-29';712edce0-487a-11ed-974f-8d58761845ce;0;;;
'2023-11-29';f3c64940-5643-11ee-8d35-df559f776bd1;0;;;
'2023-11-29';501321c0-d839-11ed-b0ca-2793d2a4654d;0;;;
'2023-11-29';9a319ec0-1fa9-11ec-be36-83539b7c3b62;0;;;
'2023-11-29';df6a11c0-a4f7-11eb-8af4-9dd8273a135c;0;;;
'2023-11-29';513d6bc0-c4c3-11ed-8483-3b1a798e5853;0;;;
'2023-11-29';b4998810-0f38-11ee-9783-95cb32cfd865;0;;;
'2023-11-29';0320d9b0-bf31-11ec-838f-8978a03b2530;0;;;
'2023-11-29';afdb39c0-5080-11ee-9fa6-790ff0f8f840;0;;;
'2023-11-29';be1b7980-7945-11ee-8e27-8f9163852021;0;;;
'2023-11-29';0bf336b0-822a-11ee-96b9-b7eb5535a403;0;;;
'2023-11-29';77020370-38ff-11ed-90ca-bb7fc842ca5c;0;;;
'2023-11-29';8d4ed660-004d-11ee-997b-4164cb9b1ce1;0;;;
'2023-11-29';8121dfe0-92cb-11ec-8261-1dac7830005e;0;;;
'2023-11-29';a9344300-77b2-11ea-a6fe-2d36b1f2002f;0;;;
'2023-11-29';64cae1f0-892f-11ee-9fca-53c1305efc4a;0;;;
'2023-11-29';6b371270-f073-11ed-9128-3d6a41f47b1e;0;;;
'2023-11-29';30cd1e20-4f8f-11ed-9a31-79fc221106b9;0;;;
'2023-11-29';41b1cbf0-f4c1-11ed-9883-a7798c0f1dcd;0;;;
'2023-11-29';3ebc9f80-ea47-11ed-baf3-912d3f4f5397;0;;;
'2023-11-29';d2da0b30-888f-11ee-8aac-63f43931d0bd;0;;;
'2023-11-29';5549f370-eed4-11ec-844a-37590d323efc;0;;;
'2023-11-29';4e5d00c0-8cf8-11ee-81eb-9f3df060168b;0;;;
'2023-11-29';850920c0-883b-11ee-83f2-b96df9a3fdac;0;;;
'2023-11-29';9f9ebe70-2221-11ee-a8a3-7b9385a8b996;0;;;
'2023-11-29';5dc76a90-80b5-11ee-8674-d1d2f9964566;0;;;
'2023-11-29';b4d28780-046b-11eb-a7aa-2f3d29bb7930;0;;;
'2023-11-29';32b3ba10-33a2-11eb-8aee-8751efd2dc63;0;;;
'2023-11-29';f8a801f0-8df8-11ee-ab10-f539dfdc7813;0;;;
'2023-11-29';2d1df530-83a3-11ee-add8-a3b9df526784;0;;;
'2023-11-29';8873c410-8ebf-11ee-bd8c-a721bb014e85;0;;;
'2023-11-29';bb340bd0-c131-11ea-9b5c-0902da7809ae;0;;;
'2023-11-29';4d488370-5ce8-11ee-a1cc-9dc5cd4b1d41;0;;;
'2023-11-29';17a11480-8ddf-11ee-90db-2924317b4d8f;0;;;
'2023-11-29';36f233e0-4c63-11ee-b0b1-836cea63acd0;0;;;
'2023-11-29';74e2ae80-bfff-11ea-a148-57e8a986b438;0;;;
'2023-11-29';18746110-c828-11ec-9709-1956809640c4;0;;;
'2023-11-29';4caafbb0-b0d5-11ed-b29a-9588069690b5;0;;;
'2023-11-29';b889be30-7c8a-11ee-ae9c-47057d08aad2;0;;;
'2023-11-29';8779d950-512a-11ee-9144-756327530259;0;;;
'2023-11-29';6cd12bd0-9925-11ec-9765-cfe6d22adf4a;0;;;
'2023-11-29';aa691ac0-8e65-11ee-bfb5-2f068d5add35;0;;;
'2023-11-29';e9394e30-9c5a-11ed-b8fa-d77392adceaf;0;;;
'2023-11-29';302355d0-8e3f-11ee-9793-abf5a4001970;0;;;
'2023-11-29';fe96e230-8beb-11ed-bf64-9bc42f907bb5;0;;;
'2023-11-29';59fb7ca0-719a-11ee-87fd-c532aece5c29;0;;;
'2023-11-29';25181760-6d93-11ee-abf3-bfb51ca8976f;0;;;
'2023-11-29';9a1bb5a0-2670-11e8-bfc6-df51f8419a76;0;;;
'2023-11-29';43717ff0-a3c5-11ed-ab92-2f5ca7d3e5b2;0;;;
'2023-11-29';96fe6860-8e05-11ee-9ce5-997fa40e3474;0;;;
'2023-11-29';48e153d0-e249-11ed-95c5-9f032da39c9a;0;;;
'2023-11-29';53f57ad0-3dac-11ee-93fc-a14bb9628e22;0;;;
'2023-11-29';4a3c3470-f08c-11ec-94e6-777a06189b2f;0;;;
'2023-11-29';4a438e50-8e60-11ee-a97d-39c06b4b7f22;0;;;
'2023-11-29';3e5f91d0-d874-11ed-8336-45790700458c;0;;;
'2023-11-29';142b4bb0-a611-11ed-8266-116108d57945;0;;;
'2023-11-29';0d6fa8f0-37f9-11ee-9c6a-833cff86f33e;0;;;
'2023-11-29';bf7a2d50-5df5-11ee-832a-37e0ed135bb2;0;;;
'2023-11-29';a43122f0-bc07-11ed-a410-d781d743a63f;0;;;
'2023-11-29';718ef8a0-1e21-11e9-ba7f-639f3b9a8466;0;;;
'2023-11-29';45b8b550-8086-11ee-988b-29ff23ffdd88;0;;;
'2023-11-29';bb38cf00-584a-11ed-8a55-afb05dcb4a39;0;;;
'2023-11-29';7a4d00b0-8dc3-11ee-8261-436682582a86;0;;;
'2023-11-29';bc06a620-2a1b-11ee-aa7f-b74af0ed65dd;0;;;
'2023-11-29';1a36e360-9e15-11ed-afaa-81f0cf94942a;0;;;
'2023-11-29';0d245ff0-17b1-11eb-a2ef-a90bf9c69765;0;;;
'2023-11-29';f496df70-82d4-11ee-a5eb-f13f514f420e;0;;;
'2023-11-29';a86e4c00-63b2-11e9-aa6c-3795c8f95f19;0;;;
'2023-11-29';211fc810-2d3d-11ee-8c69-f92dd721aa34;0;;;
'2023-11-29';8ac758b0-8f71-11ed-93e2-bb1d349f94c8;0;;;
'2023-11-29';bad68880-baa7-11ed-8328-c77c719e8768;0;;;
'2023-11-29';161a86d0-867b-11ed-b8f1-b95247269f12;0;;;
'2023-11-29';04aa4b00-7d57-11ee-ab09-15405c574e24;0;;;
'2023-11-29';b0892120-e628-11ec-a33b-c549cd2a3add;0;;;
'2023-11-29';5d82e3d0-ff26-11e9-a1b5-6d26f21e6f42;0;;;
'2023-11-29';752261c0-09a7-11ee-9a4b-4186ac285dc8;0;;;
'2023-11-29';b3a7dd60-7890-11ed-9772-b52ecddda998;0;;;
'2023-11-29';390074a0-6b7c-11eb-8ef9-73f675c1c29c;0;;;
'2023-11-29';cf663520-10d2-11ea-ac1d-5de874b1ee74;0;;;
'2023-11-29';4c1431a0-8e4a-11ee-a6f2-f59ef5cd4764;0;;;
'2023-11-29';f2557330-8ec2-11ee-84e5-e9d92b180e85;0;;;
'2023-11-29';d3fe4a80-9afb-11ed-b396-eb65577b605e;0;;;
'2023-11-29';7d6767b0-6611-11ee-a513-3346bc95f644;0;;;
'2023-11-29';82d27e80-448b-11ee-90cd-538c962db324;0;;;
'2023-11-29';11cd60d0-87a5-11ee-b9ff-c9859da0b9f8;0;;;
'2023-11-29';75240e80-e44f-11ed-a951-e539fad9f4b9;0;;;
'2023-11-29';2a4d88a0-e136-11eb-89f8-bbb9b37ee5ab;0;;;
'2023-11-29';18d6bbc0-1a17-11ee-a642-63c85a1cf94e;0;;;
'2023-11-29';7e3d2410-f39b-11ed-a1b9-0b751515adfd;0;;;
'2023-11-29';002bb460-2f65-11ed-851c-a5abf4597cd3;0;;;
'2023-11-29';5f089140-3fde-11ed-8a99-5121a16b14dd;0;;;
'2023-11-29';c0fc04d0-9ac5-11ed-83ed-fd27c0b07078;0;;;
'2023-11-29';d1739bc0-7567-11ee-8be5-85bb77523c44;0;;;
'2023-11-29';4e2259d0-3a32-11e8-8922-1b82ce359791;0;;;
'2023-11-29';9133e5a0-878d-11ee-99b3-099310f83ae4;0;;;
'2023-11-29';242ec7b0-c38e-11eb-a988-01ea511f072a;0;;;
'2023-11-29';71bd5450-8cfa-11ee-8694-c17ed424a013;0;;;
'2023-11-29';91411250-98ca-11ed-9b09-779a683509cb;0;;;
'2023-11-29';a09ba050-0b59-11ea-b53a-b1012390c925;0;;;
'2023-11-29';940d43b0-248d-11ee-bd73-5fa65ea7339a;0;;;
'2023-11-29';a6d74440-8e1f-11ee-b68c-37a67028e45e;0;;;
'2023-11-29';8eb6b6a0-8e9e-11ee-90cb-8b4eef033198;0;;;
'2023-11-29';e6679ec0-2ebc-11e8-a277-534c066c029e;0;;;
'2023-11-29';14b5faf0-553d-11ed-a0bc-855179dbd9bf;0;;;
'2023-11-29';d2b0a3d0-53e2-11ee-ae73-6ffada81c503;0;;;
'2023-11-29';20c59e40-06ea-11ee-a772-edfb1574a08e;0;;;
'2023-11-29';5ee9aae0-8e94-11ee-8b9c-5796b59dd7c7;0;;;
'2023-11-29';0d0a4c80-74b7-11ee-8951-b730d3a131d2;0;;;
'2023-11-29';f992ea00-8eaf-11ee-b089-cfee7ead8945;0;;;
'2023-11-29';d5f80600-8ecf-11ee-a81b-4b781472c964;0;;;
'2023-11-29';c9e38850-8766-11ee-9071-3b3788a33418;0;;;
'2023-11-29';6d99c5c0-8ed0-11ee-ac25-f13d133e2f81;0;;;
'2023-11-29';62480b80-7221-11ee-afa6-5d251983dd30;0;;;
'2023-11-29';befad8d0-0d87-11ed-abdd-0fec125d0a7c;0;;;
'2023-11-29';93517640-8e63-11ee-822f-210f1f504076;0;;;
'2023-11-29';2400a120-70a1-11ed-948a-d18e97ec1d4b;0;;;
'2023-11-29';71602190-89b7-11ee-bb38-15ad21e800b5;0;;;
'2023-11-29';46494480-8e87-11ee-ab63-275767a964ba;0;;;
'2023-11-29';34061640-095f-11ec-8e63-4b3c41117f08;0;;;
'2023-11-29';44d19270-8ea4-11ee-a862-c765f8e24118;0;;;
'2023-11-29';3f20e8e0-8e85-11ee-9ddd-47364e80e5bd;0;;;
'2023-11-29';b754e900-d518-11ed-8868-cd898fdafb2d;0;;;
'2023-11-29';bb0b3000-7906-11ec-a798-d37935818978;0;;;
'2023-11-29';116f5040-8ba0-11ee-b440-89525fe17bc2;0;;;
'2023-11-29';c6eba610-8eae-11ee-837d-65490c2612c4;0;;;
'2023-11-29';20cf09d0-eb16-11ec-9c83-21e9ff50cb8e;0;;;
'2023-11-29';e066e4d0-16fd-11ed-b7b0-47b2474cb7da;0;;;
'2023-11-29';16d7c3c0-dd98-11ed-a04b-09996374ca98;0;;;
'2023-11-29';9e78f610-8ee0-11ee-8473-7b8debb1129c;0;;;
'2023-11-29';44fd6ec0-7d1c-11ee-ac19-6b8f9f545d56;0;;;
'2023-11-29';f487ad20-51bb-11ed-8b5d-790907ccf4e0;0;;;
'2023-11-29';9765ca40-662f-11ed-92b2-9b4e1e13d0f4;0;;;
'2023-11-29';8f27ffd0-278f-11e8-ad75-fd55c59e8a22;0;;;
'2023-11-29';67ac1ed0-8b72-11ee-a80d-dbe40fef7cb8;0;;;
'2023-11-29';759c5b80-4d39-11ee-93e6-91fddc7b1be5;0;;;
'2023-11-29';8a45d150-cadc-11ec-91b0-45d5da48b7f1;0;;;
'2023-11-29';c9efe350-d38b-11ed-8a62-1149c48b0f0f;0;;;
'2023-11-29';a8159f20-2f81-11ee-9bff-674b29168c50;0;;;
'2023-11-29';e4772b40-8e5a-11ee-8268-213e0a4527aa;0;;;
'2023-11-29';33f92100-26d3-11e8-aaf0-43521b84df22;0;;;
'2023-11-29';347ec390-4668-11ee-ac8f-6f0bae53d3e5;0;;;
'2023-11-29';00fc8580-a5e0-11ed-8f66-476d57da0b36;0;;;
'2023-11-29';61adaa40-0b29-11ee-86e5-e9d6363b32fa;0;;;
'2023-11-29';60427870-923e-11ed-9065-29fa9f5f7407;0;;;
'2023-11-29';00a77190-7c68-11ed-882c-995e0a8bf029;0;;;
'2023-11-29';d9470960-83ea-11ec-ad82-0bf3a6d0f3d8;0;;;
'2023-11-29';e8449010-878d-11ee-bcc3-910a098e805e;0;;;
'2023-11-29';d8794430-1630-11ec-a0c4-7f1baca0befb;0;;;
'2023-11-29';d16211e0-10e2-11ea-a091-8b5f374162b1;0;;;
'2023-11-29';218c0de0-6334-11ee-b4cd-7fa6d72bf30a;0;;;
'2023-11-29';aedde3e0-8d0e-11ee-82d9-4be4917cccb1;0;;;
'2023-11-29';de6a3740-3d00-11ec-b904-91705b2c3d8a;0;;;
'2023-11-29';13d06180-c1f3-11ec-81ec-0ba7d099fa9d;0;;;
'2023-11-29';e945fde0-8c98-11ee-ace5-d361051b629e;0;;;
'2023-11-29';f98cac40-2081-11ee-96e5-7775b820b6c1;0;;;
'2023-11-29';6fe4ce40-be3a-11ed-8df7-a74fd543739e;0;;;
'2023-11-29';1a9ed2d0-8e9d-11ee-8ebf-01144a21e8e5;0;;;
'2023-11-29';05bf3030-f092-11ec-8780-971cccad7163;0;;;
'2023-11-29';b91cbb20-db83-11ed-b2fe-e36082a9bff6;0;;;
'2023-11-29';107a9420-e871-11ec-934b-f33acf60fa55;0;;;
'2023-11-29';ec9e5530-5e78-11ee-9b34-ab852e3e9cae;0;;;
'2023-11-29';2542bc70-8ea6-11ee-aaa7-fffb5102a442;0;;;
'2023-11-29';93aed120-8e66-11ee-a72c-5b9e638fd40e;0;;;
'2023-11-29';dcd3cd30-4515-11eb-a6e6-53639b157078;0;;;
'2023-11-29';45e99480-8ed8-11ee-9ad8-053e79476de9;0;;;
'2023-11-29';099145c0-8dfa-11ee-8f2a-b777f4dce71d;0;;;
'2023-11-29';fe5a1d10-4b0d-11ed-ba23-035f667abd18;0;;;
'2023-11-29';e4c75f50-b0f9-11ed-95d2-fb94d1b725d5;0;;;
'2023-11-29';e3cc8e90-8eb6-11ee-8859-0726dbc75caa;0;;;
'2023-11-29';6ea4a560-7ed2-11ee-aa6c-f786aaa7f161;0;;;
'2023-11-29';cbc491b0-6e11-11ed-b3cb-43413812874c;0;;;
'2023-11-29';3ad8b870-9272-11ea-88c9-936430b00200;0;;;
'2023-11-29';a47f9ad0-a31c-11eb-9b76-4b3212172f37;0;;;
'2023-11-29';cae78bc0-0449-11ee-a68c-d7482786be21;0;;;
'2023-11-29';7b3d2810-e585-11ed-a524-d983167b6653;0;;;
'2023-11-29';8feb04b0-3f24-11ed-8171-1f7c83b1803c;0;;;
'2023-11-29';4a6293e0-8cf3-11ee-b6f3-17f4d6ef720e;0;;;
'2023-11-29';1f76af90-1f87-11eb-8341-89daa6a35f49;0;;;
'2023-11-29';7f37f330-8e38-11ee-96d4-d7eac6f22f32;0;;;
'2023-11-29';424bb670-5138-11ed-98a8-1111c5b1bfed;0;;;
'2023-11-29';98650cc0-8e93-11ee-b3f2-0d449b5eecea;0;;;
'2023-11-29';e7ab5b40-8ad8-11ee-8a2c-ebf290244517;0;;;
'2023-11-29';69685390-1f9f-11ee-910f-157cf25f1d3b;0;;;
'2023-11-29';62541f20-f0d2-11ea-a1fe-0f262a4ab5da;0;;;
'2023-11-29';b4ca0ed0-03ce-11ec-8dba-21023f7307a2;0;;;
'2023-11-29';4286ab40-a769-11ed-a3a4-15ca05bb93e0;0;;;
'2023-11-29';7bbb35b0-5cfa-11ee-a13f-33ef91df8c9f;0;;;
'2023-11-29';364354f0-e4d6-11ed-857b-f11dd0dac507;0;;;
'2023-11-29';d14176e0-73b4-11ee-8a52-850b196fb67f;0;;;
'2023-11-29';5b846370-8e1e-11ee-8603-f5d54a2633a1;0;;;
'2023-11-29';424d1220-63bd-11ee-bf5c-2915cf679904;0;;;
'2023-11-29';e2bb8070-3319-11eb-901a-b97201ed249a;0;;;
'2023-11-29';09ab5900-8ea0-11ee-9ccf-f516f96aa156;0;;;
'2023-11-29';d9a9da10-2158-11ee-a2fc-137c94574d32;0;;;
'2023-11-29';ff52b590-2297-11ed-8cb9-e5dc54b353b6;0;;;
'2023-11-29';7e220550-f31e-11ec-8e07-4b0945ab8457;0;;;
'2023-11-29';c5212440-67c2-11e8-a4d6-f99da50c4b43;0;;;
'2023-11-29';654e9730-8edd-11ee-b098-0f1338214342;0;;;
'2023-11-29';8bf9bab0-8eb8-11ee-9b4a-6d119d65e53e;0;;;
'2023-11-29';e2db9150-4f03-11ed-a8bf-e7d972df4fa6;0;;;
'2023-11-29';85ab8c50-acc1-11eb-9a2d-f33acac8b1ac;0;;;
'2023-11-29';77001d20-2677-11e8-8d3c-6b24158d6b30;0;;;
'2023-11-29';c24bf340-c483-11ec-abe6-c1f8c4e9a1eb;0;;;
'2023-11-29';e7430f50-f013-11ed-9e31-ff2057682a14;0;;;
'2023-11-29';e1dcdaa0-51fc-11ee-9635-5d1eaad89030;0;;;
'2023-11-29';c5ede200-c773-11eb-af4f-9db8770aff52;0;;;
'2023-11-29';9d64f710-7a31-11ee-8d7f-0725cd096fed;0;;;
'2023-11-29';c061d420-1efd-11ee-a34d-73ebe175cf79;0;;;
'2023-11-29';3c734f40-df24-11ed-9eed-f12414e77eea;0;;;
'2023-11-29';4ad65870-8e60-11ee-9cbb-ebef8aba0b6d;0;;;
'2023-11-29';f6c98680-be31-11ec-a1a0-c786840b3bdb;0;;;
'2023-11-29';32defa00-61b6-11ee-b9f6-2b64ffa2043f;0;;;
'2023-11-29';56352440-2264-11ec-8be0-c1c90f36b6f2;0;;;
'2023-11-29';b0379640-f1cf-11ec-8053-7de1b4ed170b;0;;;
'2023-11-29';c30308c0-7d6c-11ee-8213-e1ffa66d2681;0;;;
'2023-11-29';eb8c0040-c023-11e9-8c44-1bbbbcd7c7af;0;;;
'2023-11-29';af739d90-4628-11ee-a734-f1d97059b9ae;0;;;
'2023-11-29';ded85690-6f2f-11ee-90dc-d3739fe86b1a;0;;;
'2023-11-29';32272cd0-6455-11ee-847b-7107b8b13b1d;0;;;
'2023-11-29';5ecc0bc0-c640-11ec-a4c1-bbd0802c7c81;0;;;
'2023-11-29';8ba2ae90-9be6-11eb-9d8f-4f71aa2d7fda;0;;;
'2023-11-29';d464b0c0-8ce9-11ec-919b-bb5c673b6789;0;;;
'2023-11-29';6b848100-63f4-11ee-94c1-cd564f70789a;0;;;
'2023-11-29';177860a0-886a-11ee-b697-edda78464b10;0;;;
'2023-11-29';08a8db10-26da-11e8-a413-c97320279da5;0;;;
'2023-11-29';702e86f0-d2be-11ed-970f-0bffbf6300c2;0;;;
'2023-11-29';ca30bd10-7e96-11ee-a0be-45be60a42f32;0;;;
'2023-11-29';8a5b98f0-5d11-11ee-bc55-a1e8197a6051;1;;;
'2023-11-29';77b61800-d1aa-11eb-a78f-99557b0657db;1;;;
'2023-11-29';b04aef00-cd0a-11eb-b0c0-1d6cb3ce7d4e;1;;;
'2023-11-29';9b7e4260-8e8d-11ee-9118-23f8ef578784;1;;;
'2023-11-29';1d452180-8838-11ee-9cad-ebd7b27dd88d;1;;;
'2023-11-29';451549c0-c209-11ec-8dcf-2d52591f7568;1;;;
'2023-11-29';4fbd86d0-be52-11ed-97f4-13c0be0f6d4b;1;;;
'2023-11-29';d34245f0-49ef-11ec-b180-e91617ea3976;1;;;
'2023-11-29';55dd0b50-b8d4-11ec-a5cf-6ff7cfa0bdc8;1;;;
'2023-11-29';e3325060-7c52-11eb-a43d-49f95f282812;1;;;
'2023-11-29';2d73daf0-774c-11ec-ab27-dd219427bac8;1;;;
'2023-11-29';62bfe730-6e8a-11ee-ac29-9f6e169b060e;1;;;
'2023-11-29';3975b330-efd9-11ed-8150-b1c7a5677d37;1;;;
'2023-11-29';20bbd6d0-7a44-11ee-aab3-c98cd8572ff9;1;;;
'2023-11-29';6792dcb0-c3f3-11ec-958f-33fa01cac1c8;1;;;
'2023-11-29';5e8b8710-9995-11e9-9cec-e5804bbb4308;1;;;
'2023-11-29';052fefa0-2473-11ed-82f1-55b448e27660;1;;;
'2023-11-29';d4b39ad0-890b-11ee-b778-3d1ddc924bfd;1;;;
'2023-11-29';dde1f920-3038-11ee-8bb6-05f3a963c004;1;;;
'2023-11-29';1f1c6560-98fb-11eb-8ead-3b64428ed669;1;;;
'2023-11-29';0e15eb90-5aff-11eb-b409-cfd37fe6fd48;1;;;
'2023-11-29';c858e090-9098-11ed-b7e1-4120ad641f1d;1;;;
'2023-11-29';60c8ac30-56fe-11ee-a6c0-a35966fc3f77;1;;;
'2023-11-29';77352830-3bb2-11e8-a795-ed56a10b22f3;1;;;
'2023-11-29';9ddda6e0-1412-11ee-8d7e-0594fc8b8a60;1;;;
'2023-11-29';2603ef60-fe34-11ed-910f-ed4de5f486e7;1;;;
'2023-11-29';6a66c320-a782-11ed-897b-f7cb01d054e6;1;;;
'2023-11-29';09008030-7f90-11ee-aeb4-e7edf28a034b;1;;;
'2023-11-29';51eb6fa0-144f-11ee-a09b-2ff51cacb13c;1;;;
'2023-11-29';7422d5f0-4559-11ee-8887-55aa3a8ef55d;1;;;
'2023-11-29';dd8ac8a0-5cff-11ee-968f-87a75ba679f0;1;;;
'2023-11-29';4c1ac6c0-d8ef-11ed-902b-374a18e74844;1;;;
'2023-11-29';4bfbbde0-8e19-11ee-ad8e-f7703569b45b;1;;;
'2023-11-29';e6bf5900-8774-11ee-aa4f-03990e25c343;1;;;
'2023-11-29';382484b0-4976-11ee-920e-2dc0028340f6;1;;;
'2023-11-29';f136c220-60cd-11e8-8ebd-45fc1d9c550a;1;;;
'2023-11-29';639797f0-488a-11ee-be26-b1b10679e947;1;;;
'2023-11-29';bd27f410-d6aa-11ed-b10e-ff3b2a9f7a5a;1;;;
'2023-11-29';3829bf60-8575-11eb-a25f-f3e01892c1ce;1;;;
'2023-11-29';78148710-342c-11ed-9e20-b7bdd5b95642;1;;;
'2023-11-29';883a8720-e6a9-11ea-a364-0556a5a6c04f;1;;;
'2023-11-29';86616e30-8e64-11ee-ab2b-855ae39a7fe9;1;;;
'2023-11-29';803e5820-8e63-11ee-aff1-b76c53f2ebb0;1;;;
'2023-11-29';356860a0-9e3d-11ed-92dd-8dc1fa11c8b8;1;;;
'2023-11-29';c6f23560-515b-11ee-8a4c-cb1e90b4915a;1;;;
'2023-11-29';a8dc4bd0-f0b1-11ec-a131-7ffa998d16b0;1;;;
'2023-11-29';51dc3c40-69f3-11ec-848c-2714b3b1ce53;1;;;
'2023-11-29';295e57a0-8731-11ee-8b57-1b5515413870;1;;;
'2023-11-29';bcf72300-c36c-11ec-839a-1582c1c85b48;1;;;
'2023-11-29';5af80cb0-69a5-11ee-90c2-6bf305645d5a;1;;;
'2023-11-29';74b32710-b817-11ed-b0f3-61697d13745c;1;;;
'2023-11-29';178b4de0-a8f6-11ed-826a-539c5e9897cb;1;;;
'2023-11-29';a12f0dd0-78c5-11ee-b9ab-c73848c5cc7f;1;;;
'2023-11-29';075bef30-7801-11ee-b8f4-79af9e09a768;1;;;
'2023-11-29';2a86c1f0-5cc5-11ec-867b-ab04ac152048;1;;;
'2023-11-29';f5c917b0-19f6-11ee-9ff9-bb2aeb994a1d;1;;;
'2023-11-29';019b5e90-e014-11ec-9e28-1d260b14de48;1;;;
'2023-11-29';55b435f0-3714-11ec-acdb-e78dfb297344;1;;;
'2023-11-29';14dc23b0-97f0-11ed-bdd9-0fc02a126e1a;1;;;
'2023-11-29';3aca7b90-5cf7-11ee-a4fc-13229e19c4ca;1;;;
'2023-11-29';341ad100-fccd-11eb-8c9c-b5b45cbb5067;1;;;
'2023-11-29';eccc18c0-dd0f-11ed-ac14-f174b049b2e2;1;;;
'2023-11-29';97a1abe0-99a2-11ed-a70a-9b2572ed9c0f;1;;;
'2023-11-29';d6572830-8888-11ee-a44d-29d75bce9220;1;;;
'2023-11-29';b1678b10-f97e-11ea-a664-63c2b710d406;1;;;
'2023-11-29';ca9a72e0-829d-11ee-8118-89306161f89a;1;;;
'2023-11-29';7bd68030-680e-11ee-a064-4f18e5211fda;1;;;
'2023-11-29';f47f35d0-8e66-11ee-a131-5d6406a9676c;1;;;
'2023-11-29';24882880-4850-11ed-8794-13f3eddec573;1;;;
'2023-11-29';9e432f40-3460-11eb-804e-09fdb4dd5ec1;1;;;
'2023-11-29';61f509d0-cd2b-11ed-8634-dbd08391180b;1;;;
'2023-11-29';5f95b3f0-6403-11ee-a947-d7e42f925c95;1;;;
'2023-11-29';2809fbe0-6cfe-11ee-9cf1-9f839b808b64;1;;;
'2023-11-29';80c988e0-8eaa-11ee-b1ab-03efc9868528;1;;;
'2023-11-29';d14fd7c0-5f17-11ec-bbb6-499c26bd2da2;1;;;
'2023-11-29';bd41baf0-2495-11ea-bbf8-ffd134a2f150;1;;;
'2023-11-29';8bdefb30-6759-11ed-922b-5b3d32d28343;1;;;
'2023-11-29';33864540-382f-11ee-a5a1-cfd5c6784c6b;1;;;
'2023-11-29';31ae8900-8ce7-11ee-bb35-b1ced3d05457;1;;;
'2023-11-29';08731980-6121-11ee-9e0d-5729e68df390;1;;;
'2023-11-29';3ca7f550-09cd-11ee-a529-29a8549a386c;1;;;
'2023-11-29';61ca7490-f481-11ed-b1a4-598f0a02262e;1;;;
'2023-11-29';474218c0-1fc0-11ee-9277-c71cabf691c3;1;;;
'2023-11-29';79071100-3a59-11ed-9fa2-139eed900b23;1;;;
'2023-11-29';c88822c0-4d9d-11e9-8430-751a4beee6c0;1;;;
'2023-11-29';df985510-c2f2-11ed-acfb-fd18a64a4691;1;;;
'2023-11-29';66a5d2d0-3ef0-11ed-8e0e-31f2d9ee2e51;1;;;
'2023-11-29';ff847860-b685-11ec-988b-f7bc901f6613;1;;;
'2023-11-29';73083910-8ffd-11ed-bc2f-4d8344b9c03c;1;;;
'2023-11-29';e4e8e5a0-63cc-11ed-afc8-b1666d84a5c3;1;;;
'2023-11-29';74530e50-29d0-11ed-8fbf-893bcb608938;1;;;
'2023-11-29';7f671400-8d3c-11ee-8da4-dbe9ae9d2251;1;;;
'2023-11-29';e6cbcbf0-6ab3-11ee-86e3-1319c1b93690;1;;;
'2023-11-29';55db3fd0-56dc-11ee-8086-edde58c711df;1;;;
'2023-11-29';0ff5d790-64fc-11ee-921c-1341a6981231;1;;;
'2023-11-29';31c571a0-8e82-11ee-8415-213048eed6dd;1;;;
'2023-11-29';661a4a60-8d16-11ee-812a-c3419dd43d33;1;;;
'2023-11-29';d1c30380-7423-11ee-87f1-79c98709b2eb;1;;;
'2023-11-29';ca4e0680-00af-11eb-ab14-ab6776f33f45;1;;;
'2023-11-29';1da90f60-8d58-11ec-8446-41eb5caac821;1;;;
'2023-11-29';346b42a0-decd-11ed-994f-1f332ce93094;1;;;
'2023-11-29';bf15f8b0-8dd6-11ee-9511-15f288e42bcf;1;;;
'2023-11-29';03730d20-5ce2-11ee-9006-b178b960a5f1;1;;;
'2023-11-29';4a0322f0-8ead-11ee-9804-114d86db4ec2;1;;;
'2023-11-29';69098740-8994-11ec-ab8a-910b1ec86f60;1;;;
'2023-11-29';6b7c6490-7e28-11ee-baa0-eb3de6249ef3;1;;;
'2023-11-29';7bdb4500-c9c5-11eb-a1a8-e39d0a9f20df;1;;;
'2023-11-29';80546610-b286-11ed-84f3-0fe35fa6fc30;1;;;
'2023-11-29';5bcffbe0-d786-11ed-8cc6-f9a25da69300;1;;;
'2023-11-29';8f4b4790-3d8a-11ed-854e-b7f70d42fa04;1;;;
'2023-11-29';6a1437f0-101d-11ee-a23f-818eb2cf6f27;1;;;
'2023-11-29';34fbb1b0-e758-11ea-879d-3350358da159;1;;;
'2023-11-29';0aaf37a0-7ffe-11ee-b7ea-0f6c37cfb224;1;;;
'2023-11-29';143e3bc0-7837-11ec-a0b0-21c208a601b2;1;;;
'2023-11-29';cee65bb0-00fa-11ec-89a2-e7948d7cca75;1;;;
'2023-11-29';b7a1ce50-15e9-11eb-a3a8-c58e127adf0a;2;;;
'2023-11-29';3aa5e760-d3a1-11ed-b6d4-25cf9788359e;2;;;
'2023-11-29';f65363c0-0724-11ec-bd81-49e1f86f6eaa;2;;;
'2023-11-29';71a8f420-4640-11e9-9d1e-f1d80a3e0aeb;2;;;
'2023-11-29';d8157db0-2b95-11ea-880c-9179c07bc858;2;;;
'2023-11-29';9df19e70-7f58-11ec-b749-d973cde616e0;2;;;
'2023-11-29';17449bb0-0d80-11ec-aebc-71bd723eb1f8;2;;;
'2023-11-29';01add9b0-6163-11ec-a529-55acd510fc9a;2;;;
'2023-11-29';9aa7c240-6f01-11ee-b90c-43bf9a5a5ffc;2;;;
'2023-11-29';c510fe80-4728-11e9-935b-a78ce399b5c8;2;;;
'2023-11-29';3d6a5bc0-f886-11ed-b624-3d92a4179f96;2;;;
'2023-11-29';bb702930-03c6-11eb-8aab-41d9fa53bef0;2;;;
'2023-11-29';29bcb510-09ce-11ee-a114-073c1e11f29e;2;;;
'2023-11-29';d1c62570-8d09-11ee-b572-69ad41bf610c;2;;;
'2023-11-29';42d840b0-ff83-11ec-9ea4-bf6bb1bb641f;2;;;
'2023-11-29';3bcd9980-21f8-11ee-a022-69d45fe35b12;2;;;
'2023-11-29';38bea320-82a0-11ee-ad1e-910e622cef36;2;;;
'2023-11-29';1e968b90-252e-11ee-b7b2-a74fba68f738;2;;;
'2023-11-29';480f7b40-61f5-11ee-8942-3be76955a51c;2;;;
'2023-11-29';6fc39270-57e7-11e8-b8eb-5dd751d2ca2c;2;;;
'2023-11-29';4f52f870-35e3-11ee-be0f-236b4a7aae6b;2;;;
'2023-11-29';f9d41990-83aa-11ee-b0e8-378655dc29f6;2;;;
'2023-11-29';f488faa0-539e-11ee-b341-cfe3c25e5d51;2;;;
'2023-11-29';6b59cff0-18d9-11eb-a819-bdd94c6f9988;2;;;
'2023-11-29';5906bfa0-511d-11ee-9520-57772194dda1;2;;;
'2023-11-29';f71e9ff0-7698-11ee-ba46-e3464bf649a1;2;;;
'2023-11-29';0b2c4690-7d2f-11ee-97b0-3381a09dccb5;2;;;
'2023-11-29';fcb8fe10-86ec-11ee-b61f-57b6f535b344;2;;;
'2023-11-29';bf07d300-a3e6-11ed-bcd5-cf87783ff67e;2;;;
'2023-11-29';23e2a550-d2ab-11ed-8c4f-035ca46fa6df;2;;;
'2023-11-29';b8490a40-3378-11ed-ae76-3fb834826ea2;2;;;
'2023-11-29';af142b30-4114-11ee-a7af-95b819bc48f9;2;;;
'2023-11-29';319d60c0-d4b5-11ed-b3f1-075c94612de9;2;;;
'2023-11-29';68469ad0-1d79-11ee-9d95-07788ad80e8d;2;;;
'2023-11-29';9ea21d90-266f-11e8-bdcc-8bfb8cd4ee41;2;;;
'2023-11-29';bd60de30-970b-11ed-93bb-ffee1c050103;2;;;
'2023-11-29';a3571100-31c3-11ee-814a-7d416b5c6a38;2;;;
'2023-11-29';db051bc0-93a7-11ed-95d3-979ead0f2a89;2;;;
'2023-11-29';1f32e320-488d-11ec-8f72-dbd0db7a928a;2;;;
'2023-11-29';af9a0610-1f7e-11ec-b613-9de6d222c569;2;;;
'2023-11-29';2f3014e0-ff8b-11ec-8225-57f11fa5eec3;2;;;
'2023-11-29';9eddf5e0-ed70-11ed-afc8-2dc5114cafbf;2;;;
'2023-11-29';86e5c640-461f-11ee-ba8a-5903c444946b;2;;;
'2023-11-29';d234f070-2821-11ed-9ce0-b7a9dd423e66;2;;;
'2023-11-29';3c6139d0-5007-11eb-a658-319eb0c39232;2;;;
'2023-11-29';19a19e60-7b26-11ee-a843-2d3b11ba4a43;2;;;
'2023-11-29';a2f8b9e0-0c06-11ed-ad2e-4b827ff888b8;3;;;
'2023-11-29';8aca5ab0-4c2d-11ed-ba4f-3339b0969613;3;;;
'2023-11-29';5cadd100-3d17-11ec-8fe3-975ff41ee3ba;3;;;
'2023-11-29';260751c0-869f-11ee-ba23-c5f56e410512;3;;;
'2023-11-29';d6cf4590-6ff6-11ee-a207-a7a98ca00dde;3;;;
'2023-11-29';704fa250-c082-11ea-bb43-c1bfd3d804d5;3;;;
'2023-11-29';95fcc140-6831-11ee-bc94-879d3c68d9f9;3;;;
'2023-11-29';e3aa2b10-57a3-11ee-bd5a-f72794fcf488;3;;;
'2023-11-29';c6d9df70-56b5-11ed-9474-475865b6547c;3;;;
'2023-11-29';d4021a30-2fd1-11eb-a413-8d939cea62b3;3;;;
'2023-11-29';8a1d6320-89e2-11ee-ad3a-9705f752be4b;3;;;
'2023-11-29';6b765430-e9b6-11ed-ae1c-43b9f0b4649c;3;;;
'2023-11-29';c3cc73f0-728f-11ee-951b-25fd306d7297;3;;;
'2023-11-29';81db4a90-7260-11e9-9863-b7b7a001ac3e;3;;;
'2023-11-29';d607cb00-8eaf-11ee-b887-21bef6b20053;3;;;
'2023-11-29';44674510-b762-11ed-b5d9-537e5c9fddfc;3;;;
'2023-11-29';bfb1b590-4dd9-11ed-84ed-6baa0af96a39;3;;;
'2023-11-29';ccf41470-9163-11eb-81d9-1daa2227a896;3;;;
'2023-11-29';2a349520-4094-11ed-a841-17957a2c0e5d;3;;;
'2023-11-29';cb1ee610-26eb-11e8-b934-6bbbc6fca064;3;;;
'2023-11-29';83dc6ec0-5dec-11ed-a7f8-43cd2dca137b;3;;;
'2023-11-29';dfbcb770-4958-11ed-a1f5-4f697baada95;3;;;
'2023-11-29';ae7a1b50-8337-11eb-a24f-f5b770ce9946;3;;;
'2023-11-29';0f362790-ca04-11ec-a4db-b3e333908277;4;;;
'2023-11-29';60355210-28de-11eb-aa02-c3649cfe7f71;4;;;
'2023-11-29';656f6310-f674-11eb-bcc7-0def8037b576;4;;;
'2023-11-29';39184740-cf27-11ed-a14b-51ff800a2225;4;;;
'2023-11-29';32a348d0-bb12-11ec-ae2d-bdcd8744f10c;4;;;
'2023-11-29';5e6a2260-0edc-11eb-bd61-6b3aa71dd6cf;4;;;
'2023-11-29';c0e0bc50-41d4-11ee-b2b0-03778352b313;4;;;
'2023-11-29';1d265690-099d-11ec-8c1f-279bde56d3d4;4;;;
'2023-11-29';54954880-4fc3-11ed-a2ff-35e907aad3c8;4;;;
'2023-11-29';1a8a1fd0-7fe9-11ec-a572-bb92cc341c6b;4;;;
'2023-11-29';3f69ee50-2c0c-11ed-be50-6fb693743b92;4;;;
'2023-11-29';58e99b50-7567-11ee-a634-e11ebbef9a24;4;;;
'2023-11-29';2930c930-abdc-11eb-8df9-8965a0e5a92b;4;;;
'2023-11-29';4b29d4d0-2e0c-11eb-bdcb-f373866a326f;4;;;
'2023-11-29';e229cba0-68c5-11ee-8852-478014742045;5;;;
'2023-11-29';35b8cc30-85cc-11ee-8375-3d86e2f2c59b;5;;;
'2023-11-29';9ee70fe0-8e8d-11ee-b34f-69410cc21841;5;;;
'2023-11-29';6261b740-7872-11ee-961f-5517ccf7abcc;5;;;
'2023-11-29';6723b850-ecea-11ed-a504-498d4d859427;5;;;
'2023-11-29';6d8da660-a282-11eb-a6f8-75f96cb40610;5;;;
'2023-11-29';82712da0-6656-11ee-8ec4-1512b411dbd9;5;;;
'2023-11-29';75dd60c0-8ea3-11ee-88a1-d142d69bb570;5;;;
'2023-11-29';9d657c50-6965-11ec-a4a9-912dae094ad1;5;;;
'2023-11-29';510bba50-5c56-11ee-bcee-c9f46ad93bee;5;;;
'2023-11-29';f7396900-4785-11ec-8aaf-3182e40824ab;5;;;
'2023-11-29';63fae3d0-9bc6-11ed-b472-c983de5c443f;6;;;
'2023-11-29';07008890-ea42-11ed-9a53-0f6e03e3ccf8;6;;;
'2023-11-29';375f4e70-a9f4-11ec-b0f4-375f163c4be0;6;;;
'2023-11-29';e94b3f20-6345-11ee-9b1b-7985eb1a6cef;6;;;
'2023-11-29';7622f9e0-2527-11ee-8c8e-6dddf7fb22c7;6;;;
'2023-11-29';f014c2e0-8249-11ee-b69c-9788c013357b;7;;;
'2023-11-29';07207330-8e02-11ee-9d5a-0d6435a31c18;7;;;
'2023-11-29';48e27e60-8a94-11ee-a273-af928caa8562;7;;;
'2023-11-29';a863fae0-82a6-11ed-86e6-6f0411edf921;7;;;
'2023-11-29';e4c316d0-8bdc-11ed-8d87-0bd1e42735fc;8;;;
'2023-11-29';3db82a10-1a66-11ee-908f-553062a53e04;8;;;
'2023-11-29';8440d590-e6fc-11ea-a842-65029eedd4ca;8;;;
'2023-11-30';c9fa1470-846f-11ee-97c8-a3d09174eb67;59;;;
'2023-11-30';e6905890-9336-11ed-afad-65b78fd6029e;10;;;
'2023-11-30';c15274d0-a36e-11ed-ac40-c39fdddeb0d3;26;;;
'2023-11-30';c0798cb0-77a3-11ee-a404-b9c869083f86;12;;;
'2023-11-30';5512da90-4aad-11ed-a31d-b3d165a134f1;18;;;
'2023-11-30';cd52c640-4ec2-11ee-8c82-d949aeea4d5b;13;;;
'2023-11-30';7f6e28d0-da65-11eb-ba4c-838bfeddbf04;10;;;
'2023-11-30';3c2d27c0-4fd6-11eb-b89f-2ffb31b67dd6;13;;;
'2023-11-30';e1c43d90-0407-11ed-9d90-99c6ea4693fe;11;;;
'2023-11-30';3db82a10-1a66-11ee-908f-553062a53e04;13;;;
'2023-11-30';a8ab2f60-0a95-11ee-a000-05acc753ce9d;32;;;
'2023-11-30';178b4de0-a8f6-11ed-826a-539c5e9897cb;14;;;
'2023-11-30';5e6c9a00-53ac-11ee-9180-63c3ed20ef5e;16;;;
'2023-11-30';d97c0c70-db68-11ec-91bb-890bdabdaa3e;12;;;
'2023-11-30';b0c4b750-4353-11ea-b71d-9325d41eec6a;11;;;
'2023-11-30';c62be960-7e64-11ee-9ec3-d3fce62405ab;10;;;
'2023-11-30';68550c00-532a-11ee-b7aa-ebc54d5ef239;15;;;
'2023-11-30';687339b0-549b-11ee-bae8-8b7a04a5bb59;13;;;
'2023-11-30';64b239c0-e33f-11ed-9e8a-0720496d6e5a;0;;;
'2023-11-30';61e6c490-7967-11ee-9f22-77deb2991625;0;;;
'2023-11-30';1c19cc30-d1b2-11ed-9a6f-41394e99a8d5;0;;;
'2023-11-30';04aa4b00-7d57-11ee-ab09-15405c574e24;0;;;
'2023-11-30';27578f90-2ea7-11ee-9fdf-2f0158ff8387;0;;;
'2023-11-30';1842af20-76f2-11ed-a5ce-fdabccc41894;0;;;
'2023-11-30';33864540-382f-11ee-a5a1-cfd5c6784c6b;0;;;
'2023-11-30';49d3a8f0-8e75-11ee-bea8-a7af0eb8f602;0;;;
'2023-11-30';de7960d0-8911-11ee-83d0-737d3811f16a;0;;;
'2023-11-30';14ce4290-8ee9-11ee-b3a8-43673259859a;0;;;
'2023-11-30';c49e8250-8f1d-11ee-9399-c13fc87e5647;0;;;
'2023-11-30';7bd68030-680e-11ee-a064-4f18e5211fda;0;;;
'2023-11-30';ece92dc0-8f34-11ee-af78-1965b22457e1;0;;;
'2023-11-30';ce79df20-e0fb-11ed-ae6e-e9ce17e234c0;0;;;
'2023-11-30';295e57a0-8731-11ee-8b57-1b5515413870;0;;;
'2023-11-30';3437e220-8dd9-11ec-8978-cfdc58e71213;0;;;
'2023-11-30';4a6293e0-8cf3-11ee-b6f3-17f4d6ef720e;0;;;
'2023-11-30';b70a7390-c332-11ed-9852-cd0858025da4;0;;;
'2023-11-30';f37fc460-de32-11eb-8054-3fb03dcea04c;0;;;
'2023-11-30';bc5f2580-8f28-11ee-87df-39a94c5c0b73;0;;;
'2023-11-30';995bb1b0-715b-11ee-9ac5-4b35b6b3dfb1;0;;;
'2023-11-30';c441bfa0-b880-11eb-9c24-c789e3357879;0;;;
'2023-11-30';0dc52390-8254-11ec-8f65-6784a8d46ba5;0;;;
'2023-11-30';b6107ca0-9713-11ed-a1ed-d980a789ad86;0;;;
'2023-11-30';9e78f610-8ee0-11ee-8473-7b8debb1129c;0;;;
'2023-11-30';37ac8f60-61a4-11ed-9995-6b120fa4305a;0;;;
'2023-11-30';37c5c020-dffd-11ed-ae8d-132864e3858b;0;;;
'2023-11-30';8da50cb0-9752-11ed-a852-fb7ee8cf777c;0;;;
'2023-11-30';f3fc15f0-2f99-11ee-9398-2d9947996fb6;0;;;
'2023-11-30';2400a120-70a1-11ed-948a-d18e97ec1d4b;0;;;
'2023-11-30';223b1fd0-dd25-11ea-b172-95ab068db7e5;0;;;
'2023-11-30';c7a5efc0-f2a1-11ec-9798-25de2b89f8d6;0;;;
'2023-11-30';9f5ef5e0-2e77-11ed-ab74-8d65ce62e8a3;0;;;
'2023-11-30';893f8fc0-60d8-11ed-93ac-bdc11d75942e;0;;;
'2023-11-30';16d15590-a7aa-11ed-85b5-a785b3dbd094;0;;;
'2023-11-30';a0206f60-889c-11ee-b634-67d7ef276015;0;;;
'2023-11-30';35e7b360-9103-11ed-bdd6-959d97c2fed2;0;;;
'2023-11-30';f71e9ff0-7698-11ee-ba46-e3464bf649a1;0;;;
'2023-11-30';5edda700-85b6-11ed-89db-791595c6dafe;0;;;
'2023-11-30';c44efdd0-2bdd-11eb-a6a8-374e84e5cb57;0;;;
'2023-11-30';0420dc40-44c2-11ed-9923-5b6794ed0313;0;;;
'2023-11-30';5484ed00-8867-11ed-a1e6-b7226ba6cd49;0;;;
'2023-11-30';113ecf10-8f3d-11ee-86b6-fdc69a4ec6f4;0;;;
'2023-11-30';956905f0-d5ce-11ec-af16-13a38daa0a74;0;;;
'2023-11-30';5d41d0c0-8cf3-11ee-92a9-5f9c501d66c0;0;;;
'2023-11-30';f3b11250-45d6-11ee-85a3-a91eabaffb34;0;;;
'2023-11-30';afd60a50-7406-11ee-bb47-bf571cc653cf;0;;;
'2023-11-30';db261210-8eee-11ee-8b0e-f76be6e1e204;0;;;
'2023-11-30';5a2fd310-269f-11e9-b9cc-c9119cc5f5fc;0;;;
'2023-11-30';f21e22d0-567f-11ed-ab53-0db2be12f6a3;0;;;
'2023-11-30';98114160-391b-11eb-8dab-a3737f162f40;0;;;
'2023-11-30';96387620-7d37-11ee-af01-e7daab1780b8;0;;;
'2023-11-30';1d903250-a20c-11ed-b434-11cf8087d6c5;0;;;
'2023-11-30';41666990-52d0-11ee-966a-a92b8d8b4193;0;;;
'2023-11-30';3266df50-5b74-11ed-9db1-fb9122b43b4b;0;;;
'2023-11-30';17fd4c60-de66-11ed-91a3-6f3d0c3fff9e;0;;;
'2023-11-30';fb0db6c0-eed8-11ed-b021-df7a31580d1c;0;;;
'2023-11-30';d464b0c0-8ce9-11ec-919b-bb5c673b6789;0;;;
'2023-11-30';e250e9a0-141e-11eb-8ff9-d355caa3d345;0;;;
'2023-11-30';0efccb20-8f39-11ee-a6ee-59773d260652;0;;;
'2023-11-30';cecce9a0-e1d6-11ed-9202-1122500419db;0;;;
'2023-11-30';78a88f70-3271-11ee-b974-05079b086b85;0;;;
'2023-11-30';099145c0-8dfa-11ee-8f2a-b777f4dce71d;0;;;
'2023-11-30';4e5d00c0-8cf8-11ee-81eb-9f3df060168b;0;;;
'2023-11-30';a12f0dd0-78c5-11ee-b9ab-c73848c5cc7f;0;;;
'2023-11-30';aa859f30-8f30-11ee-9cfb-1189c465f029;0;;;
'2023-11-30';60889c50-8f2d-11ee-a6d4-b18b00d60689;0;;;
'2023-11-30';f389d150-b7e6-11ed-8ad1-455c63298437;0;;;
'2023-11-30';d9a53120-5648-11ee-a608-0d3249132a5e;0;;;
'2023-11-30';cfbce6c0-9d54-11ec-8487-dbe8a6f96ab0;0;;;
'2023-11-30';c3301160-6761-11ee-8ab3-7d558c5109c5;0;;;
'2023-11-30';aa1eb080-4088-11eb-a3a9-8935a1450f5b;0;;;
'2023-11-30';a0d5dfb0-2462-11ee-9d1f-633dd78dc168;0;;;
'2023-11-30';503fa640-8f23-11ee-8be3-85a117fe452d;0;;;
'2023-11-30';002bb460-2f65-11ed-851c-a5abf4597cd3;0;;;
'2023-11-30';c9318f40-8f2e-11ee-ab7d-ddf2d521d23a;0;;;
'2023-11-30';70afd9c0-8f5c-11ee-be73-31e6c5402ac8;0;;;
'2023-11-30';14ccb210-3803-11ed-b7f7-03b832d8f9c6;0;;;
'2023-11-30';55db3fd0-56dc-11ee-8086-edde58c711df;0;;;
'2023-11-30';f34c93b0-5123-11ec-92e7-11c74be9c5d0;0;;;
'2023-11-30';ea9e33b0-8f31-11ee-9f07-89d71c79a6e7;0;;;
'2023-11-30';60c8ac30-56fe-11ee-a6c0-a35966fc3f77;0;;;
'2023-11-30';5549f370-eed4-11ec-844a-37590d323efc;0;;;
'2023-11-30';4aad3f00-8f44-11ee-a703-15efa5613e15;0;;;
'2023-11-30';60de2a40-8ec8-11ee-a9b4-15448259f3d1;0;;;
'2023-11-30';494503c0-6684-11ee-acc2-952e3fda76ce;0;;;
'2023-11-30';3ac65380-eeda-11ec-9833-373f45afde51;0;;;
'2023-11-30';2d8f8e10-8f5c-11ee-a724-2fe8ae58c789;0;;;
'2023-11-30';15afd5d0-f613-11ed-bf4e-c978868cb8ce;0;;;
'2023-11-30';d6e11b10-7a16-11ee-8587-897dfc9f3dd2;0;;;
'2023-11-30';c5c64ce0-88f0-11ee-8000-35e661bd17f0;0;;;
'2023-11-30';e1c15380-698e-11ee-aad1-3d54b501aa9e;0;;;
'2023-11-30';341ad100-fccd-11eb-8c9c-b5b45cbb5067;0;;;
'2023-11-30';c500c5f0-06ba-11ee-9a7c-917c03b0e6f0;0;;;
'2023-11-30';20201ef0-9942-11ec-9c88-3f7de2a5ab08;0;;;
'2023-11-30';ce23d390-8f89-11ee-8d3b-2d08e7a5e63c;0;;;
'2023-11-30';97f2b2a0-8200-11ee-8c66-93aa07d9a2ab;0;;;
'2023-11-30';936e3110-faaa-11ed-a140-d74e46de1cd2;0;;;
'2023-11-30';d8157db0-2b95-11ea-880c-9179c07bc858;0;;;
'2023-11-30';7a0acd40-82af-11ee-b1e2-dd7efd5336df;0;;;
'2023-11-30';daa888d0-f4cb-11ed-8a53-451d09597401;0;;;
'2023-11-30';df1d21a0-bdb5-11ea-8092-71a29941a8ed;0;;;
'2023-11-30';a37b0d40-270e-11ee-8e44-d51a412c3f36;0;;;
'2023-11-30';b379c220-718e-11ee-bece-f90cc1421d4a;0;;;
'2023-11-30';75f57da0-ded0-11ed-ab46-d13f0bfcee57;0;;;
'2023-11-30';3f8f4dc0-8f17-11ee-9e74-e78b9918e4b9;0;;;
'2023-11-30';69e68ea0-cc79-11ed-a8f4-6dbcadbdc6a8;0;;;
'2023-11-30';f01d50a0-5cf5-11ee-bc0e-095eeec6ef74;0;;;
'2023-11-30';bbf54de0-8f2d-11ee-aa50-554a486f22b4;0;;;
'2023-11-30';7abad720-297d-11ee-8411-37f4d16b6d62;0;;;
'2023-11-30';42334680-6e5b-11ee-ac43-134676d3ef27;0;;;
'2023-11-30';85eda970-8f43-11ee-b272-f763661fb295;0;;;
'2023-11-30';2fe75340-8eb8-11ee-ba10-e39bd8303901;0;;;
'2023-11-30';2da1e890-7620-11ed-abc8-f54409717b0f;0;;;
'2023-11-30';11c0a930-acf4-11ed-9fb1-5fbb02c2397b;0;;;
'2023-11-30';1f349fe0-8750-11ee-91ec-af94c1a23928;0;;;
'2023-11-30';e2082830-8cc7-11ee-b786-1971426eb2f2;0;;;
'2023-11-30';28234cd0-52be-11ee-8438-dfcf34dc079c;0;;;
'2023-11-30';38ca1f90-8efb-11ee-83a1-75d5a1604507;0;;;
'2023-11-30';4ae3de40-b735-11ec-965b-4bf532c89b23;0;;;
'2023-11-30';763f3240-8931-11ee-9dfa-6f09e326090b;0;;;
'2023-11-30';0f52e1c0-8f36-11ee-8032-01770c94250c;0;;;
'2023-11-30';3afdc370-8f32-11ee-894c-fb03e10d0a45;0;;;
'2023-11-30';46e5ced0-8ed8-11ee-8d33-ad4977bb49c0;0;;;
'2023-11-30';486c2550-7eff-11ec-8685-6dc7d9eb0d9d;0;;;
'2023-11-30';9d43ad60-78c6-11ee-b4ad-b7c65e6dcfa8;0;;;
'2023-11-30';766fcff0-6795-11ec-bc56-dbe773a8e784;0;;;
'2023-11-30';01eb3b00-113b-11ee-bb03-319d0e12a46a;0;;;
'2023-11-30';5656f7e0-85e1-11ee-8cd5-f34a39b8bb25;0;;;
'2023-11-30';3d2a2e30-7ebc-11ee-b8aa-5f5be227a255;0;;;
'2023-11-30';18d6bbc0-1a17-11ee-a642-63c85a1cf94e;0;;;
'2023-11-30';510dd8c0-5cfc-11ee-8a47-f95ef282204a;0;;;
'2023-11-30';1dcf6bf0-8ee2-11ee-8a75-610a9ad64f8d;0;;;
'2023-11-30';7b73b210-8ea2-11ee-9226-11672064c46a;0;;;
'2023-11-30';f7b384b0-4b9d-11ee-8dff-e17d6adaae2b;0;;;
'2023-11-30';debc0c10-e4ff-11e9-ae89-21fc33adff6f;0;;;
'2023-11-30';f031fab0-9b11-11ed-a204-07b61f48135e;0;;;
'2023-11-30';21398910-6012-11ed-bfe8-c3d367746dc5;0;;;
'2023-11-30';48e27e60-8a94-11ee-a273-af928caa8562;0;;;
'2023-11-30';b691c7e0-7f81-11ee-9080-6d8604be1b10;0;;;
'2023-11-30';c9a3a830-03e6-11ec-94de-fb199350c024;0;;;
'2023-11-30';5b6e24c0-12e1-11ed-bb7a-819582b3bcb0;0;;;
'2023-11-30';45152830-f10f-11eb-94d2-3b1b0d61e40d;0;;;
'2023-11-30';e066e4d0-16fd-11ed-b7b0-47b2474cb7da;0;;;
'2023-11-30';5ca17180-6f38-11ee-a0d8-250f1703d8df;0;;;
'2023-11-30';9133e5a0-878d-11ee-99b3-099310f83ae4;0;;;
'2023-11-30';56352440-2264-11ec-8be0-c1c90f36b6f2;0;;;
'2023-11-30';c89fec90-29ca-11ed-8e97-8f4179588fa1;0;;;
'2023-11-30';a68de380-8f01-11ee-8884-7508ca37446d;0;;;
'2023-11-30';3842c750-8f20-11ee-b43e-5dd1ab285124;0;;;
'2023-11-30';caa608d0-738b-11ec-9bd3-4d9c9c0c7fec;0;;;
'2023-11-30';75b20420-0d69-11eb-8c71-d7addfc31ca7;0;;;
'2023-11-30';74812c30-2c37-11ee-9f84-51b7a86094a3;0;;;
'2023-11-30';585ef170-8463-11ee-88dc-dbd8d5824f16;0;;;
'2023-11-30';9d657c50-6965-11ec-a4a9-912dae094ad1;0;;;
'2023-11-30';614ecba0-46cc-11ed-ad6b-0d439fd92755;0;;;
'2023-11-30';17ef2390-d33f-11ea-8923-e9987a7d3c58;0;;;
'2023-11-30';cddb3970-195e-11ed-b890-e5ca2d98f850;0;;;
'2023-11-30';e1178070-dcc3-11ec-8984-638db29105f4;0;;;
'2023-11-30';abbaa9d0-3117-11ee-8803-fb6aac9e487d;0;;;
'2023-11-30';5968ee30-8b44-11ee-85b0-f732dec5f176;0;;;
'2023-11-30';3f35b8e0-101f-11ee-82db-d9eb8e0d664b;0;;;
'2023-11-30';82d27e80-448b-11ee-90cd-538c962db324;0;;;
'2023-11-30';b2d9b190-a47a-11ed-8800-7f0b6be9ce29;0;;;
'2023-11-30';ef609f50-0684-11ed-9ca0-f3eca5e64f25;0;;;
'2023-11-30';33f30d60-8479-11ee-8b34-0b53ffb94fe6;0;;;
'2023-11-30';fdb1cca0-7853-11ed-a78c-ed0675c839ba;0;;;
'2023-11-30';9d83ebb0-8eb4-11ee-86da-47fab4f4ead6;0;;;
'2023-11-30';48c85a10-4db2-11ec-a357-3b60f35a8119;0;;;
'2023-11-30';d6319b80-5ba9-11ee-ba7a-1b62d370ba72;0;;;
'2023-11-30';2ed778c0-8f9b-11ee-95c0-111c2541b877;0;;;
'2023-11-30';b04aef00-cd0a-11eb-b0c0-1d6cb3ce7d4e;0;;;
'2023-11-30';e03f6190-69a2-11ea-a9a5-51de07e8ae4e;0;;;
'2023-11-30';e8ef2010-81d6-11e8-82b4-0ff3ffcd5726;0;;;
'2023-11-30';47c90e80-7a82-11ee-9397-93f94e7a026a;0;;;
'2023-11-30';678a7c80-0a4e-11ee-bf7c-77d63590c7e6;0;;;
'2023-11-30';7a7e6930-57c6-11ee-8ae8-c951d28f2e3d;0;;;
'2023-11-30';a5acc7a0-8935-11ee-bbdf-cbc299aa3c98;0;;;
'2023-11-30';6102ab80-8f73-11ee-8584-6f35faa16db6;0;;;
'2023-11-30';f7324070-8f2d-11ee-bd10-5700ecd102cd;0;;;
'2023-11-30';0f1bb400-71c2-11eb-82f3-b16cf7241492;0;;;
'2023-11-30';9a1bb5a0-2670-11e8-bfc6-df51f8419a76;0;;;
'2023-11-30';bba0d9c0-771a-11ee-b367-a7370dd10fd2;0;;;
'2023-11-30';850920c0-883b-11ee-83f2-b96df9a3fdac;0;;;
'2023-11-30';90694410-2f24-11ee-82be-ed4d2f30ad09;0;;;
'2023-11-30';6bd0bd40-6bec-11ee-817d-970b3050132a;0;;;
'2023-11-30';e7bc3a80-50fe-11eb-a9ec-fd8ba365ade3;0;;;
'2023-11-30';2c16a2c0-4336-11ee-b7ab-f9cc7a3a275c;0;;;
'2023-11-30';382484b0-4976-11ee-920e-2dc0028340f6;0;;;
'2023-11-30';d1c62570-8d09-11ee-b572-69ad41bf610c;0;;;
'2023-11-30';c2f1a090-20d9-11ec-ae8d-a9f736223bb6;0;;;
'2023-11-30';2a3f4ab0-8a03-11ee-9705-655b9ea6ba89;0;;;
'2023-11-30';f7c42270-d75d-11ed-97f9-b9552bc26c77;0;;;
'2023-11-30';7002dd40-8f22-11ee-85b7-7565760341f4;0;;;
'2023-11-30';5aed7dd0-ffd6-11eb-b388-b586eff13796;0;;;
'2023-11-30';7c0ee240-6732-11ee-b199-274b03b902da;0;;;
'2023-11-30';303ac730-680f-11ed-bc64-e162e43d294c;0;;;
'2023-11-30';6b848100-63f4-11ee-94c1-cd564f70789a;0;;;
'2023-11-30';070f2580-8efc-11ee-b42f-d1007bbc20ed;0;;;
'2023-11-30';9b1b10e0-8f97-11ee-9e5d-472ce6310de5;0;;;
'2023-11-30';70f10d90-7a23-11e8-b476-29defa5a917d;0;;;
'2023-11-30';ff847860-b685-11ec-988b-f7bc901f6613;0;;;
'2023-11-30';0c1031e0-e4a8-11ed-9e2b-e9731131cca2;0;;;
'2023-11-30';704fa250-c082-11ea-bb43-c1bfd3d804d5;0;;;
'2023-11-30';7abbb2a0-7e0d-11ee-9c0f-d582c0cbde2c;0;;;
'2023-11-30';edc87710-77c3-11ee-a9a5-671c2efb6652;0;;;
'2023-11-30';479cd540-8f45-11ee-b609-c95c4552986c;0;;;
'2023-11-30';cbb2af70-a51a-11eb-bc9a-9b8287359b8f;0;;;
'2023-11-30';37bdafa0-7483-11ee-95b7-3dc1e9733051;0;;;
'2023-11-30';0961c7e0-b7ff-11ed-9801-fff3638f9c79;0;;;
'2023-11-30';0386fc50-848c-11ee-9abf-3d241d5f1ad8;0;;;
'2023-11-30';9ddab5c0-3543-11ec-9a47-bf6ea67e4173;0;;;
'2023-11-30';df09eba0-8fa1-11ee-8b7c-0b2014de516a;0;;;
'2023-11-30';71d06080-f633-11ed-b525-0f6a37bdae54;0;;;
'2023-11-30';e6679ec0-2ebc-11e8-a277-534c066c029e;0;;;
'2023-11-30';bb9e3ac0-d046-11ec-a546-85352fec3166;0;;;
'2023-11-30';327a5c40-33e4-11e8-990f-3f98404a54e1;0;;;
'2023-11-30';f504e7a0-cc76-11ed-b0a2-d1fd1b5324c1;0;;;
'2023-11-30';e4de1be0-fbb0-11ec-97e6-09c581443073;0;;;
'2023-11-30';5c8fb3d0-8726-11ea-9c21-456466889cff;0;;;
'2023-11-30';466fbf60-fa36-11ed-a14a-67347299561e;0;;;
'2023-11-30';274eb530-26c0-11ee-b069-5d5623edd812;0;;;
'2023-11-30';a98158f0-8f0c-11ee-9b7c-219580dcb860;0;;;
'2023-11-30';3ae0c6c0-8f4c-11ee-8395-c93a58650029;0;;;
'2023-11-30';ea37dbe0-0b19-11ec-9803-ff529780dc0c;0;;;
'2023-11-30';0206fb50-011f-11ee-adb4-9f510e5d0c8c;0;;;
'2023-11-30';28a70d20-916e-11ed-b4cc-134d52c5124a;0;;;
'2023-11-30';4db08030-8f81-11ee-b9e7-2f0736bdf967;0;;;
'2023-11-30';80f6a4c0-8f99-11ee-bfab-196e4d83ccac;0;;;
'2023-11-30';55b41630-8dfa-11ee-b4fa-197bde110d8a;0;;;
'2023-11-30';c15ac320-99b3-11ed-aae3-c93de4bc23f8;0;;;
'2023-11-30';ed814c00-223c-11ee-b892-13192efe75f9;0;;;
'2023-11-30';71db6110-8f12-11ee-a526-85f6fa625175;0;;;
'2023-11-30';8266ef70-1a2c-11ec-b704-41a808bd4303;0;;;
'2023-11-30';e4098a30-e845-11eb-b5bb-9584f9992d62;0;;;
'2023-11-30';7048a140-e582-11ec-8d0e-f78e45bdf7d6;0;;;
'2023-11-30';c510fe80-4728-11e9-935b-a78ce399b5c8;0;;;
'2023-11-30';a4334ee0-8cd6-11ee-87cb-1b3b1e3ce70f;0;;;
'2023-11-30';cdc920e0-e74a-11ed-9a9a-17b27ddc1b10;0;;;
'2023-11-30';8c4e75b0-8f4d-11ee-b9b0-1533f2894884;0;;;
'2023-11-30';155914f0-2784-11ee-8305-c5dab675b362;0;;;
'2023-11-30';faf35a50-87dc-11ec-af1c-ff211b07ed9a;0;;;
'2023-11-30';f60c5360-cd64-11ed-bf3f-87b39a04cf7f;0;;;
'2023-11-30';015f60d0-0529-11ee-8894-35c927d4f1a0;0;;;
'2023-11-30';8fd9a040-1001-11ee-94aa-8310522436ac;0;;;
'2023-11-30';938550a0-60dd-11ed-94d2-0958f9e80160;0;;;
'2023-11-30';c061d420-1efd-11ee-a34d-73ebe175cf79;0;;;
'2023-11-30';b05e46a0-312a-11ee-9b16-3fdc26b7aaba;0;;;
'2023-11-30';803b8700-9d1d-11ec-8f20-e74c0e25f6af;0;;;
'2023-11-30';5e45a6b0-0f1b-11ed-8f8f-e7057cff0cb2;0;;;
'2023-11-30';6a49c000-6d67-11ec-bffd-47ea3ed78031;0;;;
'2023-11-30';7422d5f0-4559-11ee-8887-55aa3a8ef55d;0;;;
'2023-11-30';fe5fd5b0-0bd0-11ed-be82-ad119822f39d;0;;;
'2023-11-30';36f233e0-4c63-11ee-b0b1-836cea63acd0;0;;;
'2023-11-30';f74b4fe0-8eef-11ee-869a-9f43a77cd8f2;0;;;
'2023-11-30';142b4bb0-a611-11ed-8266-116108d57945;0;;;
'2023-11-30';d7a78690-89f4-11ee-9cf0-77f92d0cc626;0;;;
'2023-11-30';f487ad20-51bb-11ed-8b5d-790907ccf4e0;0;;;
'2023-11-30';b54ce1f0-f074-11ec-ba12-1f525c58d746;0;;;
'2023-11-30';5f58c470-2450-11ed-8855-659049a85b12;0;;;
'2023-11-30';643496a0-e281-11ed-9017-9762a192c6ca;0;;;
'2023-11-30';ca9a72e0-829d-11ee-8118-89306161f89a;0;;;
'2023-11-30';86955000-7af2-11ed-a2dc-fb8288401deb;0;;;
'2023-11-30';93420480-7e1e-11ee-8a89-1d395dfef3e2;0;;;
'2023-11-30';649ea260-7af8-11ee-970f-8db9a44f97a0;0;;;
'2023-11-30';a2409ea0-836a-11ee-b415-c79d48fe04c7;0;;;
'2023-11-30';e9394e30-9c5a-11ed-b8fa-d77392adceaf;0;;;
'2023-11-30';505e7970-4654-11ee-9c09-fd72eaa97cf6;0;;;
'2023-11-30';f54e2800-9bd6-11ed-9125-ab86006389ce;0;;;
'2023-11-30';928b0ef0-8842-11ee-a662-bfdc6c60d1eb;0;;;
'2023-11-30';916cc050-37f6-11ee-8dde-c761a6368858;0;;;
'2023-11-30';f4bd6f70-10b3-11ee-b36c-8da5f8bd4dc0;0;;;
'2023-11-30';f4c755a0-255b-11ee-b401-5b9b4bdb3fb5;0;;;
'2023-11-30';124282b0-2f72-11ee-9b58-5738315d91fa;0;;;
'2023-11-30';7ba487f0-5041-11ed-a25d-25ddd1545087;0;;;
'2023-11-30';a5f4fc40-3517-11ee-838e-e51c7695bc85;0;;;
'2023-11-30';07d15e10-8f3e-11ee-80f8-35018e7e2bc6;0;;;
'2023-11-30';339f96f0-877e-11ee-97d3-2fb903aca7e5;0;;;
'2023-11-30';0a54b9f0-6a65-11ee-bf89-77b46f9d2e7f;0;;;
'2023-11-30';3922de20-2141-11ec-b8ad-63d1e0142865;0;;;
'2023-11-30';73b23490-6a1c-11ec-81a9-b3630b7de1a5;0;;;
'2023-11-30';846861d0-8f6b-11ee-8ed7-47e06ec7d519;0;;;
'2023-11-30';38bea320-82a0-11ee-ad1e-910e622cef36;0;;;
'2023-11-30';e2d3be20-8f4f-11ee-8682-99ec931f0127;0;;;
'2023-11-30';7b872470-e22e-11ec-8a6c-9d92429ead78;0;;;
'2023-11-30';74e2ae80-bfff-11ea-a148-57e8a986b438;0;;;
'2023-11-30';5f95b3f0-6403-11ee-a947-d7e42f925c95;0;;;
'2023-11-30';c72ddbc0-6034-11ec-a2a5-85ec95d9725f;0;;;
'2023-11-30';25180f40-0b5a-11ee-902b-0b553edd19aa;0;;;
'2023-11-30';c3b38280-877c-11ee-bf46-37e49264a48b;0;;;
'2023-11-30';1cd40f00-26d1-11e8-aed5-87569c2029e9;0;;;
'2023-11-30';a863fae0-82a6-11ed-86e6-6f0411edf921;0;;;
'2023-11-30';10f98880-8f18-11ee-8d90-5ff09b206ffb;0;;;
'2023-11-30';4d176430-8f23-11ee-907c-49e34111ae19;0;;;
'2023-11-30';7e3361a0-1ff1-11ee-a25a-7de3d9fd9f7f;0;;;
'2023-11-30';bc519200-5580-11ec-8490-bddb6154694a;0;;;
'2023-11-30';7a88d920-7f89-11ee-ad44-39adfcd24fea;0;;;
'2023-11-30';4d7da470-8f41-11ee-bb36-cf9cd3204e05;0;;;
'2023-11-30';4e3daf80-50cc-11ee-9ebe-591999f6a7a6;0;;;
'2023-11-30';823fa620-6a63-11ee-a621-53985e61effe;0;;;
'2023-11-30';405012f0-423a-11ee-9ce8-4d8302e7dcc8;0;;;
'2023-11-30';68c5d770-0f96-11ec-bc22-2fcf25d4e60c;0;;;
'2023-11-30';0bf336b0-822a-11ee-96b9-b7eb5535a403;0;;;
'2023-11-30';00ca1e60-8f91-11ee-9c9f-3fd092d10dc6;0;;;
'2023-11-30';11f3ca70-2582-11ee-98f2-d1d7b6bdc61c;0;;;
'2023-11-30';718ef8a0-1e21-11e9-ba7f-639f3b9a8466;0;;;
'2023-11-30';79ab23a0-8f3d-11ee-b12e-49d4c5b5f8be;0;;;
'2023-11-30';32b3ba10-33a2-11eb-8aee-8751efd2dc63;0;;;
'2023-11-30';3adeee80-5131-11ee-b640-6f4a6f09b5a3;0;;;
'2023-11-30';8440d590-e6fc-11ea-a842-65029eedd4ca;0;;;
'2023-11-30';15f570b0-a531-11ec-a519-075a1edcd694;0;;;
'2023-11-30';278e29f0-0727-11ec-831d-195eaa84618f;0;;;
'2023-11-30';2418ed40-e322-11ed-a3c3-39019ef4fa21;0;;;
'2023-11-30';06156c60-564a-11ee-9e42-b3913ca46edc;0;;;
'2023-11-30';d6894910-8f49-11ee-86e0-4f8973e1c127;0;;;
'2023-11-30';186719c0-8f36-11ee-9a9b-db2f9d048479;0;;;
'2023-11-30';83dc6ec0-5dec-11ed-a7f8-43cd2dca137b;0;;;
'2023-11-30';4dccd020-8ee4-11ee-98d2-3bd85837c27e;0;;;
'2023-11-30';c0bf7a40-cf79-11ed-9d75-0f3c87570953;0;;;
'2023-11-30';b7c25230-03ba-11ee-ab45-7d292ceed422;0;;;
'2023-11-30';8551ba00-6532-11ee-bfca-0934205625dc;0;;;
'2023-11-30';9ecc80f0-5ff9-11eb-a254-9787f5eaa33a;0;;;
'2023-11-30';34061640-095f-11ec-8e63-4b3c41117f08;0;;;
'2023-11-30';50c7c740-7b79-11e9-9226-3f120cba0247;0;;;
'2023-11-30';da5b9a70-b416-11ed-acc2-4f2040779555;0;;;
'2023-11-30';b91d4690-d9f2-11ed-8e3e-ffd9d6e321dd;0;;;
'2023-11-30';9c8b8a50-7531-11eb-9d56-ad5d73c2050d;0;;;
'2023-11-30';4b9cea70-f667-11e9-85bf-232af0490b00;0;;;
'2023-11-30';7d9e7de0-4d52-11ee-b40d-9357accae72d;0;;;
'2023-11-30';b90f0730-8ec7-11ee-a7ff-87fc0de7ca0e;0;;;
'2023-11-30';afe913b0-71c0-11ec-a39a-1d0894f5a843;0;;;
'2023-11-30';bf303620-794b-11ee-9d34-052ecb4178fa;0;;;
'2023-11-30';fe2281f0-8db7-11ee-806d-2936e1228afd;0;;;
'2023-11-30';605068d0-dc45-11ed-9d44-810786957f5c;0;;;
'2023-11-30';bdd813d0-2b65-11ee-90dc-b3b8e3925412;0;;;
'2023-11-30';ff279b20-26b2-11e8-9c52-576cfffc5817;0;;;
'2023-11-30';cb63d1c0-8fa0-11ee-9cfd-25d311a22fbf;0;;;
'2023-11-30';05bf3030-f092-11ec-8780-971cccad7163;0;;;
'2023-11-30';bbab5e70-72a3-11ee-a221-75f90ae701fd;0;;;
'2023-11-30';ecf5f790-1fad-11ee-9551-9d503785d15b;0;;;
'2023-11-30';d8dc7bd0-dadc-11ea-8721-1f75b0088bd3;0;;;
'2023-11-30';2e399740-8f3c-11ee-94b3-894820a3bae0;0;;;
'2023-11-30';dd2ffdf0-2671-11e8-b53c-c18ebfb7a046;0;;;
'2023-11-30';b12e1180-8ee7-11ee-9b59-1be991f5ab6b;0;;;
'2023-11-30';becb7140-57be-11ed-9e59-75673d0d3d60;0;;;
'2023-11-30';8bdefb30-6759-11ed-922b-5b3d32d28343;0;;;
'2023-11-30';0176d5d0-eff3-11ed-8ea5-5f4c473eaf0a;0;;;
'2023-11-30';51dc3c40-69f3-11ec-848c-2714b3b1ce53;0;;;
'2023-11-30';5cbf6370-1f9c-11ee-bded-eba55a285c9b;0;;;
'2023-11-30';dcd3cd30-4515-11eb-a6e6-53639b157078;0;;;
'2023-11-30';6cd12bd0-9925-11ec-9765-cfe6d22adf4a;0;;;
'2023-11-30';5559b200-bc2b-11ec-94d7-d5cdeb7721e6;0;;;
'2023-11-30';0b86f4c0-da77-11ec-8910-b131eefe8863;0;;;
'2023-11-30';40202c10-6275-11ee-89b8-6b0881312274;0;;;
'2023-11-30';ebb74420-88f7-11ee-8260-69a0715044be;0;;;
'2023-11-30';e7669450-5b68-11ee-9359-b7e9cf3cd8d5;0;;;
'2023-11-30';116f5040-8ba0-11ee-b440-89525fe17bc2;0;;;
'2023-11-30';683f0670-6886-11ec-a526-4b0b4f7f77b1;0;;;
'2023-11-30';4b065740-f8b1-11ed-a0ea-43015548e4d6;0;;;
'2023-11-30';6b10f530-2f86-11ed-9187-b9f9b9a4db6d;0;;;
'2023-11-30';61b594e0-8a9e-11ee-b680-d5fec2bc3ce1;0;;;
'2023-11-30';9d0e2ac0-8f49-11ee-a4a8-87db8426c644;0;;;
'2023-11-30';49012eb0-7c56-11ee-80a6-f99982cce902;0;;;
'2023-11-30';28bc4050-6031-11e8-9366-cb66763dc667;0;;;
'2023-11-30';cae78bc0-0449-11ee-a68c-d7482786be21;0;;;
'2023-11-30';ee512000-172b-11ed-bc3d-49356233a5f3;0;;;
'2023-11-30';f7c16bf0-448d-11ee-9152-5d2cf8d23c8d;0;;;
'2023-11-30';cb77ea80-eafa-11ec-815a-913545fe7734;0;;;
'2023-11-30';2057fb80-8ef6-11ee-9b27-6335ae52e54b;0;;;
'2023-11-30';62480b80-7221-11ee-afa6-5d251983dd30;0;;;
'2023-11-30';4a4b54f0-65e1-11eb-8ef4-0344a67f1f47;0;;;
'2023-11-30';9f1decc0-8f9d-11ee-a829-5d9962365618;0;;;
'2023-11-30';44c40330-8d0a-11ee-a71e-a305d55c9a26;0;;;
'2023-11-30';574cd1b0-88e3-11ee-a43f-35aa32908baa;0;;;
'2023-11-30';fdffd420-5da6-11ee-a030-9dc64c38dc9a;0;;;
'2023-11-30';4489ecf0-06ae-11ee-b108-25bd69390add;1;;;
'2023-11-30';df985510-c2f2-11ed-acfb-fd18a64a4691;1;;;
'2023-11-30';c32a3840-6ea4-11ee-bd15-ab5b8e826605;1;;;
'2023-11-30';5f089140-3fde-11ed-8a99-5121a16b14dd;1;;;
'2023-11-30';22b3e1b0-9a1b-11ea-b96c-7991fc2207dc;1;;;
'2023-11-30';fe96e230-8beb-11ed-bf64-9bc42f907bb5;1;;;
'2023-11-30';559d3d10-8f5e-11ee-9d28-cd994ca47894;1;;;
'2023-11-30';164de610-5e07-11ee-a79c-b3bd607cf9b2;1;;;
'2023-11-30';c1a28c20-ba1f-11eb-98a9-ffa5882c14df;1;;;
'2023-11-30';e3b73680-68d2-11ee-94f8-e74144b3dd83;1;;;
'2023-11-30';956be840-a3f7-11ed-8895-a7377b592b57;1;;;
'2023-11-30';d8fc88b0-0380-11ee-a0f4-adf52e960519;1;;;
'2023-11-30';b00fbe70-57ab-11ee-9ce9-19e03b3377f4;1;;;
'2023-11-30';d6028620-87a4-11ee-bc70-43a05ec5df37;1;;;
'2023-11-30';07beec60-7f78-11ee-bfd8-011a27fc2937;1;;;
'2023-11-30';0020a4c0-7402-11ee-b7d6-418bdd68d3fb;1;;;
'2023-11-30';7a748970-61c6-11ed-875d-49478c0258f5;1;;;
'2023-11-30';e407e240-8f58-11ee-bfe9-2b96912a461e;1;;;
'2023-11-30';1d265690-099d-11ec-8c1f-279bde56d3d4;1;;;
'2023-11-30';ca4e0680-00af-11eb-ab14-ab6776f33f45;1;;;
'2023-11-30';11cd60d0-87a5-11ee-b9ff-c9859da0b9f8;1;;;
'2023-11-30';48e153d0-e249-11ed-95c5-9f032da39c9a;1;;;
'2023-11-30';4c1d8050-c63c-11e9-b5b7-1f936edb4e30;1;;;
'2023-11-30';7b3d2810-e585-11ed-a524-d983167b6653;1;;;
'2023-11-30';62bfe730-6e8a-11ee-ac29-9f6e169b060e;1;;;
'2023-11-30';322978b0-a7a2-11e9-a76a-a507233a89cd;1;;;
'2023-11-30';46948a80-88ed-11ed-b5a6-cb7582f5d1c5;1;;;
'2023-11-30';49cbc900-035c-11ed-8058-57ce40d0e90b;1;;;
'2023-11-30';86387650-cf2c-11eb-ab6a-5db1d96014ae;1;;;
'2023-11-30';c86322d0-43c2-11ed-93a5-8958ea89b78d;1;;;
'2023-11-30';9aa7c240-6f01-11ee-b90c-43bf9a5a5ffc;1;;;
'2023-11-30';e8dbeca0-8f65-11ee-8058-b75acff64d73;1;;;
'2023-11-30';b4d28780-046b-11eb-a7aa-2f3d29bb7930;1;;;
'2023-11-30';2dd6d120-208b-11ee-aa99-eb03f43375bd;1;;;
'2023-11-30';4c74dbc0-2494-11ed-a524-e5c8fdfa1659;1;;;
'2023-11-30';9c1c3bd0-15fc-11eb-bedf-8996c72fae43;1;;;
'2023-11-30';05310ce0-9366-11eb-a436-cd30cafffa59;1;;;
'2023-11-30';92ac93a0-8e77-11ee-ae84-81e0a72de0f3;1;;;
'2023-11-30';cbd2df00-a155-11ed-887b-9b0c7c513b72;1;;;
'2023-11-30';6792dcb0-c3f3-11ec-958f-33fa01cac1c8;1;;;
'2023-11-30';a8159f20-2f81-11ee-9bff-674b29168c50;1;;;
'2023-11-30';e7ab5b40-8ad8-11ee-8a2c-ebf290244517;1;;;
'2023-11-30';5e8b8710-9995-11e9-9cec-e5804bbb4308;1;;;
'2023-11-30';aace14e0-4629-11ee-8991-d74a38cb3b0b;1;;;
'2023-11-30';d5b51fe0-836a-11e9-9572-bb87441eea4d;1;;;
'2023-11-30';84ac4220-0ed4-11ec-90ba-bf9440b194e7;1;;;
'2023-11-30';88d9a200-b8bc-11ed-a7d3-8d4ec215af4c;1;;;
'2023-11-30';6ce227a0-e2b5-11ea-a637-df60e33b5860;1;;;
'2023-11-30';73b8a040-c069-11ea-8f6e-73b4bc9df9ed;1;;;
'2023-11-30';43717ff0-a3c5-11ed-ab92-2f5ca7d3e5b2;1;;;
'2023-11-30';c171ab00-7139-11ed-a0e1-cde8a4f88cd8;1;;;
'2023-11-30';424d1220-63bd-11ee-bf5c-2915cf679904;1;;;
'2023-11-30';6e5f0ee0-09b8-11ee-b7f5-7b3e68943dcd;1;;;
'2023-11-30';74f3b580-89ec-11ee-a077-7f135cc04d57;1;;;
'2023-11-30';520fee60-646e-11ee-b50f-69cb758580b1;1;;;
'2023-11-30';f9d41990-83aa-11ee-b0e8-378655dc29f6;1;;;
'2023-11-30';9238e620-c588-11ed-a0c3-2dc34c3b802a;1;;;
'2023-11-30';66d0c200-ed70-11ec-9da4-2fd1340f84e8;1;;;
'2023-11-30';30b6ffc0-5617-11ee-a3b2-0bde9de8fc1f;1;;;
'2023-11-30';ce3faaa0-d429-11ed-b527-45ccc5051592;1;;;
'2023-11-30';1a9ed2d0-8e9d-11ee-8ebf-01144a21e8e5;1;;;
'2023-11-30';e3325060-7c52-11eb-a43d-49f95f282812;1;;;
'2023-11-30';be499560-804b-11ee-9c59-23d84655dda0;1;;;
'2023-11-30';dec49130-89ee-11ee-a4d3-75c954fe2a5f;1;;;
'2023-11-30';fee78c30-04ea-11ee-b596-0dc7b6e39fd5;1;;;
'2023-11-30';e0adeb30-269f-11e8-acfa-5b24a5b6c810;1;;;
'2023-11-30';cb1074a0-505c-11ed-911b-f7a9c0466b95;1;;;
'2023-11-30';663c6800-0c17-11ee-926d-1ff95fc3e077;1;;;
'2023-11-30';c858e090-9098-11ed-b7e1-4120ad641f1d;1;;;
'2023-11-30';f43b07b0-6e37-11ee-9cbc-c91be27dc09e;1;;;
'2023-11-30';87c09530-277b-11ee-b649-0523459de5b2;1;;;
'2023-11-30';a43122f0-bc07-11ed-a410-d781d743a63f;1;;;
'2023-11-30';e87c7600-7471-11ec-989a-356c562fbf27;1;;;
'2023-11-30';faebcf80-8157-11ee-8ccc-075d7d38d640;1;;;
'2023-11-30';aefbb1c0-8a0d-11ea-b8cd-0147df1ada60;1;;;
'2023-11-30';05b963b0-f432-11eb-b273-99e422485ecd;1;;;
'2023-11-30';eb8c0040-c023-11e9-8c44-1bbbbcd7c7af;1;;;
'2023-11-30';af142b30-4114-11ee-a7af-95b819bc48f9;1;;;
'2023-11-30';03cad5e0-1a4e-11ee-a094-35ee9c3144ff;1;;;
'2023-11-30';07fa5080-9e54-11ed-b36a-c7f4ef4928ce;1;;;
'2023-11-30';93fe3b90-3680-11ee-ab2e-cbd6e044ea6a;1;;;
'2023-11-30';657ffd60-eeed-11ed-a3f2-95075062a87c;1;;;
'2023-11-30';90626340-6717-11df-be47-03f2d32a026e;1;;;
'2023-11-30';3583fbd0-8f28-11ee-87d9-7b8adcf3836b;1;;;
'2023-11-30';6e255e80-5ead-11ee-b9ab-514ff5ef01dc;1;;;
'2023-11-30';71a5e7d0-5c3e-11ee-80eb-6514e772425d;1;;;
'2023-11-30';00a77190-7c68-11ed-882c-995e0a8bf029;1;;;
'2023-11-30';82c3a6b0-0974-11ed-92d9-17c41638c6a3;1;;;
'2023-11-30';05c12d70-18dc-11eb-a466-8f3ae94e194d;1;;;
'2023-11-30';e8370690-2237-11ee-9633-8f40abc9355c;1;;;
'2023-11-30';951e6fd0-9faa-11ed-86f8-574a43f721cf;1;;;
'2023-11-30';8ffd5a30-ed9f-11ea-92d1-69492cc288d9;1;;;
'2023-11-30';5d7973f0-6aa9-11eb-91be-cd980a23d9a3;1;;;
'2023-11-30';3fad9220-6398-11ea-9789-39cafe3b86b6;1;;;
'2023-11-30';73ed19c0-a1e3-11ed-9cad-6dad3ef52791;1;;;
'2023-11-30';13b30ea0-9c72-11ed-b2f1-81c095284ddf;1;;;
'2023-11-30';780e2fd0-f923-11ec-b483-55f9ac380315;1;;;
'2023-11-30';b4ca0ed0-03ce-11ec-8dba-21023f7307a2;1;;;
'2023-11-30';02a1d900-a64c-11ed-a3c5-4da84c18504e;1;;;
'2023-11-30';82712da0-6656-11ee-8ec4-1512b411dbd9;1;;;
'2023-11-30';259e9c20-3a5b-11ed-a336-0f3da237cfa7;1;;;
'2023-11-30';2a4d88a0-e136-11eb-89f8-bbb9b37ee5ab;1;;;
'2023-11-30';c243f780-38ab-11ec-a486-6f48e3b2b0e4;1;;;
'2023-11-30';637a9350-fa18-11ed-8538-cb173129b98a;1;;;
'2023-11-30';75ff43e0-5b52-11e9-a038-6f5d7a44e050;1;;;
'2023-11-30';e7b57130-ac5c-11ed-930b-99ec336abe77;1;;;
'2023-11-30';f7398bb0-25eb-11ee-aed6-299a8c0f9114;1;;;
'2023-11-30';cea32240-6111-11ee-af6b-eb0ad2bd602a;1;;;
'2023-11-30';47bcee60-3938-11ee-810a-0f0d572521b8;1;;;
'2023-11-30';977df370-a628-11ed-a14e-0199b5c3aefe;1;;;
'2023-11-30';59164730-49f9-11ed-ac9c-33bb80d7ef17;1;;;
'2023-11-30';5bcffbe0-d786-11ed-8cc6-f9a25da69300;1;;;
'2023-11-30';ef56f140-796e-11ee-b4b2-01f336b91416;1;;;
'2023-11-30';1d0195b0-2789-11ee-a468-3bf96cf56455;1;;;
'2023-11-30';c5657500-8f8f-11ee-99f2-5da8203cd615;1;;;
'2023-11-30';c2685f40-83da-11e9-ac66-c3eada79d291;1;;;
'2023-11-30';3c731dc0-8d63-11ee-9ec5-7913a057c335;1;;;
'2023-11-30';451549c0-c209-11ec-8dcf-2d52591f7568;1;;;
'2023-11-30';f9f16700-8f5a-11ee-b10a-753fc667e7b9;1;;;
'2023-11-30';7b5ddf10-8d00-11ee-8150-0765ef7620ed;1;;;
'2023-11-30';319d60c0-d4b5-11ed-b3f1-075c94612de9;2;;;
'2023-11-30';7e3d2410-f39b-11ed-a1b9-0b751515adfd;2;;;
'2023-11-30';379a7520-8627-11ee-a7b2-7bc57e4eed94;2;;;
'2023-11-30';b5b65c40-9e46-11ed-9b7b-1fcfe56c7989;2;;;
'2023-11-30';548d6db0-730c-11ed-a51a-6b63d138e835;2;;;
'2023-11-30';d69e8220-fe5c-11ea-948b-09dc0eab01dd;2;;;
'2023-11-30';558f8f10-8e7a-11ee-b836-277a5eee084b;2;;;
'2023-11-30';da53aca0-8f4b-11ee-8812-096db200c35e;2;;;
'2023-11-30';93eb80a0-789c-11ee-927d-87b3f79964a6;2;;;
'2023-11-30';e8457e10-4ef0-11ee-a057-6b4e1d78e85c;2;;;
'2023-11-30';d9019820-62bf-11ee-8b61-21253dd65b02;2;;;
'2023-11-30';eccc18c0-dd0f-11ed-ac14-f174b049b2e2;2;;;
'2023-11-30';656f6310-f674-11eb-bcc7-0def8037b576;2;;;
'2023-11-30';648c2480-c0ab-11ed-9a17-8396e86aa4ff;2;;;
'2023-11-30';f5c917b0-19f6-11ee-9ff9-bb2aeb994a1d;2;;;
'2023-11-30';2ef18e70-26b6-11ee-b681-8d7664243040;2;;;
'2023-11-30';b3099ed0-7d4d-11ee-b9a2-5511bb985bbb;2;;;
'2023-11-30';c1e5eb80-81f7-11ee-8582-1597295930fa;2;;;
'2023-11-30';e18d9c20-7524-11ed-8009-85ebb31c4293;2;;;
'2023-11-30';ad72b1f0-3cbb-11ee-b3ab-59d21131b2cf;2;;;
'2023-11-30';8a45d150-cadc-11ec-91b0-45d5da48b7f1;2;;;
'2023-11-30';cc2e7360-f057-11ec-a3bb-efceb4f881d5;2;;;
'2023-11-30';c03c72e0-8e7c-11ee-b113-cf63abd1ee53;2;;;
'2023-11-30';9a49c8c0-9c22-11eb-ba27-ab3b78a53e46;2;;;
'2023-11-30';c6f084e0-1498-11ee-9a00-c1d45ba502dd;2;;;
'2023-11-30';aa691ac0-8e65-11ee-bfb5-2f068d5add35;2;;;
'2023-11-30';4fbd86d0-be52-11ed-97f4-13c0be0f6d4b;2;;;
'2023-11-30';dae28050-7e4e-11ee-9c4e-3b9f429e415c;2;;;
'2023-11-30';d70dcaa0-0d9b-11ec-9480-19aec6605e49;2;;;
'2023-11-30';b8490a40-3378-11ed-ae76-3fb834826ea2;2;;;
'2023-11-30';6fc1bf90-1e66-11ee-bd8f-d52ab30b5049;2;;;
'2023-11-30';db859960-3826-11ea-b857-fd3cd0585c55;2;;;
'2023-11-30';93ff3b00-47ab-11ec-a51a-5b61666aaba3;2;;;
'2023-11-30';71602190-89b7-11ee-bb38-15ad21e800b5;2;;;
'2023-11-30';e79f3840-4cb0-11ed-a056-6d4223dfed45;2;;;
'2023-11-30';d1739bc0-7567-11ee-8be5-85bb77523c44;2;;;
'2023-11-30';037c87b0-7f8a-11ec-be47-a350885bb599;2;;;
'2023-11-30';890c50c0-f7f4-11ed-ba77-a1cc0dac1925;2;;;
'2023-11-30';09cd6590-ea81-11ed-9a25-67dfa5267f22;2;;;
'2023-11-30';55b435f0-3714-11ec-acdb-e78dfb297344;2;;;
'2023-11-30';32576a80-a39f-11ec-a680-09fcc5f5cdba;2;;;
'2023-11-30';8ac5eb30-8fa0-11ee-9d8a-07ba99ec2ea3;2;;;
'2023-11-30';66b3e550-d68a-11ed-98c6-c5ecf686811f;2;;;
'2023-11-30';9204b820-1658-11ee-bc39-8349cecc3070;2;;;
'2023-11-30';bf7a2d50-5df5-11ee-832a-37e0ed135bb2;2;;;
'2023-11-30';ec813cd0-b37d-11ed-ab30-696a1adefbfb;3;;;
'2023-11-30';07207330-8e02-11ee-9d5a-0d6435a31c18;3;;;
'2023-11-30';d9296cb0-3518-11eb-a6ce-f1f65652a8df;3;;;
'2023-11-30';0a59a640-397f-11ec-893a-25c2f719aba2;3;;;
'2023-11-30';71a8f420-4640-11e9-9d1e-f1d80a3e0aeb;3;;;
'2023-11-30';53acd200-8cdd-11ee-9449-6fcd89bbe11d;3;;;
'2023-11-30';a1ccf390-6e95-11ee-a59e-056d5eb775c2;3;;;
'2023-11-30';f500b590-c06f-11ec-8b2f-e9f5deb0405e;3;;;
'2023-11-30';bb702930-03c6-11eb-8aab-41d9fa53bef0;3;;;
'2023-11-30';78148710-342c-11ed-9e20-b7bdd5b95642;3;;;
'2023-11-30';b0aae530-5cb1-11ed-8466-77d631411f5c;3;;;
'2023-11-30';80d5bb20-5123-11ee-87c7-df90449e34ba;3;;;
'2023-11-30';bd27f410-d6aa-11ed-b10e-ff3b2a9f7a5a;3;;;
'2023-11-30';3db5def0-5755-11ee-ae76-279051658c1b;3;;;
'2023-11-30';340f5f70-32ba-11ea-b6ab-095ec91ca0b3;3;;;
'2023-11-30';ebf11550-8f38-11ee-afa7-6b8658d84d09;3;;;
'2023-11-30';81329ac0-f45b-11ea-92be-cdbb81c5233c;3;;;
'2023-11-30';d4021a30-2fd1-11eb-a413-8d939cea62b3;3;;;
'2023-11-30';9db67550-4e42-11ea-9bfd-55441f27779a;3;;;
'2023-11-30';a83e23e0-4c0b-11ee-98a1-4706daa367e0;4;;;
'2023-11-30';b2c482e0-33df-11ed-8409-390ddf67437b;4;;;
'2023-11-30';ae91c350-89ce-11ed-87f9-4f20aa534c36;4;;;
'2023-11-30';54954880-4fc3-11ed-a2ff-35e907aad3c8;4;;;
'2023-11-30';6f4ba810-5901-11ea-9b53-85a695007b59;4;;;
'2023-11-30';f136c220-60cd-11e8-8ebd-45fc1d9c550a;4;;;
'2023-11-30';bf07d300-a3e6-11ed-bcd5-cf87783ff67e;4;;;
'2023-11-30';9c7d97c0-66be-11ee-9e02-ff3ce729735d;4;;;
'2023-11-30';b8d8b100-7f89-11ee-8b91-ab0039b064d8;4;;;
'2023-11-30';6c8dffa0-7a80-11eb-ae56-b1d1ccbf2ad0;4;;;
'2023-11-30';458a6740-47e3-11ed-9583-afe03a540b17;4;;;
'2023-11-30';0db94550-c3eb-11ed-97dc-45d791b61932;4;;;
'2023-11-30';2630a7f0-3a7d-11ee-88b2-d18fd7859087;4;;;
'2023-11-30';695c5ef0-25e2-11eb-a938-6bff07fe5479;4;;;
'2023-11-30';9d749630-b89a-11eb-99c9-f165f45c3904;4;;;
'2023-11-30';63fae3d0-9bc6-11ed-b472-c983de5c443f;4;;;
'2023-11-30';7934c600-6e1e-11ee-9e79-25f6a303b552;4;;;
'2023-11-30';7626ed10-8c57-11ee-b497-239c04afc28b;4;;;
'2023-11-30';0f362790-ca04-11ec-a4db-b3e333908277;4;;;
'2023-11-30';501321c0-d839-11ed-b0ca-2793d2a4654d;4;;;
'2023-11-30';4be023a0-8042-11ec-b5ab-a1d415ea6bef;5;;;
'2023-11-30';12dc33c0-8f2f-11ee-aa50-af335b13a712;5;;;
'2023-11-30';70b39370-c1bd-11ed-b290-a1a120fcbe4b;5;;;
'2023-11-30';5906bfa0-511d-11ee-9520-57772194dda1;5;;;
'2023-11-30';5428a870-0ef1-11eb-b47e-b106ee8cbf87;5;;;
'2023-11-30';661a4a60-8d16-11ee-812a-c3419dd43d33;5;;;
'2023-11-30';d234f070-2821-11ed-9ce0-b7a9dd423e66;5;;;
'2023-11-30';62d024f0-5113-11ed-a2ea-0da72871968a;6;;;
'2023-11-30';260751c0-869f-11ee-ba23-c5f56e410512;6;;;
'2023-11-30';234a96d0-ad16-11ed-a2e6-793ddfeeba1f;6;;;
'2023-11-30';99a5dd20-999e-11ed-a522-2b5712c5586b;7;;;
'2023-11-30';d94f0b00-4988-11ee-90cb-573c0fdfe79d;7;;;
'2023-11-30';fda734c0-0364-11ed-b7db-1911160c2710;7;;;
'2023-11-30';d88e5760-fb3f-11ea-92ff-9dd84ed64731;7;;;
'2023-11-30';d8794430-1630-11ec-a0c4-7f1baca0befb;8;;;
'2023-11-30';414f0930-a5f6-11ed-ae6b-5ddb402ae659;8;;;
'2023-11-30';426c0c10-2670-11e8-952c-5397ebbba8bb;8;;;
'2023-11-30';bd1fb920-2388-11ec-b18e-4700a275e16b;8;;;
'2023-11-30';5b2feb80-8291-11ee-b77b-414f9d1f1d40;8;;;
'2023-11-30';37346470-1ac6-11ec-98f9-e912f416724e;8;;;
'2023-11-30';cc254ee0-78a8-11ee-8b54-fd85f3f35a90;8;;;
'2023-11-30';0d78e830-922b-11ed-9302-37e8997b10d3;8;;;
'2023-11-30';efbdc0c0-816e-11ee-9cc3-0739fd02c351;9;;;
